display_name,nationality,position,clubs,journey
"Aaron Hughes","United Kingdom","centre-back, defender",8,"Newcastle United F.C. (1997-2005, 205 apps)  ->  Aston Villa F.C. (2005-2007, 54 apps)  ->  Fulham F.C. (2007-2014, 196 apps)  ->  Brighton & Hove Albion F.C. (2014-2015, 10 apps)  ->  Queens Park Rangers F.C. (2014-2014, 11 apps)  ->  Melbourne City FC (2015-2016, 6 apps)  ->  Kerala Blasters FC (2016-2017, 11 apps)  ->  Heart of Midlothian F.C. (2017-2019, 32 apps)"
"Aaron Lennon","United Kingdom","wing half",6,"Leeds United F.C. (2003-2005, 38 apps)  ->  Tottenham Hotspur F.C. (2005-2015, 266 apps)  ->  Everton F.C. (2015-2018, 51 apps)  ->  Burnley F.C. (2018-2020, 46 apps)  ->  Kayserispor (2020-2021, 36 apps)  ->  Burnley F.C. (2021-2022, 28 apps)"
"Aaron Ramsey","United Kingdom","midfielder, central midfielder",9,"Cardiff City F.C. (2006-2008, 16 apps)  ->  Arsenal F.C. (2008-2019, 262 apps)  ->  Nottingham Forest F.C. (2010-2011, 5 apps)  ->  Cardiff City F.C. (2011-2011, 6 apps)  ->  Juventus FC (2019-2022, 49 apps)  ->  OGC Nice (2022-2023, 27 apps)  ->  Rangers F.C. (2022-2022, 7 apps)  ->  Cardiff City F.C. (2023-2025, 21 apps)  ->  Pumas UNAM (2025-2025, 6 apps)"
"Aaron Wan-Bissaka","Democratic Republic of the Congo, United Kingdom",full-back,3,"Crystal Palace F.C. (2016-2019, 42 apps)  ->  Manchester United F.C. (2019-2024, 130 apps)  ->  West Ham United F.C. (2024-?, ? apps)"
"Abel Balbo",Argentina,forward,7,"Newell's Old Boys (1987-1988, 23 apps)  ->  Club Atlético River Plate (1988-1989, 38 apps)  ->  Udinese Calcio (1989-1993, 134 apps)  ->  AS Roma (1993-1998, 146 apps)  ->  Parma Calcio 1913 (1998-1999, 25 apps)  ->  ACF Fiorentina (1999-2000, 19 apps)  ->  AS Roma (2000-2002, 3 apps)"
"Abel Resino",Spain,goalkeeper,5,"CD Toledo (1979-1980, ? apps)  ->  CD Ciempozuelos (1980-1982, ? apps)  ->  Atlético Madrid B (1982-1986, 42 apps)  ->  Atlético Madrid (1986-1995, 243 apps)  ->  Rayo Vallecano (1995-1996, 21 apps)"
"Abelardo Fernández",Spain,centre-back,2,"Sporting de Gijón (1989-1994, 179 apps)  ->  Deportivo Alavés (2002-2003, 28 apps)"
"Abou Diaby","Ivory Coast, France",midfielder,3,"AJ Auxerre (2004-2006, 10 apps)  ->  Arsenal F.C. (2006-2015, 180 apps)  ->  Olympique de Marseille (2015-2017, 5 apps)"
"Achille Fraschini",Italy,midfielder,10,"Associazione Calcio Codogno 1908 (1952-1954, 28 apps)  ->  Hellas Verona FC (1953-1954, 8 apps)  ->  Brescia Calcio (1954-1955, 26 apps)  ->  Inter Milan (1955-1956, 9 apps)  ->  Brescia Calcio (1956-1957, 34 apps)  ->  AC Monza (1957-1960, 96 apps)  ->  A.C.R. Messina (1960-1961, 32 apps)  ->  SSC Napoli (1961-1965, 92 apps)  ->  Vicenza Calcio (1965-1966, 5 apps)  ->  Calcio Padova (1966-1972, 197 apps)"
"Adam Haywood","United Kingdom of Great Britain and Ireland, United Kingdom","inside forward",9,"Burton Wanderers F.C. (1894-1894, 9 apps)  ->  Arsenal F.C. (1896-1899, 84 apps)  ->  Queens Park Rangers F.C. (1899-1900, 17 apps)  ->  Glossop North End A.F.C. (1899-1899, 0 apps)  ->  Gillingham F.C. (1900-1901, 0 apps)  ->  Wolverhampton Wanderers F.C. (1901-1905, 107 apps)  ->  West Bromwich Albion F.C. (1905-1907, 62 apps)  ->  Blackpool F.C. (1907-1908, 13 apps)  ->  Crystal Palace F.C. (1908-1912, 9 apps)"
"Adam Lallana","United Kingdom","attacking midfielder",5,"Southampton F.C. (2006-2014, 235 apps)  ->  AFC Bournemouth (2007-2007, 3 apps)  ->  Liverpool F.C. (2014-2020, 128 apps)  ->  Brighton & Hove Albion F.C. (2020-2024, 95 apps)  ->  Southampton F.C. (2024-2025, 14 apps)"
"Adelardo Rodríguez",Spain,midfielder,2,"Club Deportivo Badajoz (1957-1959, 37 apps)  ->  Atlético Madrid (1959-1976, 401 apps)"
"Adil Rami","Morocco, France","centre-back, defender",10,"Étoile Fréjus Saint-Raphaël (2003-2006, 58 apps)  ->  Lille OSC (2006-2011, 163 apps)  ->  Valencia CF (2011-2014, 93 apps)  ->  AC Milan (2014-2014, 22 apps)  ->  Sevilla FC (2015-2017, 79 apps)  ->  Olympique de Marseille (2017-2019, 75 apps)  ->  Fenerbahçe Istanbul (2019-2020, 7 apps)  ->  PFC Sochi (2020-2020, 0 apps)  ->  Boavista F.C. (2020-2021, 22 apps)  ->  ES Troyes AC (2021-2023, 39 apps)"
"Adolf Kunstwadl",Germany,defender,2,"FC Bayern Munich (1961-1967, 99 apps)  ->  FC Wacker München (1967-1974, 134 apps)"
"Adolfo Gori",Italy,midfielder,9,"Viareggio Calcio (1956-1959, 56 apps)  ->  Lucchese 1905 (1959-1961, 66 apps)  ->  SPAL (1961-1963, 63 apps)  ->  Juventus FC (1963-1969, 135 apps)  ->  Palermo F.C. (1968-1968, ? apps)  ->  Brescia Calcio (1969-1970, 17 apps)  ->  Camaiore Calcio A.S.D. (1970-1972, ? apps)  ->  Rochester Lancers (1971-1971, 24 apps)  ->  Rochester Lancers (1972-1973, 38 apps)"
"Adrian Heath","United Kingdom",midfielder,9,"Stoke City F.C. (1979-1982, 95 apps)  ->  Everton F.C. (1982-1988, 226 apps)  ->  RCD Espanyol de Barcelona (1988-1989, 24 apps)  ->  Aston Villa F.C. (1989-1990, 9 apps)  ->  Manchester City F.C. (1990-1992, 75 apps)  ->  Burnley F.C. (1992-1995, 115 apps)  ->  Stoke City F.C. (1992-1992, 6 apps)  ->  Sheffield United F.C. (1995-1996, 4 apps)  ->  Burnley F.C. (1996-1997, 5 apps)"
"Adrian Ilie",Romania,"wing half",7,"FC Caracal (1991-1993, 31 apps)  ->  FCSB (1993-1996, 85 apps)  ->  Galatasaray S.K. (1996-1998, 30 apps)  ->  Valencia CF (1998-2002, 150 apps)  ->  Deportivo Alavés (2002-2003, 22 apps)  ->  Beşiktaş J.K. (Football) (2003-2004, 13 apps)  ->  FC Zürich (2004-2005, 23 apps)"
Adriano,Brazil,forward,11,"Clube de Regatas do Flamengo (2000-2001, 24 apps)  ->  Inter Milan (2001-2002, 8 apps)  ->  Parma Calcio 1913 (2002-2004, 37 apps)  ->  ACF Fiorentina (2002-2002, 15 apps)  ->  Inter Milan (2004-2009, 115 apps)  ->  São Paulo FC (2008-2008, 19 apps)  ->  Clube de Regatas do Flamengo (2009-2010, 32 apps)  ->  AS Roma (2010-2011, 5 apps)  ->  S.C. Corinthians Paulista (2011-2012, 4 apps)  ->  Clube de Regatas do Flamengo (2012-2012, 0 apps)  ->  Club Athletico Paranaense (2014-2014, 1 apps)"
"Adriano Correia Claro",Brazil,full-back,5,"Coritiba F.C. (2002-2005, 81 apps)  ->  Sevilla FC (2005-2010, 157 apps)  ->  Beşiktaş J.K. (Football) (2016-2019, 78 apps)  ->  Club Athletico Paranaense (2019-2020, 15 apps)  ->  K.A.S. Eupen (2020-2021, 24 apps)"
"Adriano Fedele",Italy,defender,6,"Udinese Calcio (1964-1970, 154 apps)  ->  Bologna F.C. 1909 (1970-1973, 77 apps)  ->  Inter Milan (1973-1979, 132 apps)  ->  Hellas Verona FC (1979-1983, 95 apps)  ->  Pordenone FC (1983-1985, 54 apps)  ->  A.S. Pro Gorizia (1985-1986, 29 apps)"
"Adriano Zecca","Kingdom of Italy, Italy",midfielder,15,"Associazione Calcistica Dilettantistica Rapallo Ruentes 1914 (1940-1941, ? apps)  ->  A.S.D. Sanremese (1941-1942, ? apps)  ->  A.C. Reggiana 1919 (1942-1943, 18 apps)  ->  Associazione Calcio Sampierdarenese (1943-1944, 3 apps)  ->  U.C. Sampdoria (1943-1944, 3 apps)  ->  Torino FC (1945-1946, 2 apps)  ->  Genoa CFC (1945-1945, ? apps)  ->  Modena F.C. (1946-1947, 36 apps)  ->  Venezia F.C. (1947-1949, 72 apps)  ->  AS Roma (1949-1953, 91 apps)  ->  Hellas Verona FC (1953-1954, 27 apps)  ->  SSC Bari (1954-1955, 23 apps)  ->  Foligno Calcio (1955-1957, ? apps)  ->  Vis Pesaro dal 1898 (1959-1960, 11 apps)  ->  S.S. Racing Club Fondi (1961-1962, 1 apps)"
"Adrien Rabiot",France,midfielder,5,"Paris Saint-Germain FC (2012-2019, 150 apps)  ->  Toulouse FC (2013-2013, 13 apps)  ->  Juventus FC (2019-2024, 157 apps)  ->  Olympique de Marseille (2024-2025, 30 apps)  ->  AC Milan (2025-?, 29 apps)"
"Adrián Escudero",Spain,forward,1,"Atlético Madrid (1945-1958, 287 apps)"
"Adrián López Álvarez",Spain,forward,11,"Real Oviedo (2005-2006, 30 apps)  ->  Deportivo de La Coruña (2006-2011, 92 apps)  ->  Málaga CF (2008-2009, 28 apps)  ->  Deportivo Alavés (2008-2008, 10 apps)  ->  Atlético Madrid (2011-2014, 90 apps)  ->  FC Porto (2014-2019, 25 apps)  ->  Villarreal CF (2015-2016, 16 apps)  ->  Deportivo de La Coruña (2017-2018, 30 apps)  ->  Villarreal CF (2017-2017, 15 apps)  ->  Club Atlético Osasuna (2019-2021, 43 apps)  ->  Málaga CF (2022-2022, 2 apps)"
"Agostino Di Bartolomei",Italy,midfielder,5,"AS Roma (1972-1984, 237 apps)  ->  Vicenza Calcio (1975-1976, 33 apps)  ->  AC Milan (1984-1987, 88 apps)  ->  AC Cesena (1987-1988, 25 apps)  ->  U.S. Salernitana 1919 (1988-1990, 52 apps)"
"Agustín Gaínza",Spain,forward,1,"Athletic Club (1940-1959, 381 apps)"
"Agustín Guisasola",Spain,centre-back,2,"SD Eibar (1969-1970, ? apps)  ->  Athletic Club (1971-1983, 332 apps)"
"Agustín Sauto Arana",Spain,forward,3,"Barakaldo CF (1925-1929, ? apps)  ->  Athletic Club (1929-1936, 118 apps)  ->  Barakaldo CF (1939-1943, ? apps)"
"Aitor Arregi Artano",Spain,full-back,6,"CD Elgoibar (1990-1991, ? apps)  ->  Deportivo Alavés (1991-1996, 165 apps)  ->  SD Eibar (1996-1997, 38 apps)  ->  Villarreal CF (1997-2000, 103 apps)  ->  Elche CF (2000-2001, 32 apps)  ->  Burgos CF (2001-2002, 23 apps)"
"Aitor Karanka",Spain,centre-back,6,"Athletic Club (1991-1993, ? apps)  ->  Athletic Bilbao B (1992-1994, 53 apps)  ->  Athletic Club (1993-1997, 118 apps)  ->  Real Madrid Club de Fútbol (1997-2002, 93 apps)  ->  Athletic Club (2002-2006, 64 apps)  ->  Colorado Rapids (2006-2006, 28 apps)"
"Aitor Larrazábal",Spain,full-back,3,"Athletic Club (1982-1989, ? apps)  ->  Athletic Bilbao B (1989-1991, 43 apps)  ->  Athletic Club (1990-2004, 445 apps)"
"Aitor Ocio",Spain,centre-back,7,"CD Aurrerá de Vitoria (1994-1998, 69 apps)  ->  SD Eibar (1998-1999, 30 apps)  ->  Albacete Balompié (1999-2000, 37 apps)  ->  Club Atlético Osasuna (2000-2001, 16 apps)  ->  Athletic Club (2001-2003, 37 apps)  ->  Sevilla FC (2003-2007, 99 apps)  ->  Athletic Club (2007-2012, 82 apps)"
"Aitor Paredes",Spain,centre-back,4,"Athletic Club (2010-2018, ? apps)  ->  CD Baskonia (2018-2020, 50 apps)  ->  Athletic Bilbao B (2020-2022, 48 apps)  ->  Athletic Club (2022-?, 123 apps)"
"Alan A'Court","United Kingdom","midfielder, wing half",3,"Liverpool F.C. (1952-1964, 355 apps)  ->  Tranmere Rovers F.C. (1964-1966, 50 apps)  ->  Norwich City F.C. (1966-1967, 0 apps)"
"Alan Ball Jr.","United Kingdom",midfielder,13,"Ashton United F.C. (1960-1961, 7 apps)  ->  Blackpool F.C. (1962-1966, 116 apps)  ->  Everton F.C. (1966-1971, 208 apps)  ->  Arsenal F.C. (1971-1976, 177 apps)  ->  Hellenic F.C. (1976-1976, 4 apps)  ->  Southampton F.C. (1976-1980, 132 apps)  ->  Philadelphia Fury (1978-1979, 33 apps)  ->  Vancouver Whitecaps (1979-1980, 31 apps)  ->  Blackpool F.C. (1980-1981, 30 apps)  ->  Southampton F.C. (1981-1983, 63 apps)  ->  Eastern FC (1982-1983, 12 apps)  ->  Floreat Athena (1982-1982, 3 apps)  ->  Bristol Rovers F.C. (1983-1984, 17 apps)"
"Alan Gilzean","United Kingdom",forward,5,"Dundee Violet F.C. (1955-1957, ? apps)  ->  Dundee F.C. (1957-1964, 190 apps)  ->  Aldershot Town F.C. (1959-1959, 0 apps)  ->  Tottenham Hotspur F.C. (1964-1974, 343 apps)  ->  Highlands Park F.C. (1974-1975, ? apps)"
"Alan Gowling","United Kingdom",forward,5,"Manchester United F.C. (1966-1972, 71 apps)  ->  Huddersfield Town A.F.C. (1972-1975, 128 apps)  ->  Newcastle United F.C. (1975-1978, 92 apps)  ->  Bolton Wanderers F.C. (1978-1982, 149 apps)  ->  Preston North End F.C. (1982-1983, 40 apps)"
"Alan Grenyer","United Kingdom of Great Britain and Ireland, United Kingdom","wing half",2,"Everton F.C. (1910-1922, 142 apps)  ->  South Shields F.C. (1924-1928, 41 apps)"
"Alan Hansen","United Kingdom",centre-back,2,"Partick Thistle F.C. (1973-1977, 86 apps)  ->  Liverpool F.C. (1977-1991, 434 apps)"
"Alan Harper","United Kingdom","defender, full-back",8,"Liverpool F.C. (1978-1983, 0 apps)  ->  Everton F.C. (1983-1988, 127 apps)  ->  Sheffield Wednesday F.C. (1988-1989, 35 apps)  ->  Manchester City F.C. (1989-1991, 50 apps)  ->  Everton F.C. (1991-?, ? apps)  ->  Luton Town F.C. (1993-1994, 41 apps)  ->  Burnley F.C. (1994-1996, 31 apps)  ->  Cardiff City F.C. (1995-1996, 5 apps)"
"Alan Hudson","United Kingdom",midfielder,9,"Chelsea F.C. (1968-1974, 145 apps)  ->  Stoke City F.C. (1974-1976, 105 apps)  ->  Arsenal F.C. (1976-1978, 36 apps)  ->  Cleveland Force (1979-1980, 13 apps)  ->  Seattle Sounders (1979-1983, 94 apps)  ->  Seattle Sounders (1979-1983, 94 apps)  ->  Hércules CF (1983-1983, ? apps)  ->  Chelsea F.C. (1983-1984, 0 apps)  ->  Stoke City F.C. (1984-1985, 39 apps)"
"Alan Kennedy","United Kingdom","defender, full-back",14,"Newcastle United F.C. (1972-1978, 158 apps)  ->  Liverpool F.C. (1978-1986, 251 apps)  ->  Sunderland A.F.C. (1986-1987, 54 apps)  ->  Boldklubben 1903 (1987-1987, ? apps)  ->  Hartlepool United F.C. (1987-1987, 5 apps)  ->  Wigan Athletic F.C. (1987-1987, 22 apps)  ->  K. Beerschot V.A.C. (1988-1988, ? apps)  ->  Northwich Victoria F.C. (1988-1989, ? apps)  ->  Wrexham A.F.C. (1989-1990, 16 apps)  ->  Morecambe F.C. (1990-1991, ? apps)  ->  Colne Dynamoes F.C. (1990-1990, ? apps)  ->  Kendal Town F.C. (1991-1992, ? apps)  ->  Radcliffe F.C. (1992-1993, ? apps)  ->  Barrow A.F.C. (1993-1994, ? apps)"
"Alan Mullery","United Kingdom",midfielder,4,"Fulham F.C. (1958-1964, 199 apps)  ->  Tottenham Hotspur F.C. (1964-1972, 312 apps)  ->  Fulham F.C. (1972-1976, 165 apps)  ->  Durban City F.C. (1976-1976, ? apps)"
"Alan Oakes","United Kingdom",midfielder,4,"Manchester City F.C. (1959-1976, 564 apps)  ->  Chester City F.C. (1976-1982, 211 apps)  ->  Northwich Victoria F.C. (1982-1982, 0 apps)  ->  Port Vale F.C. (1983-1984, 1 apps)"
"Alan Shearer","United Kingdom",forward,3,"Southampton F.C. (1988-1992, 118 apps)  ->  Blackburn Rovers F.C. (1992-1996, 138 apps)  ->  Newcastle United F.C. (1996-2006, 303 apps)"
"Alan Shoulder","United Kingdom",forward,5,"Bishop Auckland F.C. (1971-1977, ? apps)  ->  Blyth Spartans A.F.C. (1977-1978, ? apps)  ->  Newcastle United F.C. (1978-1982, 107 apps)  ->  Carlisle United F.C. (1982-1985, 112 apps)  ->  Hartlepool United F.C. (1985-1988, 66 apps)"
"Alan Skirton","United Kingdom","wing half",7,"Bath City F.C. (1956-1960, 144 apps)  ->  Arsenal F.C. (1960-1966, 145 apps)  ->  Blackpool F.C. (1966-1968, 77 apps)  ->  Bristol City F.C. (1968-1971, 78 apps)  ->  Torquay United F.C. (1971-1972, 38 apps)  ->  Durban City F.C. (1972-1972, ? apps)  ->  Weymouth F.C. (1972-1974, ? apps)"
"Alan Smith","United Kingdom","midfielder, forward",5,"Leeds United F.C. (1998-2004, 172 apps)  ->  Manchester United F.C. (2004-2007, 61 apps)  ->  Newcastle United F.C. (2007-2012, 84 apps)  ->  Milton Keynes Dons F.C. (2012-2014, 51 apps)  ->  Notts County F.C. (2014-?, ? apps)"
"Alan Smith","United Kingdom",forward,3,"Alvechurch F.C. (1981-1982, ? apps)  ->  Leicester City F.C. (1982-1987, 200 apps)  ->  Arsenal F.C. (1987-1995, 347 apps)"
"Alan Stubbs","United Kingdom",defender,6,"Bolton Wanderers F.C. (1990-1996, 202 apps)  ->  Celtic F.C. (1996-2001, 93 apps)  ->  Everton F.C. (2001-2005, 124 apps)  ->  Sunderland A.F.C. (2005-2006, 10 apps)  ->  Everton F.C. (2006-2008, 45 apps)  ->  Derby County F.C. (2008-2008, 9 apps)"
"Alan Suddick","United Kingdom",midfielder,7,"Newcastle United F.C. (1961-1966, 144 apps)  ->  Blackpool F.C. (1966-1976, 310 apps)  ->  Stoke City F.C. (1976-1977, 9 apps)  ->  Southport F.C. (1977-1978, 6 apps)  ->  Bury F.C. (1977-1978, 34 apps)  ->  Barrow A.F.C. (1978-1979, 38 apps)  ->  Lancaster City F.C. (1979-?, ? apps)"
"Alan Sunderland","United Kingdom",forward,4,"Wolverhampton Wanderers F.C. (1971-1977, 158 apps)  ->  Arsenal F.C. (1977-1984, 206 apps)  ->  Ipswich Town F.C. (1984-1986, 43 apps)  ->  Derry City F.C. (1987-1987, 4 apps)"
"Alberico Evani",Italy,midfielder,5,"AC Milan (1980-1993, 393 apps)  ->  U.C. Sampdoria (1993-1997, 94 apps)  ->  Carrarese Calcio (1997-1998, 12 apps)  ->  A.C. Reggiana 1919 (1997-1997, 7 apps)  ->  Carrarese Calcio (1998-1999, 12 apps)"
"Albert Bennett","United Kingdom",forward,3,"Rotherham United F.C. (1961-1965, ? apps)  ->  Newcastle United F.C. (1965-1969, 90 apps)  ->  Norwich City F.C. (1969-1971, 60 apps)"
"Albert Dunlop","United Kingdom",goalkeeper,3,"Everton F.C. (1950-1963, 231 apps)  ->  Wrexham A.F.C. (1963-1965, 15 apps)  ->  Rhyl F.C. (1965-1966, 15 apps)"
"Albert Ferrer",Spain,full-back,4,"FC Barcelona Atlètic (1988-1990, 47 apps)  ->  C.D. Tenerife (1989-1990, 17 apps)  ->  C.D. Tenerife (1990-1990, 17 apps)  ->  Chelsea F.C. (1998-2003, 76 apps)"
"Albert Geldard","United Kingdom of Great Britain and Ireland, United Kingdom","wing half",5,"Bradford (Park Avenue) A.F.C. (1928-1932, 34 apps)  ->  Everton F.C. (1932-1938, 180 apps)  ->  Bolton Wanderers F.C. (1938-1939, 20 apps)  ->  Bolton Wanderers F.C. (1946-1947, 9 apps)  ->  Darwen F.C. (1946-1946, ? apps)"
"Albert McInroy","United Kingdom of Great Britain and Ireland, United Kingdom",goalkeeper,5,"Sunderland A.F.C. (1923-1929, 215 apps)  ->  Newcastle United F.C. (1929-1934, 143 apps)  ->  Sunderland A.F.C. (1934-1935, 0 apps)  ->  Leeds United F.C. (1935-1937, 67 apps)  ->  Gateshead F.C. (1937-1940, 71 apps)"
"Albert Quixall","United Kingdom","forward, inside forward",6,"Sheffield Wednesday F.C. (1950-1958, 241 apps)  ->  Manchester United F.C. (1958-1964, 165 apps)  ->  Oldham Athletic A.F.C. (1964-1966, 37 apps)  ->  Stockport County F.C. (1966-1967, 13 apps)  ->  Altrincham F.C. (1967-1967, 3 apps)  ->  Radcliffe F.C. (1968-1968, ? apps)"
"Albert Scanlon","United Kingdom",forward,5,"Manchester United F.C. (1954-1960, 115 apps)  ->  Newcastle United F.C. (1960-1962, 22 apps)  ->  Lincoln City F.C. (1962-1963, 47 apps)  ->  Mansfield Town F.C. (1963-1966, 108 apps)  ->  Belper Town F.C. (1966-1966, ? apps)"
"Albert Shepherd","United Kingdom of Great Britain and Ireland, United Kingdom",forward,1,"Newcastle United F.C. (1908-1914, 132 apps)"
"Albert Stubbins","United Kingdom of Great Britain and Ireland",forward,3,"Newcastle United F.C. (1937-1946, 27 apps)  ->  Liverpool F.C. (1946-1953, 159 apps)  ->  Ashington A.F.C. (1953-1954, ? apps)"
"Alberto Aquilani",Italy,midfielder,10,"AS Roma (2002-2009, 102 apps)  ->  US Triestina Calcio 1918 (2003-2004, 41 apps)  ->  Liverpool F.C. (2009-2012, 18 apps)  ->  Juventus FC (2010-2011, 33 apps)  ->  AC Milan (2011-2012, 23 apps)  ->  ACF Fiorentina (2012-2015, 81 apps)  ->  Sporting CP (2015-2016, 19 apps)  ->  Delfino Pescara 1936 (2016-2017, 9 apps)  ->  US Sassuolo Calcio (2017-2017, 16 apps)  ->  UD Las Palmas (2017-2018, 21 apps)"
"Alberto Bertuccelli","Kingdom of Italy, Italy",defender,6,"U.S. Città di Pontedera S.S.D. (1942-1943, ? apps)  ->  Viareggio Calcio (1945-1946, 21 apps)  ->  Lucchese 1905 (1946-1949, 93 apps)  ->  Juventus FC (1949-1954, 144 apps)  ->  AS Roma (1954-1955, 6 apps)  ->  SSC Ancona (1956-1957, 11 apps)"
"Alberto Bigon",Italy,midfielder,8,"Calcio Padova (1964-1966, ? apps)  ->  SSC Napoli (1966-1967, ? apps)  ->  SPAL (1967-1970, 49 apps)  ->  SSC Napoli (1967-1967, 0 apps)  ->  Calcio Foggia 1920 (1970-1971, 65 apps)  ->  AC Milan (1971-1980, 218 apps)  ->  SS Lazio (1980-1982, 57 apps)  ->  Vicenza Calcio (1982-1984, 57 apps)"
"Alberto Costa","Argentina, France","wing half",12,"Racing Club de France (2004-2005, 28 apps)  ->  Pau Football Club (2005-2007, 62 apps)  ->  SC Sétois (2007-2008, 29 apps)  ->  Montpellier Hérault Sport Club (2008-2010, 66 apps)  ->  Valencia CF (2010-2013, 84 apps)  ->  Spartak Moscow (2013-2015, 31 apps)  ->  Genoa CFC (2015-2016, 18 apps)  ->  ACF Fiorentina (2016-2016, 7 apps)  ->  Unión Deportiva Almería (2017-2018, 14 apps)  ->  Atlético Nacional (2019-2020, 11 apps)  ->  Club Deportivo Morón (2023-2023, 2 apps)  ->  Pau Football Club (2023-2024, 3 apps)"
"Alberto Delfrati","Kingdom of Italy, Italy",defender,4,"Cosenza Calcio (1946-1949, ? apps)  ->  SSC Napoli (1949-1954, 127 apps)  ->  SPAL (1955-1958, 73 apps)  ->  Vigevano Calcio (1958-1960, 67 apps)"
"Alberto Eliani","Kingdom of Italy, Italy",defender,7,"A.S.D. Ponziana (1939-1941, ? apps)  ->  ACF Fiorentina (1941-1942, 0 apps)  ->  Modena F.C. (1942-1943, 16 apps)  ->  NK Izola (1943-1944, 14 apps)  ->  ACF Fiorentina (1945-1950, 146 apps)  ->  AS Roma (1950-1956, 101 apps)  ->  Colleferro Calcio 1937 (1956-1957, ? apps)"
"Alberto Fernández Fernández",Spain,midfielder,3,"Sporting de Gijón (1962-1968, 110 apps)  ->  Real Valladolid (1968-1969, 35 apps)  ->  Atlético Madrid (1969-1979, 279 apps)"
"Alberto Gilardino",Italy,forward,13,"Piacenza Calcio (1999-2000, 17 apps)  ->  Hellas Verona FC (2000-2002, 39 apps)  ->  Parma Calcio 1913 (2002-2005, 96 apps)  ->  AC Milan (2005-2008, 94 apps)  ->  ACF Fiorentina (2008-2012, 118 apps)  ->  Bologna F.C. 1909 (2012-2013, 36 apps)  ->  Genoa CFC (2012-2014, 50 apps)  ->  Guangzhou F.C. (2014-2015, 14 apps)  ->  Palermo F.C. (2015-2016, 33 apps)  ->  ACF Fiorentina (2015-2015, 14 apps)  ->  Empoli FC (2016-2017, 12 apps)  ->  Delfino Pescara 1936 (2017-2017, 3 apps)  ->  Spezia Calcio (2017-2018, 16 apps)"
"Alberto Ginulfi",Italy,goalkeeper,4,"AS Roma (1962-1975, 157 apps)  ->  Hellas Verona FC (1975-1976, 30 apps)  ->  ACF Fiorentina (1976-1977, 1 apps)  ->  US Cremonese (1977-1978, 30 apps)"
"Alberto Moreno",Spain,full-back,5,"Sevilla Atlético (2011-2013, 55 apps)  ->  Sevilla FC (2012-2014, 45 apps)  ->  Liverpool F.C. (2014-2019, 90 apps)  ->  Villarreal CF (2019-2024, 98 apps)  ->  Como 1907 (2024-?, 26 apps)"
"Alberto Orlando",Italy,midfielder,6,"AS Roma (1957-1964, 140 apps)  ->  A.C.R. Messina (1958-1959, 30 apps)  ->  ACF Fiorentina (1964-1965, 32 apps)  ->  Torino FC (1965-1966, 25 apps)  ->  SSC Napoli (1966-1968, 60 apps)  ->  SPAL (1968-1969, 6 apps)"
"Alberto Piccinini","Kingdom of Italy, Italy",midfielder,7,"Delfino Pescara 1936 (1942-1943, 4 apps)  ->  AS Roma (1944-1945, 14 apps)  ->  U.S. Salernitana 1919 (1945-1948, 43 apps)  ->  Palermo F.C. (1948-1949, 36 apps)  ->  Juventus FC (1949-1953, 104 apps)  ->  AC Milan (1953-1954, 19 apps)  ->  Palermo F.C. (1954-1955, 13 apps)"
"Alcides Ghiggia","Kingdom of Italy, Uruguay, Italy",,6,"Sud america Uruguay (1945-1948, ? apps)  ->  C.A. Progreso (1946-1947, ? apps)  ->  Club Atlético Peñarol (1948-1953, 169 apps)  ->  AS Roma (1953-1961, 201 apps)  ->  AC Milan (1961-1962, 4 apps)  ->  Danubio F.C. (1962-1967, 128 apps)"
Aldair,Brazil,centre-back,5,"Clube de Regatas do Flamengo (1985-1989, 54 apps)  ->  S.L. Benfica (1989-1990, 22 apps)  ->  AS Roma (1990-2003, 330 apps)  ->  Genoa CFC (2003-2004, 17 apps)  ->  S.S. Murata (2007-2010, 10 apps)"
"Aldo Bet",Italy,defender,6,"Inter Milan (1967-1968, 8 apps)  ->  AS Roma (1968-1973, 130 apps)  ->  Hellas Verona FC (1973-1974, 30 apps)  ->  AC Milan (1974-1981, 144 apps)  ->  Internapoli F.C. (1981-1982, 7 apps)  ->  Società Sportiva Calcio Campania (1981-1982, 7 apps)"
"Aldo Boffi","Kingdom of Italy, Italy",forward,4,"U.S.D. 1913 Seregno Calcio (1934-1936, ? apps)  ->  AC Milan (1936-1945, 163 apps)  ->  Atalanta BC (1945-1946, 17 apps)  ->  U.S.D. 1913 Seregno Calcio (1946-1952, 107 apps)"
"Aldo Campatelli","Kingdom of Italy, Italy",forward,2,"Inter Milan (1936-1950, 304 apps)  ->  Bologna F.C. 1909 (1950-1953, 46 apps)"
"Aldo Donati","Kingdom of Italy, Italy",midfielder,3,"Bologna F.C. 1909 (1929-1937, 62 apps)  ->  AS Roma (1937-1943, 139 apps)  ->  Inter Milan (1945-1946, 2 apps)"
"Aldo Fabbro","Kingdom of Italy",midfielder,2,"G.S.F. Giovanni Grion Pola (1935-1938, ? apps)  ->  SSC Napoli (1938-1943, 102 apps)"
"Aldo Maldera",Italy,defender,6,"AC Milan (1971-1972, 1 apps)  ->  Bologna F.C. 1909 (1972-1972, 3 apps)  ->  AC Milan (1973-1982, 227 apps)  ->  AS Roma (1982-1985, 73 apps)  ->  ACF Fiorentina (1985-1987, 18 apps)  ->  Lucchese 1905 (1987-1988, 0 apps)"
"Aldo Serena",Italy,forward,12,"Calcio Montebelluna 1919 (1977-1978, 29 apps)  ->  Inter Milan (1978-1979, 2 apps)  ->  Como 1907 (1979-1980, 18 apps)  ->  SSC Bari (1980-1981, 35 apps)  ->  Inter Milan (1981-1982, 21 apps)  ->  AC Milan (1982-1983, 20 apps)  ->  Inter Milan (1983-1984, 28 apps)  ->  Torino FC (1984-1985, 29 apps)  ->  Juventus FC (1985-1987, 51 apps)  ->  Inter Milan (1985-1985, ? apps)  ->  Inter Milan (1987-1991, 114 apps)  ->  AC Milan (1991-1993, 10 apps)"
"Alec Herd","United Kingdom of Great Britain and Ireland, United Kingdom","inside forward",3,"Hamilton Academical F.C. (1928-1933, 85 apps)  ->  Manchester City F.C. (1933-1948, 257 apps)  ->  Stockport County F.C. (1948-1951, 111 apps)"
"Alec Lindsay","United Kingdom",full-back,5,"Bury F.C. (1965-1969, 127 apps)  ->  Liverpool F.C. (1969-1977, 168 apps)  ->  Stoke City F.C. (1977-1978, 20 apps)  ->  Oakland Stompers (1978-1978, 28 apps)  ->  Toronto Blizzard (1979-1979, 4 apps)"
"Alec Mackie","United Kingdom of Great Britain and Ireland, United Kingdom",full-back,4,"Arsenal F.C. (1922-1928, 108 apps)  ->  Portsmouth F.C. (1928-1936, 257 apps)  ->  Northampton Town F.C. (1936-1938, 19 apps)  ->  Sittingbourne F.C. (1938-1938, ? apps)"
"Alec Ormiston","United Kingdom of Great Britain and Ireland, United Kingdom",defender,3,"Lincoln City F.C. (1907-1909, 24 apps)  ->  Chelsea F.C. (1909-1919, 95 apps)  ->  Lincoln City F.C. (1919-1920, 20 apps)"
"Alejandro Balde","Dominican Republic, Spain",full-back,3,"Q8347106 (2009-2010, ? apps)  ->  RCD Espanyol de Barcelona (2010-2011, ? apps)  ->  FC Barcelona Atlètic (2020-2022, 29 apps)"
"Alejandro Berenguer Remiro",Spain,"inside forward, winger",5,"Club Atlético Osasuna (2005-2014, ? apps)  ->  Osasuna B (2013-2015, 33 apps)  ->  Club Atlético Osasuna (2014-2017, 84 apps)  ->  Torino FC (2017-2020, 97 apps)  ->  Athletic Club (2020-?, 262 apps)"
"Alejandro Garnacho","Argentina, Spain","wing half",2,"Manchester United F.C. (2022-2025, 93 apps)  ->  Chelsea F.C. (2025-?, 23 apps)"
"Aleksandar Kolarov",Serbia,full-back,6,"FK Čukarički (2004-2006, 44 apps)  ->  OFK Beograd (2006-2007, 38 apps)  ->  SS Lazio (2007-2010, 82 apps)  ->  Manchester City F.C. (2010-2017, 165 apps)  ->  AS Roma (2017-2020, 100 apps)  ->  Inter Milan (2020-2022, 10 apps)"
"Alemão",Brazil,midfielder,7,"Fabril Esporte Clube (1980-1980, ? apps)  ->  Botafogo F.R. (1981-1987, 62 apps)  ->  Atlético Madrid (1987-1988, 35 apps)  ->  SSC Napoli (1988-1992, 93 apps)  ->  Atalanta BC (1992-1994, 40 apps)  ->  São Paulo FC (1994-1996, 31 apps)  ->  Volta Redonda Futebol Clube (1996-1996, 8 apps)"
"Alessandro Altobelli",Italy,forward,5,"Latina Calcio 1932 (1973-1974, 28 apps)  ->  Brescia Calcio (1974-1977, 76 apps)  ->  Inter Milan (1977-1988, 317 apps)  ->  Juventus FC (1988-1989, 20 apps)  ->  Brescia Calcio (1989-1990, 32 apps)"
"Alessandro Bastoni",Italy,centre-back,4,"Atalanta BC (2016-2017, 3 apps)  ->  Atalanta BC (2017-2018, 4 apps)  ->  Inter Milan (2017-?, 207 apps)  ->  Parma Calcio 1913 (2018-2019, 24 apps)"
"Alessandro Bianchi",Italy,midfielder,4,"AC Cesena (1983-1988, 40 apps)  ->  Calcio Padova (1986-1987, 28 apps)  ->  Inter Milan (1988-1996, 178 apps)  ->  AC Cesena (1996-2001, 130 apps)"
"Alessandro Birindelli",Italy,defender,4,"Empoli FC (1992-1997, 118 apps)  ->  Juventus FC (1997-2008, 196 apps)  ->  Pisa SC (2008-2009, 37 apps)  ->  A.S. Pescina Valle del Giovenco (2009-2010, 27 apps)"
"Alessandro Costacurta",Italy,"centre-back, full-back",2,"AC Monza (1986-1987, 30 apps)  ->  AC Milan (1986-2007, 458 apps)"
"Alessandro Del Piero",Italy,forward,4,"Calcio Padova (1991-1993, 14 apps)  ->  Juventus FC (1993-2012, 513 apps)  ->  Sydney FC (2012-2014, 48 apps)  ->  Odisha FC (2014-2014, 10 apps)"
"Alessandro Florenzi",Italy,midfielder,6,"F.C. Crotone (2011-2012, 35 apps)  ->  AS Roma (2011-2022, 227 apps)  ->  Paris Saint-Germain FC (2020-2021, 21 apps)  ->  Valencia CF (2020-2020, 12 apps)  ->  AC Milan (2021-2022, 24 apps)  ->  AC Milan (2022-2025, 38 apps)"
"Alessandro Nesta",Italy,"centre-back, defender",4,"SS Lazio (1993-2002, 193 apps)  ->  AC Milan (2002-2012, 224 apps)  ->  CF Montréal (2012-2013, 31 apps)  ->  Chennaiyin FC (2014-2014, 3 apps)"
"Alessandro Pistone",Italy,defender,8,"A.S.D. Solbiatese Calcio 1911 (1993-1994, 20 apps)  ->  Associazione Calcio Crevalcore (1994-1995, 29 apps)  ->  Vicenza Calcio (1995-1996, 6 apps)  ->  Inter Milan (1996-1997, 45 apps)  ->  Newcastle United F.C. (1997-2000, 46 apps)  ->  Venezia F.C. (1999-1999, 10 apps)  ->  Everton F.C. (2000-2007, 103 apps)  ->  R.A.E.C. Mons (2007-2008, 4 apps)"
"Alessandro Renica",Italy,defender,4,"Vicenza Calcio (1979-1982, 16 apps)  ->  U.C. Sampdoria (1982-1985, 67 apps)  ->  SSC Napoli (1985-1991, 136 apps)  ->  Hellas Verona FC (1991-1993, 28 apps)"
"Alessandro Scarioni","Kingdom of Italy, Italy",midfielder,2,"AC Milan (1908-1915, 87 apps)  ->  AC Milan (1916-1921, 37 apps)"
"Alessandro Schienoni","Kingdom of Italy, Italy",defender,2,"AC Milan (1924-1933, 208 apps)  ->  Vigevano Calcio (1933-1935, 9 apps)"
"Alessio Romagnoli",Italy,"centre-back, full-back",5,"AS Roma (2003-2012, ? apps)  ->  AS Roma (2012-2015, 13 apps)  ->  U.C. Sampdoria (2014-2015, 30 apps)  ->  AC Milan (2015-2022, 197 apps)  ->  SS Lazio (2022-?, ? apps)"
"Alessio Tacchinardi",Italy,midfielder,4,"Atalanta BC (1992-1994, 8 apps)  ->  Juventus FC (1994-2007, 261 apps)  ->  Villarreal CF (2005-2007, 45 apps)  ->  Brescia Calcio (2007-2008, 34 apps)"
"Alex Bell","United Kingdom of Great Britain and Ireland, United Kingdom","wing half",3,"Manchester United F.C. (1903-1913, 278 apps)  ->  Blackburn Rovers F.C. (1913-1921, 11 apps)  ->  Clackmannan F.C. (1921-1922, ? apps)"
"Alex Dawson","United Kingdom",forward,6,"Manchester United F.C. (1957-1961, 80 apps)  ->  Preston North End F.C. (1961-1967, 197 apps)  ->  Bury F.C. (1967-1968, 50 apps)  ->  Brighton & Hove Albion F.C. (1968-1971, 57 apps)  ->  Brentford F.C. (1970-1970, 10 apps)  ->  Corby Town F.C. (1971-1973, ? apps)"
"Alex Downie","United Kingdom of Great Britain and Ireland, United Kingdom","wing half",6,"Third Lanark A.C. (1898-1899, ? apps)  ->  Bristol City F.C. (1899-1900, ? apps)  ->  Swindon Town F.C. (1900-1902, ? apps)  ->  Manchester United F.C. (1902-1909, 172 apps)  ->  Oldham Athletic A.F.C. (1909-1911, 48 apps)  ->  Crewe Alexandra F.C. (1911-1912, ? apps)"
"Alex Forbes","United Kingdom of Great Britain and Ireland, United Kingdom","wing half",4,"Sheffield United F.C. (1944-1948, 61 apps)  ->  Arsenal F.C. (1948-1956, 240 apps)  ->  Leyton Orient F.C. (1956-1957, 8 apps)  ->  Fulham F.C. (1957-1958, 4 apps)"
"Alex Forsyth","United Kingdom",full-back,8,"Partick Thistle F.C. (1968-1972, 56 apps)  ->  Manchester United F.C. (1972-1978, 101 apps)  ->  Rangers F.C. (1978-1979, 16 apps)  ->  Rangers F.C. (1979-1982, 9 apps)  ->  Motherwell F.C. (1982-1983, 19 apps)  ->  Hamilton Academical F.C. (1983-1986, 63 apps)  ->  Queen of the South F.C. (1985-1986, 2 apps)  ->  Blantyre Victoria F.C. (1986-?, ? apps)"
"Alex Gardner","United Kingdom of Great Britain and Ireland, United Kingdom","wing half",1,"Newcastle United F.C. (1899-1910, 279 apps)"
"Alex Graham","United Kingdom of Great Britain and Ireland, United Kingdom","wing half",4,"Arsenal F.C. (1911-1924, 166 apps)  ->  Hamilton Academical F.C. (1917-1918, 44 apps)  ->  Third Lanark A.C. (1918-1919, ? apps)  ->  Hamilton Academical F.C. (1919-1919, 1 apps)"
"Alex Iwobi",Nigeria,playmaker,3,"Arsenal F.C. (2015-2019, 100 apps)  ->  Everton F.C. (2019-2023, 123 apps)  ->  Fulham F.C. (2023-?, 84 apps)"
"Alex James","United Kingdom of Great Britain and Ireland, United Kingdom","forward, inside forward",3,"Raith Rovers F.C. (1922-1925, 98 apps)  ->  Preston North End F.C. (1925-1929, 147 apps)  ->  Arsenal F.C. (1929-1937, 231 apps)"
"Alex Latta","United Kingdom of Great Britain and Ireland, United Kingdom","wing half",2,"Everton F.C. (1889-1895, 148 apps)  ->  Liverpool F.C. (1895-1896, 0 apps)"
"Alex Lindsay","United Kingdom of Great Britain and Ireland, United Kingdom",forward,2,"Tottenham Hotspur F.C. (1919-1929, 209 apps)  ->  Thames A.F.C. (1930-?, ? apps)"
"Alex Meret",Italy,goalkeeper,3,"Udinese Calcio (2015-2018, 0 apps)  ->  SPAL (2016-2018, 43 apps)  ->  SSC Napoli (2018-?, 168 apps)"
"Alex Oxlade-Chamberlain","United Kingdom",midfielder,5,"Southampton F.C. (2010-2011, 36 apps)  ->  Arsenal F.C. (2011-2017, 132 apps)  ->  Liverpool F.C. (2017-2023, 103 apps)  ->  Beşiktaş J.K. (Football) (2023-2025, 38 apps)  ->  Celtic F.C. (2026-?, 0 apps)"
"Alex Parker","United Kingdom",full-back,5,"Falkirk F.C. (1952-1958, 121 apps)  ->  Everton F.C. (1958-1965, 198 apps)  ->  Southport F.C. (1965-1968, 76 apps)  ->  Ballymena United F.C. (1968-1969, ? apps)  ->  Drumcondra F.C. (1969-1970, 4 apps)"
"Alex Raisbeck","United Kingdom of Great Britain and Ireland, United Kingdom",defender,5,"Hibernian F.C. (1896-1898, 25 apps)  ->  Liverpool F.C. (1898-1909, 312 apps)  ->  Stoke City F.C. (1898-1898, 4 apps)  ->  Partick Thistle F.C. (1909-1914, 138 apps)  ->  Hamilton Academical F.C. (1914-?, ? apps)"
"Alex Rodrigo Dias da Costa",Brazil,"centre-back, full-back",5,"Santos F.C. (2002-2004, 78 apps)  ->  Chelsea F.C. (2004-2012, 86 apps)  ->  PSV Eindhoven (2004-2007, 84 apps)  ->  Paris Saint-Germain FC (2012-2014, 70 apps)  ->  AC Milan (2014-2016, 48 apps)"
"Alex Sandro",Brazil,full-back,6,"Club Athletico Paranaense (2008-2011, 17 apps)  ->  Deportivo Maldonado (2010-2010, 0 apps)  ->  Santos F.C. (2010-2011, 38 apps)  ->  FC Porto (2011-2015, 87 apps)  ->  Juventus FC (2015-2024, 230 apps)  ->  Clube de Regatas do Flamengo (2024-?, 31 apps)"
"Alex Scott","United Kingdom","wing half",4,"Rangers F.C. (1954-1963, 216 apps)  ->  Everton F.C. (1963-1967, 149 apps)  ->  Hibernian F.C. (1967-1970, 40 apps)  ->  Falkirk F.C. (1970-1972, 23 apps)"
"Alex Song","Cameroon, France",defender,6,"SC Bastia (2004-2006, 32 apps)  ->  Arsenal F.C. (2005-2006, 5 apps)  ->  Arsenal F.C. (2006-2012, 138 apps)  ->  Charlton Athletic F.C. (2007-2007, 12 apps)  ->  West Ham United F.C. (2014-2015, 28 apps)  ->  West Ham United F.C. (2015-?, ? apps)"
"Alex Stepney","United Kingdom",goalkeeper,8,"Tooting & Mitcham United F.C. (1961-1963, 35 apps)  ->  Millwall F.C. (1963-1966, 137 apps)  ->  Chelsea F.C. (1966-1966, 1 apps)  ->  Manchester United F.C. (1966-1978, 433 apps)  ->  Dallas Tornado (1979-1979, 28 apps)  ->  Altrincham F.C. (1979-1980, 17 apps)  ->  Dallas Tornado (1980-1980, 26 apps)  ->  Altrincham F.C. (1981-1982, 1 apps)"
"Alex Stevenson",Ireland,"inside forward",3,"Rangers F.C. (1932-1934, 12 apps)  ->  Everton F.C. (1934-1949, 255 apps)  ->  Bootle Athletic F.C. (1949-1950, ? apps)"
"Alex Troup","United Kingdom of Great Britain and Ireland, United Kingdom","wing half",1,"Everton F.C. (1923-1929, 260 apps)"
"Alex Williams","United Kingdom",goalkeeper,3,"Manchester City F.C. (1980-1986, 125 apps)  ->  Queen of the South F.C. (1986-1986, 5 apps)  ->  Port Vale F.C. (1986-1987, 35 apps)"
"Alex Young","United Kingdom of Great Britain and Ireland, United Kingdom","inside forward",5,"St. Mirren F.C. (1899-1900, ? apps)  ->  Falkirk F.C. (1900-1901, ? apps)  ->  Everton F.C. (1901-1911, 275 apps)  ->  Tottenham Hotspur F.C. (1911-1911, 5 apps)  ->  Manchester City F.C. (1911-1912, 13 apps)"
"Alex Young","United Kingdom",forward,4,"Heart of Midlothian F.C. (1955-1960, 155 apps)  ->  Everton F.C. (1960-1968, 228 apps)  ->  Stockport County F.C. (1968-1969, 23 apps)  ->  Glentoran F.C. (1968-1968, 6 apps)"
"Alexander Isak",Sweden,forward,6,"AIK Fotboll (2016-2017, 24 apps)  ->  Borussia Dortmund (2017-2019, 5 apps)  ->  Willem II (2019-2019, 16 apps)  ->  Real Sociedad (2019-2022, 105 apps)  ->  Newcastle United F.C. (2022-2025, 86 apps)  ->  Liverpool F.C. (2025-?, 10 apps)"
"Alexander Zickler",Germany,forward,4,"Dynamo Dresden (1992-1993, 18 apps)  ->  FC Bayern Munich (1993-2005, 214 apps)  ->  FC Red Bull Salzburg (2005-2010, 137 apps)  ->  LASK Linz (2010-2011, 15 apps)"
"Alexandre Lacazette",France,centre-forward,4,"Olympique Lyonnais (2010-2017, 203 apps)  ->  Arsenal F.C. (2017-2022, 158 apps)  ->  Olympique Lyonnais (2022-2025, 94 apps)  ->  Neom Club (2025-?, ? apps)"
"Alexandre Pato",Brazil,forward,10,"S.C. Internacional (2006-2007, 10 apps)  ->  AC Milan (2007-2013, 117 apps)  ->  S.C. Corinthians Paulista (2013-2016, 30 apps)  ->  São Paulo FC (2014-2015, 59 apps)  ->  Villarreal CF (2016-2017, 14 apps)  ->  Chelsea F.C. (2016-2016, 2 apps)  ->  Tianjin Tianhai F.C. (2017-2018, 47 apps)  ->  São Paulo FC (2019-2020, 20 apps)  ->  Orlando City SC (2021-2022, 26 apps)  ->  São Paulo FC (2023-2023, 9 apps)"
"Alexis Mac Allister",Argentina,midfielder,4,"Argentinos Juniors (2016-2019, 56 apps)  ->  Argentinos Juniors (2019-2019, 10 apps)  ->  Brighton & Hove Albion F.C. (2019-2023, 98 apps)  ->  Liverpool F.C. (2023-?, 97 apps)"
"Alexis Saelemaekers",Belgium,midfielder,4,"R.S.C. Anderlecht (2018-2020, 57 apps)  ->  AC Milan (2020-2020, 13 apps)  ->  Bologna F.C. 1909 (2023-2024, 30 apps)  ->  AS Roma (2024-2025, 22 apps)"
"Alexis Sánchez",Chile,"wing half",12,"Cobreloa (2005-2006, 47 apps)  ->  Udinese Calcio (2006-2011, 95 apps)  ->  Club Social y Deportivo Colo Colo (2006-2008, 32 apps)  ->  Club Atlético River Plate (2007-2008, 23 apps)  ->  Arsenal F.C. (2014-2018, 122 apps)  ->  Manchester United F.C. (2018-2020, 32 apps)  ->  Inter Milan (2019-2020, 22 apps)  ->  Inter Milan (2020-2022, 57 apps)  ->  Olympique de Marseille (2022-2023, 35 apps)  ->  Inter Milan (2023-2024, 23 apps)  ->  Udinese Calcio (2024-2025, 13 apps)  ->  Sevilla FC (2025-?, 26 apps)"
"Alf Baker","United Kingdom of Great Britain and Ireland, United Kingdom","defender, full-back",1,"Arsenal F.C. (1919-1931, 310 apps)"
"Alf Hanson","United Kingdom of Great Britain and Ireland","wing half",6,"Liverpool F.C. (1931-1938, 166 apps)  ->  Chelsea F.C. (1938-1939, 45 apps)  ->  Gloucester City A.F.C. (1941-1942, 18 apps)  ->  Shelbourne F.C. (1946-1947, 13 apps)  ->  South Liverpool F.C. (1947-1948, ? apps)  ->  Ellesmere Port Town F.C. (1949-1950, ? apps)"
"Alf Kirchen","United Kingdom of Great Britain and Ireland, United Kingdom","wing half",2,"Norwich City F.C. (1934-1935, 14 apps)  ->  Arsenal F.C. (1935-1943, 92 apps)"
"Alf McMichael","United Kingdom",full-back,2,"Linfield F.C. (1945-1949, ? apps)  ->  Newcastle United F.C. (1949-1963, 433 apps)"
"Alf Milward","United Kingdom of Great Britain and Ireland, United Kingdom",midfielder,4,"Everton F.C. (1888-1897, 201 apps)  ->  New Brighton Tower F.C. (1897-1899, 32 apps)  ->  Southampton F.C. (1899-1901, 56 apps)  ->  Gillingham F.C. (1901-1903, ? apps)"
"Alf Ramsey","United Kingdom","full-back, defender",2,"Southampton F.C. (1943-1949, 90 apps)  ->  Tottenham Hotspur F.C. (1949-1955, 226 apps)"
"Alf West","United Kingdom of Great Britain and Ireland, United Kingdom",defender,7,"Ilkeston F.C. (1900-1902, ? apps)  ->  Barnsley F.C. (1902-1903, ? apps)  ->  Liverpool F.C. (1903-1909, 124 apps)  ->  Reading F.C. (1909-1910, ? apps)  ->  Notts County F.C. (1911-1915, ? apps)  ->  Mansfield Town F.C. (1919-1919, ? apps)  ->  Shirebrook Miners Welfare F.C. (1919-1920, ? apps)"
"Alfio Fontana","Kingdom of Italy, Italy",defender,6,"AC Milan (1952-1955, 15 apps)  ->  US Triestina Calcio 1918 (1955-1956, 22 apps)  ->  AC Milan (1956-1960, 132 apps)  ->  AS Roma (1960-1964, 127 apps)  ->  U.C. Sampdoria (1964-1965, 19 apps)  ->  Casale FBC (1965-1968, 65 apps)"
"Alfonso Pérez",Spain,forward,4,"Real Madrid Club de Fútbol (1990-1995, 88 apps)  ->  Real Betis Balompié (1995-2000, 152 apps)  ->  Real Betis Balompié (2002-2005, 45 apps)  ->  Olympique de Marseille (2002-2002, 11 apps)"
"Alfonso Rodríguez Salas",Spain,defender,4,"C.D. Tenerife (1956-1958, 11 apps)  ->  CD Eldense (1958-1959, 26 apps)  ->  Real Murcia (1959-1960, 25 apps)  ->  Real Zaragoza (1967-1968, 8 apps)"
"Alfred Kelbassa",Germany,forward,3,"STV Horst-Emscher (1946-1952, 135 apps)  ->  SC Preußen Münster (1952-1953, 25 apps)  ->  Borussia Dortmund (1954-1963, 183 apps)"
"Alfred Niepieklo","Germany, Poland",forward,1,"Borussia Dortmund (1951-1960, 183 apps)"
"Alfred Preissler",Germany,forward,4,"MSV Duisburg (1940-1944, ? apps)  ->  Borussia Dortmund (1946-1950, 78 apps)  ->  SC Preußen Münster (1950-1951, 28 apps)  ->  Borussia Dortmund (1951-1959, 211 apps)"
"Alfred Schmidt",Germany,midfielder,1,"Borussia Dortmund (1956-1968, 163 apps)"
"Alfredo Bodoira","Kingdom of Italy, Italy",goalkeeper,5,"Juventus FC (1930-1941, 82 apps)  ->  SSC Ancona (1933-1936, 80 apps)  ->  Torino FC (1941-1944, 50 apps)  ->  US Alessandria Calcio 1912 (1946-1947, 30 apps)  ->  AC Cesena (1947-1949, 62 apps)"
"Alfredo De Franceschini","Kingdom of Italy, Italy",midfielder,2,"AC Milan (1921-1929, 103 apps)  ->  Associazione Calcio Codogno 1908 (1931-1932, ? apps)"
"Alfredo Di Stéfano","Colombia, Argentina, Spain",forward,4,"Club Atlético Huracán (1946-1946, 25 apps)  ->  Millonarios (1949-1953, 102 apps)  ->  Real Madrid Club de Fútbol (1953-1964, 282 apps)  ->  RCD Espanyol de Barcelona (1964-1966, 47 apps)"
"Alfredo Foni","Kingdom of Italy, Italy",defender,5,"Udinese Calcio (1927-1929, ? apps)  ->  SS Lazio (1929-1931, 38 apps)  ->  Calcio Padova (1931-1934, 96 apps)  ->  Juventus FC (1934-1947, 266 apps)  ->  FC Chiasso (1948-1949, 3 apps)"
"Alfredo Santaelena",Spain,midfielder,7,"Galáctico Pegaso (1987-1988, ? apps)  ->  Getafe CF (1988-1989, ? apps)  ->  Atlético Madrid (1989-1993, 101 apps)  ->  Deportivo de La Coruña (1993-1997, 104 apps)  ->  Sevilla FC (1997-2000, 25 apps)  ->  Getafe CF (2000-2002, 24 apps)  ->  Galáctico Pegaso (2002-2003, ? apps)"
"Aliaksandr Hleb",Belarus,"wing half",17,"FC Dinamo-Juni Minsk (1998-1998, 11 apps)  ->  FC BATE Borisov (1999-2000, 25 apps)  ->  VfB Stuttgart (2000-2005, 137 apps)  ->  Arsenal F.C. (2005-2008, 89 apps)  ->  VfB Stuttgart (2009-2010, 27 apps)  ->  Birmingham City F.C. (2010-2011, 19 apps)  ->  VfL Wolfsburg (2011-2011, 4 apps)  ->  FC Krylia Sovetov Samara (2012-2012, 8 apps)  ->  FC BATE Borisov (2012-2013, 29 apps)  ->  Konyaspor (2014-2015, 30 apps)  ->  FC BATE Borisov (2015-2015, 4 apps)  ->  Gençlerbirliği S.K. (2015-2015, 15 apps)  ->  Gençlerbirliği S.K. (2016-2016, 12 apps)  ->  FC BATE Borisov (2016-2016, 6 apps)  ->  FC Krylia Sovetov Samara (2017-2017, 7 apps)  ->  FC BATE Borisov (2018-2019, 16 apps)  ->  FC Isloch Minsk Raion (2019-2019, 13 apps)"
"Alisson Becker",Brazil,goalkeeper,3,"S.C. Internacional (2013-2016, 44 apps)  ->  AS Roma (2016-2018, 37 apps)  ->  Liverpool F.C. (2018-?, 254 apps)"
"Allan Nielsen","Kingdom of Denmark",midfielder,10,"FC Bayern Munich (1989-1991, 1 apps)  ->  Esbjerg fB (1989-1989, 0 apps)  ->  Odense Boldklub (1991-1993, 55 apps)  ->  FC Sion (1991-1991, 0 apps)  ->  F.C. Copenhagen (1994-1995, 26 apps)  ->  Brøndby IF (1995-1996, 42 apps)  ->  Tottenham Hotspur F.C. (1996-2000, 97 apps)  ->  Wolverhampton Wanderers F.C. (2000-2000, 7 apps)  ->  Watford F.C. (2000-2003, 100 apps)  ->  Herfølge Boldklub (2003-2004, 18 apps)"
"Allan Simonsen","Kingdom of Denmark",forward,5,"Vejle Boldklub (1971-1972, 42 apps)  ->  Borussia Mönchengladbach (1972-1979, 178 apps)  ->  Charlton Athletic F.C. (1982-1983, 16 apps)  ->  Vejle Boldklub (1983-1989, 166 apps)  ->  Charlton Athletic F.C. (1983-1983, 16 apps)"
"Allenby Chilton","United Kingdom of Great Britain and Ireland, United Kingdom",midfielder,3,"Manchester United F.C. (1938-1955, 352 apps)  ->  Liverpool F.C. (1938-1938, 0 apps)  ->  Grimsby Town F.C. (1955-1956, 63 apps)"
"Alphonso Davies","Liberia, Canada","defender, wing half",2,"Vancouver Whitecaps FC (2016-2018, 65 apps)  ->  FC Bayern Munich (2019-?, 162 apps)"
"Amancio Amaro",Spain,forward,2,"Deportivo de La Coruña (1958-1962, 81 apps)  ->  Real Madrid Club de Fútbol (1962-1976, 344 apps)"
"Amand Theis",Germany,defender,4,"1. FC Nürnberg (1968-1972, 108 apps)  ->  Kickers Offenbach (1972-1977, 136 apps)  ->  Borussia Dortmund (1977-1980, 84 apps)  ->  Fortuna Düsseldorf (1980-1984, 105 apps)"
"Amarildo Tavares da Silveira",Brazil,forward,6,"Clube de Regatas do Flamengo (1958-1958, ? apps)  ->  Botafogo F.R. (1959-1963, ? apps)  ->  AC Milan (1963-1967, 107 apps)  ->  ACF Fiorentina (1967-1971, 62 apps)  ->  AS Roma (1971-1972, 32 apps)  ->  CR Vasco da Gama (1973-1974, 7 apps)"
"Ambrogio Pelagalli",Italy,defender,9,"AC Milan (1959-1960, 1 apps)  ->  Atalanta BC (1960-1961, 33 apps)  ->  AC Milan (1961-1966, 117 apps)  ->  Atalanta BC (1966-1967, 31 apps)  ->  AS Roma (1967-1968, 27 apps)  ->  Atalanta BC (1968-1970, 58 apps)  ->  Taranto Sport (1970-1973, 107 apps)  ->  Piacenza Calcio (1973-1974, 16 apps)  ->  A.C. Meda 1913 (1974-1975, ? apps)"
"Amedeo Amadei","Kingdom of Italy, Italy",forward,5,"AS Roma (1936-1938, 6 apps)  ->  Atalanta BC (1938-1939, 33 apps)  ->  AS Roma (1939-1948, 228 apps)  ->  Inter Milan (1948-1950, 70 apps)  ->  SSC Napoli (1950-1956, 171 apps)"
"Amedeo Carboni",Italy,full-back,9,"S.S. Arezzo (1982-1983, 22 apps)  ->  S.S. Arezzo (1983-1986, 22 apps)  ->  ACF Fiorentina (1983-1984, 0 apps)  ->  SSC Bari (1985-1986, 10 apps)  ->  Empoli FC (1986-1987, 11 apps)  ->  Parma Calcio 1913 (1987-1988, 28 apps)  ->  U.C. Sampdoria (1988-1990, 60 apps)  ->  AS Roma (1990-1997, 186 apps)  ->  Valencia CF (1997-2006, 245 apps)"
"Amleto Frignani","Kingdom of Italy, Italy",midfielder,5,"A.C. Carpi (1949-1950, 34 apps)  ->  A.C. Reggiana 1919 (1950-1951, 34 apps)  ->  AC Milan (1951-1956, 134 apps)  ->  Udinese Calcio (1956-1957, 33 apps)  ->  Genoa CFC (1957-1962, 109 apps)"
"Amos Cardarelli","Kingdom of Italy, Italy",defender,4,"AS Roma (1950-1957, 157 apps)  ->  Udinese Calcio (1957-1958, 29 apps)  ->  Inter Milan (1958-1960, 51 apps)  ->  Calcio Lecco 1912 (1960-1962, 59 apps)"
"Amos Mariani","Kingdom of Italy, Italy",midfielder,9,"Empoli FC (1947-1949, 22 apps)  ->  Juventus FC (1949-1950, 1 apps)  ->  Atalanta BC (1950-1951, 26 apps)  ->  Udinese Calcio (1951-1952, 36 apps)  ->  ACF Fiorentina (1952-1955, 85 apps)  ->  AC Milan (1955-1958, 82 apps)  ->  Calcio Padova (1958-1959, 31 apps)  ->  SS Lazio (1959-1961, 44 apps)  ->  SSC Napoli (1961-1963, 29 apps)"
"Anatolii Tymoshchuk",Ukraine,midfielder,7,"FC Volyn Lutsk (1995-1997, 62 apps)  ->  FC Shakhtar Donetsk (1998-2007, 227 apps)  ->  FC Shakhtar-2 Donetsk (1998-2001, 25 apps)  ->  FC Zenit Saint Petersburg (2007-2009, 67 apps)  ->  FC Bayern Munich (2009-2013, 86 apps)  ->  FC Zenit Saint Petersburg (2013-2015, 22 apps)  ->  FC Kairat (2015-2016, 34 apps)"
"Ander Capa",Spain,"winger, full-back",8,"Danok Bat CF (2001-2002, ? apps)  ->  Athletic Club (2002-2005, ? apps)  ->  Danok Bat CF (2005-2011, ? apps)  ->  SD Eibar B (2011-2012, 34 apps)  ->  SD Eibar (2011-2018, 213 apps)  ->  Athletic Club (2018-2023, 112 apps)  ->  Levante UD (2023-2024, 21 apps)  ->  Club Portugalete (2024-2025, 21 apps)"
"Ander Garitano",Spain,midfielder,3,"Athletic Bilbao B (1986-1988, 68 apps)  ->  Athletic Club (1988-1996, 275 apps)  ->  Real Zaragoza (1996-2002, 164 apps)"
"Ander Herrera",Spain,"central midfielder, inside forward",7,"Deportivo Aragón (2008-2009, 10 apps)  ->  Real Zaragoza (2009-2011, 82 apps)  ->  Athletic Club (2011-2014, 94 apps)  ->  Manchester United F.C. (2014-2019, 132 apps)  ->  Paris Saint-Germain FC (2019-2023, 58 apps)  ->  Athletic Club (2022-2022, 8 apps)  ->  Athletic Club (2023-2025, 40 apps)"
"Ander Iturraspe",Spain,"central midfielder, defensive midfielder",5,"Athletic Club (1999-2007, ? apps)  ->  CD Baskonia (2007-2008, 30 apps)  ->  Athletic Club (2008-2019, 320 apps)  ->  Athletic Bilbao B (2008-2010, 40 apps)  ->  RCD Espanyol de Barcelona (2019-2020, 18 apps)"
"Ander Murillo",Spain,centre-back,8,"Antiguoko (1992-1999, ? apps)  ->  Athletic Club (1999-2001, ? apps)  ->  Athletic Bilbao B (2001-2002, 14 apps)  ->  Athletic Club (2001-2010, 157 apps)  ->  UD Salamanca (2009-2010, 37 apps)  ->  RC Celta de Vigo (2010-2011, 23 apps)  ->  AEK Larnaca F.C. (2011-2018, 184 apps)  ->  ASIL Lysi (2020-2021, ? apps)"
"Anders Limpar",Sweden,midfielder,12,"IF Brommapojkarna (1981-1986, 77 apps)  ->  Örgryte IS Fotboll (1986-1988, 47 apps)  ->  BSC Young Boys (1988-1989, 27 apps)  ->  US Cremonese (1989-1990, 24 apps)  ->  Arsenal F.C. (1990-1994, 96 apps)  ->  Everton F.C. (1994-1997, 66 apps)  ->  Birmingham City F.C. (1997-1997, 4 apps)  ->  AIK Fotboll (1998-1999, 22 apps)  ->  Colorado Rapids (1999-2000, 36 apps)  ->  Djurgårdens IF Fotboll (2000-2000, 0 apps)  ->  IF Brommapojkarna (2001-2002, ? apps)  ->  Sollentuna United FF (2008-2008, 0 apps)"
Anderson,Brazil,midfielder,5,"Grêmio FBPA (2004-2006, 19 apps)  ->  FC Porto (2006-2007, 18 apps)  ->  Manchester United F.C. (2007-2015, 105 apps)  ->  ACF Fiorentina (2014-2014, 7 apps)  ->  S.C. Internacional (2015-?, ? apps)"
"Andoni Goikoetxea",Spain,centre-back,3,"Athletic Bilbao B (1974-1975, 25 apps)  ->  Athletic Club (1975-1987, 369 apps)  ->  Atlético Madrid (1987-1990, 49 apps)"
"Andoni Iraola",Spain,"central midfielder, full-back",6,"Antiguoko (1991-1999, ? apps)  ->  Athletic Club (1999-2000, ? apps)  ->  CD Baskonia (2000-2001, 35 apps)  ->  Athletic Bilbao B (2001-2003, 75 apps)  ->  Athletic Club (2003-2015, 406 apps)  ->  New York City FC (2015-2016, 38 apps)"
"Andoni Lakabeg",Spain,full-back,10,"Athletic Bilbao B (1986-1988, 37 apps)  ->  Athletic Club (1988-1995, 213 apps)  ->  RC Celta de Vigo (1996-1997, 14 apps)  ->  Villarreal CF (1998-1998, 11 apps)  ->  Amurrio Club (1998-1998, 14 apps)  ->  Centre d'Esports Sabadell Futbol Club (1999-2001, 57 apps)  ->  UD Pájara Playas de Jandía (1999-1999, 14 apps)  ->  Castillo CF (2001-2003, ? apps)  ->  SD Indautxu (2003-2006, ? apps)  ->  SD Leioa (2006-2007, 31 apps)"
"Andoni Orbea Nespral",Spain,midfielder,7,"Athletic Bilbao B (1978-1981, 41 apps)  ->  CD Mungia (1979-1979, 26 apps)  ->  Athletic Club (1980-1992, 278 apps)  ->  RCD Mallorca (1981-1981, 12 apps)  ->  CD Margaritense (1982-1982, ? apps)  ->  SD Balmaseda FC (1992-1994, ? apps)  ->  Zalla UC (1994-1995, ? apps)"
"Andoni Zubizarreta",Spain,goalkeeper,7,"UD Aretxabaleta (1977-1978, ? apps)  ->  Deportivo Alavés B (1978-1980, 32 apps)  ->  Real Sociedad (1979-1980, 12 apps)  ->  Deportivo Alavés (1980-1981, 4 apps)  ->  Athletic Club (1981-1986, 239 apps)  ->  Athletic Bilbao B (1981-1981, 7 apps)  ->  Valencia CF (1994-1998, 184 apps)"
"Andrea Barzagli",Italy,centre-back,9,"San Frediano Rondinella S.S. (1998-2000, 51 apps)  ->  Pistoiese FC (2000-2000, 5 apps)  ->  Piacenza Calcio (2001-2003, 0 apps)  ->  San Frediano Rondinella S.S. (2001-2001, 13 apps)  ->  Ascoli Calcio 1898 FC (2001-2003, 46 apps)  ->  AC ChievoVerona (2003-2004, 29 apps)  ->  Palermo F.C. (2004-2008, 142 apps)  ->  VfL Wolfsburg (2008-2011, 75 apps)  ->  Juventus FC (2011-2019, 206 apps)"
"Andrea Bonomi","Kingdom of Italy, Italy",defender,3,"AC Milan (1942-1952, 252 apps)  ->  Brescia Calcio (1952-1954, 47 apps)  ->  Piacenza Calcio (1954-1955, 5 apps)"
"Andrea Carnevale",Italy,forward,13,"Latina Calcio 1932 (1978-1979, 24 apps)  ->  U.S. Avellino 1912 (1979-1981, 11 apps)  ->  A.C. Reggiana 1919 (1981-1983, 66 apps)  ->  Catania FC (1983-1984, 23 apps)  ->  Cagliari Calcio (1983-1983, 7 apps)  ->  Catania FC (1984-1984, 23 apps)  ->  Udinese Calcio (1984-1986, 55 apps)  ->  SSC Napoli (1986-1990, 105 apps)  ->  AS Roma (1990-1994, 51 apps)  ->  Delfino Pescara 1936 (1993-1994, 24 apps)  ->  Udinese Calcio (1993-1993, 10 apps)  ->  Udinese Calcio (1994-1995, 16 apps)  ->  Delfino Pescara 1936 (1995-1996, 28 apps)"
"Andrea Dossena",Italy,full-back,9,"Hellas Verona FC (2001-2005, 99 apps)  ->  Treviso F.B.C. 1993 (2005-2006, 21 apps)  ->  Udinese Calcio (2006-2008, 63 apps)  ->  Liverpool F.C. (2008-2010, 18 apps)  ->  SSC Napoli (2010-2013, 83 apps)  ->  Sunderland A.F.C. (2013-2014, 7 apps)  ->  Palermo F.C. (2013-2013, 11 apps)  ->  Leyton Orient F.C. (2014-2015, 15 apps)  ->  FC Chiasso (2015-?, ? apps)"
"Andrea Gadaldi","Kingdom of Italy, Italy",defender,3,"Brescia Calcio (1925-1933, 155 apps)  ->  AS Roma (1933-1940, 180 apps)  ->  Brescia Calcio (1940-1942, 51 apps)"
"Andrea Icardi",Italy,midfielder,5,"AC Milan (1980-1986, 141 apps)  ->  Atalanta BC (1986-1988, 56 apps)  ->  SS Lazio (1988-1990, 53 apps)  ->  Hellas Verona FC (1990-1993, 78 apps)  ->  Marconi Stallions FC (1993-1994, 6 apps)"
"Andrea Mandorlini",Italy,defender,5,"Torino FC (1978-1980, 27 apps)  ->  Atalanta BC (1980-1981, 34 apps)  ->  Ascoli Calcio 1898 FC (1981-1984, 73 apps)  ->  Inter Milan (1984-1991, 180 apps)  ->  Udinese Calcio (1991-1993, 42 apps)"
"Andrea Milani",Italy,midfielder,6,"Associazione Calcio Audace (1938-1941, ? apps)  ->  Inter Milan (1941-1947, 133 apps)  ->  Palermo F.C. (1947-1950, 80 apps)  ->  Brescia Calcio (1950-1952, 54 apps)  ->  Hellas Verona FC (1952-1954, 48 apps)  ->  Associazione Sportiva Città di Bagheria (1955-1958, 74 apps)"
"Andrea Orlandini",Italy,midfielder,7,"ACF Fiorentina (1967-1968, ? apps)  ->  A.C. Reggiana 1919 (1968-1969, 15 apps)  ->  S.S. Sambenedettese Calcio (1969-1970, 28 apps)  ->  A.C. Prato (1970-1971, 36 apps)  ->  ACF Fiorentina (1971-1973, 56 apps)  ->  SSC Napoli (1973-1977, 111 apps)  ->  ACF Fiorentina (1977-1982, 100 apps)"
"Andrea Pirlo",Italy,midfielder,7,"Brescia Calcio (1995-1998, 47 apps)  ->  Inter Milan (1998-2001, 22 apps)  ->  AS Reggina 1914 (1999-2000, 28 apps)  ->  AC Milan (2001-2011, 284 apps)  ->  Brescia Calcio (2001-2001, 10 apps)  ->  Juventus FC (2011-2015, 119 apps)  ->  New York City FC (2015-2017, 60 apps)"
"Andrea Poli",Italy,midfielder,9,"Treviso F.B.C. 1993 (2006-2007, 4 apps)  ->  U.C. Sampdoria (2007-2013, 84 apps)  ->  US Sassuolo Calcio (2008-2009, 32 apps)  ->  Inter Milan (2011-2012, 18 apps)  ->  AC Milan (2013-2017, 90 apps)  ->  Bologna F.C. 1909 (2017-2021, 108 apps)  ->  Antalyaspor (2021-2022, 28 apps)  ->  Modena F.C. (2022-2023, 11 apps)  ->  Pro Sesto 1913 (2024-2024, 10 apps)"
"Andrea Ranocchia",Italy,centre-back,8,"S.S. Arezzo (2006-2008, 56 apps)  ->  Genoa CFC (2008-2010, 0 apps)  ->  SSC Bari (2008-2010, 34 apps)  ->  Genoa CFC (2010-2011, 16 apps)  ->  Inter Milan (2010-2022, 170 apps)  ->  U.C. Sampdoria (2016-2016, 14 apps)  ->  Hull City A.F.C. (2017-2017, 16 apps)  ->  AC Monza (2022-2022, 1 apps)"
"Andrea Verrina","Kingdom of Italy, Italy",midfielder,12,"Genoa CFC (1936-1937, 1 apps)  ->  Spezia Calcio (1937-1938, 29 apps)  ->  Genoa CFC (1938-1941, 2 apps)  ->  SSC Napoli (1941-1944, 48 apps)  ->  Genoa CFC (1944-1945, 13 apps)  ->  SSC Napoli (1945-1948, 96 apps)  ->  Genoa CFC (1948-1949, 7 apps)  ->  Forlì F.C. (1950-1951, 29 apps)  ->  U.S. Sestri Levante (1951-1953, ? apps)  ->  Virtus Entella (1953-1954, ? apps)  ->  Virtus Entella (1955-1956, ? apps)  ->  Savona F.B.C. (1956-1957, 3 apps)"
"Andreas Brehme",Germany,defender,7,"HSV Barmbek-Uhlenhorst (1978-1980, 66 apps)  ->  1. FC Saarbrücken (1980-1981, 36 apps)  ->  1. FC Kaiserslautern (1981-1986, 154 apps)  ->  FC Bayern Munich (1986-1988, 59 apps)  ->  Inter Milan (1988-1992, 116 apps)  ->  Real Zaragoza (1992-1993, 24 apps)  ->  1. FC Kaiserslautern (1993-1998, 120 apps)"
"Andreas Christensen","Kingdom of Denmark",centre-back,2,"Chelsea F.C. (2014-2022, 93 apps)  ->  Borussia Mönchengladbach (2015-2017, 62 apps)"
"Andreas Möller",Germany,midfielder,7,"Eintracht Frankfurt (1985-1987, 35 apps)  ->  Borussia Dortmund (1988-1990, 75 apps)  ->  Eintracht Frankfurt (1990-1992, 69 apps)  ->  Juventus FC (1992-1994, 56 apps)  ->  Borussia Dortmund (1994-2000, 153 apps)  ->  Schalke 04 (2000-2003, 86 apps)  ->  Eintracht Frankfurt (2003-2004, 11 apps)"
"Andreas Ottl",Germany,midfielder,4,"FC Bayern Munich (2005-2011, 92 apps)  ->  1. FC Nürnberg (2010-2010, 17 apps)  ->  Hertha BSC (2011-2012, 26 apps)  ->  FC Augsburg (2012-2014, 13 apps)"
"Andreas Seibold",Germany,,1,"FC Bayern Munich (1946-1950, 93 apps)"
"Andrei Kanchelskis","Soviet Union, Russia","wing-back, right winger",11,"FC Dynamo Kyiv (1988-1990, 22 apps)  ->  FC Shakhtar Donetsk (1990-1991, 21 apps)  ->  Manchester United F.C. (1991-1995, 123 apps)  ->  Everton F.C. (1995-1997, 52 apps)  ->  ACF Fiorentina (1997-1998, 26 apps)  ->  Rangers F.C. (1998-2002, 76 apps)  ->  Manchester City F.C. (2001-2001, 10 apps)  ->  Southampton F.C. (2002-2003, 1 apps)  ->  Al Hilal SFC (2003-2003, 3 apps)  ->  FC Leon Saturn (2004-2005, 39 apps)  ->  FC Krylia Sovetov Samara (2006-2006, 24 apps)"
"Andrew Wilson","United Kingdom of Great Britain and Ireland, United Kingdom",forward,8,"Middlesbrough F.C. (1914-1914, 9 apps)  ->  Dunfermline Athletic F.C. (1918-1921, ? apps)  ->  Heart of Midlothian F.C. (1919-1919, ? apps)  ->  Middlesbrough F.C. (1921-1923, 77 apps)  ->  Chelsea F.C. (1923-1931, 238 apps)  ->  Queens Park Rangers F.C. (1931-1932, 20 apps)  ->  Sporting Club Nimes (1932-1934, ? apps)  ->  Nîmes Olympique (1932-1934, ? apps)"
"Andrey Arshavin",Russia,"midfielder, forward, wing half",7,"FC Zenit Saint Petersburg (1999-2009, 236 apps)  ->  FC Zenit-2 (1999-2000, 56 apps)  ->  Arsenal F.C. (2009-2013, 105 apps)  ->  FC Zenit Saint Petersburg (2012-2012, 10 apps)  ->  FC Zenit Saint Petersburg (2013-2015, 35 apps)  ->  FC Kuban Krasnodar (2015-2016, 8 apps)  ->  FC Kairat (2016-2018, 84 apps)"
"Andriy Shevchenko",Ukraine,forward,5,"FC Dynamo Kyiv (1994-1999, 117 apps)  ->  AC Milan (1999-2006, 208 apps)  ->  Chelsea F.C. (2006-2009, 48 apps)  ->  AC Milan (2008-2009, 18 apps)  ->  FC Dynamo Kyiv (2009-2012, 55 apps)"
"André Cruz",Brazil,defender,11,"Associação Atlética Ponte Preta (1986-1989, 14 apps)  ->  Clube de Regatas do Flamengo (1989-1990, 26 apps)  ->  Standard Liège (1990-1994, 107 apps)  ->  SSC Napoli (1994-1997, 83 apps)  ->  AC Milan (1997-1999, 13 apps)  ->  Standard Liège (1999-1999, 10 apps)  ->  Torino FC (1999-1999, 13 apps)  ->  Sporting CP (1999-2002, 78 apps)  ->  Goiás Esporte Clube (2002-2003, 16 apps)  ->  S.C. Internacional (2003-2004, 10 apps)  ->  Goiás Esporte Clube (2004-2004, 2 apps)"
"André-Frank Zambo Anguissa",Cameroon,midfielder,5,"Olympique de Marseille (2015-2018, 79 apps)  ->  Fulham F.C. (2018-2022, 61 apps)  ->  Villarreal CF (2019-2020, 36 apps)  ->  SSC Napoli (2021-2022, 25 apps)  ->  SSC Napoli (2022-?, 116 apps)"
"Andrés Iniesta",Spain,midfielder,3,"FC Barcelona Atlètic (2001-2003, 54 apps)  ->  Vissel Kobe (2018-2023, 114 apps)  ->  Emirates Club (2023-2024, 20 apps)"
"Andrés Palop",Spain,goalkeeper,5,"Valencia CF Mestalla (1993-1997, 68 apps)  ->  Villarreal CF (1997-1999, 74 apps)  ->  Valencia CF (1997-2005, 43 apps)  ->  Sevilla FC (2005-2013, 217 apps)  ->  Bayer 04 Leverkusen (2013-2014, 0 apps)"
"Andy Aitken","United Kingdom of Great Britain and Ireland, United Kingdom",defender,5,"Newcastle United F.C. (1895-1906, 316 apps)  ->  Middlesbrough F.C. (1906-1908, 76 apps)  ->  Leicester City F.C. (1909-1911, 64 apps)  ->  Dundee F.C. (1911-1912, ? apps)  ->  Kilmarnock F.C. (1912-1913, ? apps)"
"Andy Black","United Kingdom of Great Britain and Ireland, United Kingdom","inside forward",3,"Heart of Midlothian F.C. (1935-1939, 136 apps)  ->  Manchester City F.C. (1946-1950, 139 apps)  ->  Stockport County F.C. (1950-1953, 94 apps)"
"Andy Carroll","United Kingdom",forward,12,"Newcastle United F.C. (2006-2011, 80 apps)  ->  Preston North End F.C. (2007-2008, 11 apps)  ->  Liverpool F.C. (2011-2013, 44 apps)  ->  West Ham United F.C. (2012-2013, 24 apps)  ->  West Ham United F.C. (2013-2019, 102 apps)  ->  Newcastle United F.C. (2019-2021, 37 apps)  ->  Reading F.C. (2021-2022, 8 apps)  ->  West Bromwich Albion F.C. (2022-2022, 15 apps)  ->  Reading F.C. (2022-2023, 32 apps)  ->  Amiens SC (2023-2024, 32 apps)  ->  FC Girondins de Bordeaux (2024-2025, 21 apps)  ->  Dagenham & Redbridge F.C. (2025-?, 1 apps)"
"Andy Cole","United Kingdom",forward,13,"Arsenal F.C. (1989-1992, 1 apps)  ->  Fulham F.C. (1991-1991, 13 apps)  ->  Bristol City F.C. (1992-1993, 41 apps)  ->  Newcastle United F.C. (1993-1995, 70 apps)  ->  Manchester United F.C. (1995-2001, 195 apps)  ->  Blackburn Rovers F.C. (2001-2004, 83 apps)  ->  Fulham F.C. (2004-2005, 31 apps)  ->  Manchester City F.C. (2005-2006, 22 apps)  ->  Portsmouth F.C. (2006-2007, 18 apps)  ->  Birmingham City F.C. (2007-2007, 5 apps)  ->  Sunderland A.F.C. (2007-2008, 7 apps)  ->  Burnley F.C. (2008-2008, 13 apps)  ->  Nottingham Forest F.C. (2008-2008, 10 apps)"
"Andy Dibble","United Kingdom",goalkeeper,20,"Cardiff City F.C. (1982-1984, 62 apps)  ->  Luton Town F.C. (1984-1988, 30 apps)  ->  Sunderland A.F.C. (1986-1986, 12 apps)  ->  Huddersfield Town A.F.C. (1987-1987, 5 apps)  ->  Manchester City F.C. (1988-1997, 116 apps)  ->  Aberdeen F.C. (1990-1990, 5 apps)  ->  Middlesbrough F.C. (1991-1991, 19 apps)  ->  Bolton Wanderers F.C. (1991-1991, 13 apps)  ->  West Bromwich Albion F.C. (1992-1992, 9 apps)  ->  Sheffield United F.C. (1997-1997, 0 apps)  ->  Luton Town F.C. (1997-1997, 1 apps)  ->  Rangers F.C. (1997-1997, 7 apps)  ->  Barry Town F.C. (1998-1998, 1 apps)  ->  Middlesbrough F.C. (1998-1998, 2 apps)  ->  Altrincham F.C. (1998-1998, 0 apps)  ->  Hartlepool United F.C. (1999-2000, 6 apps)  ->  Carlisle United F.C. (1999-1999, 2 apps)  ->  Stockport County F.C. (2000-2002, 23 apps)  ->  Wrexham A.F.C. (2002-2005, 83 apps)  ->  Accrington Stanley F.C. (2005-2006, 1 apps)"
"Andy Ducat","United Kingdom of Great Britain and Ireland, United Kingdom",forward,4,"Southend United F.C. (1903-1905, ? apps)  ->  Arsenal F.C. (1905-1912, 175 apps)  ->  Aston Villa F.C. (1912-1921, 74 apps)  ->  Fulham F.C. (1921-1924, 64 apps)"
"Andy Duncan","United Kingdom of Great Britain and Ireland, United Kingdom","inside forward",2,"Hull City A.F.C. (1930-1934, 105 apps)  ->  Tottenham Hotspur F.C. (1934-1938, 93 apps)"
"Andy Hill","United Kingdom",defender,5,"Manchester United F.C. (1983-1984, 0 apps)  ->  Bury F.C. (1984-1991, 264 apps)  ->  Manchester City F.C. (1990-1990, 2 apps)  ->  Manchester City F.C. (1991-1995, 97 apps)  ->  Port Vale F.C. (1995-1998, 101 apps)"
"Andy Hinchcliffe","United Kingdom",defender,3,"Manchester City F.C. (1986-1990, 112 apps)  ->  Everton F.C. (1990-1998, 182 apps)  ->  Sheffield Wednesday F.C. (1998-2002, 86 apps)"
"Andy Kennedy","United Kingdom",full-back,5,"Glentoran F.C. (1915-1920, ? apps)  ->  Crystal Palace F.C. (1920-1922, 1 apps)  ->  Arsenal F.C. (1922-1928, 122 apps)  ->  Everton F.C. (1928-1930, ? apps)  ->  Tranmere Rovers F.C. (1930-?, ? apps)"
"Andy King","United Kingdom",midfielder,15,"Luton Town F.C. (1974-1976, 33 apps)  ->  Everton F.C. (1976-1980, 151 apps)  ->  Queens Park Rangers F.C. (1980-1981, 30 apps)  ->  West Bromwich Albion F.C. (1981-1982, 25 apps)  ->  Everton F.C. (1982-1984, 44 apps)  ->  SC Cambuur (1984-1985, 13 apps)  ->  Wolverhampton Wanderers F.C. (1985-1985, 28 apps)  ->  Luton Town F.C. (1985-1986, 3 apps)  ->  Örebro SK (1985-1985, 11 apps)  ->  Aldershot F.C. (1986-1987, 36 apps)  ->  Aylesbury United F.C. (1987-1989, 2 apps)  ->  Cobh Ramblers F.C. (1988-1989, 6 apps)  ->  Waterford United F.C. (1988-1989, 2 apps)  ->  Palloseura Kemi Kings (1989-1989, 1 apps)  ->  Southport F.C. (1989-1990, 2 apps)"
"Andy Linighan","United Kingdom",centre-back,9,"Hartlepool United F.C. (1980-1984, 110 apps)  ->  Leeds United F.C. (1984-1986, 66 apps)  ->  Oldham Athletic A.F.C. (1986-1988, 87 apps)  ->  Norwich City F.C. (1988-1990, 74 apps)  ->  Arsenal F.C. (1990-1997, 118 apps)  ->  Crystal Palace F.C. (1997-2000, 111 apps)  ->  Queens Park Rangers F.C. (1998-1999, 7 apps)  ->  Oxford United F.C. (2000-2000, 13 apps)  ->  St Albans City F.C. (2001-2001, 4 apps)"
"Andy May","United Kingdom",midfielder,6,"Manchester City F.C. (1980-1987, 150 apps)  ->  Bolton Wanderers F.C. (1987-1987, 10 apps)  ->  Huddersfield Town A.F.C. (1987-1990, 114 apps)  ->  Bristol City F.C. (1990-1992, 90 apps)  ->  Millwall F.C. (1992-1995, 54 apps)  ->  Larne F.C. (1995-1995, 10 apps)"
"Andy McCombie","United Kingdom of Great Britain and Ireland, United Kingdom",full-back,2,"Sunderland A.F.C. (1898-1904, 157 apps)  ->  Newcastle United F.C. (1904-1910, 113 apps)"
"Andy Myers","United Kingdom",centre-back,5,"Chelsea F.C. (1991-1999, 84 apps)  ->  Bradford City A.F.C. (1999-2003, 89 apps)  ->  Portsmouth F.C. (2000-2000, 8 apps)  ->  Colchester United F.C. (2003-2004, 21 apps)  ->  Brentford F.C. (2004-2005, 10 apps)"
"Andy O'Brien","United Kingdom",centre-back,7,"Bradford City A.F.C. (1996-2001, 133 apps)  ->  Newcastle United F.C. (2001-2005, 120 apps)  ->  Portsmouth F.C. (2005-2007, 32 apps)  ->  Bolton Wanderers F.C. (2007-2011, 74 apps)  ->  Leeds United F.C. (2010-2011, 11 apps)  ->  Leeds United F.C. (2011-2012, 23 apps)  ->  Vancouver Whitecaps FC (2012-2014, 50 apps)"
"Andy Rankin","United Kingdom",goalkeeper,3,"Everton F.C. (1963-1971, 85 apps)  ->  Watford F.C. (1971-1980, 299 apps)  ->  Huddersfield Town A.F.C. (1980-1982, 71 apps)"
"Andy Robertson","United Kingdom",full-back,4,"Queen's Park F.C. (2012-2013, 34 apps)  ->  Dundee United F.C. (2013-2014, 36 apps)  ->  Hull City A.F.C. (2014-2017, 99 apps)  ->  Liverpool F.C. (2017-?, 269 apps)"
"Andy Sinton","United Kingdom",midfielder,9,"Cambridge United F.C. (1982-1985, 93 apps)  ->  Brentford F.C. (1985-1989, 149 apps)  ->  Queens Park Rangers F.C. (1989-1993, 161 apps)  ->  Sheffield Wednesday F.C. (1993-1996, 62 apps)  ->  Tottenham Hotspur F.C. (1996-1999, 83 apps)  ->  Wolverhampton Wanderers F.C. (1999-2002, 71 apps)  ->  Burton Albion F.C. (2002-2004, 38 apps)  ->  Fleet Town F.C. (2004-2007, 21 apps)  ->  Bromsgrove Rovers F.C. (2004-2004, 6 apps)"
"Andy Thompson","United Kingdom of Great Britain and Ireland, United Kingdom",forward,4,"Tottenham Hotspur F.C. (1920-1930, 153 apps)  ->  Norwich City F.C. (1931-1932, 12 apps)  ->  Chester City F.C. (1931-1931, 7 apps)  ->  Leyton Orient F.C. (1932-?, ? apps)"
"Andy Townsend",Ireland,midfielder,8,"Welling United F.C. (1980-1984, 105 apps)  ->  Weymouth F.C. (1984-1985, 40 apps)  ->  Southampton F.C. (1985-1988, 83 apps)  ->  Norwich City F.C. (1988-1990, 71 apps)  ->  Chelsea F.C. (1990-1993, 110 apps)  ->  Aston Villa F.C. (1993-1997, 134 apps)  ->  Middlesbrough F.C. (1997-1999, 77 apps)  ->  West Bromwich Albion F.C. (1999-2000, 18 apps)"
"Angelo Alessio",Italy,midfielder,8,"U.S. Avellino 1912 (1984-1987, 48 apps)  ->  Juventus FC (1987-1992, 99 apps)  ->  Bologna F.C. 1909 (1988-1989, 29 apps)  ->  SSC Bari (1992-1995, 77 apps)  ->  Cosenza Calcio 1914 (1995-1997, 57 apps)  ->  Cosenza Calcio (1995-1997, 57 apps)  ->  Modena F.C. (1997-1998, 18 apps)  ->  U.S. Avellino 1912 (1997-1997, 5 apps)"
"Angelo Anquilletti","Kingdom of Italy, Italy",defender,4,"A.S.D. Solbiatese Calcio 1911 (1961-1964, 90 apps)  ->  Atalanta BC (1964-1966, 48 apps)  ->  AC Milan (1966-1977, 278 apps)  ->  AC Monza (1977-1979, 41 apps)"
"Angelo Di Livio",Italy,"wing half",7,"AS Roma (1984-1985, 0 apps)  ->  A.C. Reggiana 1919 (1985-1986, 13 apps)  ->  Nocerina 1910 (1986-1987, 31 apps)  ->  A.C. Perugia Calcio (1987-1989, 72 apps)  ->  Calcio Padova (1989-1993, 138 apps)  ->  Juventus FC (1993-1999, 186 apps)  ->  ACF Fiorentina (1999-2005, 169 apps)"
"Angelo Domenghini",Italy,"wing half",8,"Atalanta BC (1960-1964, 69 apps)  ->  Inter Milan (1964-1969, 134 apps)  ->  Cagliari Calcio (1969-1973, 99 apps)  ->  AS Roma (1973-1974, 30 apps)  ->  Hellas Verona FC (1974-1976, 28 apps)  ->  Calcio Foggia 1920 (1976-1977, 17 apps)  ->  U.S. Olbia 1905 (1977-1978, 21 apps)  ->  Trento Calcio 1921 (1978-1979, 19 apps)"
"Angelo Franzosi","Kingdom of Italy, Italy",goalkeeper,3,"Inter Milan (1941-1951, 226 apps)  ->  Genoa CFC (1951-1956, 125 apps)  ->  Calcio Lecco 1912 (1956-1957, 15 apps)"
"Angelo Orlando",Italy,midfielder,6,"Varese Calcio (1983-1985, 48 apps)  ->  US Triestina Calcio 1918 (1985-1988, 101 apps)  ->  Udinese Calcio (1988-1991, 101 apps)  ->  Inter Milan (1991-1995, 95 apps)  ->  US Cremonese (1995-1997, 50 apps)  ->  S.S. Juve Stabia (1997-1998, 12 apps)"
"Angelo Peruzzi",Italy,goalkeeper,6,"AS Roma (1986-1989, 13 apps)  ->  Hellas Verona FC (1989-1990, 29 apps)  ->  AS Roma (1990-1991, 3 apps)  ->  Juventus FC (1991-1999, 208 apps)  ->  Inter Milan (1999-2000, 33 apps)  ->  SS Lazio (2000-2007, 192 apps)"
"Angelo Sormani",Brazil,forward,8,"Santos F.C. (1958-1961, ? apps)  ->  Mantova 1911 (1961-1963, 64 apps)  ->  AS Roma (1963-1964, 25 apps)  ->  U.C. Sampdoria (1964-1965, 30 apps)  ->  AC Milan (1965-1970, 137 apps)  ->  SSC Napoli (1970-1972, 53 apps)  ->  ACF Fiorentina (1972-1973, 9 apps)  ->  Vicenza Calcio (1973-1976, 57 apps)"
"Angus McKinnon","United Kingdom of Great Britain and Ireland, United Kingdom","wing half",1,"Arsenal F.C. (1908-1922, 211 apps)"
"Annibale Frossi","Kingdom of Italy, Italy","wing half",8,"Udinese Calcio (1929-1931, 32 apps)  ->  Calcio Padova (1931-1933, 47 apps)  ->  SSC Bari (1933-1934, 30 apps)  ->  Calcio Padova (1934-1935, 26 apps)  ->  L'Aquila Calcio 1927 (1935-1936, 34 apps)  ->  Inter Milan (1936-1942, 125 apps)  ->  Aurora Pro Patria 1919 (1942-1943, 24 apps)  ->  Como 1907 (1945-1945, 5 apps)"
"Ansu Fati","Guinea-Bissau, Spain","forward, wing half",2,"Brighton & Hove Albion F.C. (2023-2024, 19 apps)  ->  AS Monaco FC (2025-?, 25 apps)"
"Anthony Gardner","United Kingdom","centre-back, defender",7,"Port Vale F.C. (1998-2000, 41 apps)  ->  Tottenham Hotspur F.C. (2000-2008, 114 apps)  ->  Hull City A.F.C. (2008-2008, 0 apps)  ->  Everton F.C. (2008-2008, 0 apps)  ->  Crystal Palace F.C. (2010-2011, 28 apps)  ->  Crystal Palace F.C. (2011-2012, 28 apps)  ->  Sheffield Wednesday F.C. (2012-2014, 42 apps)"
"Anthony Gordon","United Kingdom",winger,3,"Everton F.C. (2017-2023, 65 apps)  ->  Preston North End F.C. (2021-2021, 11 apps)  ->  Newcastle United F.C. (2023-2026, 111 apps)"
"Anthony Martial",France,"forward, wing half",5,"Olympique Lyonnais (2012-2013, 3 apps)  ->  AS Monaco FC (2013-2015, 49 apps)  ->  Manchester United F.C. (2015-2024, 209 apps)  ->  Sevilla FC (2022-2022, 9 apps)  ->  Club de Fútbol Monterrey (2025-?, 17 apps)"
"Antoine Griezmann",France,forward,4,"Real Sociedad (2009-2014, 180 apps)  ->  Atlético Madrid (2014-2019, 180 apps)  ->  Atlético Madrid (2021-2022, 34 apps)  ->  Atlético Madrid (2022-?, 135 apps)"
"Antoine Sibierski",France,"midfielder, forward",8,"Lille OSC (1992-1996, 97 apps)  ->  AJ Auxerre (1996-1998, 42 apps)  ->  FC Nantes (1998-2000, 50 apps)  ->  R.C. Lens (2000-2003, 89 apps)  ->  Manchester City F.C. (2003-2006, 92 apps)  ->  Newcastle United F.C. (2006-2007, 26 apps)  ->  Wigan Athletic F.C. (2007-2009, 33 apps)  ->  Norwich City F.C. (2008-2008, 15 apps)"
"Antonello Cuccureddu",Italy,defender,5,"S.E.F. Torres 1903 (1966-1967, 34 apps)  ->  Brescia Calcio (1967-1969, 22 apps)  ->  Juventus FC (1969-1981, 303 apps)  ->  ACF Fiorentina (1981-1984, 34 apps)  ->  Novara Calcio (1984-1985, 22 apps)"
"Antoni Ramallets",Spain,goalkeeper,7,"CE Europa (1941-1942, ? apps)  ->  RCD Mallorca (1942-1944, ? apps)  ->  CD San Fernando (1942-1944, ? apps)  ->  RCD Mallorca (1944-1946, ? apps)  ->  CD San Fernando (1944-1945, ? apps)  ->  Real Valladolid (1945-1946, ? apps)  ->  Real Valladolid (1946-1947, ? apps)"
"Antoni Torres",Spain,defender,1,"Hércules CF (1963-1965, ? apps)"
"Antonio Barragán",Spain,full-back,8,"Liverpool F.C. (2005-2006, 0 apps)  ->  Deportivo de La Coruña (2006-2009, 26 apps)  ->  Real Valladolid (2009-2011, 41 apps)  ->  Valencia CF (2011-2016, 110 apps)  ->  Middlesbrough F.C. (2016-2018, 26 apps)  ->  Real Betis Balompié (2017-2018, 29 apps)  ->  Real Betis Balompié (2018-2020, 26 apps)  ->  Elche CF (2020-2022, 43 apps)"
"Antonio Betancort",Spain,goalkeeper,5,"UD Las Palmas (1955-1961, 26 apps)  ->  Real Madrid Club de Fútbol (1961-1962, ? apps)  ->  Deportivo de La Coruña (1962-1963, 24 apps)  ->  Real Madrid Club de Fútbol (1963-1971, 129 apps)  ->  UD Las Palmas (1971-1973, 42 apps)"
"Antonio Blasevich","Kingdom of Italy, Italy",midfielder,4,"US Triestina Calcio 1918 (1919-1928, ? apps)  ->  Inter Milan (1928-1931, 89 apps)  ->  Palermo F.C. (1931-1935, 121 apps)  ->  SSC Napoli (1935-1936, 7 apps)"
"Antonio Bortoletti","Kingdom of Italy, Italy",midfielder,5,"F.C.D. Dolo 1909 (1930-1932, ? apps)  ->  US Triestina Calcio 1918 (1932-1933, 4 apps)  ->  AC Milan (1933-1940, 204 apps)  ->  Calcio Padova (1940-1943, 96 apps)  ->  F.C. Union Pro Mogliano-Preganziol A.S.D. (1945-1946, ? apps)"
"Antonio Bruna","Kingdom of Italy, Italy",defender,1,"Juventus FC (1919-1925, 96 apps)"
"Antonio Cabrini",Italy,full-back,4,"US Cremonese (1973-1975, 29 apps)  ->  Atalanta BC (1975-1976, 35 apps)  ->  Juventus FC (1976-1989, 297 apps)  ->  Bologna F.C. 1909 (1989-1991, 55 apps)"
"Antonio Calpe",Spain,defender,4,"CD Alcoyano (1961-1963, ? apps)  ->  Levante UD (1962-1965, 87 apps)  ->  Real Madrid Club de Fútbol (1965-1971, 97 apps)  ->  Levante UD (1971-1975, ? apps)"
"Antonio Candreva",Italy,"wing half",12,"Ternana Calcio (2004-2007, 45 apps)  ->  Udinese Calcio (2007-2012, 3 apps)  ->  US Livorno 1915 (2008-2010, 52 apps)  ->  Juventus FC (2010-2010, 16 apps)  ->  Parma Calcio 1913 (2010-2011, 31 apps)  ->  AC Cesena (2011-2012, 18 apps)  ->  SS Lazio (2012-2016, 151 apps)  ->  Inter Milan (2016-2021, 124 apps)  ->  U.C. Sampdoria (2020-2021, 35 apps)  ->  U.C. Sampdoria (2021-2023, 36 apps)  ->  U.S. Salernitana 1919 (2022-2023, 35 apps)  ->  U.S. Salernitana 1919 (2023-2024, 34 apps)"
"Antonio Cassano",Italy,forward,10,"SSC Bari (1999-2001, 48 apps)  ->  AS Roma (2001-2006, 118 apps)  ->  Real Madrid Club de Fútbol (2006-2008, 19 apps)  ->  U.C. Sampdoria (2007-2008, 22 apps)  ->  U.C. Sampdoria (2008-2011, 74 apps)  ->  AC Milan (2011-2012, 33 apps)  ->  Inter Milan (2012-2013, 28 apps)  ->  Parma Calcio 1913 (2013-2015, 53 apps)  ->  U.C. Sampdoria (2015-2016, 24 apps)  ->  Hellas Verona FC (2017-2017, 0 apps)"
"Antonio Comi",Italy,midfielder,3,"Torino FC (1982-1989, 149 apps)  ->  AS Roma (1989-1994, 96 apps)  ->  Como 1907 (1994-1995, 20 apps)"
"Antonio Conte",Italy,midfielder,2,"US Lecce (1985-1991, 71 apps)  ->  Juventus FC (1991-2004, 296 apps)"
"Antonio Díaz Jurado",Spain,midfielder,9,"Tomelloso CF (1990-1991, ? apps)  ->  Getafe CF (1991-1993, 32 apps)  ->  UD Salamanca (1993-1995, 61 apps)  ->  Club Atlético Osasuna (1995-1996, 33 apps)  ->  Villarreal CF (1996-1999, 92 apps)  ->  SD Compostela (1999-2001, 59 apps)  ->  Granada CF (2001-2002, 34 apps)  ->  Águilas CF (2002-2003, ? apps)  ->  Vinaròs CF (2003-2004, ? apps)"
"Antonio Fuertes",Spain,midfielder,5,"Valencia CF Mestalla (1943-1949, 44 apps)  ->  Valencia CF (1949-1951, 46 apps)  ->  Valencia CF Mestalla (1951-1952, 28 apps)  ->  Valencia CF (1952-1959, 146 apps)  ->  Elche CF (1959-1961, 64 apps)"
"Antonio Fusco","Kingdom of Italy, Italy",midfielder,4,"AS Roma (1933-1940, 121 apps)  ->  Pisa SC (1940-1942, 41 apps)  ->  M.A.T.E.R. (1942-1943, 1 apps)  ->  AS Roma (1945-1947, 3 apps)"
"Antonio Girardo",Italy,midfielder,3,"US Alessandria Calcio 1912 (1955-1960, 59 apps)  ->  SSC Napoli (1960-1968, 201 apps)  ->  Internapoli F.C. (1968-1969, 19 apps)"
"Antonio González Álvarez",Spain,defender,2,"Atlético Madrid (1957-1963, 103 apps)  ->  CD Málaga (1963-1971, 130 apps)"
"Antonio Guayre",Spain,"wing half",7,"UD Las Palmas Atlético (1999-2000, ? apps)  ->  UD Las Palmas (2000-2001, 31 apps)  ->  Villarreal CF (2001-2006, 137 apps)  ->  RC Celta de Vigo (2006-2008, 20 apps)  ->  Club Deportivo Numancia de Soria (2008-2009, 6 apps)  ->  UD Las Palmas (2009-2011, 28 apps)  ->  Club Deportivo Lugo (2013-2013, 2 apps)"
"Antonio Juliano",Italy,midfielder,2,"SSC Napoli (1956-1978, 394 apps)  ->  Bologna F.C. 1909 (1978-1979, 15 apps)"
"Antonio La Palma",Italy,,7,"F.B. Brindisi 1912 (1970-1974, 124 apps)  ->  SSC Napoli (1974-1978, 94 apps)  ->  US Lecce (1978-1980, 61 apps)  ->  U.S. Avellino 1912 (1978-1978, 1 apps)  ->  SSC Bari (1980-1981, 26 apps)  ->  Gioventù Brindisi Calcio (1982-1983, 30 apps)  ->  FC Matera (1983-1985, 54 apps)"
"Antonio López",Spain,full-back,4,"Atlético Madrid B (1999-2001, 39 apps)  ->  Atlético Madrid (2000-2012, 216 apps)  ->  Club Atlético Osasuna (2002-2004, 71 apps)  ->  RCD Mallorca (2012-2014, 17 apps)"
"Antonio Montico","Kingdom of Italy, Italy",midfielder,6,"A.S. Pro Gorizia (1950-1951, ? apps)  ->  Udinese Calcio (1951-1953, 9 apps)  ->  Juventus FC (1953-1960, 105 apps)  ->  SSC Bari (1960-1961, 9 apps)  ->  Juventus FC (1961-1962, 2 apps)  ->  SSC Ancona (1962-1966, 89 apps)"
"Antonio Muñoz Gómez",Spain,defender,3,"Córdoba CF (1987-1988, ? apps)  ->  Atlético Madrid B (1988-1990, 31 apps)  ->  Atlético Madrid (1990-2001, 251 apps)"
"Antonio Notario",Spain,goalkeeper,9,"Granada CF (1991-1993, 41 apps)  ->  Valencia CF Mestalla (1993-1994, 17 apps)  ->  Real Murcia (1994-1995, 18 apps)  ->  CP Almería (1995-1996, 2 apps)  ->  Granada CF (1997-2000, 119 apps)  ->  Sevilla FC (2000-2006, 124 apps)  ->  Real Murcia (2006-2008, 62 apps)  ->  RC Celta de Vigo (2008-2009, 30 apps)  ->  Albacete Balompié (2009-2010, 13 apps)"
"Antonio Olmo",Spain,defender,1,"FC Barcelona Atlètic (1971-1976, 125 apps)"
"Antonio Paganin",Italy,defender,8,"Bologna F.C. 1909 (1982-1984, 0 apps)  ->  U.C. Sampdoria (1984-1988, 46 apps)  ->  Udinese Calcio (1988-1990, 53 apps)  ->  Inter Milan (1990-1995, 109 apps)  ->  Atalanta BC (1995-1996, 27 apps)  ->  Hellas Verona FC (1996-1997, 11 apps)  ->  U.C. Montecchio Maggiore (1999-2003, 65 apps)  ->  Bassano Virtus 55 S.T. (2012-2014, ? apps)"
"Antonio Puchades",Spain,midfielder,2,"Valencia CF Mestalla (1945-1946, ? apps)  ->  Valencia CF (1946-1958, 256 apps)"
"Antonio Rüdiger",Germany,"centre-back, defender",5,"VfB Stuttgart (2012-2016, 66 apps)  ->  AS Roma (2015-2016, 30 apps)  ->  AS Roma (2016-2017, 26 apps)  ->  Chelsea F.C. (2017-2022, 133 apps)  ->  Real Madrid Club de Fútbol (2022-?, 106 apps)"
"Antonio Sabato",Italy,midfielder,7,"Inter Milan (1976-1985, 80 apps)  ->  Forlì F.C. (1977-1979, 58 apps)  ->  S.S. Sambenedettese Calcio (1979-1980, 16 apps)  ->  Unione Sportiva Catanzaro (1980-1982, 58 apps)  ->  Torino FC (1985-1989, 114 apps)  ->  Ascoli Calcio 1898 FC (1989-1991, 60 apps)  ->  US Alessandria Calcio 1912 (1991-1994, 79 apps)"
"Antonio Tempestilli",Italy,defender,4,"Gruppo Sportivo Calcio Banco di Roma (1978-1980, 49 apps)  ->  Inter Milan (1980-1981, 5 apps)  ->  Como 1907 (1981-1987, 167 apps)  ->  AS Roma (1987-1993, 120 apps)"
"Antonio Valencia",Ecuador,"wing half",8,"Club Deportivo El Nacional (2003-2005, 88 apps)  ->  Recreativo de Huelva (2005-2006, 12 apps)  ->  Villarreal CF (2005-2008, 2 apps)  ->  Wigan Athletic F.C. (2006-2008, 37 apps)  ->  Wigan Athletic F.C. (2008-2009, 47 apps)  ->  Manchester United F.C. (2009-2019, 241 apps)  ->  Liga Deportiva Universitaria de Quito (2019-2020, 20 apps)  ->  Querétaro F.C. (2020-2021, 15 apps)"
"Antonio Valentín Angelillo","Argentina, Italy",forward,8,"Racing Club (1955-1955, 9 apps)  ->  Inter Milan (1957-1961, 113 apps)  ->  AS Roma (1961-1965, 106 apps)  ->  AC Milan (1965-1966, 11 apps)  ->  Calcio Lecco 1912 (1966-1967, 12 apps)  ->  AC Milan (1967-1968, 3 apps)  ->  Genoa CFC (1968-1969, 22 apps)  ->  Q3626842 (1969-1971, 19 apps)"
"Antonio Vojak","Kingdom of Italy, Italy",midfielder,7,"G.S.F. Giovanni Grion Pola (1921-1924, ? apps)  ->  SS Lazio (1924-1925, 10 apps)  ->  Juventus FC (1925-1929, 102 apps)  ->  SSC Napoli (1929-1935, 190 apps)  ->  Genoa CFC (1935-1936, 17 apps)  ->  Lucchese 1905 (1936-1937, 1 apps)  ->  Empoli FC (1937-1939, 37 apps)"
"Antonio de la Cruz",Spain,defender,2,"Real Valladolid (1968-1970, 62 apps)  ->  Granada CF (1970-1972, 64 apps)"
"Antonio Álvarez Giráldez",Spain,defender,5,"Sevilla Atlético (1973-1975, ? apps)  ->  Sevilla FC (1975-1988, 295 apps)  ->  Málaga CF (1988-1992, 104 apps)  ->  CD Málaga (1988-1992, 105 apps)  ->  Granada CF (1992-1995, 101 apps)"
"Antoñito",Spain,forward,9,"UD Los Palacios (1999-2000, ? apps)  ->  Sevilla Atlético (2000-2002, 47 apps)  ->  Sevilla FC (2001-2006, 95 apps)  ->  Recreativo de Huelva (2002-2002, 18 apps)  ->  Racing de Santander (2005-2006, 32 apps)  ->  Real Murcia (2006-2007, 34 apps)  ->  Xerez C.D. (2007-2011, 118 apps)  ->  CD Atlético Baleares (2011-2012, 33 apps)  ->  San Fernando Island Sports Club S.A.D (2012-2013, 25 apps)"
"Antón Arieta",Spain,forward,2,"Athletic Club (1964-1974, 261 apps)  ->  Hércules CF (1974-1976, 44 apps)"
"Antônio Carlos Zago",Brazil,defender,10,"São Paulo FC (1990-1992, 64 apps)  ->  Albacete Balompié (1992-1993, 12 apps)  ->  Sociedade Esportiva Palmeiras (1993-1995, 58 apps)  ->  Kashiwa Reysol (1996-1997, 24 apps)  ->  S.C. Corinthians Paulista (1997-1998, 12 apps)  ->  AS Roma (1998-2002, 107 apps)  ->  Beşiktaş J.K. (Football) (2002-2004, 56 apps)  ->  Santos F.C. (2004-2005, 7 apps)  ->  Esporte Clube Juventude (2005-2006, 52 apps)  ->  Santos F.C. (2007-2007, 1 apps)"
"Arcadio Arteaga",Spain,midfielder,3,"SD Erandio Club (1922-1924, ? apps)  ->  Athletic Club (1924-1928, ? apps)  ->  Atlético Madrid (1928-1932, 104 apps)"
"Arcadio Venturi",Italy,midfielder,3,"AS Roma (1948-1957, 288 apps)  ->  Inter Milan (1957-1960, 57 apps)  ->  Brescia Calcio (1960-1961, 27 apps)"
"Archie Cross","United Kingdom of Great Britain and Ireland, United Kingdom",full-back,2,"Arsenal F.C. (1900-1909, 132 apps)  ->  Dartford F.C. (1909-?, ? apps)"
"Archie Goldie","United Kingdom of Great Britain and Ireland, United Kingdom",full-back,6,"Clyde F.C. (1892-1895, ? apps)  ->  Liverpool F.C. (1895-1900, 126 apps)  ->  New Brighton Tower F.C. (1900-1901, 34 apps)  ->  Bootle F.C. (1900-1900, ? apps)  ->  Birmingham City F.C. (1901-1904, 77 apps)  ->  Crewe Alexandra F.C. (1904-1905, ? apps)"
"Archie Gray","United Kingdom of Great Britain and Ireland, United Kingdom",full-back,3,"Hibernian F.C. (1899-1904, 51 apps)  ->  Arsenal F.C. (1904-1912, 184 apps)  ->  Fulham F.C. (1912-1915, 25 apps)"
"Archie Macaulay","United Kingdom","inside forward",6,"Rangers F.C. (1933-1937, 36 apps)  ->  West Ham United F.C. (1937-1946, 83 apps)  ->  Brentford F.C. (1946-1947, 26 apps)  ->  Arsenal F.C. (1947-1950, 103 apps)  ->  Fulham F.C. (1950-1953, 48 apps)  ->  Guildford City F.C. (1953-1957, ? apps)"
"Arda Turan",Turkey,"midfielder, wing half",5,"Galatasaray S.K. (2004-2011, 130 apps)  ->  Manisaspor (2006-2006, 15 apps)  ->  Atlético Madrid (2011-2015, 127 apps)  ->  İstanbul Başakşehir F.K. (2018-2020, 37 apps)  ->  Galatasaray S.K. (2020-2022, 39 apps)"
"Ariel Ibagaza","Argentina, Spain",midfielder,6,"Club Atlético Lanús (1994-1998, 97 apps)  ->  RCD Mallorca (1998-2003, 143 apps)  ->  Atlético Madrid (2003-2006, 85 apps)  ->  RCD Mallorca (2006-2008, 61 apps)  ->  Villarreal CF (2008-2010, 54 apps)  ->  Panionios F.C. (2014-2015, 23 apps)"
"Aristide Coscia","Kingdom of Italy, Italy",midfielder,8,"US Alessandria Calcio 1912 (1936-1938, 38 apps)  ->  AS Roma (1938-1943, 139 apps)  ->  Inter Milan (1943-1944, 19 apps)  ->  Varese Calcio (1944-1945, ? apps)  ->  Juventus FC (1945-1946, 38 apps)  ->  US Alessandria Calcio 1912 (1946-1948, 76 apps)  ->  U.C. Sampdoria (1948-1954, 149 apps)  ->  Dopolavoro Cirio (1954-1955, ? apps)"
"Aristide Guarneri",Italy,defender,7,"Associazione Calcio Codogno 1908 (1956-1957, ? apps)  ->  Como 1907 (1957-1958, 32 apps)  ->  Inter Milan (1958-1967, 268 apps)  ->  Bologna F.C. 1909 (1967-1968, 28 apps)  ->  SSC Napoli (1968-1969, 22 apps)  ->  Inter Milan (1969-1970, 3 apps)  ->  US Cremonese (1970-1973, 8 apps)"
"Aritz Aduriz",Spain,centre-forward,10,"Antiguoko (1994-1999, ? apps)  ->  CD Aurrerá de Vitoria (1999-2000, 25 apps)  ->  Athletic Bilbao B (2000-2003, 90 apps)  ->  Athletic Club (2002-2003, 3 apps)  ->  Burgos CF (2003-2004, 36 apps)  ->  Real Valladolid (2004-2005, 46 apps)  ->  Athletic Club (2005-2008, 82 apps)  ->  RCD Mallorca (2008-2010, 69 apps)  ->  Valencia CF (2010-2012, 58 apps)  ->  Athletic Club (2012-2020, 231 apps)"
"Arjen Robben","Kingdom of the Netherlands","attacking midfielder, right winger",8,"VV Bedum (1989-1996, ? apps)  ->  FC Groningen (1996-2000, ? apps)  ->  FC Groningen (2000-2002, 46 apps)  ->  PSV Eindhoven (2002-2004, 56 apps)  ->  Chelsea F.C. (2004-2007, 67 apps)  ->  Real Madrid Club de Fútbol (2007-2009, 50 apps)  ->  FC Bayern Munich (2009-2019, 201 apps)  ->  FC Groningen (2020-2021, 7 apps)"
"Arkadiusz Milik",Poland,forward,11,"Rozwój Katowice (2010-2011, 10 apps)  ->  Górnik Zabrze (2011-2013, 38 apps)  ->  Bayer 04 Leverkusen (2013-2015, 6 apps)  ->  FC Augsburg (2013-2014, 18 apps)  ->  AFC Ajax (2014-2015, 21 apps)  ->  AFC Ajax (2015-2016, 31 apps)  ->  SSC Napoli (2016-2022, 93 apps)  ->  Olympique de Marseille (2021-2022, 38 apps)  ->  Olympique de Marseille (2022-2023, 2 apps)  ->  Juventus FC (2022-2023, 27 apps)  ->  Juventus FC (2023-?, 32 apps)"
"Armando Castellazzi","Kingdom of Italy, Italy",midfielder,1,"Inter Milan (1924-1936, 261 apps)"
"Armando Merodio",Spain,forward,5,"Barakaldo CF (1954-1956, 22 apps)  ->  Athletic Club (1956-1963, 88 apps)  ->  Real Murcia (1963-1965, 55 apps)  ->  Recreativo de Huelva (1965-1966, 9 apps)  ->  SD Indautxu (1966-1967, 15 apps)"
"Armando Picchi","Kingdom of Italy, Italy",midfielder,4,"US Livorno 1915 (1954-1959, 99 apps)  ->  SPAL (1959-1960, 27 apps)  ->  Inter Milan (1960-1967, 206 apps)  ->  Varese Calcio (1967-1969, 46 apps)"
"Armando Tre Re",Italy,defender,5,"S.S.D. Massese (1945-1947, 63 apps)  ->  US Livorno 1915 (1947-1949, 36 apps)  ->  AS Roma (1949-1954, 149 apps)  ->  SSC Napoli (1954-1956, 66 apps)  ->  S.S.D. Massese (1957-1958, 1 apps)"
"Arnaldo Sentimenti","Kingdom of Italy, Italy",goalkeeper,7,"Associazione Calcio Crevalcore (1930-1933, 28 apps)  ->  Associazione Sportiva Urbino (1933-1934, 30 apps)  ->  SSC Napoli (1934-1943, 156 apps)  ->  A.C. Carpi (1944-1944, 12 apps)  ->  SSC Napoli (1945-1948, 71 apps)  ->  Palermo F.C. (1948-1949, 3 apps)  ->  Modena F.C. (1949-1950, ? apps)"
"Arne Selmosson",Sweden,forward,6,"Jönköpings Södra IF (1950-1954, 81 apps)  ->  Udinese Calcio (1954-1955, 34 apps)  ->  SS Lazio (1955-1958, 101 apps)  ->  AS Roma (1958-1961, 87 apps)  ->  Udinese Calcio (1961-1964, 73 apps)  ->  Skövde AIK (1964-1966, ? apps)"
"Arquímedes Figuera",Venezuela,midfielder,2,"Villarreal CF (2009-2013, 111 apps)  ->  Deportivo La Guaira F.C. (2014-?, ? apps)"
"Arthur Albiston","United Kingdom",full-back,11,"Manchester United F.C. (1974-1988, 379 apps)  ->  West Bromwich Albion F.C. (1988-1989, 43 apps)  ->  Dundee F.C. (1989-1990, 10 apps)  ->  Chesterfield F.C. (1990-1991, 3 apps)  ->  Chester City F.C. (1991-1993, 68 apps)  ->  Molde FK (1992-1992, 15 apps)  ->  Ayr United F.C. (1993-1994, 1 apps)  ->  Molde FK (1993-1993, 9 apps)  ->  Droylsden F.C. (1994-1994, ? apps)  ->  Witton Albion F.C. (1994-1994, ? apps)  ->  Sittingbourne F.C. (1994-1994, 0 apps)"
"Arthur Goddard","United Kingdom of Great Britain and Ireland, United Kingdom","wing half",4,"Stockport County F.C. (1897-1899, ? apps)  ->  Glossop North End A.F.C. (1899-1902, ? apps)  ->  Liverpool F.C. (1902-1914, 387 apps)  ->  Cardiff City F.C. (1914-1914, ? apps)"
"Arthur Hutchins","United Kingdom of Great Britain and Ireland, United Kingdom","defender, full-back",2,"Arsenal F.C. (1919-1923, 104 apps)  ->  Charlton Athletic F.C. (1923-1926, ? apps)"
"Arthur Lochhead","United Kingdom of Great Britain and Ireland, United Kingdom",forward,4,"Heart of Midlothian F.C. (1917-1921, 22 apps)  ->  Clyde F.C. (1919-1919, ? apps)  ->  Manchester United F.C. (1921-1925, 147 apps)  ->  Leicester City F.C. (1925-1934, 303 apps)"
"Arthur Lowdell","United Kingdom of Great Britain and Ireland, United Kingdom","wing half",2,"Sheffield Wednesday F.C. (1921-1926, 108 apps)  ->  Tottenham Hotspur F.C. (1927-1929, 90 apps)"
"Arthur Rowe","United Kingdom of Great Britain and Ireland, United Kingdom",defender,1,"Tottenham Hotspur F.C. (1929-1939, 182 apps)"
"Arthur Whalley","United Kingdom of Great Britain and Ireland, United Kingdom","wing half",2,"Manchester United F.C. (1909-1920, 97 apps)  ->  Southend United F.C. (1920-?, ? apps)"
"Arthur Willis","United Kingdom of Great Britain and Ireland, United Kingdom",defender,3,"Tottenham Hotspur F.C. (1946-1954, 144 apps)  ->  Swansea City A.F.C. (1954-1957, 98 apps)  ->  Haverfordwest County A.F.C. (1957-?, ? apps)"
"Arturo Chini Ludueña",Argentina,forward,4,"Newell's Old Boys (1922-1926, 7 apps)  ->  Alba Roma 1907 (1926-1927, 13 apps)  ->  AS Roma (1927-1934, 162 apps)  ->  SS Lazio (1934-1935, ? apps)"
"Arturo Silvestri","Kingdom of Italy, Italy",defender,6,"ACF Fiorentina (1941-1942, ? apps)  ->  Pisa SC (1941-1947, 114 apps)  ->  U.S. Città di Pontedera S.S.D. (1941-1942, ? apps)  ->  Modena F.C. (1947-1950, 107 apps)  ->  AC Milan (1950-1955, 158 apps)  ->  Hellas Verona FC (1955-1956, 12 apps)"
"Arturo Vidal",Chile,midfielder,8,"Club Social y Deportivo Colo Colo (2005-2007, 36 apps)  ->  Club Universidad de Chile (2007-2011, 117 apps)  ->  Juventus FC (2011-2015, 124 apps)  ->  FC Bayern Munich (2015-2018, 79 apps)  ->  Inter Milan (2020-2022, 51 apps)  ->  Clube de Regatas do Flamengo (2022-2023, 28 apps)  ->  Club Athletico Paranaense (2023-2024, 16 apps)  ->  Club Social y Deportivo Colo Colo (2024-?, 47 apps)"
"Asa Hartford","United Kingdom",midfielder,12,"West Bromwich Albion F.C. (1967-1974, 214 apps)  ->  Manchester City F.C. (1974-1979, 185 apps)  ->  Nottingham Forest F.C. (1979-1979, 3 apps)  ->  Everton F.C. (1979-1981, 81 apps)  ->  Manchester City F.C. (1981-1984, 75 apps)  ->  Fort Lauderdale Sun (1984-1984, ? apps)  ->  Norwich City F.C. (1984-1985, 28 apps)  ->  Bolton Wanderers F.C. (1985-1987, 81 apps)  ->  Stockport County F.C. (1987-1989, 45 apps)  ->  Oldham Athletic A.F.C. (1989-1989, 7 apps)  ->  Shrewsbury Town F.C. (1989-1991, 25 apps)  ->  Boston United F.C. (1990-1991, 15 apps)"
"Ashley Cole","United Kingdom",full-back,6,"Arsenal F.C. (1998-2006, 156 apps)  ->  Crystal Palace F.C. (1999-2000, 14 apps)  ->  Chelsea F.C. (2006-2014, 229 apps)  ->  AS Roma (2014-2016, 11 apps)  ->  LA Galaxy (2016-2018, 86 apps)  ->  Derby County F.C. (2019-2019, 9 apps)"
"Ashley Grimes",Ireland,midfielder,6,"Bohemian F.C. (1974-1977, 3 apps)  ->  Manchester United F.C. (1977-1983, 90 apps)  ->  Coventry City F.C. (1983-1984, 32 apps)  ->  Luton Town F.C. (1984-1989, 87 apps)  ->  Club Atlético Osasuna (1989-1991, 15 apps)  ->  Stoke City F.C. (1991-1992, 10 apps)"
"Ashley Young","United Kingdom","wing half, full-back",7,"Watford F.C. (2003-2007, 98 apps)  ->  Aston Villa F.C. (2007-2011, 157 apps)  ->  Manchester United F.C. (2011-2020, 192 apps)  ->  Inter Milan (2020-2021, 44 apps)  ->  Aston Villa F.C. (2021-2023, 53 apps)  ->  Everton F.C. (2023-2025, 63 apps)  ->  Ipswich Town F.C. (2025-2026, ? apps)"
"Asier Illarramendi",Spain,midfielder,6,"Real Sociedad B (2007-2011, 73 apps)  ->  Real Sociedad (2009-2013, 56 apps)  ->  Real Madrid Club de Fútbol (2013-2015, 90 apps)  ->  Real Sociedad (2015-2023, 197 apps)  ->  FC Dallas (2023-2024, 42 apps)  ->  Kitchee SC (2025-?, ? apps)"
"Asier Villalibre",Spain,centre-forward,10,"Athletic Club (2011-2014, ? apps)  ->  CD Baskonia (2013-2015, 45 apps)  ->  Athletic Bilbao B (2014-2019, 101 apps)  ->  Athletic Club (2016-2024, 127 apps)  ->  Club Deportivo Numancia de Soria (2017-2017, 6 apps)  ->  Real Valladolid (2017-2017, 17 apps)  ->  Lorca Fútbol Club (2018-2018, 12 apps)  ->  Deportivo Alavés (2023-2023, 20 apps)  ->  Deportivo Alavés (2024-?, 18 apps)  ->  Racing de Santander (2025-?, ? apps)"
"Asier del Horno",Spain,"centre-back, full-back",9,"Athletic Club (1993-1999, ? apps)  ->  Athletic Bilbao B (1999-2000, 26 apps)  ->  Athletic Club (2000-2005, 126 apps)  ->  Chelsea F.C. (2005-2006, 29 apps)  ->  Valencia CF (2006-2009, 32 apps)  ->  Athletic Club (2007-2008, 21 apps)  ->  Levante UD (2010-2011, 24 apps)  ->  Real Valladolid (2010-2010, 13 apps)  ->  Levante UD (2011-2012, 13 apps)"
"Attila Sallustro","Paraguay, Italy",forward,5,"Foot-Ball Club Internazionale-Naples (1925-1926, 13 apps)  ->  SSC Napoli (1926-1937, 258 apps)  ->  U.S. Salernitana 1919 (1937-1939, 14 apps)  ->  U.S. Salernitana 1919 (1939-1939, ? apps)  ->  SSC Napoli (1961-1961, ? apps)"
"Attilio Demaría",Argentina,forward,7,"Inter Milan (1931-1936, 155 apps)  ->  Club Atlético Independiente (1936-1937, 3 apps)  ->  Inter Milan (1938-1943, 113 apps)  ->  Novara Calcio (1944-1944, 16 apps)  ->  A.C. Legnano (1945-1946, 16 apps)  ->  Cosenza Calcio (1946-1948, 44 apps)  ->  Cosenza Calcio 1914 (1946-1948, ? apps)"
"Attilio Ferraris","Kingdom of Italy, Italy",midfielder,6,"Fortitudo-Pro Roma S.G.S. (1922-1927, 61 apps)  ->  AS Roma (1927-1934, 198 apps)  ->  SS Lazio (1934-1936, 39 apps)  ->  SSC Bari (1936-1938, 54 apps)  ->  AS Roma (1938-1939, 12 apps)  ->  Catania FC (1939-1940, 15 apps)"
"Attilio Giovannini",Italy,defender,6,"Associazione Calcio Audace (1942-1943, ? apps)  ->  F.C. Bolzano 1996 (1945-1947, ? apps)  ->  F.C. Südtirol (1946-1947, ? apps)  ->  Lucchese 1905 (1947-1948, 36 apps)  ->  Inter Milan (1948-1954, 191 apps)  ->  SS Lazio (1954-1956, 45 apps)"
"Aurélien Tchouaméni",France,midfielder,3,"FC Girondins de Bordeaux (2018-2020, 25 apps)  ->  AS Monaco FC (2020-2022, 74 apps)  ->  Real Madrid Club de Fútbol (2022-?, 117 apps)"
"Axel Witsel",Belgium,"centre-back, defensive midfielder",7,"Standard Liège (2006-2011, 148 apps)  ->  S.L. Benfica (2011-2012, 32 apps)  ->  FC Zenit Saint Petersburg (2012-2016, 121 apps)  ->  Tianjin Tianhai F.C. (2017-2018, 36 apps)  ->  Borussia Dortmund (2018-2022, 105 apps)  ->  Atlético Madrid (2022-2025, 82 apps)  ->  Girona FC (2025-?, 32 apps)"
"Aymeric Laporte","France, Spain",centre-back,9,"SU Agen Football (2000-2009, ? apps)  ->  Aviron Bayonnais FC (2009-2010, ? apps)  ->  Athletic Club (2010-2011, ? apps)  ->  CD Baskonia (2011-2012, 33 apps)  ->  Athletic Bilbao B (2012-2012, 8 apps)  ->  Athletic Club (2012-2018, 161 apps)  ->  Manchester City F.C. (2018-2023, 121 apps)  ->  Al-Nassr (2023-2025, 47 apps)  ->  Athletic Club (2025-?, 30 apps)"
"Ayoze Pérez",Spain,forward,6,"CD Tenerife B (2011-2013, 35 apps)  ->  C.D. Tenerife (2012-2014, 50 apps)  ->  Newcastle United F.C. (2014-2019, 179 apps)  ->  Leicester City F.C. (2019-2023, 80 apps)  ->  Real Betis Balompié (2023-2023, 19 apps)  ->  Villarreal CF (2024-?, 35 apps)"
"Bacary Sagna",France,full-back,5,"AJ Auxerre (2004-2007, 89 apps)  ->  Arsenal F.C. (2007-2014, 213 apps)  ->  Manchester City F.C. (2014-2017, 54 apps)  ->  CF Montréal (2018-2019, 35 apps)  ->  Benevento Calcio (2018-2018, 13 apps)"
"Barrie Betts","United Kingdom",centre-back,4,"Barnsley F.C. (1952-1957, 55 apps)  ->  Stockport County F.C. (1957-1960, 112 apps)  ->  Manchester City F.C. (1960-1964, 101 apps)  ->  Scunthorpe United F.C. (1964-1965, 7 apps)"
"Barry Bridges","United Kingdom","wing half",8,"Chelsea F.C. (1958-1966, 176 apps)  ->  Birmingham City F.C. (1966-1968, 83 apps)  ->  Queens Park Rangers F.C. (1968-1970, 72 apps)  ->  Millwall F.C. (1970-1972, 77 apps)  ->  Brighton & Hove Albion F.C. (1972-1974, 66 apps)  ->  Highlands Park F.C. (1974-1975, ? apps)  ->  St Patrick's Athletic F.C. (1976-1978, 7 apps)  ->  Sligo Rovers F.C. (1978-1978, 0 apps)"
"Barry Daines","United Kingdom",goalkeeper,3,"Tottenham Hotspur F.C. (1969-1981, 146 apps)  ->  Bulova SA (1981-1983, ? apps)  ->  Mansfield Town F.C. (1983-1984, 21 apps)"
"Barry Horne","United Kingdom",midfielder,10,"Wrexham A.F.C. (1984-1987, 136 apps)  ->  Portsmouth F.C. (1987-1989, 70 apps)  ->  Southampton F.C. (1989-1992, 112 apps)  ->  Everton F.C. (1992-1996, 123 apps)  ->  Birmingham City F.C. (1996-1997, 33 apps)  ->  Huddersfield Town A.F.C. (1997-2000, 64 apps)  ->  Kidderminster Harriers F.C. (2000-2001, 27 apps)  ->  Sheffield Wednesday F.C. (2000-2000, 7 apps)  ->  Belper Town F.C. (2001-2002, ? apps)  ->  Walsall F.C. (2001-2001, 3 apps)"
"Barry Venison","United Kingdom",defender,5,"Sunderland A.F.C. (1981-1986, 173 apps)  ->  Liverpool F.C. (1986-1992, 110 apps)  ->  Newcastle United F.C. (1992-1995, 109 apps)  ->  Southampton F.C. (1995-1997, 24 apps)  ->  Galatasaray S.K. (1995-1995, 8 apps)"
"Bastian Schweinsteiger",Germany,midfielder,3,"FC Bayern Munich (2002-2015, 342 apps)  ->  Manchester United F.C. (2015-2017, 18 apps)  ->  Chicago Fire FC (2017-2019, 85 apps)"
"Ben Davies","United Kingdom","centre-back, full-back",2,"Swansea City A.F.C. (2012-2014, 71 apps)  ->  Tottenham Hotspur F.C. (2014-?, 241 apps)"
"Ben Godfrey","United Kingdom",centre-back,6,"York City F.C. (2014-2016, 12 apps)  ->  Norwich City F.C. (2016-2020, 66 apps)  ->  Shrewsbury Town F.C. (2017-2018, 40 apps)  ->  Everton F.C. (2020-2024, 82 apps)  ->  Atalanta BC (2024-?, ? apps)  ->  Ipswich Town F.C. (2025-?, ? apps)"
"Ben Warren","United Kingdom of Great Britain and Ireland","wing half",2,"Derby County F.C. (1899-1908, 242 apps)  ->  Chelsea F.C. (1908-1911, 92 apps)"
"Bengt Lindskog",Sweden,forward,6,"Helsingborgs IF (1952-1955, 40 apps)  ->  Malmö FF (1955-1956, 19 apps)  ->  Udinese Calcio (1956-1958, 58 apps)  ->  Inter Milan (1958-1961, 88 apps)  ->  Calcio Lecco 1912 (1961-1964, 65 apps)  ->  IFK Malmö (1965-1967, ? apps)"
"Beniamino Di Giacomo",Italy,forward,10,"U.S.D. Recanatese 1923 (1952-1954, ? apps)  ->  SPAL (1955-1957, 58 apps)  ->  SSC Napoli (1957-1961, 120 apps)  ->  Calcio Lecco 1912 (1961-1962, 34 apps)  ->  Torino FC (1962-1962, 5 apps)  ->  Inter Milan (1962-1964, 34 apps)  ->  Mantova 1911 (1964-1968, 117 apps)  ->  AC Cesena (1968-1969, 17 apps)  ->  SSC Ancona (1969-1972, 81 apps)  ->  A.C. Bellaria Igea Marina (1972-1973, ? apps)"
"Benito Lorenzi","Kingdom of Italy, Italy",forward,5,"Empoli FC (1946-1947, 40 apps)  ->  Inter Milan (1947-1958, 314 apps)  ->  US Alessandria Calcio 1912 (1958-1959, 25 apps)  ->  Brescia Calcio (1959-1960, 14 apps)  ->  Varese Calcio (1960-1960, 9 apps)"
"Benito Sarti",Italy,defender,4,"Calcio Padova (1955-1957, 21 apps)  ->  U.C. Sampdoria (1957-1959, 63 apps)  ->  Juventus FC (1959-1968, 205 apps)  ->  Varese Calcio (1968-1969, 7 apps)"
"Benjamin Howard Baker","United Kingdom of Great Britain and Ireland",goalkeeper,8,"Blackburn Rovers F.C. (1913-1914, 0 apps)  ->  Preston North End F.C. (1914-1915, 0 apps)  ->  Liverpool F.C. (1919-1920, 0 apps)  ->  Corinthian F.C. (1919-1933, 210 apps)  ->  Chelsea F.C. (1921-1926, 92 apps)  ->  Everton F.C. (1921-1921, 2 apps)  ->  Everton F.C. (1926-1926, 11 apps)  ->  Oldham Athletic A.F.C. (1928-1929, 1 apps)"
"Benjamin Pavard",France,"centre-back, full-back",5,"Lille OSC (2015-2016, 21 apps)  ->  VfB Stuttgart (2016-2019, 84 apps)  ->  FC Bayern Munich (2019-2023, 111 apps)  ->  Inter Milan (2023-?, 47 apps)  ->  Olympique de Marseille (2025-?, 9 apps)"
"Benoît Assou-Ekotto",France,full-back,5,"R.C. Lens (2003-2006, 66 apps)  ->  Tottenham Hotspur F.C. (2006-2015, 155 apps)  ->  Queens Park Rangers F.C. (2013-2014, 31 apps)  ->  AS Saint-Étienne (2015-2016, 20 apps)  ->  FC Metz (2016-?, 18 apps)"
"Benoît Cauet",France,midfielder,10,"Olympique de Marseille (1987-1990, 33 apps)  ->  Stade Malherbe Caen (1990-1994, 144 apps)  ->  FC Nantes (1994-1996, 56 apps)  ->  Paris Saint-Germain FC (1996-1997, 35 apps)  ->  Inter Milan (1997-2001, 147 apps)  ->  Torino FC (2001-2002, 16 apps)  ->  Como 1907 (2002-2003, 31 apps)  ->  SC Bastia (2003-2004, 32 apps)  ->  PFC CSKA Sofia (2005-2005, 15 apps)  ->  FC Sion (2005-2006, 15 apps)"
"Bernard Joy","United Kingdom","centre-back, defender",4,"Casuals F.C. (1931-1948, ? apps)  ->  Southend United F.C. (1931-1933, 0 apps)  ->  Fulham F.C. (1933-1934, 1 apps)  ->  Arsenal F.C. (1935-1947, 86 apps)"
"Bernardino Pérez Elizarán",Spain,midfielder,6,"Valencia CF (1942-1942, ? apps)  ->  Levante UD (1944-1944, ? apps)  ->  Valencia CF (1945-1945, 7 apps)  ->  Burgos CF (1946-1946, ? apps)  ->  Valencia CF (1948-1948, 233 apps)  ->  Levante UD (1959-1959, 17 apps)"
"Bernardo Silva",Portugal,"midfielder, wing half",5,"S.L. Benfica (2013-2015, 1 apps)  ->  S.L. Benfica B (2013-2015, 38 apps)  ->  AS Monaco FC (2014-2015, 15 apps)  ->  AS Monaco FC (2015-2017, 86 apps)  ->  Manchester City F.C. (2017-2026, 304 apps)"
"Bernd Dürnberger",Germany,forward,1,"FC Bayern Munich (1972-1985, 357 apps)"
"Bernd Klotz",Germany,forward,6,"VfB Stuttgart (1976-1978, ? apps)  ->  VfB Stuttgart (1978-1981, 54 apps)  ->  Borussia Dortmund (1981-1984, 106 apps)  ->  SV Waldhof Mannheim (1985-1988, 68 apps)  ->  Fortuna Düsseldorf (1988-1991, 44 apps)  ->  SC Fortuna Köln (1991-1992, 14 apps)"
"Bernd Leno",Germany,goalkeeper,3,"Bayer 04 Leverkusen (2011-2018, 233 apps)  ->  Arsenal F.C. (2018-2022, 101 apps)  ->  Fulham F.C. (2022-?, 75 apps)"
"Bernd Schuster","West Germany, Germany",midfielder,6,"1. FC Köln (1978-1980, 61 apps)  ->  Real Madrid Club de Fútbol (1988-1990, 61 apps)  ->  Atlético Madrid (1990-1993, 85 apps)  ->  Bayer 04 Leverkusen (1993-1996, 59 apps)  ->  Pumas UNAM (1996-1997, 9 apps)  ->  Atlético Madrid (1996-1997, 9 apps)"
"Bernd Storck",Germany,defender,2,"VfL Bochum (1981-1983, 24 apps)  ->  Borussia Dortmund (1983-1989, 146 apps)"
"Bernhard Wessel",Germany,goalkeeper,1,"Borussia Dortmund (1960-1969, 107 apps)"
"Berry Nieuwenhuys","South Africa",forward,1,"Liverpool F.C. (1933-1947, 239 apps)"
"Bert Bliss","United Kingdom of Great Britain and Ireland, United Kingdom","inside forward",3,"Tottenham Hotspur F.C. (1912-1922, 194 apps)  ->  Leyton Orient F.C. (1922-1925, 70 apps)  ->  AFC Bournemouth (1925-1926, 6 apps)"
"Bert Freeman","United Kingdom of Great Britain and Ireland, United Kingdom",forward,6,"Aston Villa F.C. (1904-1905, 0 apps)  ->  Arsenal F.C. (1905-1908, 44 apps)  ->  Everton F.C. (1908-1911, 86 apps)  ->  Burnley F.C. (1911-1921, 166 apps)  ->  Wigan Borough F.C. (1921-1922, 25 apps)  ->  Kettering Town F.C. (1922-1924, ? apps)"
"Bert Gosnell","United Kingdom of Great Britain and Ireland, United Kingdom",midfielder,4,"Newcastle United F.C. (1904-1910, 106 apps)  ->  Tottenham Hotspur F.C. (1910-1910, 5 apps)  ->  Darlington F.C. (1910-1912, ? apps)  ->  Port Vale F.C. (1912-1913, 23 apps)"
"Bert Middlemiss","United Kingdom of Great Britain and Ireland, United Kingdom","wing half",2,"Tottenham Hotspur F.C. (1908-1919, 243 apps)  ->  Queens Park Rangers F.C. (1920-1920, 16 apps)"
"Bert Murray","United Kingdom",forward,4,"Chelsea F.C. (1961-1966, 160 apps)  ->  Birmingham City F.C. (1966-1971, 132 apps)  ->  Brighton & Hove Albion F.C. (1971-1973, 102 apps)  ->  Peterborough United F.C. (1973-1976, 123 apps)"
"Bert Slater","United Kingdom",goalkeeper,4,"Falkirk F.C. (1953-1959, 134 apps)  ->  Liverpool F.C. (1959-1962, 99 apps)  ->  Dundee F.C. (1962-1965, 70 apps)  ->  Watford F.C. (1965-1969, 134 apps)"
"Bert Smith","United Kingdom of Great Britain and Ireland, United Kingdom","wing half",2,"Huddersfield Town A.F.C. (1913-1915, 16 apps)  ->  Tottenham Hotspur F.C. (1919-1930, 291 apps)"
"Bert Trautmann","German Reich, Germany",goalkeeper,4,"St Helens Town A.F.C. (1948-1949, 43 apps)  ->  Manchester City F.C. (1949-1964, 508 apps)  ->  AFC Telford United (1964-1964, 2 apps)  ->  Telford United F.C. (1964-1964, 2 apps)"
"Beñat Etxebarria",Spain,"central midfielder",9,"Athletic Club (1998-2005, ? apps)  ->  CD Baskonia (2005-2006, 21 apps)  ->  Athletic Bilbao B (2006-2008, 75 apps)  ->  Athletic Club (2006-2009, 1 apps)  ->  UB Conquense (2008-2009, 35 apps)  ->  Real Betis B (2009-2010, 34 apps)  ->  Real Betis Balompié (2010-2013, 118 apps)  ->  Athletic Club (2013-2020, 241 apps)  ->  Macarthur FC (2020-2021, 24 apps)"
"Beñat Prados",Spain,"central midfielder",5,"Athletic Club (2015-2018, ? apps)  ->  CD Baskonia (2018-2020, 38 apps)  ->  Athletic Bilbao B (2019-2022, 71 apps)  ->  CD Mirandés (2022-2023, 41 apps)  ->  Athletic Club (2023-?, 80 apps)"
"Bill Brown","United Kingdom",goalkeeper,4,"Dundee F.C. (1949-1959, 215 apps)  ->  Tottenham Hotspur F.C. (1959-1966, 222 apps)  ->  Northampton Town F.C. (1966-1967, 17 apps)  ->  Toronto Falcons (1967-1967, 16 apps)"
"Bill Curry","United Kingdom",forward,6,"Newcastle United F.C. (1953-1959, 80 apps)  ->  Brighton & Hove Albion F.C. (1959-1960, 49 apps)  ->  Derby County F.C. (1960-1965, 148 apps)  ->  Mansfield Town F.C. (1965-1968, 102 apps)  ->  Chesterfield F.C. (1968-1969, 14 apps)  ->  Boston Town F.C. (1969-1969, ? apps)"
"Bill Dodgin, Jr.","United Kingdom",centre-back,4,"Southampton F.C. (1948-1949, 0 apps)  ->  Fulham F.C. (1949-1952, 35 apps)  ->  Arsenal F.C. (1952-1961, 191 apps)  ->  Fulham F.C. (1961-1964, 69 apps)"
"Bill Foulkes","United Kingdom",centre-back,1,"Manchester United F.C. (1951-1970, 566 apps)"
"Bill Garner","United Kingdom",forward,7,"Notts County F.C. (1966-1967, 2 apps)  ->  Bedford Town F.C. (1969-1969, ? apps)  ->  Southend United F.C. (1969-1972, 102 apps)  ->  Chelsea F.C. (1972-1978, 105 apps)  ->  Cambridge United F.C. (1978-1980, 24 apps)  ->  Chelmsford City F.C. (1980-1983, ? apps)  ->  Brentford F.C. (1983-1984, 3 apps)"
"Bill Gooing","United Kingdom of Great Britain and Ireland, United Kingdom",forward,4,"Sheffield Wednesday F.C. (1895-1897, 3 apps)  ->  Chesterfield F.C. (1897-1901, 63 apps)  ->  Arsenal F.C. (1901-1905, 94 apps)  ->  Northampton Town F.C. (1905-1905, ? apps)"
"Bill Jaques","United Kingdom of Great Britain and Ireland",goalkeeper,3,"Northfleet United F.C. (1909-1911, ? apps)  ->  Coventry City F.C. (1911-1914, ? apps)  ->  Tottenham Hotspur F.C. (1914-1922, 138 apps)"
"Bill Jones","United Kingdom of Great Britain and Ireland",defender,1,"Liverpool F.C. (1938-1954, 251 apps)"
"Bill Lacey",Ireland,defender,7,"Shelbourne F.C. (1906-1909, 10 apps)  ->  Everton F.C. (1909-1912, 37 apps)  ->  Liverpool F.C. (1912-1915, 99 apps)  ->  Liverpool F.C. (1919-1924, 131 apps)  ->  New Brighton A.F.C. (1924-1925, 7 apps)  ->  Shelbourne F.C. (1925-1927, 66 apps)  ->  Cork Bohemians F.C. (1927-1931, ? apps)"
"Bill Leivers","United Kingdom",defender,3,"Chesterfield F.C. (1948-1953, 27 apps)  ->  Manchester City F.C. (1953-1964, 250 apps)  ->  Doncaster Rovers F.C. (1964-1966, 24 apps)"
"Bill McKay","United Kingdom of Great Britain and Ireland, United Kingdom","wing half",2,"Bolton Wanderers F.C. (1929-1934, 104 apps)  ->  Manchester United F.C. (1934-1946, 169 apps)"
"Bill Nicholson","United Kingdom of Great Britain and Ireland, United Kingdom","wing half",1,"Tottenham Hotspur F.C. (1938-1955, 314 apps)"
"Bill Perkins","United Kingdom of Great Britain and Ireland, United Kingdom",goalkeeper,4,"Kettering Town F.C. (1894-1898, ? apps)  ->  Luton Town F.C. (1898-1899, ? apps)  ->  Liverpool F.C. (1899-1903, 107 apps)  ->  Northampton Town F.C. (1903-1906, 100 apps)"
"Bill Thompson","United Kingdom",defender,3,"Newcastle United F.C. (1957-1967, 80 apps)  ->  Rotherham United F.C. (1967-1968, 8 apps)  ->  Darlington F.C. (1968-1970, 30 apps)"
"Billie Gillespie","United Kingdom of Great Britain and Ireland, United Kingdom",forward,2,"Lincoln City F.C. (1895-1897, 37 apps)  ->  Manchester City F.C. (1897-1905, 218 apps)"
"Billy Balmer","United Kingdom of Great Britain and Ireland, United Kingdom",full-back,3,"Everton F.C. (1897-1908, 293 apps)  ->  Croydon Common F.C. (1909-1911, 43 apps)  ->  Chester F.C. (1912-1912, 2 apps)"
"Billy Bingham","United Kingdom",forward,5,"Glentoran F.C. (1948-1950, 60 apps)  ->  Sunderland A.F.C. (1950-1958, 206 apps)  ->  Luton Town F.C. (1958-1961, 87 apps)  ->  Everton F.C. (1961-1963, 86 apps)  ->  Port Vale F.C. (1963-1965, 40 apps)"
"Billy Blyth","United Kingdom of Great Britain and Ireland, United Kingdom",midfielder,2,"Arsenal F.C. (1914-1929, 314 apps)  ->  Birmingham City F.C. (1929-1931, 21 apps)"
"Billy Brawn","United Kingdom of Great Britain and Ireland, United Kingdom",forward,8,"Wellingborough Town F.C. (1894-1897, ? apps)  ->  Northampton Town F.C. (1897-1900, ? apps)  ->  Sheffield United F.C. (1900-1901, 14 apps)  ->  Aston Villa F.C. (1901-1906, 96 apps)  ->  Middlesbrough F.C. (1906-1907, 56 apps)  ->  Chelsea F.C. (1907-1911, 93 apps)  ->  Brentford F.C. (1911-1913, ? apps)  ->  Tottenham Hotspur F.C. (1918-1918, ? apps)"
"Billy Bridgeman","United Kingdom of Great Britain and Ireland, United Kingdom",forward,3,"West Ham United F.C. (1903-1906, 72 apps)  ->  Chelsea F.C. (1906-1919, 146 apps)  ->  Southend United F.C. (1919-?, ? apps)"
"Billy Bryant","United Kingdom of Great Britain and Ireland, United Kingdom",forward,5,"Wolverhampton Wanderers F.C. (1931-1933, 5 apps)  ->  Wrexham A.F.C. (1933-1934, 40 apps)  ->  Manchester United F.C. (1934-1945, 151 apps)  ->  Chester City F.C. (1941-1942, ? apps)  ->  Bradford City A.F.C. (1945-1946, 0 apps)"
"Billy Cairns","United Kingdom of Great Britain and Ireland, United Kingdom",forward,3,"Newcastle United F.C. (1934-1939, 87 apps)  ->  Gateshead F.C. (1944-1946, 0 apps)  ->  Grimsby Town F.C. (1946-1954, 221 apps)"
"Billy Cook","United Kingdom",defender,6,"Port Glasgow Athletic F.C. (1928-1930, ? apps)  ->  Celtic F.C. (1930-1932, 100 apps)  ->  Everton F.C. (1932-1939, 228 apps)  ->  Wrexham A.F.C. (1945-1946, ? apps)  ->  Ellesmere Port Town F.C. (1946-1946, ? apps)  ->  Rhyl F.C. (1946-1947, ? apps)"
"Billy Cowan","United Kingdom of Great Britain and Ireland, United Kingdom",forward,4,"Newcastle United F.C. (1923-1925, 87 apps)  ->  Manchester City F.C. (1926-1926, 22 apps)  ->  Darlington F.C. (1930-1930, 7 apps)  ->  Hartlepool United F.C. (1930-1930, 3 apps)"
"Billy Draycott","United Kingdom of Great Britain and Ireland, United Kingdom","wing half",7,"Bedminster F.C. (1889-1900, 28 apps)  ->  Port Vale F.C. (1890-1891, 2 apps)  ->  Stoke City F.C. (1892-1894, 2 apps)  ->  Burton Wanderers F.C. (1894-1896, 50 apps)  ->  Manchester United F.C. (1896-1899, 81 apps)  ->  Bristol Rovers F.C. (1900-1901, 14 apps)  ->  Wellingborough Town F.C. (1901-?, ? apps)"
"Billy Dunlop","United Kingdom of Great Britain and Ireland, United Kingdom",full-back,3,"Kilmarnock F.C. (1892-1893, ? apps)  ->  Abercorn F.C. (1893-1895, ? apps)  ->  Liverpool F.C. (1895-1909, 325 apps)"
"Billy Gray","United Kingdom","wing half",5,"Leyton Orient F.C. (1947-1948, 19 apps)  ->  Chelsea F.C. (1948-1953, 146 apps)  ->  Burnley F.C. (1953-1957, 120 apps)  ->  Nottingham Forest F.C. (1957-1963, 201 apps)  ->  Millwall F.C. (1963-1965, 20 apps)"
"Billy Hibbert","United Kingdom of Great Britain and Ireland, United Kingdom",forward,7,"Bury F.C. (1906-1911, 178 apps)  ->  Newcastle United F.C. (1911-1920, 139 apps)  ->  Bradford City A.F.C. (1920-1922, 53 apps)  ->  Oldham Athletic A.F.C. (1922-1922, 16 apps)  ->  Fall River F.C. (1923-1923, 4 apps)  ->  Pawtucket Rangers (1923-1926, 56 apps)  ->  Levante UD (1927-1927, ? apps)"
"Billy Hughes","United Kingdom of Great Britain and Ireland, United Kingdom","defender, full-back",11,"Llanelli A.F.C. (1934-1935, ? apps)  ->  Swansea City A.F.C. (1935-1935, ? apps)  ->  Birmingham City F.C. (1935-1947, 104 apps)  ->  Swansea City A.F.C. (1940-1941, 1 apps)  ->  Blackpool F.C. (1940-1941, 8 apps)  ->  Fulham F.C. (1942-1943, 2 apps)  ->  Chester City F.C. (1942-1945, 50 apps)  ->  Luton Town F.C. (1947-1948, 31 apps)  ->  Chelsea F.C. (1948-1951, 93 apps)  ->  Hereford United F.C. (1951-1954, ? apps)  ->  Flint Town United F.C. (1954-1955, ? apps)"
"Billy Liddell","United Kingdom of Great Britain and Ireland, United Kingdom","wing half",1,"Liverpool F.C. (1938-1961, 492 apps)"
"Billy McCracken","United Kingdom",defender,1,"Newcastle United F.C. (1904-1924, 432 apps)"
"Billy McCullough","United Kingdom",full-back,2,"Arsenal F.C. (1958-1966, 253 apps)  ->  Millwall F.C. (1966-1967, 19 apps)"
"Billy Meredith","United Kingdom of Great Britain and Ireland, United Kingdom","wing half",5,"Chirk AAA F.C. (1890-1892, ? apps)  ->  Northwich Victoria F.C. (1892-1894, 11 apps)  ->  Manchester City F.C. (1894-1906, 339 apps)  ->  Manchester United F.C. (1906-1921, 303 apps)  ->  Manchester City F.C. (1921-1924, 28 apps)"
"Billy Milne","United Kingdom of Great Britain and Ireland, United Kingdom","wing half",1,"Arsenal F.C. (1921-1927, 114 apps)"
"Billy Morgan","United Kingdom of Great Britain and Ireland","wing half",3,"Manchester United F.C. (1897-1903, 143 apps)  ->  Bolton Wanderers F.C. (1903-1903, 3 apps)  ->  Leicester City F.C. (1904-1906, 66 apps)"
"Billy Murphy","United Kingdom of Great Britain and Ireland, United Kingdom","wing half",5,"Manchester City F.C. (1918-1926, 209 apps)  ->  Southampton F.C. (1926-1929, 74 apps)  ->  Oldham Athletic A.F.C. (1929-1930, 2 apps)  ->  Tranmere Rovers F.C. (1930-1932, 3 apps)  ->  Ellesmere Port Town F.C. (1932-?, ? apps)"
"Billy Scott",,goalkeeper,5,"Cliftonville F.C. (1901-1903, ? apps)  ->  Linfield F.C. (1903-1904, ? apps)  ->  Everton F.C. (1904-1912, 251 apps)  ->  Leeds City F.C. (1912-1914, 26 apps)  ->  Liverpool F.C. (1914-?, ? apps)"
"Billy Spurdle",,"wing half",4,"Oldham Athletic A.F.C. (1948-1950, 56 apps)  ->  Manchester City F.C. (1950-1956, 160 apps)  ->  Port Vale F.C. (1956-1957, 21 apps)  ->  Oldham Athletic A.F.C. (1957-1963, 144 apps)"
"Billy Walsh",Ireland,midfielder,6,"Manchester City F.C. (1938-1950, 109 apps)  ->  Oldham Athletic A.F.C. (1939-1940, 2 apps)  ->  Rochdale A.F.C. (1941-1942, 3 apps)  ->  Manchester United F.C. (1942-1943, 2 apps)  ->  Canterbury City F.C. (1951-1954, ? apps)  ->  Chelmsford City F.C. (1951-1951, ? apps)"
"Billy Wright","United Kingdom",defender,5,"Everton F.C. (1977-1983, 166 apps)  ->  Birmingham City F.C. (1983-1986, 111 apps)  ->  Chester City F.C. (1986-1986, 6 apps)  ->  Carlisle United F.C. (1986-1988, 87 apps)  ->  Morecambe F.C. (1988-1988, 13 apps)"
"Biri Biri","The Gambia",attacker,9,"Mighty Blackpool F.C. (1963-1965, ? apps)  ->  Augustinians FC (1965-1970, ? apps)  ->  Derby County F.C. (1970-1970, 0 apps)  ->  Wallidan F.C. (1970-1972, ? apps)  ->  Nykøbing FC (1972-1973, ? apps)  ->  Sevilla FC (1973-1978, 99 apps)  ->  Nykøbing FC (1978-1978, 2 apps)  ->  Herfølge Boldklub (1978-1981, ? apps)  ->  Wallidan F.C. (1981-1986, ? apps)"
"Bittor Alkiza",Spain,midfielder,4,"Real Sociedad B (1989-1991, 66 apps)  ->  Real Sociedad (1991-1994, 105 apps)  ->  Athletic Club (1994-2003, 328 apps)  ->  Real Sociedad (2003-2005, 48 apps)"
"Bixente Lizarazu",France,full-back,5,"FC Girondins de Bordeaux (1988-1996, 295 apps)  ->  Athletic Club (1996-1997, 18 apps)  ->  FC Bayern Munich (1997-2004, 227 apps)  ->  Paris Saint-Germain FC (2004-2005, 14 apps)  ->  FC Bayern Munich (2005-2006, 46 apps)"
"Bjørn Kristensen","Kingdom of Denmark",defender,6,"Aarhus Gymnastikforening (1982-1989, 165 apps)  ->  Newcastle United F.C. (1989-1993, 80 apps)  ->  Bristol City F.C. (1992-1992, 4 apps)  ->  Portsmouth F.C. (1993-1995, 71 apps)  ->  AaB Fodbold (1995-1997, ? apps)  ->  Aarhus Fremad (1997-1997, ? apps)"
"Blaise Matuidi","Angola, France",midfielder,5,"ES Troyes AC (2004-2007, 67 apps)  ->  AS Saint-Étienne (2007-2011, 132 apps)  ->  Paris Saint-Germain FC (2011-2017, 203 apps)  ->  Juventus FC (2017-2020, 98 apps)  ->  Inter Miami CF (2020-2021, 47 apps)"
"Blerim Džemaili","North Macedonia, Switzerland",midfielder,13,"FC Zürich (2003-2007, 111 apps)  ->  Bolton Wanderers F.C. (2007-2009, 0 apps)  ->  Torino FC (2008-2009, 23 apps)  ->  Torino FC (2009-2010, 7 apps)  ->  Parma Calcio 1913 (2009-2010, 19 apps)  ->  Parma Calcio 1913 (2010-2011, 30 apps)  ->  SSC Napoli (2011-2014, 86 apps)  ->  Galatasaray S.K. (2014-2016, 11 apps)  ->  Genoa CFC (2015-2016, 27 apps)  ->  Bologna F.C. 1909 (2016-2020, 88 apps)  ->  CF Montréal (2017-2017, 22 apps)  ->  Shenzhen F.C. (2020-2020, 0 apps)  ->  FC Zürich (2020-2023, 59 apps)"
"Bob Balmer","United Kingdom of Great Britain and Ireland, United Kingdom",full-back,1,"Everton F.C. (1903-1912, 188 apps)"
"Bob Bonthron","United Kingdom of Great Britain and Ireland, United Kingdom","defender, full-back",8,"Raith Rovers F.C. (1900-1902, ? apps)  ->  Dundee F.C. (1902-1903, ? apps)  ->  Manchester United F.C. (1903-1907, 119 apps)  ->  Sunderland A.F.C. (1907-1908, 23 apps)  ->  Northampton Town F.C. (1908-1910, ? apps)  ->  Birmingham City F.C. (1910-1911, 11 apps)  ->  Leith Athletic F.C. (1911-?, ? apps)  ->  Airdrieonians F.C. (1911-1911, ? apps)"
"Bob Donaldson","United Kingdom of Great Britain and Ireland, United Kingdom",forward,5,"Blackburn Rovers F.C. (1891-1892, 0 apps)  ->  Manchester United F.C. (1892-1897, 130 apps)  ->  Luton Town F.C. (1897-1898, 17 apps)  ->  Glossop North End A.F.C. (1898-1899, 32 apps)  ->  Ashford United F.C. (1899-1900, ? apps)"
"Bob John","United Kingdom of Great Britain and Ireland, United Kingdom",midfielder,1,"Arsenal F.C. (1922-1937, 421 apps)"
"Bob Kelso","United Kingdom of Great Britain and Ireland, United Kingdom",defender,8,"Renton F.C. (1886-1888, ? apps)  ->  Everton F.C. (1888-1888, 1 apps)  ->  Newcastle West End F.C. (1888-1888, ? apps)  ->  Preston North End F.C. (1889-1891, 38 apps)  ->  Everton F.C. (1891-1896, 88 apps)  ->  Liverpool F.C. (1892-1892, 1 apps)  ->  Dundee F.C. (1896-1898, ? apps)  ->  Bedminster F.C. (1898-1898, 20 apps)"
"Bob Latchford","United Kingdom",forward,8,"Birmingham City F.C. (1968-1974, 160 apps)  ->  Everton F.C. (1974-1981, 236 apps)  ->  Swansea City A.F.C. (1981-1984, 87 apps)  ->  Coventry City F.C. (1984-1985, 12 apps)  ->  NAC Breda (1984-1984, 16 apps)  ->  Lincoln City F.C. (1985-1986, 15 apps)  ->  Merthyr Tydfil F.C. (1986-1987, 20 apps)  ->  Newport County A.F.C. (1986-1986, 20 apps)"
"Bob McDonald","United Kingdom of Great Britain and Ireland, United Kingdom",full-back,2,"Tottenham Hotspur F.C. (1919-1924, 125 apps)  ->  Leyton Orient F.C. (1927-1928, 37 apps)"
"Bob McNab","United Kingdom","centre-back, full-back",7,"Huddersfield Town A.F.C. (1963-1966, 68 apps)  ->  Arsenal F.C. (1966-1975, 278 apps)  ->  Wolverhampton Wanderers F.C. (1975-1976, 13 apps)  ->  Barnet F.C. (1976-1977, ? apps)  ->  San Antonio Thunder (1976-1976, 12 apps)  ->  Vancouver Whitecaps (1979-1979, 2 apps)  ->  Tacoma Stars (1983-1984, 1 apps)"
"Bob McNeil","United Kingdom of Great Britain and Ireland, United Kingdom","wing half",1,"Chelsea F.C. (1914-1927, 279 apps)"
"Bob McRoberts","United Kingdom of Great Britain and Ireland, United Kingdom",forward,3,"Gainsborough Trinity F.C. (1896-1898, 52 apps)  ->  Birmingham City F.C. (1898-1905, 173 apps)  ->  Chelsea F.C. (1905-1909, 104 apps)"
"Bob Paisley","United Kingdom",defender,2,"Bishop Auckland F.C. (1937-1939, ? apps)  ->  Liverpool F.C. (1939-1954, 253 apps)"
"Bob Pursell","United Kingdom of Great Britain and Ireland, United Kingdom",full-back,3,"Liverpool F.C. (1911-1915, 98 apps)  ->  Liverpool F.C. (1919-1920, 2 apps)  ->  Port Vale F.C. (1920-1922, 66 apps)"
"Bob Stokoe","United Kingdom",centre-back,2,"Newcastle United F.C. (1950-1960, 261 apps)  ->  Bury F.C. (1960-1964, 82 apps)"
"Bob Stormont","United Kingdom of Great Britain and Ireland, United Kingdom","wing half",4,"Preston North End F.C. (1893-1893, 9 apps)  ->  Dundee F.C. (1896-1897, ? apps)  ->  Tottenham Hotspur F.C. (1897-1901, 86 apps)  ->  Brentford F.C. (1901-1902, 22 apps)"
"Bob Thomson","United Kingdom of Great Britain and Ireland, United Kingdom",forward,1,"Chelsea F.C. (1911-1922, 83 apps)"
"Bob Whittingham","United Kingdom of Great Britain and Ireland",forward,8,"Stoke City F.C. (1904-1904, 0 apps)  ->  Blackpool F.C. (1907-1909, 53 apps)  ->  Bradford City A.F.C. (1909-1910, 45 apps)  ->  Chelsea F.C. (1910-1913, 113 apps)  ->  Chelsea F.C. (1919-1919, 6 apps)  ->  Stoke City F.C. (1919-1920, 18 apps)  ->  Macclesfield Town F.C. (1921-1922, 10 apps)  ->  Wrexham A.F.C. (1923-1923, 0 apps)"
"Bob Wilson","United Kingdom",goalkeeper,3,"Wolverhampton Wanderers F.C. (1961-1963, ? apps)  ->  Arsenal F.C. (1963-1974, 234 apps)  ->  Næstved BK (1978-1978, 7 apps)"
"Bobby Ancell","United Kingdom of Great Britain and Ireland, United Kingdom",full-back,4,"St. Mirren F.C. (1930-1937, 158 apps)  ->  Newcastle United F.C. (1936-1939, 97 apps)  ->  Dundee F.C. (1946-1948, 58 apps)  ->  Aberdeen F.C. (1948-1949, 15 apps)"
"Bobby Beale","United Kingdom of Great Britain and Ireland, United Kingdom",goalkeeper,8,"Brighton & Hove Albion F.C. (1905-1908, 10 apps)  ->  Norwich City F.C. (1908-1912, 105 apps)  ->  Manchester United F.C. (1912-1919, 105 apps)  ->  Arsenal F.C. (1915-1916, ? apps)  ->  Gillingham F.C. (1919-1920, 12 apps)  ->  Maidstone United F.C. (1987) (1920-1921, ? apps)  ->  Maidstone United F.C. (1920-1922, 12 apps)  ->  Manchester United F.C. (1921-1921, 0 apps)"
"Bobby Campbell","United Kingdom of Great Britain and Ireland, United Kingdom","wing half",3,"Falkirk F.C. (1946-1947, 16 apps)  ->  Chelsea F.C. (1947-1954, 188 apps)  ->  Reading F.C. (1954-1958, 94 apps)"
"Bobby Charlton","United Kingdom","midfielder, forward",5,"Manchester United F.C. (1953-1956, ? apps)  ->  Manchester United F.C. (1956-1973, 606 apps)  ->  Preston North End F.C. (1974-1975, 38 apps)  ->  Waterford United F.C. (1976-1976, 3 apps)  ->  Melbourne Victory FC (1976-1976, 14 apps)"
"Bobby Collins","United Kingdom",midfielder,10,"Celtic F.C. (1949-1958, 220 apps)  ->  Everton F.C. (1958-1962, 133 apps)  ->  Leeds United F.C. (1962-1967, 149 apps)  ->  Bury F.C. (1967-1969, 75 apps)  ->  Greenock Morton F.C. (1969-1971, 55 apps)  ->  Ringwood City (1971-1971, 6 apps)  ->  Melbourne Hakoah (1972-1972, ? apps)  ->  Ringwood City (1972-1972, ? apps)  ->  Oldham Athletic A.F.C. (1972-1973, 7 apps)  ->  Shamrock Rovers F.C. (1973-1974, 11 apps)"
"Bobby Cowell","United Kingdom of Great Britain and Ireland, United Kingdom",defender,1,"Newcastle United F.C. (1943-1955, 289 apps)"
"Bobby Graham","United Kingdom",forward,5,"Liverpool F.C. (1964-1972, 101 apps)  ->  Coventry City F.C. (1972-1973, 19 apps)  ->  Tranmere Rovers F.C. (1973-1973, 10 apps)  ->  Motherwell F.C. (1973-1977, 132 apps)  ->  Hamilton Academical F.C. (1977-1981, 118 apps)"
"Bobby Johnstone","United Kingdom","forward, inside forward",5,"Hibernian F.C. (1949-1955, 168 apps)  ->  Manchester City F.C. (1955-1959, 124 apps)  ->  Hibernian F.C. (1959-1961, 31 apps)  ->  Oldham Athletic A.F.C. (1961-1965, 143 apps)  ->  Witton Albion F.C. (1965-1965, 0 apps)"
"Bobby Kennedy","United Kingdom",full-back,4,"Kilmarnock F.C. (1957-1961, 85 apps)  ->  Manchester City F.C. (1961-1969, 219 apps)  ->  Grimsby Town F.C. (1969-1971, 84 apps)  ->  Drogheda United F.C. (1972-1973, 3 apps)"
"Bobby Marshall","United Kingdom of Great Britain and Ireland, United Kingdom",forward,3,"Sunderland A.F.C. (1920-1927, 198 apps)  ->  Manchester City F.C. (1927-1939, 325 apps)  ->  Stockport County F.C. (1939-?, ? apps)"
"Bobby McDonald","United Kingdom",full-back,6,"Aston Villa F.C. (1972-1976, 39 apps)  ->  Coventry City F.C. (1976-1981, 161 apps)  ->  Manchester City F.C. (1981-1983, 96 apps)  ->  Oxford United F.C. (1983-1987, 94 apps)  ->  Leeds United F.C. (1987-1988, 18 apps)  ->  Wolverhampton Wanderers F.C. (1988-1988, 6 apps)"
"Bobby Mitchell","United Kingdom of Great Britain and Ireland, United Kingdom","wing half",4,"Third Lanark A.C. (1942-1949, 70 apps)  ->  Newcastle United F.C. (1949-1961, 367 apps)  ->  Berwick Rangers F.C. (1961-1963, 51 apps)  ->  Gateshead F.C. (1963-1964, ? apps)"
"Bobby Moncur","United Kingdom",defender,3,"Newcastle United F.C. (1962-1974, 296 apps)  ->  Sunderland A.F.C. (1974-1976, 86 apps)  ->  Carlisle United F.C. (1976-1977, 11 apps)"
"Bobby Smith","United Kingdom",forward,4,"Chelsea F.C. (1950-1955, 74 apps)  ->  Tottenham Hotspur F.C. (1955-1964, 271 apps)  ->  Brighton & Hove Albion F.C. (1964-1965, 31 apps)  ->  Hastings United F.C. (1965-1967, ? apps)"
"Bobby Steel","United Kingdom of Great Britain and Ireland, United Kingdom","inside forward",1,"Tottenham Hotspur F.C. (1908-1915, 226 apps)"
"Bobby Tambling","United Kingdom",forward,6,"Chelsea F.C. (1959-1970, 302 apps)  ->  Crystal Palace F.C. (1970-1973, 68 apps)  ->  Cork Celtic F.C. (1973-1977, 82 apps)  ->  Waterford United F.C. (1977-1978, 13 apps)  ->  Shamrock Rovers F.C. (1978-1979, 5 apps)  ->  Albert Rovers F.C. (1978-1979, 15 apps)"
"Bodo Illgner","Germany, Spain",goalkeeper,2,"1. FC Köln (1985-1996, 326 apps)  ->  Real Madrid Club de Fútbol (1996-2001, 91 apps)"
"Bodo Schmidt",Germany,defender,5,"SpVgg Unterhaching (1989-1991, ? apps)  ->  Borussia Dortmund (1991-1996, 116 apps)  ->  1. FC Köln (1996-1998, 64 apps)  ->  1. FC Magdeburg (1998-2002, 104 apps)  ->  FC Viktoria Köln (1998-1998, ? apps)"
"Bojan Krkić","Serbia, Spain",forward,8,"FC Barcelona Atlètic (2006-2007, 22 apps)  ->  AS Roma (2011-2013, 33 apps)  ->  AC Milan (2012-2013, 19 apps)  ->  AFC Ajax (2013-2014, 24 apps)  ->  Stoke City F.C. (2014-2019, 74 apps)  ->  Deportivo Alavés (2017-2018, 13 apps)  ->  CF Montréal (2019-2021, 22 apps)  ->  Vissel Kobe (2021-2023, 20 apps)"
"Borja Ekiza",Spain,centre-back,9,"Athletic Club (2002-2006, ? apps)  ->  CD Baskonia (2006-2008, 41 apps)  ->  Athletic Bilbao B (2008-2011, 36 apps)  ->  Athletic Club (2010-2014, 82 apps)  ->  SD Eibar (2014-2016, 20 apps)  ->  FC Zirka Kropyvnytskyi (2016-2017, 11 apps)  ->  AC Omonia (2017-2018, 6 apps)  ->  Enosis Neon Paralimni FC (2018-2019, 1 apps)  ->  UDC Chantrea (2021-2022, 14 apps)"
"Borja Valero",Spain,midfielder,12,"Real Madrid C (2004-2005, 0 apps)  ->  Real Madrid Club de Fútbol (2006-2006, 2 apps)  ->  RCD Mallorca (2007-2008, 41 apps)  ->  West Bromwich Albion F.C. (2008-2011, 31 apps)  ->  RCD Mallorca (2009-2010, 38 apps)  ->  Villarreal CF (2010-2011, 54 apps)  ->  Villarreal CF (2011-2012, 43 apps)  ->  ACF Fiorentina (2012-2017, 199 apps)  ->  Junior de Barranquilla (2017-?, ? apps)  ->  Inter Milan (2017-2020, 97 apps)  ->  ACF Fiorentina (2020-2021, 20 apps)  ->  Centro Histórico de Lebowski (2021-?, ? apps)"
"Brahim Díaz","Morocco, Spain",midfielder,3,"Manchester City F.C. (2016-2019, 5 apps)  ->  Real Madrid Club de Fútbol (2019-?, 97 apps)  ->  AC Milan (2020-2023, 91 apps)"
"Branislav Ivanović",Serbia,full-back,6,"FK Srem (2002-2003, 19 apps)  ->  OFK Beograd (2003-2006, 55 apps)  ->  FC Lokomotiv Moscow (2006-2008, 54 apps)  ->  Chelsea F.C. (2008-2017, 261 apps)  ->  FC Zenit Saint Petersburg (2017-2020, 90 apps)  ->  West Bromwich Albion F.C. (2020-2021, 13 apps)"
"Branko Rašović",Yugoslavia,defender,3,"FK Budućnost Podgorica (1962-1964, 22 apps)  ->  FK Partizan (1964-1969, 210 apps)  ->  Borussia Dortmund (1969-1974, 109 apps)"
Bremer,Brazil,centre-back,3,"Clube Atlético Mineiro (2017-2018, 25 apps)  ->  Torino FC (2018-2022, 98 apps)  ->  Juventus FC (2022-?, 98 apps)"
"Brennan Johnson","United Kingdom","forward, winger",4,"Nottingham Forest F.C. (2019-2023, 91 apps)  ->  Lincoln City F.C. (2020-2021, 40 apps)  ->  Tottenham Hotspur F.C. (2023-2026, 107 apps)  ->  Crystal Palace F.C. (2026-?, ? apps)"
"Brian Greenhoff","United Kingdom",midfielder,4,"Manchester United F.C. (1970-1979, 221 apps)  ->  Leeds United F.C. (1979-1982, 72 apps)  ->  Rochdale A.F.C. (1983-1984, 16 apps)  ->  RoPS (1983-1983, 10 apps)"
"Brian Hall","United Kingdom",midfielder,3,"Liverpool F.C. (1968-1976, 153 apps)  ->  Plymouth Argyle F.C. (1976-1977, 43 apps)  ->  Burnley F.C. (1977-1980, 51 apps)"
"Brian Harris","United Kingdom","wing half",3,"Everton F.C. (1954-1966, 360 apps)  ->  Cardiff City F.C. (1966-1971, 149 apps)  ->  Newport County A.F.C. (1971-1974, 85 apps)"
"Brian Jackson","United Kingdom",midfielder,7,"Leyton Orient F.C. (1950-1951, 38 apps)  ->  Liverpool F.C. (1951-1958, 126 apps)  ->  Port Vale F.C. (1958-1962, 159 apps)  ->  Peterborough United F.C. (1962-1964, 47 apps)  ->  Lincoln City F.C. (1964-1964, 10 apps)  ->  Burton Albion F.C. (1964-1965, ? apps)  ->  Boston United F.C. (1965-1966, ? apps)"
"Brian Kidd","United Kingdom",forward,9,"Manchester United F.C. (1967-1974, 203 apps)  ->  Arsenal F.C. (1974-1976, 77 apps)  ->  Manchester City F.C. (1976-1979, 98 apps)  ->  Everton F.C. (1979-1980, 40 apps)  ->  Bolton Wanderers F.C. (1980-1982, 43 apps)  ->  Atlanta Chiefs (1981-1981, 27 apps)  ->  Fort Lauderdale Strikers (1982-1983, 44 apps)  ->  Fort Lauderdale Strikers (1983-1983, 2 apps)  ->  Minnesota Strikers (1984-1984, 13 apps)"
"Brian Labone","United Kingdom","centre-back, defender",1,"Everton F.C. (1958-1971, 451 apps)"
"Brian McClair","United Kingdom",forward,5,"Aston Villa F.C. (1980-1981, 0 apps)  ->  Motherwell F.C. (1981-1983, 40 apps)  ->  Celtic F.C. (1983-1987, 145 apps)  ->  Manchester United F.C. (1987-1998, 355 apps)  ->  Motherwell F.C. (1998-1998, 11 apps)"
"Brian Talbot","United Kingdom",midfielder,10,"Toronto Blizzard (1971-1971, 10 apps)  ->  Toronto Blizzard (1972-1972, 10 apps)  ->  Ipswich Town F.C. (1972-1979, 177 apps)  ->  Arsenal F.C. (1979-1985, 254 apps)  ->  Watford F.C. (1985-1986, 48 apps)  ->  Stoke City F.C. (1986-1988, 54 apps)  ->  West Bromwich Albion F.C. (1988-1990, 74 apps)  ->  Fulham F.C. (1990-1991, 5 apps)  ->  Aldershot F.C. (1990-1992, 11 apps)  ->  Sudbury Town F.C. (1992-?, ? apps)"
"Bruce Grobbelaar","Zimbabwe Rhodesia, Rhodesia, Zimbabwe",goalkeeper,18,"Highlanders F.C. (1973-1974, ? apps)  ->  Highlands Park F.C. (1976-1976, 0 apps)  ->  Durban City F.C. (1977-1978, ? apps)  ->  Crewe Alexandra F.C. (1979-1980, 24 apps)  ->  Vancouver Whitecaps (1979-1981, 24 apps)  ->  Liverpool F.C. (1981-1994, 440 apps)  ->  Stoke City F.C. (1993-1993, 4 apps)  ->  Southampton F.C. (1994-1996, 32 apps)  ->  Plymouth Argyle F.C. (1996-1997, 36 apps)  ->  Oldham Athletic A.F.C. (1997-1998, 4 apps)  ->  Oxford United F.C. (1997-1997, 0 apps)  ->  Sheffield Wednesday F.C. (1997-1997, 0 apps)  ->  Lincoln City F.C. (1998-1998, 2 apps)  ->  Chesham United F.C. (1998-1998, 4 apps)  ->  Bury F.C. (1998-1998, 1 apps)  ->  Northwich Victoria F.C. (1999-1999, 1 apps)  ->  Hellenic F.C. (2002-2002, 1 apps)  ->  Glasshoughton Welfare A.F.C. (2007-2007, 1 apps)"
"Bruno Berra","Kingdom of Italy, Italy",defender,4,"Virtus Entella (1934-1935, ? apps)  ->  AC Milan (1937-1941, 53 apps)  ->  SSC Napoli (1941-1947, 117 apps)  ->  Nocerina 1910 (1947-1948, 33 apps)"
"Bruno Bolchi",Italy,midfielder,5,"Inter Milan (1958-1963, 109 apps)  ->  Hellas Verona FC (1963-1964, 19 apps)  ->  Atalanta BC (1964-1965, 25 apps)  ->  Torino FC (1965-1970, 89 apps)  ->  Aurora Pro Patria 1919 (1970-1972, 19 apps)"
"Bruno Conti",Italy,"wing half",3,"AS Roma (1973-1991, 304 apps)  ->  Genoa CFC (1975-1976, 36 apps)  ->  Genoa CFC (1978-1979, 32 apps)"
"Bruno Fernandes",Portugal,"midfielder, attacking midfielder",5,"Novara Calcio (2012-2013, 23 apps)  ->  Udinese Calcio (2013-2016, 86 apps)  ->  U.C. Sampdoria (2016-2017, 33 apps)  ->  Sporting CP (2017-2020, 83 apps)  ->  Manchester United F.C. (2020-?, 230 apps)"
"Bruno Garzena",Italy,defender,8,"Juventus FC (1952-1953, 1 apps)  ->  US Alessandria Calcio 1912 (1953-1954, 34 apps)  ->  Juventus FC (1954-1960, 139 apps)  ->  Vicenza Calcio (1960-1961, 31 apps)  ->  Juventus FC (1961-1962, 26 apps)  ->  Modena F.C. (1962-1963, 20 apps)  ->  SSC Napoli (1963-1964, 30 apps)  ->  A.S.D. Calcio Ivrea (1964-1966, 16 apps)"
"Bruno Gramaglia","Kingdom of Italy, Italy",midfielder,4,"SSC Napoli (1938-1943, 89 apps)  ->  Spezia Calcio (1944-1944, 10 apps)  ->  U.C. Sampdoria (1946-1949, 93 apps)  ->  SSC Napoli (1949-1955, 184 apps)"
"Bruno Guimarães","Brazil, Spain",midfielder,4,"Grêmio Osasco Audax (2015-2017, 9 apps)  ->  Club Athletico Paranaense (2017-2020, 110 apps)  ->  Olympique Lyonnais (2020-2022, 56 apps)  ->  Newcastle United F.C. (2022-?, 147 apps)"
"Bruno Labbadia",Germany,forward,8,"SV Darmstadt 98 (1984-1987, 105 apps)  ->  Hamburger SV (1987-1989, 41 apps)  ->  1. FC Kaiserslautern (1988-1991, 67 apps)  ->  FC Bayern Munich (1991-1994, 82 apps)  ->  1. FC Köln (1994-1995, 41 apps)  ->  SV Werder Bremen (1996-1998, 63 apps)  ->  Arminia Bielefeld (1998-2001, 98 apps)  ->  Karlsruher SC (2001-2003, 60 apps)"
"Bruno Mazza","Kingdom of Italy, Italy",midfielder,13,"A.C. Crema 1908 (1941-1942, ? apps)  ->  AC Milan (1942-1943, 3 apps)  ->  US Cremonese (1942-1943, 8 apps)  ->  AC Milan (1944-1944, 3 apps)  ->  Como 1907 (1944-1944, 2 apps)  ->  A.C. Crema 1908 (1945-1948, 89 apps)  ->  Genoa CFC (1948-1949, 21 apps)  ->  Lucchese 1905 (1949-1951, 66 apps)  ->  A.C. Legnano (1951-1952, 32 apps)  ->  Inter Milan (1952-1955, 83 apps)  ->  ACF Fiorentina (1955-1956, 4 apps)  ->  SSC Bari (1956-1957, 24 apps)  ->  A.C. Crema 1908 (1961-1962, 51 apps)"
"Bruno Mora","Kingdom of Italy, Italy",midfielder,4,"U.C. Sampdoria (1957-1960, 71 apps)  ->  Juventus FC (1960-1962, 54 apps)  ->  AC Milan (1962-1969, 116 apps)  ->  Parma Calcio 1913 (1969-1971, 24 apps)"
"Bruno Nicolè",Italy,forward,6,"Calcio Padova (1956-1957, 12 apps)  ->  Juventus FC (1957-1963, 141 apps)  ->  Mantova 1911 (1963-1964, 19 apps)  ->  AS Roma (1964-1965, 13 apps)  ->  US Alessandria Calcio 1912 (1965-1967, 24 apps)  ->  U.C. Sampdoria (1965-1965, 8 apps)"
"Bruno Padulazzi","Kingdom of Italy, Italy",defender,6,"Arona Calcio (1947-1948, ? apps)  ->  A.C. Legnano (1948-1949, 32 apps)  ->  Lucchese 1905 (1949-1950, 38 apps)  ->  Inter Milan (1950-1955, 95 apps)  ->  Torino FC (1955-1956, 11 apps)  ->  A.C.D. Trissino-Valdagno (1956-1958, 49 apps)"
"Bruno Pesaola","Kingdom of Italy, Argentina, Italy","wing half",6,"Sportivo Dock Sud (1945-1946, ? apps)  ->  AS Roma (1947-1950, 90 apps)  ->  Novara Calcio (1950-1952, 64 apps)  ->  SSC Napoli (1952-1960, 240 apps)  ->  Genoa CFC (1960-1961, 20 apps)  ->  S.S. Scafatese Calcio 1922 (1961-1962, ? apps)"
"Bruno Soriano",Spain,midfielder,2,"Villarreal CF B (2004-2007, 57 apps)  ->  Villarreal CF (2006-2020, 324 apps)"
"Bryan Robson","United Kingdom",midfielder,3,"West Bromwich Albion F.C. (1974-1981, 198 apps)  ->  Manchester United F.C. (1981-1994, 345 apps)  ->  Middlesbrough F.C. (1994-1997, 28 apps)"
"Bukayo Saka","United Kingdom",winger,1,"Arsenal F.C. (2018-?, 222 apps)"
"Burkhard Segler",Germany,"midfielder, forward",10,"Q1909326 (1969-1970, ? apps)  ->  Bayer 04 Leverkusen (1970-1972, 63 apps)  ->  VfL Osnabrück (1972-1973, 32 apps)  ->  Borussia Dortmund (1973-1979, 146 apps)  ->  FC Bayern Munich (1973-1973, 0 apps)  ->  FC Viktoria Köln (1979-1982, 61 apps)  ->  SC Viktoria Köln (1979-1982, 61 apps)  ->  Rot-Weiß Oberhausen (1982-1983, 32 apps)  ->  1. FC Bocholt (1983-1984, 14 apps)  ->  Q826473 (1984-1985, ? apps)"
"Buxton Smith","United Kingdom","wing half",1,"Manchester City F.C. (1897-1902, 144 apps)"
Cafu,Brazil,full-back,6,"São Paulo FC (1990-1994, 117 apps)  ->  Sociedade Esportiva Palmeiras (1995-1997, 35 apps)  ->  Esporte Clube Juventude (1995-1995, 2 apps)  ->  Real Zaragoza (1995-1995, 16 apps)  ->  AS Roma (1997-2003, 163 apps)  ->  AC Milan (2003-2008, 119 apps)"
"Callum Wilson","United Kingdom",forward,5,"Coventry City F.C. (2009-2014, 49 apps)  ->  Tamworth F.C. (2011-2012, 3 apps)  ->  Kettering Town F.C. (2011-2011, 17 apps)  ->  AFC Bournemouth (2014-2020, 171 apps)  ->  Newcastle United F.C. (2020-2025, 113 apps)"
"Camillo Achilli","Kingdom of Italy, Italy",midfielder,6,"Inter Milan (1941-1942, ? apps)  ->  Inter Milan (1945-1951, 197 apps)  ->  Genoa CFC (1951-1953, 25 apps)  ->  US Lecce (1953-1954, 26 apps)  ->  Hellas Verona FC (1954-1956, 24 apps)  ->  Calcio Lecco 1912 (1956-1957, 4 apps)"
Canito,Spain,defender,3,"Barakaldo CF (1947-1948, ? apps)  ->  Athletic Club (1948-1963, 354 apps)  ->  Deportivo Alavés (1963-1964, 1 apps)"
Careca,Brazil,forward,8,"Guarani Futebol Clube (1978-1982, 77 apps)  ->  São Paulo FC (1983-1987, 67 apps)  ->  SSC Napoli (1987-1993, 164 apps)  ->  Kashiwa Reysol (1993-1996, 60 apps)  ->  Santos F.C. (1997-1997, 9 apps)  ->  Sport Club Barueri (1998-1998, 10 apps)  ->  São José Esporte Clube (1999-1999, ? apps)  ->  Esporte Clube São José (1999-1999, 2 apps)"
"Carles Puyol",Spain,centre-back,2,"FC Barcelona C (1996-1997, 1 apps)  ->  FC Barcelona Atlètic (1997-2000, 89 apps)"
"Carles Rexach",Spain,"wing half",2,"FC Barcelona Atlètic (1965-1967, ? apps)  ->  CD Condal (1965-1967, 22 apps)"
"Carlo Ancelotti",Italy,midfielder,3,"Parma Calcio 1913 (1976-1979, 55 apps)  ->  AS Roma (1979-1987, 171 apps)  ->  AC Milan (1987-1992, 112 apps)"
"Carlo Annovazzi","Kingdom of Italy, Italy",midfielder,5,"AC Milan (1945-1953, 281 apps)  ->  Atalanta BC (1953-1958, 129 apps)  ->  SSC Ancona (1958-1959, 21 apps)  ->  S.G. Gallaratese A.S.D. (1959-1960, 2 apps)  ->  S.S.D. Group Città di Castello (1960-1961, 1 apps)"
"Carlo Barbieri",Italy,midfielder,6,"A.C. Carpi (1941-1942, 11 apps)  ->  A.C.R. Messina (1942-1943, 1 apps)  ->  A.C. Carpi (1943-1944, 13 apps)  ->  SSC Napoli (1945-1949, 108 apps)  ->  Modena F.C. (1949-1952, 70 apps)  ->  Associazione Calcio Dilettantistica Molfetta Sportiva (1952-1953, 18 apps)"
"Carlo Bigatto","Kingdom of Italy",midfielder,2,"Piemonte FC (1910-1913, ? apps)  ->  Juventus FC (1913-1931, 232 apps)"
"Carlo Buscaglia","Kingdom of Italy, Italy",midfielder,4,"Casale FBC (1927-1928, 28 apps)  ->  SSC Napoli (1928-1938, 259 apps)  ->  Juventus FC (1938-1940, 11 apps)  ->  Savona F.B.C. (1940-?, ? apps)"
"Carlo Ceresoli","Kingdom of Italy, Italy",goalkeeper,5,"Atalanta BC (1928-1932, 102 apps)  ->  Inter Milan (1932-1936, 119 apps)  ->  Bologna F.C. 1909 (1936-1939, 72 apps)  ->  Genoa CFC (1939-1941, 23 apps)  ->  Juventus FC (1941-1942, 2 apps)"
"Carlo Cudicini",Italy,goalkeeper,9,"AC Milan (1992-1995, 0 apps)  ->  Como 1907 (1993-1994, 6 apps)  ->  A.C. Prato (1995-1996, 30 apps)  ->  SS Lazio (1996-1997, 1 apps)  ->  A.S.D. Castel di Sangro Calcio (1997-2000, 14 apps)  ->  Chelsea F.C. (1999-2000, 1 apps)  ->  Chelsea F.C. (2000-2009, 141 apps)  ->  Tottenham Hotspur F.C. (2009-2012, 19 apps)  ->  LA Galaxy (2013-2013, 21 apps)"
"Carlo Galli",Italy,forward,9,"Valdinievole Montecatini (1946-1947, ? apps)  ->  A.S.D. Cascina Calcio (1947-1949, ? apps)  ->  Palermo F.C. (1949-1951, 45 apps)  ->  AS Roma (1951-1956, 123 apps)  ->  AC Milan (1956-1961, 112 apps)  ->  Udinese Calcio (1961-1962, 8 apps)  ->  Genoa CFC (1962-1963, 8 apps)  ->  SS Lazio (1963-1966, 38 apps)  ->  Pistoiese FC (1965-1966, 15 apps)"
"Carlo Muraro",Italy,midfielder,7,"Inter Milan (1972-1981, 126 apps)  ->  Varese Calcio (1975-1976, 35 apps)  ->  Udinese Calcio (1981-1982, 22 apps)  ->  Ascoli Calcio 1898 FC (1982-1983, 15 apps)  ->  Inter Milan (1983-1985, 14 apps)  ->  S.S. Arezzo (1985-1987, 33 apps)  ->  Pistoiese FC (1987-1988, 6 apps)"
"Carlo Rigotti","Kingdom of Italy, Italy",defender,3,"US Triestina Calcio 1918 (1928-1933, 140 apps)  ->  AC Milan (1933-1938, 113 apps)  ->  Novara Calcio (1938-1940, 59 apps)"
"Carlos Aguilera",Spain,defender,4,"Atlético Madrid B (1987-1988, ? apps)  ->  Atlético Madrid (1988-1993, 96 apps)  ->  C.D. Tenerife (1993-1996, 88 apps)  ->  Atlético Madrid (1996-2005, 269 apps)"
"Carlos Alberto Pintinho",Brazil,"midfielder, defender",7,"Fluminense F.C. (1972-1979, 67 apps)  ->  CR Vasco da Gama (1980-1980, 13 apps)  ->  Sevilla FC (1980-1984, 86 apps)  ->  Cádiz Club de Fútbol (1984-1984, 11 apps)  ->  Fluminense F.C. (1985-1985, 3 apps)  ->  Cádiz Club de Fútbol (1985-1986, 11 apps)  ->  S.C. Farense (1986-1986, 2 apps)"
"Carlos García García",Spain,"defensive midfielder",5,"SCD Durango (1988-1990, 55 apps)  ->  Sestao Sport Club (1990-1991, 21 apps)  ->  Athletic Bilbao B (1991-1992, 28 apps)  ->  Athletic Club (1992-2003, 264 apps)  ->  Club Atlético Osasuna (1995-1995, 21 apps)"
"Carlos Gurpegui",Spain,"centre-back, inside forward, defensive midfielder",6,"CD Izarra (1996-1998, ? apps)  ->  CD Izarra (1998-1998, 1 apps)  ->  Athletic Club (1998-1999, ? apps)  ->  CD Baskonia (1999-2000, 33 apps)  ->  Athletic Bilbao B (2000-2002, 56 apps)  ->  Athletic Club (2002-2016, 393 apps)"
"Carlos Iturraspe",Spain,midfielder,3,"Valencia CF (1933-1946, 168 apps)  ->  Levante UD (1946-1948, ? apps)  ->  CD Castellón (1948-1948, 0 apps)"
"Carlos Marchena",Spain,centre-back,7,"Sevilla FC (1997-2000, 68 apps)  ->  Sevilla Atlético (1998-1998, 3 apps)  ->  S.L. Benfica (2000-2001, 20 apps)  ->  Valencia CF (2001-2010, 230 apps)  ->  Villarreal CF (2010-2012, 45 apps)  ->  Deportivo de La Coruña (2012-2014, 44 apps)  ->  Kerala Blasters FC (2015-2015, 1 apps)"
"Carlos Orejuela",Peru,forward,11,"Cienciano (2000-2001, 23 apps)  ->  Sport Boys (2003-2003, 30 apps)  ->  Cienciano (2004-2004, 20 apps)  ->  Real Madrid Club de Fútbol (2005-2010, 190 apps)  ->  Club Alianza Lima (2006-2006, 23 apps)  ->  Club Sporting Cristal (2007-2007, 36 apps)  ->  Total Chalaco (2009-2009, 13 apps)  ->  Club Universitario de Deportes (2010-2010, 17 apps)  ->  Cienciano (2013-2013, 19 apps)  ->  Ayacucho FC (2013-2014, 47 apps)  ->  Cienciano (2015-?, ? apps)"
"Carlos Ruiz Herrero",Spain,centre-forward,4,"CD Getxo (1968-1969, 13 apps)  ->  Athletic Bilbao B (1969-1970, 28 apps)  ->  Athletic Club (1970-1981, 275 apps)  ->  RCD Espanyol de Barcelona (1981-1982, 25 apps)"
"Carlos Soler",Spain,midfielder,4,"Valencia CF (2016-2022, 182 apps)  ->  Paris Saint-Germain FC (2022-2025, 63 apps)  ->  West Ham United F.C. (2024-2025, 31 apps)  ->  Real Sociedad (2025-?, ? apps)"
"Carlos Tevez",Argentina,forward,6,"S.C. Corinthians Paulista (2005-2006, 38 apps)  ->  West Ham United F.C. (2006-2007, 26 apps)  ->  Manchester United F.C. (2007-2009, 63 apps)  ->  Manchester City F.C. (2009-2013, 113 apps)  ->  Juventus FC (2013-2015, 66 apps)  ->  Shanghai Shenhua F.C. (2017-2017, 16 apps)"
"Carmelo Buonocore","Kingdom of Italy, Italy",defender,5,"Unione Sportiva Peloro (1929-1933, ? apps)  ->  U.S. Palmese 1912 (1933-1934, ? apps)  ->  A.C.R. Messina (1934-1936, 63 apps)  ->  Inter Milan (1936-1945, 148 apps)  ->  Calcio Lecco 1912 (1945-1947, 57 apps)"
"Carmelo Cedrún",Spain,goalkeeper,3,"Athletic Club (1950-1964, 334 apps)  ->  RCD Espanyol de Barcelona (1964-1967, 82 apps)  ->  Baltimore Bays (1968-1968, 23 apps)"
"Carsten Jancker","German Democratic Republic, Germany",forward,7,"1. FC Köln (1993-1996, 5 apps)  ->  SK Rapid Wien (1995-1996, 27 apps)  ->  FC Bayern Munich (1996-2002, 143 apps)  ->  Udinese Calcio (2002-2004, 36 apps)  ->  1. FC Kaiserslautern (2004-2006, 30 apps)  ->  SV Mattersburg (2006-2009, 81 apps)  ->  Shanghai Shenhua F.C. (2006-2006, 7 apps)"
Casemiro,"Brazil, United Kingdom, Spain",midfielder,4,"São Paulo FC (2010-2013, 92 apps)  ->  Real Madrid Club de Fútbol (2013-2022, 221 apps)  ->  FC Porto (2014-2015, 28 apps)  ->  Manchester United F.C. (2022-2026, 89 apps)"
"Cayetano Ré",Paraguay,forward,5,"Cerro Porteño (1958-1959, ? apps)  ->  Elche CF (1959-1962, 79 apps)  ->  RCD Espanyol de Barcelona (1966-1971, 102 apps)  ->  Terrassa FC (1971-1972, 102 apps)  ->  CF Badalona (1972-1973, ? apps)"
"Cecil Poynton","United Kingdom of Great Britain and Ireland, United Kingdom",defender,2,"Tottenham Hotspur F.C. (1923-1932, 152 apps)  ->  Ramsgate F.C. (1934-?, ? apps)"
"Celestine Babayaro",Nigeria,full-back,5,"R.S.C. Anderlecht (1994-1997, 75 apps)  ->  Plateau United F.C. (1994-1994, ? apps)  ->  Chelsea F.C. (1997-2005, 132 apps)  ->  Newcastle United F.C. (2005-2008, 47 apps)  ->  LA Galaxy (2008-2008, 0 apps)"
"Cesare Augusto Fasanelli","Kingdom of Italy, Italy",forward,8,"Alba Roma 1907 (1925-1927, 12 apps)  ->  AS Roma (1927-1933, 165 apps)  ->  Pisa SC (1933-1935, 63 apps)  ->  ACF Fiorentina (1935-1936, 5 apps)  ->  Genoa CFC (1936-1938, 32 apps)  ->  Parma Calcio 1913 (1938-1939, 13 apps)  ->  M.A.T.E.R. (1939-1941, ? apps)  ->  M.A.T.E.R. (1944-1944, ? apps)"
"Cesare Maldini","Kingdom of Italy, Italy",defender,3,"US Triestina Calcio 1918 (1952-1954, 32 apps)  ->  AC Milan (1954-1966, 347 apps)  ->  Torino FC (1966-1967, 33 apps)"
"Cesare Prandelli",Italy,midfielder,4,"US Cremonese (1974-1978, 88 apps)  ->  Atalanta BC (1978-1979, 27 apps)  ->  Juventus FC (1979-1985, 89 apps)  ->  Atalanta BC (1985-1990, 119 apps)"
"Cesc Fàbregas",Spain,midfielder,6,"CE Mataró (1995-1997, ? apps)  ->  Arsenal F.C. (2003-2011, 212 apps)  ->  Arsenal F.C. Under-21s and Academy (2003-2003, ? apps)  ->  Chelsea F.C. (2014-2019, 138 apps)  ->  AS Monaco FC (2019-2022, 54 apps)  ->  Como 1907 (2022-2023, 17 apps)"
"Charles Gee","United Kingdom of Great Britain and Ireland, United Kingdom","centre-back, defender",1,"Everton F.C. (1931-1938, 212 apps)"
"Charles Lewis","United Kingdom of Great Britain and Ireland, United Kingdom",forward,2,"Arsenal F.C. (1907-1921, 206 apps)  ->  Margate F.C. (1921-?, ? apps)"
"Charles N'Zogbia",France,midfielder,3,"Newcastle United F.C. (2004-2009, 118 apps)  ->  Wigan Athletic F.C. (2009-2011, 83 apps)  ->  Aston Villa F.C. (2011-2016, 80 apps)"
"Charlie Ashcroft","United Kingdom of Great Britain and Ireland, United Kingdom",goalkeeper,4,"Liverpool F.C. (1946-1955, 87 apps)  ->  Ipswich Town F.C. (1955-1957, 7 apps)  ->  Coventry City F.C. (1957-1958, 19 apps)  ->  Chorley F.C. (1958-1962, 0 apps)"
"Charlie Buchan","United Kingdom of Great Britain and Ireland, United Kingdom",forward,4,"Arsenal F.C. (1909-1910, 0 apps)  ->  Leyton F.C. (1910-1911, ? apps)  ->  Sunderland A.F.C. (1911-1925, 379 apps)  ->  Arsenal F.C. (1925-1928, 102 apps)"
"Charlie Cooke","United Kingdom","midfielder, wing half",13,"Aberdeen F.C. (1960-1964, 125 apps)  ->  Dundee F.C. (1964-1966, 44 apps)  ->  Chelsea F.C. (1966-1972, 212 apps)  ->  Crystal Palace F.C. (1972-1974, 44 apps)  ->  Chelsea F.C. (1974-1978, 87 apps)  ->  Los Angeles Aztecs (1976-1976, 12 apps)  ->  Los Angeles Aztecs (1978-1978, 20 apps)  ->  Chelsea F.C. (1978-1978, 16 apps)  ->  Memphis Rogues (1978-1980, 54 apps)  ->  Calgary Boomers (1980-1981, 18 apps)  ->  California Surf (1981-1981, 29 apps)  ->  Cleveland Force (1981-1982, 19 apps)  ->  Dallas Sidekicks (1985-1985, 2 apps)"
"Charlie Crowe","United Kingdom of Great Britain and Ireland, United Kingdom",defender,2,"Newcastle United F.C. (1944-1956, 178 apps)  ->  Mansfield Town F.C. (1956-1957, 37 apps)"
"Charlie Freeman","United Kingdom of Great Britain and Ireland, United Kingdom","inside forward",4,"Burton Swifts F.C. (1906-1907, 31 apps)  ->  Fulham F.C. (1907-1908, 0 apps)  ->  Chelsea F.C. (1908-1921, 95 apps)  ->  Gillingham F.C. (1921-?, ? apps)"
"Charlie George","United Kingdom",forward,12,"Arsenal F.C. (1968-1975, 133 apps)  ->  Derby County F.C. (1975-1978, 106 apps)  ->  St. George Saints Football Club (1977-1977, 6 apps)  ->  Southampton F.C. (1978-1981, 44 apps)  ->  Minnesota Kicks (1978-1978, 18 apps)  ->  Nottingham Forest F.C. (1980-1980, 2 apps)  ->  Bulova SA (1981-1982, 7 apps)  ->  Derby County F.C. (1982-1982, 11 apps)  ->  Bulova SA (1982-1982, ? apps)  ->  AFC Bournemouth (1982-1982, 2 apps)  ->  Dundee United F.C. (1982-1983, 0 apps)  ->  Coventry City F.C. (1983-1983, 0 apps)"
"Charlie Handley","United Kingdom of Great Britain and Ireland, United Kingdom",forward,8,"Tottenham Hotspur F.C. (1921-1929, 121 apps)  ->  Swansea City A.F.C. (1929-1930, 19 apps)  ->  Sittingbourne F.C. (1930-1930, ? apps)  ->  Sheppey United F.C. (1930-1931, ? apps)  ->  Thames A.F.C. (1931-1932, 29 apps)  ->  Norwich City F.C. (1932-1932, 0 apps)  ->  Sittingbourne F.C. (1932-1932, ? apps)  ->  BSC Young Boys (1932-?, ? apps)"
"Charlie Jones","United Kingdom of Great Britain and Ireland, United Kingdom","wing half",5,"Cardiff City F.C. (1920-1921, 1 apps)  ->  Stockport County F.C. (1921-1923, 48 apps)  ->  Oldham Athletic A.F.C. (1923-1925, 68 apps)  ->  Nottingham Forest F.C. (1925-1928, 100 apps)  ->  Arsenal F.C. (1928-1934, 176 apps)"
"Charlie Mitten","United Kingdom of Great Britain and Ireland, United Kingdom",forward,4,"Manchester United F.C. (1946-1950, 142 apps)  ->  Independiente Santa Fe (1950-1951, 24 apps)  ->  Fulham F.C. (1951-1955, 154 apps)  ->  Mansfield Town F.C. (1955-1958, 100 apps)"
"Charlie Moore","United Kingdom of Great Britain and Ireland","defender, full-back",2,"Manchester United F.C. (1919-1921, 62 apps)  ->  Manchester United F.C. (1922-1930, 247 apps)"
"Charlie Nicholas","United Kingdom",forward,6,"Celtic F.C. (1980-1983, 74 apps)  ->  Arsenal F.C. (1983-1987, 151 apps)  ->  Aberdeen F.C. (1987-1990, 78 apps)  ->  Celtic F.C. (1990-1995, 114 apps)  ->  Clyde F.C. (1995-1996, 31 apps)  ->  Clyde F.C. (1996-1996, 145 apps)"
"Charlie Parry","United Kingdom of Great Britain and Ireland",defender,5,"Everton F.C. (1889-1895, 86 apps)  ->  Newtown A.F.C. (1895-1899, ? apps)  ->  Manchester City F.C. (1895-1895, 0 apps)  ->  Aberystwyth Town F.C. (1899-1900, 31 apps)  ->  Oswestry Town F.C. (1900-1906, ? apps)"
"Charlie Pringle","United Kingdom of Great Britain and Ireland, United Kingdom","wing half",1,"Manchester City F.C. (1922-1928, 197 apps)"
"Charlie Radford","United Kingdom of Great Britain and Ireland",defender,1,"Manchester United F.C. (1920-1924, 91 apps)"
"Charlie Rance","United Kingdom of Great Britain and Ireland, United Kingdom",defender,4,"Tottenham Hotspur F.C. (1910-1920, 103 apps)  ->  Derby County F.C. (1920-1921, 23 apps)  ->  Queens Park Rangers F.C. (1922-1923, 13 apps)  ->  Guildford City F.C. (1924-?, ? apps)"
"Charlie Roberts","United Kingdom of Great Britain and Ireland, United Kingdom","midfielder, centre-back",3,"Grimsby Town F.C. (1903-1904, 31 apps)  ->  Manchester United F.C. (1904-1913, 271 apps)  ->  Oldham Athletic A.F.C. (1913-1915, 72 apps)"
"Charlie Satterthwaite","United Kingdom of Great Britain and Ireland, United Kingdom",forward,6,"Bury F.C. (1896-1897, ? apps)  ->  Burton Swifts F.C. (1897-1899, ? apps)  ->  Liverpool F.C. (1899-1901, ? apps)  ->  Gillingham F.C. (1901-1903, ? apps)  ->  West Ham United F.C. (1903-1904, 32 apps)  ->  Arsenal F.C. (1904-1910, 129 apps)"
"Charlie Spencer","United Kingdom of Great Britain and Ireland, United Kingdom",defender,4,"Newcastle United F.C. (1921-1928, 161 apps)  ->  Manchester United F.C. (1928-1930, 46 apps)  ->  Tunbridge Wells F.C. (1930-1932, ? apps)  ->  Wigan Athletic F.C. (1932-1937, ? apps)"
"Charlie Walters","United Kingdom of Great Britain and Ireland, United Kingdom",centre-back,2,"Tottenham Hotspur F.C. (1919-1925, 106 apps)  ->  Fulham F.C. (1926-1927, 18 apps)"
"Charlie Williams","United Kingdom of Great Britain and Ireland, United Kingdom",goalkeeper,5,"Arsenal F.C. (1891-1894, 19 apps)  ->  Manchester City F.C. (1894-1902, 232 apps)  ->  Tottenham Hotspur F.C. (1902-1905, ? apps)  ->  Norwich City F.C. (1905-1906, 29 apps)  ->  Brentford F.C. (1906-1908, ? apps)"
"Charlie Wilson","United Kingdom of Great Britain and Ireland, United Kingdom","wing half",2,"Stockport County F.C. (1895-1897, ? apps)  ->  Liverpool F.C. (1897-1905, 84 apps)"
"Charlie Withers","United Kingdom of Great Britain and Ireland, United Kingdom",defender,2,"Tottenham Hotspur F.C. (1947-1955, 153 apps)  ->  Boston United F.C. (1958-1959, 46 apps)"
Chendo,Spain,full-back,1,"Real Madrid Club de Fútbol (1982-1998, 363 apps)"
Chinesinho,Brazil,forward,9,"Grêmio Esportivo Renner (1954-1954, 41 apps)  ->  S.C. Internacional (1955-1958, 74 apps)  ->  Sociedade Esportiva Palmeiras (1958-1962, 241 apps)  ->  Modena F.C. (1962-1963, 20 apps)  ->  Catania FC (1963-1965, 59 apps)  ->  Juventus FC (1965-1967, 85 apps)  ->  Vicenza Calcio (1967-1972, 90 apps)  ->  New York Cosmos (1972-1972, 1 apps)  ->  Nacional Atlético Clube (1973-1974, ? apps)"
"Chris Armstrong","United Kingdom",forward,6,"Wrexham A.F.C. (1989-1991, 60 apps)  ->  Millwall F.C. (1991-1992, 28 apps)  ->  Crystal Palace F.C. (1992-1995, 118 apps)  ->  Tottenham Hotspur F.C. (1995-2002, 141 apps)  ->  Bolton Wanderers F.C. (2002-2003, 0 apps)  ->  Wrexham A.F.C. (2003-2005, 59 apps)"
"Chris Garland","United Kingdom",forward,5,"Bristol City F.C. (1966-1971, 143 apps)  ->  Chelsea F.C. (1971-1974, 92 apps)  ->  Leicester City F.C. (1974-1976, 55 apps)  ->  Bristol City F.C. (1976-1983, 64 apps)  ->  Västerås SK Fotboll (1981-1981, 13 apps)"
"Chris Hughton","United Kingdom",full-back,3,"Tottenham Hotspur F.C. (1977-1990, 297 apps)  ->  West Ham United F.C. (1990-1992, 32 apps)  ->  Brentford F.C. (1992-1993, 32 apps)"
"Chris Hutchings","United Kingdom",defender,5,"Chelsea F.C. (1980-1983, 87 apps)  ->  Brighton & Hove Albion F.C. (1983-1987, 153 apps)  ->  Huddersfield Town A.F.C. (1987-1990, 110 apps)  ->  Walsall F.C. (1990-1991, 40 apps)  ->  Rotherham United F.C. (1991-1994, 78 apps)"
"Chris Jones","United Kingdom",forward,5,"Tottenham Hotspur F.C. (1973-1982, 164 apps)  ->  Manchester City F.C. (1982-1982, 3 apps)  ->  Crystal Palace F.C. (1982-1983, 18 apps)  ->  Charlton Athletic F.C. (1983-1984, 23 apps)  ->  Leyton Orient F.C. (1984-1986, 107 apps)"
"Chris Lawler","United Kingdom",full-back,6,"Liverpool F.C. (1960-1975, 406 apps)  ->  Portsmouth F.C. (1975-1977, 36 apps)  ->  Miami Toros (1976-1976, 21 apps)  ->  Stockport County F.C. (1977-1978, 36 apps)  ->  Bangor City F.C. (1978-1978, 20 apps)  ->  IK Grand Bodø (1981-1981, ? apps)"
"Chris Perry","United Kingdom",centre-back,6,"Wimbledon F.C. (1991-1999, 167 apps)  ->  Tottenham Hotspur F.C. (1999-2003, 120 apps)  ->  Charlton Athletic F.C. (2003-2003, 8 apps)  ->  West Bromwich Albion F.C. (2006-2007, 23 apps)  ->  Luton Town F.C. (2007-2008, 35 apps)  ->  Southampton F.C. (2008-2008, 6 apps)"
"Chris Smalling","United Kingdom",centre-back,6,"Maidstone United F.C. (2007-2008, 11 apps)  ->  Fulham F.C. (2008-2010, 13 apps)  ->  Manchester United F.C. (2010-2020, 206 apps)  ->  AS Roma (2019-2020, 30 apps)  ->  AS Roma (2020-2024, 83 apps)  ->  Al-Feiha FC (2024-?, 39 apps)"
"Chris Waddle","United Kingdom","wing half",15,"Tow Law Town A.F.C. (1978-1980, ? apps)  ->  Newcastle United F.C. (1982-1985, ? apps)  ->  Tottenham Hotspur F.C. (1985-1989, 138 apps)  ->  Olympique de Marseille (1989-1992, 107 apps)  ->  Sheffield Wednesday F.C. (1992-1996, 109 apps)  ->  Bradford City A.F.C. (1996-1997, 25 apps)  ->  Falkirk F.C. (1996-1996, 4 apps)  ->  Sunderland A.F.C. (1997-1997, 7 apps)  ->  Falkirk F.C. (1997-1997, 4 apps)  ->  Burnley F.C. (1997-1998, 32 apps)  ->  Torquay United F.C. (1998-1999, 7 apps)  ->  Worksop Town F.C. (2000-2002, 60 apps)  ->  Stocksbridge Park Steels F.C. (2002-2002, 1 apps)  ->  Glapwell F.C. (2002-2002, 2 apps)  ->  Hallam F.C. (2013-?, ? apps)"
"Chris Whyte","United Kingdom",centre-back,18,"Arsenal F.C. (1978-1986, 90 apps)  ->  Crystal Palace F.C. (1984-1985, 13 apps)  ->  New York Express (1986-1987, 26 apps)  ->  Los Angeles Lazers (1987-1988, 77 apps)  ->  West Bromwich Albion F.C. (1988-1990, 84 apps)  ->  Leeds United F.C. (1990-1993, 113 apps)  ->  Birmingham City F.C. (1993-1996, 68 apps)  ->  Coventry City F.C. (1995-1995, 1 apps)  ->  Detroit Safari (1996-1996, 4 apps)  ->  Charlton Athletic F.C. (1996-1996, 11 apps)  ->  West Ham United F.C. (1996-1996, 0 apps)  ->  Rushden & Diamonds F.C. (1997-1999, 53 apps)  ->  Oxford United F.C. (1997-1997, 10 apps)  ->  Leyton Orient F.C. (1997-1997, 1 apps)  ->  Detroit Safari (1997-1997, 12 apps)  ->  Harlow Town F.C. (1999-2000, 34 apps)  ->  Raleigh Express (1999-1999, 7 apps)  ->  Hyvinkään Palloseura (2000-2000, 10 apps)"
"Christian Abbiati",Italy,goalkeeper,7,"AC Monza (1994-1998, 52 apps)  ->  Borgosesia Calcio (1995-1996, 29 apps)  ->  AC Milan (1998-2005, 110 apps)  ->  Juventus FC (2005-2006, 19 apps)  ->  Torino FC (2006-2007, 36 apps)  ->  Atlético Madrid (2007-2008, 21 apps)  ->  AC Milan (2008-2016, 171 apps)"
"Christian Atsu",Ghana,"midfielder, wing half",10,"Rio Ave F.C. (2011-2012, 27 apps)  ->  FC Porto (2011-2013, 17 apps)  ->  SBV Vitesse (2013-2014, 28 apps)  ->  Chelsea F.C. (2013-2013, ? apps)  ->  Everton F.C. (2014-2015, 5 apps)  ->  AFC Bournemouth (2015-2016, 2 apps)  ->  Málaga CF (2016-2023, ? apps)  ->  Newcastle United F.C. (2016-2021, 107 apps)  ->  Al-Raed FC (2021-2022, 8 apps)  ->  Hatayspor (2022-2023, 3 apps)"
"Christian Eriksen","Kingdom of Denmark","attacking midfielder",8,"Middelfart Boldklub (1995-2005, ? apps)  ->  Odense Boldklub (2005-2008, ? apps)  ->  AFC Ajax (2010-2013, 113 apps)  ->  Tottenham Hotspur F.C. (2013-2020, 226 apps)  ->  Inter Milan (2020-2021, 43 apps)  ->  Manchester United F.C. (2022-2025, 73 apps)  ->  Brentford F.C. (2022-2022, 11 apps)  ->  VfL Wolfsburg (2025-?, 31 apps)"
"Christian Giménez","Argentina, Mexico","wing half",7,"Club Atlético Independiente (2003-2004, 33 apps)  ->  Unión de Santa Fe (2003-2003, 16 apps)  ->  Tiburones Rojos de Veracruz (2004-2005, 34 apps)  ->  Club América (2005-2006, 34 apps)  ->  Real Madrid Club de Fútbol (2006-2009, 127 apps)  ->  CF Pachuca (2006-2009, 127 apps)  ->  Cruz Azul (2010-?, ? apps)"
"Christian Maggio",Italy,"midfielder, defender",8,"LR Vicenza (2000-2003, 38 apps)  ->  ACF Fiorentina (2003-2006, 56 apps)  ->  U.C. Sampdoria (2006-2008, 60 apps)  ->  Treviso F.B.C. 1993 (2006-2006, 11 apps)  ->  SSC Napoli (2008-2018, 233 apps)  ->  Benevento Calcio (2018-2021, 58 apps)  ->  US Lecce (2021-2021, 17 apps)  ->  LR Vicenza (2022-2022, 12 apps)"
"Christian Nerlinger",Germany,midfielder,4,"FC Bayern Munich (1992-1998, 156 apps)  ->  Borussia Dortmund (1998-2001, 59 apps)  ->  Rangers F.C. (2001-2004, 25 apps)  ->  1. FC Kaiserslautern (2004-2006, 9 apps)"
"Christian Panucci",Italy,defender,8,"Genoa CFC (1991-1993, 31 apps)  ->  AC Milan (1993-1997, 89 apps)  ->  Real Madrid Club de Fútbol (1997-1999, 73 apps)  ->  Inter Milan (1999-2001, 26 apps)  ->  Chelsea F.C. (2000-2001, 8 apps)  ->  AS Monaco FC (2001-2001, 14 apps)  ->  AS Roma (2001-2009, 229 apps)  ->  Parma Calcio 1913 (2009-2010, 19 apps)"
"Christian Pulisic","Croatia, United States",midfielder,4,"Borussia Dortmund (2016-2019, 81 apps)  ->  Borussia Dortmund (2019-2019, 9 apps)  ->  Chelsea F.C. (2019-2023, 98 apps)  ->  AC Milan (2023-?, 99 apps)"
"Christian Vieri",Italy,forward,15,"A.C. Prato (1989-1990, 0 apps)  ->  Torino FC (1991-1992, 7 apps)  ->  Pisa SC (1992-1993, 18 apps)  ->  S.C. Ravenna Sport (1993-1994, 32 apps)  ->  Venezia F.C. (1994-1995, 29 apps)  ->  Atalanta BC (1995-1996, 21 apps)  ->  Juventus FC (1996-1997, 23 apps)  ->  Atlético Madrid (1997-1998, 24 apps)  ->  SS Lazio (1998-1999, 22 apps)  ->  Inter Milan (1999-2005, 143 apps)  ->  AC Milan (2005-2006, 8 apps)  ->  Atalanta BC (2006-2007, 7 apps)  ->  AS Monaco FC (2006-2006, 7 apps)  ->  ACF Fiorentina (2007-2008, 26 apps)  ->  Atalanta BC (2008-2009, 9 apps)"
"Christian Wörns",Germany,centre-back,4,"SV Waldhof Mannheim (1989-1991, 52 apps)  ->  Bayer 04 Leverkusen (1991-1998, 211 apps)  ->  Paris Saint-Germain FC (1998-1999, 28 apps)  ->  Borussia Dortmund (1999-2008, 240 apps)"
"Christian Ziege",Germany,"full-back, left midfielder",6,"FC Bayern Munich (1990-1997, 185 apps)  ->  AC Milan (1997-1999, 39 apps)  ->  Middlesbrough F.C. (1999-2000, 29 apps)  ->  Liverpool F.C. (2000-2001, 16 apps)  ->  Tottenham Hotspur F.C. (2001-2004, 47 apps)  ->  Borussia Mönchengladbach (2004-2006, 13 apps)"
"Christofer Gonzáles",Peru,midfielder,2,"Club Universitario de Deportes (2012-2015, 84 apps)  ->  Club Social y Deportivo Colo Colo (2015-?, ? apps)"
"Christoph Metzelder",Germany,centre-back,4,"SC Preußen Münster (1999-2000, 32 apps)  ->  Borussia Dortmund (2000-2007, 126 apps)  ->  Real Madrid Club de Fútbol (2007-2010, 23 apps)  ->  Schalke 04 (2010-2013, 52 apps)"
"Ciaran Clark","United Kingdom, Ireland",centre-back,4,"Aston Villa F.C. (2009-2016, 134 apps)  ->  Newcastle United F.C. (2016-2023, 114 apps)  ->  Sheffield United F.C. (2022-2023, 10 apps)  ->  Stoke City F.C. (2023-2024, 3 apps)"
"Ciril Amorós Bohem",Spain,,4,"Racing de Madrid (1918-1921, ? apps)  ->  SC Victoria Hamburg (1921-1925, ? apps)  ->  Valencia CF (1925-1934, 287 apps)  ->  RCD Espanyol de Barcelona (1925-1925, ? apps)"
"Ciro Ferrara",Italy,"centre-back, defender",2,"SSC Napoli (1984-1994, 247 apps)  ->  Juventus FC (1994-2005, 253 apps)"
"Clarence Seedorf","Kingdom of the Netherlands","wing half",6,"AFC Ajax (1992-1995, 65 apps)  ->  U.C. Sampdoria (1995-1996, 32 apps)  ->  Real Madrid Club de Fútbol (1996-1999, 121 apps)  ->  Inter Milan (2000-2003, 64 apps)  ->  AC Milan (2002-2011, 300 apps)  ->  Botafogo F.R. (2012-2014, 58 apps)"
"Claude Makelélé","Democratic Republic of the Congo, France","defensive midfielder",7,"Stade Brestois 29 (1990-1991, 12 apps)  ->  FC Nantes (1991-1997, 169 apps)  ->  Olympique de Marseille (1997-1998, 32 apps)  ->  RC Celta de Vigo (1998-2000, 70 apps)  ->  Real Madrid Club de Fútbol (2000-2003, 94 apps)  ->  Chelsea F.C. (2003-2008, 144 apps)  ->  Paris Saint-Germain FC (2008-2011, 98 apps)"
"Claudio Bandoni",Italy,goalkeeper,12,"Inter Milan (1957-1959, ? apps)  ->  Parma Calcio 1913 (1959-1960, 37 apps)  ->  Unione Sportiva Catanzaro (1960-1961, 38 apps)  ->  SSC Bari (1961-1962, 13 apps)  ->  Palermo F.C. (1962-1964, 55 apps)  ->  SSC Napoli (1964-1967, 106 apps)  ->  Mantova 1911 (1967-1968, 19 apps)  ->  ACF Fiorentina (1968-1971, 15 apps)  ->  SS Lazio (1971-1972, 36 apps)  ->  Unione Sportiva Catanzaro (1972-1973, 34 apps)  ->  U.C. Sampdoria (1973-1975, ? apps)  ->  Mantova 1911 (1975-1976, 6 apps)"
"Claudio Bellucci",Italy,forward,8,"U.C. Sampdoria (1993-1996, 39 apps)  ->  US Fiorenzuola 1922 (1994-1995, 7 apps)  ->  Venezia F.C. (1996-1997, 33 apps)  ->  SSC Napoli (1997-2001, 91 apps)  ->  Bologna F.C. 1909 (2001-2007, 184 apps)  ->  U.C. Sampdoria (2007-2010, 59 apps)  ->  Modena F.C. (2010-2011, 16 apps)  ->  US Livorno 1915 (2010-2010, 14 apps)"
"Claudio Garella",Italy,goalkeeper,9,"Torino FC (1972-1973, 1 apps)  ->  Casale FBC (1973-1975, 68 apps)  ->  Novara Calcio (1975-1976, 38 apps)  ->  SS Lazio (1976-1978, 29 apps)  ->  U.C. Sampdoria (1978-1981, 113 apps)  ->  Hellas Verona FC (1981-1985, 119 apps)  ->  SSC Napoli (1985-1988, 88 apps)  ->  Udinese Calcio (1988-1990, 63 apps)  ->  U.S. Avellino 1912 (1990-1991, 2 apps)"
"Claudio Gentile",Italy,defender,5,"Arona Calcio (1971-1972, 34 apps)  ->  Varese Calcio (1972-1973, 34 apps)  ->  Juventus FC (1973-1984, 283 apps)  ->  ACF Fiorentina (1984-1987, 70 apps)  ->  Piacenza Calcio (1987-1988, 20 apps)"
"Claudio López",Argentina,"wing half",8,"Estudiantes de La Plata (1990-1992, 39 apps)  ->  Racing Club (1992-1996, 116 apps)  ->  Valencia CF (1996-2000, 126 apps)  ->  SS Lazio (2000-2004, 106 apps)  ->  Club América (2004-2007, 87 apps)  ->  Racing Club (2007-2008, 34 apps)  ->  Sporting Kansas City (2008-2009, 57 apps)  ->  Colorado Rapids (2010-2011, 2 apps)"
"Claudio Marchisio",Italy,midfielder,3,"Juventus FC (2005-2018, 294 apps)  ->  Empoli FC (2007-2008, 26 apps)  ->  FC Zenit Saint Petersburg (2018-2019, 9 apps)"
"Claudio Matteini","Kingdom of Italy, Italy",midfielder,4,"Alba Roma 1907 (1939-1942, ? apps)  ->  AS Roma (1942-1947, 81 apps)  ->  Ternana Calcio (1947-1949, 20 apps)  ->  Savoia 1908 FC (1949-1950, 28 apps)"
"Claudio Pellegrini",Italy,forward,12,"Torino FC (1971-1974, ? apps)  ->  Novara Calcio (1974-1974, ? apps)  ->  Casale FBC (1974-1975, 27 apps)  ->  A.S.D. Barletta 1922 (1975-1975, 24 apps)  ->  Novara Calcio (1975-1975, ? apps)  ->  Udinese Calcio (1976-1978, 71 apps)  ->  SSC Napoli (1978-1979, 24 apps)  ->  U.S. Avellino 1912 (1979-1980, 28 apps)  ->  SSC Napoli (1980-1984, 117 apps)  ->  ACF Fiorentina (1984-1985, 13 apps)  ->  Palermo F.C. (1985-1986, 23 apps)  ->  A.S.D. Real S.M. Hyria Nola 2012 (1986-1987, 12 apps)"
"Claudio Pizarro","Peru, Germany, Italy",forward,11,"Deportivo Wanka (1996-1997, 41 apps)  ->  Club Alianza Lima (1997-1999, 44 apps)  ->  SV Werder Bremen (1999-2020, 56 apps)  ->  FC Bayern Munich (2001-2007, 174 apps)  ->  Chelsea F.C. (2007-2009, 21 apps)  ->  SV Werder Bremen (2008-2009, 26 apps)  ->  SV Werder Bremen (2009-2012, 77 apps)  ->  FC Bayern Munich (2012-2015, 50 apps)  ->  SV Werder Bremen (2015-2017, 47 apps)  ->  1. FC Köln (2017-2018, 16 apps)  ->  SV Werder Bremen (2018-2020, 44 apps)"
"Claudio Reyna","United States",midfielder,6,"Bayer 04 Leverkusen (1994-1999, 26 apps)  ->  VfL Wolfsburg (1997-1999, 48 apps)  ->  Rangers F.C. (1999-2001, 64 apps)  ->  Sunderland A.F.C. (2001-2003, 28 apps)  ->  Manchester City F.C. (2003-2007, 87 apps)  ->  Red Bull New York (2007-2008, 29 apps)"
"Claudio Vinazzani",Italy,midfielder,6,"S.S.D. Massese (1971-1972, 1 apps)  ->  Carrarese Calcio (1972-1973, 24 apps)  ->  U.S. Olbia 1905 (1973-1974, 31 apps)  ->  S.S.D. Massese (1974-1976, 68 apps)  ->  SSC Napoli (1976-1983, 188 apps)  ->  SS Lazio (1983-1986, 72 apps)"
"Clayton Blackmore","United Kingdom",full-back,9,"Manchester United F.C. (1982-1994, 186 apps)  ->  Middlesbrough F.C. (1994-1999, 53 apps)  ->  Bristol City F.C. (1996-1996, 5 apps)  ->  Notts County F.C. (1999-2000, 21 apps)  ->  Barnsley F.C. (1999-1999, 7 apps)  ->  Bangor City F.C. (2000-2006, 176 apps)  ->  Leigh Genesis F.C. (2000-2000, 1 apps)  ->  Porthmadog F.C. (2006-2007, 18 apps)  ->  Neath F.C. (2007-2010, 22 apps)"
"Clemente Fernández López",Spain,defender,5,"CD Betis San Isidro-Progreso (1939-1940, ? apps)  ->  CD Betis San Isidro-Progreso (1940-1942, ? apps)  ->  Real Madrid Club de Fútbol (1942-1952, 109 apps)  ->  Hércules CF (1943-1944, ? apps)  ->  Deportivo de La Coruña (1952-1953, 10 apps)"
"Clemente Villaverde Huelga",Spain,defender,3,"Atlético Madrid B (1978-1982, 40 apps)  ->  Atlético Madrid (1981-1987, 102 apps)  ->  CD Málaga (1987-1990, 89 apps)"
"Cliff Bastin","United Kingdom","midfielder, wing half",2,"Exeter City F.C. (1928-1929, 17 apps)  ->  Arsenal F.C. (1929-1947, 350 apps)"
"Cliff Britton","United Kingdom of Great Britain and Ireland, United Kingdom","wing half",5,"Bristol Rovers F.C. (1926-1930, 50 apps)  ->  Everton F.C. (1930-1938, 221 apps)  ->  Burnley F.C. (1938-1945, 0 apps)  ->  Everton F.C. (1940-1944, ? apps)  ->  Liverpool F.C. (1940-1940, 1 apps)"
"Cliff Holton","United Kingdom",forward,8,"Arsenal F.C. (1947-1958, 198 apps)  ->  London XI (1955-1957, 3 apps)  ->  Watford F.C. (1958-1961, 120 apps)  ->  Northampton Town F.C. (1961-1962, 62 apps)  ->  Crystal Palace F.C. (1962-1965, 101 apps)  ->  Watford F.C. (1965-1966, 24 apps)  ->  Leyton Orient F.C. (1966-1968, 47 apps)  ->  Charlton Athletic F.C. (1966-1966, 18 apps)"
"Cliff Jones","United Kingdom","midfielder, wing half",4,"Swansea City A.F.C. (1952-1958, 168 apps)  ->  Tottenham Hotspur F.C. (1958-1968, 318 apps)  ->  Fulham F.C. (1968-1970, 25 apps)  ->  King's Lynn F.C. (1970-1971, ? apps)"
"Cliff Sear","United Kingdom",full-back,2,"Manchester City F.C. (1957-1968, 248 apps)  ->  Chester City F.C. (1969-1970, 49 apps)"
"Clive Allen","United Kingdom",forward,11,"Queens Park Rangers F.C. (1978-1980, 49 apps)  ->  Arsenal F.C. (1980-1980, 0 apps)  ->  Crystal Palace F.C. (1980-1981, 25 apps)  ->  Queens Park Rangers F.C. (1981-1984, 87 apps)  ->  Tottenham Hotspur F.C. (1984-1988, 105 apps)  ->  FC Girondins de Bordeaux (1988-1989, 19 apps)  ->  Manchester City F.C. (1989-1991, 53 apps)  ->  Chelsea F.C. (1991-1992, 16 apps)  ->  West Ham United F.C. (1992-1994, 38 apps)  ->  Millwall F.C. (1994-1995, 12 apps)  ->  Carlisle United F.C. (1995-1995, 3 apps)"
"Clive Walker","United Kingdom",forward,8,"Chelsea F.C. (1976-1984, 198 apps)  ->  Fort Lauderdale Strikers (1979-1979, 22 apps)  ->  Sunderland A.F.C. (1984-1986, 50 apps)  ->  Queens Park Rangers F.C. (1986-1987, 21 apps)  ->  Fulham F.C. (1987-1990, 109 apps)  ->  Brighton & Hove Albion F.C. (1990-1993, 106 apps)  ->  Woking F.C. (1993-1997, 203 apps)  ->  Cheltenham Town F.C. (1997-1999, 56 apps)"
"Clive Wilson","United Kingdom",defender,7,"Manchester City F.C. (1979-1987, 98 apps)  ->  Chester City F.C. (1982-1982, 21 apps)  ->  Manchester City F.C. (1987-1987, 11 apps)  ->  Chelsea F.C. (1987-1990, 81 apps)  ->  Queens Park Rangers F.C. (1990-1995, 173 apps)  ->  Tottenham Hotspur F.C. (1995-1999, 70 apps)  ->  Cambridge United F.C. (1999-2000, 27 apps)"
"Clément Lenglet",France,centre-back,6,"A.S. Nancy-Lorraine (2013-2017, 77 apps)  ->  Sevilla FC (2017-2018, 52 apps)  ->  Tottenham Hotspur F.C. (2022-2023, 26 apps)  ->  Aston Villa F.C. (2023-2024, 14 apps)  ->  Atlético Madrid (2024-2025, 23 apps)  ->  Atlético Madrid (2025-?, 0 apps)"
"Cody Gakpo","Kingdom of the Netherlands","centre-forward, left winger",3,"Jong PSV (2016-2019, 26 apps)  ->  PSV Eindhoven (2018-2023, 106 apps)  ->  Liverpool F.C. (2023-?, 127 apps)"
"Cole Palmer","United Kingdom","winger, attacking midfielder",2,"Manchester City F.C. (2020-2023, 19 apps)  ->  Chelsea F.C. (2023-?, 93 apps)"
"Colin Bell","United Kingdom",midfielder,3,"Bury F.C. (1963-1966, 82 apps)  ->  Manchester City F.C. (1966-1979, 394 apps)  ->  San Jose Earthquakes (1980-1980, 5 apps)"
"Colin Calderwood","United Kingdom",defender,6,"Mansfield Town F.C. (1982-1985, 100 apps)  ->  Swindon Town F.C. (1985-1993, 330 apps)  ->  Tottenham Hotspur F.C. (1993-1999, 162 apps)  ->  Aston Villa F.C. (1999-2000, 26 apps)  ->  Nottingham Forest F.C. (2000-2001, 8 apps)  ->  Notts County F.C. (2001-2001, 5 apps)"
"Colin Harvey","United Kingdom",midfielder,2,"Everton F.C. (1963-1974, 320 apps)  ->  Sheffield Wednesday F.C. (1974-1976, 45 apps)"
"Colin Lee","United Kingdom",midfielder,6,"Bristol City F.C. (1974-1977, 0 apps)  ->  Hereford United F.C. (1974-1975, 9 apps)  ->  Torquay United F.C. (1977-1977, 35 apps)  ->  Tottenham Hotspur F.C. (1977-1980, 62 apps)  ->  Chelsea F.C. (1980-1987, 185 apps)  ->  Brentford F.C. (1987-1989, 24 apps)"
"Colin Pates","United Kingdom",centre-back,7,"Chelsea F.C. (1979-1988, 281 apps)  ->  Charlton Athletic F.C. (1988-1990, 38 apps)  ->  Arsenal F.C. (1990-1993, 21 apps)  ->  Brighton & Hove Albion F.C. (1990-1991, 17 apps)  ->  Brighton & Hove Albion F.C. (1993-1995, 50 apps)  ->  Crawley Town F.C. (1995-1996, 50 apps)  ->  Romford F.C. (1997-1997, 4 apps)"
"Colin Veitch","United Kingdom of Great Britain and Ireland, United Kingdom",defender,1,"Newcastle United F.C. (1899-1914, 322 apps)"
"Conny Torstensson",Sweden,forward,4,"Åtvidabergs FF (1967-1973, 50 apps)  ->  FC Bayern Munich (1973-1977, 81 apps)  ->  FC Zürich (1977-1978, 24 apps)  ->  Åtvidabergs FF (1978-1980, 49 apps)"
"Corrado Contin","Kingdom of Italy, Italy",defender,4,"SS Lazio (1942-1943, ? apps)  ->  AS Roma (1945-1950, 86 apps)  ->  Unión Magdalena (1952-1952, 23 apps)  ->  A.C. Cuneo 1905 Olmo (1953-1956, ? apps)"
"Cosimo Muci","Kingdom of Italy, Italy",forward,5,"Novara Calcio (1939-1945, 87 apps)  ->  Inter Milan (1945-1948, 86 apps)  ->  Vicenza Calcio (1948-1950, 79 apps)  ->  Aurora Pro Patria 1919 (1950-1951, 9 apps)  ->  A.C. Palazzolo 1913 (1951-1955, ? apps)"
"Costanzo Celestini",Italy,midfielder,8,"SSC Napoli (1979-1981, 13 apps)  ->  Unione Sportiva Catanzaro (1981-1982, 20 apps)  ->  SSC Napoli (1982-1987, 104 apps)  ->  Ascoli Calcio 1898 FC (1987-1988, 19 apps)  ->  U.S. Avellino 1912 (1988-1992, 118 apps)  ->  Pisa SC (1988-1988, 4 apps)  ->  Città di Acireale 1946 (1992-1993, 8 apps)  ->  S.S. Juve Stabia (1993-1995, 38 apps)"
"Craig Bellamy","United Kingdom",forward,11,"Norwich City F.C. (1996-2000, 84 apps)  ->  Coventry City F.C. (2000-2001, 34 apps)  ->  Newcastle United F.C. (2001-2005, 93 apps)  ->  Celtic F.C. (2005-2005, 12 apps)  ->  Blackburn Rovers F.C. (2005-2006, 27 apps)  ->  Liverpool F.C. (2006-2007, 27 apps)  ->  West Ham United F.C. (2007-2009, 24 apps)  ->  Manchester City F.C. (2009-2011, 40 apps)  ->  Cardiff City F.C. (2010-2011, 35 apps)  ->  Liverpool F.C. (2011-2012, 24 apps)  ->  Cardiff City F.C. (2012-2014, 55 apps)"
"Craig Burley","United Kingdom",midfielder,6,"Chelsea F.C. (1989-1997, 113 apps)  ->  Celtic F.C. (1997-1999, 64 apps)  ->  Derby County F.C. (1999-2003, 73 apps)  ->  Dundee F.C. (2003-2003, 2 apps)  ->  Preston North End F.C. (2004-2004, 4 apps)  ->  Walsall F.C. (2004-2004, 5 apps)"
"Craig Johnston","Australia, United Kingdom","midfielder, wing half",4,"Middlesbrough F.C. (1977-1981, 64 apps)  ->  Newcastle KB United (1978-1978, 9 apps)  ->  Liverpool F.C. (1981-1988, 190 apps)  ->  Newcastle KB United (1982-1982, 4 apps)"
"Craig Short","United Kingdom",defender,7,"Scarborough F.C. (1987-1989, 63 apps)  ->  Notts County F.C. (1989-1992, 128 apps)  ->  Derby County F.C. (1992-1995, 118 apps)  ->  Everton F.C. (1995-1999, 99 apps)  ->  Blackburn Rovers F.C. (1999-2005, 134 apps)  ->  Sheffield United F.C. (2005-2007, 23 apps)  ->  Ferencvárosi TC (2008-2008, 0 apps)"
"Cristhian Mosquera",Spain,centre-back,3,"Valencia CF (2021-2025, 82 apps)  ->  Valencia CF Mestalla (2022-2023, 10 apps)  ->  Arsenal F.C. (2025-?, 0 apps)"
"Cristian Brocchi",Italy,midfielder,8,"AC Milan (1994-1998, 0 apps)  ->  Pro Sesto 1913 (1995-1997, 57 apps)  ->  A.C. Lumezzane (1997-1998, 30 apps)  ->  Hellas Verona FC (1998-2000, 59 apps)  ->  Inter Milan (2000-2001, 15 apps)  ->  AC Milan (2001-2008, 99 apps)  ->  ACF Fiorentina (2005-2006, 35 apps)  ->  SS Lazio (2008-2013, 111 apps)"
"Cristian Chivu",Romania,centre-back,5,"CSM Reșița (1996-1998, 24 apps)  ->  FC U Craiova 1948 (1998-1999, 32 apps)  ->  AFC Ajax (1999-2003, 107 apps)  ->  AS Roma (2003-2007, 85 apps)  ->  Inter Milan (2007-2014, 115 apps)"
"Cristian Romero",Argentina,defender,7,"Genoa CFC (2018-2019, 27 apps)  ->  Genoa CFC (2019-2020, 30 apps)  ->  Juventus FC (2019-2021, 0 apps)  ->  Atalanta BC (2020-2021, 31 apps)  ->  Tottenham Hotspur F.C. (2021-2022, 22 apps)  ->  Atalanta BC (2021-2022, 0 apps)  ->  Tottenham Hotspur F.C. (2022-?, 101 apps)"
"Cristiano Ronaldo",Portugal,"forward, wing half",6,"Sporting CP (2002-2003, 25 apps)  ->  Manchester United F.C. (2003-2009, 196 apps)  ->  Real Madrid Club de Fútbol (2009-2018, 292 apps)  ->  Juventus FC (2018-2021, 98 apps)  ->  Manchester United F.C. (2021-2022, 40 apps)  ->  Al-Nassr (2023-?, 86 apps)"
"Cristiano Zanetti",Italy,midfielder,11,"Inter Milan (1990-1999, 0 apps)  ->  ACF Fiorentina (1993-1996, 4 apps)  ->  Venezia F.C. (1996-1997, 21 apps)  ->  A.C. Reggiana 1919 (1997-1998, 31 apps)  ->  Cagliari Calcio (1998-1999, 18 apps)  ->  Inter Milan (1998-1998, 0 apps)  ->  AS Roma (1999-2001, 38 apps)  ->  Inter Milan (2001-2006, 99 apps)  ->  Juventus FC (2006-2009, 63 apps)  ->  ACF Fiorentina (2009-2011, 29 apps)  ->  Brescia Calcio (2011-2012, 8 apps)"
"Cristián Zapata",Colombia,centre-back,9,"Deportivo Cali (2004-2005, 17 apps)  ->  Udinese Calcio (2005-2011, 168 apps)  ->  Villarreal CF (2011-2013, 28 apps)  ->  AC Milan (2012-2013, 23 apps)  ->  AC Milan (2013-2019, 88 apps)  ->  Genoa CFC (2019-2021, 32 apps)  ->  Atlético Nacional (2023-2023, 38 apps)  ->  E.C. Vitória (2024-2024, 2 apps)  ->  Atlético Bucaramanga (2024-2025, 15 apps)"
"Curro Torres",Spain,defender,7,"UDA Gramenet (1995-1997, 53 apps)  ->  Valencia CF Mestalla (1997-1999, 65 apps)  ->  Valencia CF (1999-2009, 117 apps)  ->  Recreativo de Huelva (1999-2000, 37 apps)  ->  C.D. Tenerife (2000-2001, 39 apps)  ->  Real Murcia (2007-2008, 2 apps)  ->  Gimnàstic de Tarragona (2009-2011, 0 apps)"
Curta,Spain,defender,1,"Girona FC (1939-1942, ? apps)"
"Curtis Jones","United Kingdom",midfielder,1,"Liverpool F.C. (2018-?, 122 apps)"
"Cyril Done","United Kingdom of Great Britain and Ireland, United Kingdom",forward,5,"Liverpool F.C. (1938-1952, 93 apps)  ->  Tranmere Rovers F.C. (1952-1954, 87 apps)  ->  Port Vale F.C. (1954-1957, 52 apps)  ->  Winsford United F.C. (1957-1959, ? apps)  ->  Skelmersdale United F.C. (1959-1962, ? apps)"
"Cyril Knowles","United Kingdom",full-back,2,"Middlesbrough F.C. (1963-1964, 39 apps)  ->  Tottenham Hotspur F.C. (1964-1976, 402 apps)"
"Cyril Spiers","United Kingdom of Great Britain and Ireland, United Kingdom",goalkeeper,2,"Aston Villa F.C. (1920-1927, 104 apps)  ->  Tottenham Hotspur F.C. (1927-1933, 169 apps)"
"César Azpilicueta",Spain,"centre-back, full-back",7,"Club Atlético Osasuna (2001-2006, ? apps)  ->  Osasuna B (2006-2007, 27 apps)  ->  Club Atlético Osasuna (2007-2010, 99 apps)  ->  Olympique de Marseille (2010-2012, 47 apps)  ->  Chelsea F.C. (2012-2023, 349 apps)  ->  Atlético Madrid (2023-2025, 39 apps)  ->  Sevilla FC (2025-2026, 16 apps)"
"César Rodríguez Álvarez",Spain,forward,6,"Granada CF (1940-1942, 24 apps)  ->  Q582342 (1954-1955, 15 apps)  ->  Q582342 (1955-1956, 15 apps)  ->  CD Condal (1955-1955, 9 apps)  ->  Perpignan FC (1956-1957, 13 apps)  ->  Elche CF (1957-1960, 80 apps)"
"Dai Davies","United Kingdom",goalkeeper,8,"Swansea City A.F.C. (1969-1970, 9 apps)  ->  Everton F.C. (1970-1977, 82 apps)  ->  Swansea City A.F.C. (1974-1974, 6 apps)  ->  Wrexham A.F.C. (1977-1981, 144 apps)  ->  Swansea City A.F.C. (1981-1983, 71 apps)  ->  Tranmere Rovers F.C. (1983-1984, 42 apps)  ->  Bangor City F.C. (1985-1985, ? apps)  ->  Wrexham A.F.C. (1986-1986, 0 apps)"
"Daley Blind","Kingdom of the Netherlands","midfielder, defender, full-back",6,"AFC Ajax (2008-2014, 102 apps)  ->  FC Groningen (2010-2010, 17 apps)  ->  Manchester United F.C. (2014-2018, 90 apps)  ->  AFC Ajax (2018-2023, 124 apps)  ->  FC Bayern Munich (2023-2023, 4 apps)  ->  Girona FC (2023-?, 80 apps)"
"Damiano Tommasi",Italy,midfielder,6,"Hellas Verona FC (1993-1996, 77 apps)  ->  AS Roma (1996-2006, 262 apps)  ->  Levante UD (2006-2008, 44 apps)  ->  Queens Park Rangers F.C. (2008-2008, 7 apps)  ->  Tianjin Jinmen Tiger F.C. (2009-2009, 29 apps)  ->  S.P. La Fiorita (2015-2015, 1 apps)"
"Damien Duff",Ireland,"wing half",6,"Blackburn Rovers F.C. (1996-2003, 185 apps)  ->  Chelsea F.C. (2003-2006, 81 apps)  ->  Newcastle United F.C. (2006-2009, 69 apps)  ->  Fulham F.C. (2009-2014, 130 apps)  ->  Melbourne City FC (2014-2015, 15 apps)  ->  Shamrock Rovers F.C. (2015-2015, 9 apps)"
"Dan Burn","United Kingdom",defender,7,"Darlington F.C. (2009-2011, 14 apps)  ->  Fulham F.C. (2011-2016, 61 apps)  ->  Yeovil Town F.C. (2012-2013, 34 apps)  ->  Birmingham City F.C. (2013-2014, 24 apps)  ->  Wigan Athletic F.C. (2016-2018, 87 apps)  ->  Brighton & Hove Albion F.C. (2018-2022, 74 apps)  ->  Newcastle United F.C. (2022-?, 124 apps)"
"Dan Lewis","United Kingdom of Great Britain and Ireland, United Kingdom",goalkeeper,2,"Arsenal F.C. (1924-1931, 142 apps)  ->  Gillingham F.C. (1931-1932, 6 apps)"
"Dan Petrescu","Romania, United Kingdom",fullback,9,"FCSB (1985-1991, 95 apps)  ->  FC Olt Scornicești (1986-1987, 24 apps)  ->  Calcio Foggia 1920 (1991-1993, 55 apps)  ->  Genoa CFC (1993-1994, 24 apps)  ->  Sheffield Wednesday F.C. (1994-1995, 39 apps)  ->  Chelsea F.C. (1995-2000, 152 apps)  ->  Bradford City A.F.C. (2000-2001, 17 apps)  ->  Southampton F.C. (2001-2002, 11 apps)  ->  FC Progresul București (2002-2003, 20 apps)"
"Dani Aranzubia",Spain,goalkeeper,6,"Athletic Club (1994-1997, ? apps)  ->  Athletic Bilbao B (1996-2000, 70 apps)  ->  CD Baskonia (1997-1998, 31 apps)  ->  Athletic Club (2000-2008, 162 apps)  ->  Deportivo de La Coruña (2008-2013, 178 apps)  ->  Atlético Madrid (2013-2014, 1 apps)"
"Dani Carvajal",Spain,,2,"Bayer 04 Leverkusen (2012-2013, 32 apps)  ->  Real Madrid Club de Fútbol (2013-2026, 297 apps)"
"Dani Ceballos",Spain,"central midfielder, attacking midfielder",3,"Real Betis Balompié (2014-2017, 98 apps)  ->  Real Madrid Club de Fútbol (2017-?, 134 apps)  ->  Arsenal F.C. (2019-2021, 49 apps)"
"Daniel Agger","Kingdom of Denmark",defender,3,"Brøndby IF (2004-2006, 34 apps)  ->  Liverpool F.C. (2006-2014, 175 apps)  ->  Brøndby IF (2014-2016, 32 apps)"
"Daniel Alves","Brazil, Spain","defender, full-back",6,"Esporte Clube Bahia (2001-2002, 25 apps)  ->  Sevilla FC (2002-2008, 175 apps)  ->  Juventus FC (2016-2017, 33 apps)  ->  Paris Saint-Germain FC (2017-2019, 48 apps)  ->  São Paulo FC (2019-2021, 76 apps)  ->  Pumas UNAM (2022-2023, 13 apps)"
"Daniel Astrain",Spain,defender,4,"CD Oberena (1968-1969, ? apps)  ->  Athletic Bilbao B (1969-1972, 55 apps)  ->  Athletic Club (1972-1979, 182 apps)  ->  Real Oviedo (1979-1980, 9 apps)"
"Daniel García Carrillo",Spain,"defensive midfielder",8,"Q5409057 (2005-2007, ? apps)  ->  Real Sociedad (2007-2009, ? apps)  ->  Alicante CF B (2009-2010, 26 apps)  ->  Alicante CF (2010-2011, 29 apps)  ->  Getafe CF B (2011-2012, 36 apps)  ->  Real Sociedad (2012-2014, ? apps)  ->  SD Eibar (2012-2018, 224 apps)  ->  Athletic Club (2018-2024, 195 apps)"
"Daniel Ruiz-Bazán",Spain,forward,6,"Sodupe UC (1968-1969, ? apps)  ->  CD Getxo (1969-1970, 8 apps)  ->  CD Laudio (1970-1971, ? apps)  ->  Athletic Bilbao B (1971-1972, 34 apps)  ->  Athletic Club (1972-1986, 403 apps)  ->  Barakaldo CF (1972-1974, 74 apps)"
"Daniel Simmes",Germany,forward,6,"Borussia Dortmund (1984-1988, 106 apps)  ->  Karlsruher SC (1988-1991, 60 apps)  ->  Lierse S.K. (1991-1995, 94 apps)  ->  Alemannia Aachen (1995-1996, 25 apps)  ->  Wuppertaler SV (1996-1997, 18 apps)  ->  K.F.C. Denderleeuw Eendracht Hekelgem (1997-1999, 56 apps)"
"Daniel Solsona",Spain,forward,6,"RCD Espanyol de Barcelona (1970-1978, 234 apps)  ->  Valencia CF (1978-1983, 139 apps)  ->  SC Bastia (1983-1986, 86 apps)  ->  Racing Club de France (1986-1986, 2 apps)  ->  Stade Rennais F.C. (1986-1987, 26 apps)  ->  UE Sant Andreu (1987-1990, ? apps)"
"Daniel Sturridge","United Kingdom",forward,7,"Manchester City F.C. (2006-2009, 21 apps)  ->  Chelsea F.C. (2009-2013, 63 apps)  ->  Bolton Wanderers F.C. (2011-2011, 12 apps)  ->  Liverpool F.C. (2013-2019, 116 apps)  ->  West Bromwich Albion F.C. (2018-2018, 6 apps)  ->  Trabzonspor (2019-2020, 11 apps)  ->  Perth Glory FC (2021-2022, 6 apps)"
"Daniel Van Buyten",Belgium,"defender, centre-back",6,"Royal Charleroi S.C. (1998-1999, 19 apps)  ->  Standard Liège (1999-2001, 57 apps)  ->  Olympique de Marseille (2001-2004, 76 apps)  ->  Manchester City F.C. (2004-2004, 5 apps)  ->  Hamburger SV (2004-2006, 61 apps)  ->  FC Bayern Munich (2006-2014, 158 apps)"
"Daniel Vivian",Spain,centre-back,7,"Deportivo Alavés (2009-2011, ? apps)  ->  CD Ariznabarra (2012-2015, ? apps)  ->  Santutxu FC (2015-2016, ? apps)  ->  CD Baskonia (2016-2018, 44 apps)  ->  Athletic Bilbao B (2017-2020, 48 apps)  ->  CD Mirandés (2020-2021, 32 apps)  ->  Athletic Club (2021-?, 190 apps)"
"Daniel Wass","Kingdom of Denmark","wing half",9,"Brøndby IF (2007-2011, 85 apps)  ->  Fredrikstad FK (2009-2009, 3 apps)  ->  Evian Thonon Gaillard F.C. (2011-2012, 29 apps)  ->  S.L. Benfica (2011-2012, 0 apps)  ->  Evian Thonon Gaillard F.C. (2012-2015, 104 apps)  ->  RC Celta de Vigo (2015-2018, 103 apps)  ->  Valencia CF (2018-2022, 152 apps)  ->  Brøndby IF (2022-?, 98 apps)  ->  Atlético Madrid (2022-2022, 1 apps)"
"Daniele Bonera",Italy,full-back,4,"Brescia Calcio (1999-2002, 60 apps)  ->  Parma Calcio 1913 (2002-2006, 114 apps)  ->  AC Milan (2006-2015, 152 apps)  ->  Villarreal CF (2015-2019, 40 apps)"
"Daniele De Rossi",Italy,midfielder,1,"AS Roma (2001-2019, 459 apps)"
"Daniele Massaro",Italy,forward,5,"AC Monza (1979-1981, 60 apps)  ->  ACF Fiorentina (1981-1986, 140 apps)  ->  AC Milan (1986-1995, 209 apps)  ->  AS Roma (1988-1989, 30 apps)  ->  Shimizu S-Pulse (1995-1996, 20 apps)"
Danilo,Brazil,defender,7,"América Futebol Clube (2009-2010, 29 apps)  ->  Santos F.C. (2010-2012, 62 apps)  ->  FC Porto (2012-2015, 91 apps)  ->  Real Madrid Club de Fútbol (2015-2017, 41 apps)  ->  Manchester City F.C. (2017-2019, 34 apps)  ->  Juventus FC (2019-2025, 156 apps)  ->  Clube de Regatas do Flamengo (2025-?, 23 apps)"
"Danny Bergara",Uruguay,forward,4,"Racing Club de Montevideo (1958-1962, ? apps)  ->  RCD Mallorca (1962-1967, 110 apps)  ->  Sevilla FC (1967-1971, 96 apps)  ->  C.D. Tenerife (1971-1972, 49 apps)"
"Danny Blanchflower","United Kingdom of Great Britain and Ireland, United Kingdom","wing half",5,"Glentoran F.C. (1946-1949, ? apps)  ->  Barnsley F.C. (1949-1951, 68 apps)  ->  Aston Villa F.C. (1951-1954, 148 apps)  ->  Tottenham Hotspur F.C. (1954-1964, 337 apps)  ->  Toronto City (1961-1961, ? apps)"
"Danny Cadamarteri","United Kingdom",forward,13,"Everton F.C. (1996-2002, 92 apps)  ->  Fulham F.C. (1999-1999, 5 apps)  ->  Bradford City A.F.C. (2002-2004, 52 apps)  ->  Sheffield United F.C. (2004-2005, 21 apps)  ->  Leeds United F.C. (2004-2004, 0 apps)  ->  Bradford City A.F.C. (2005-2006, 39 apps)  ->  Grays Athletic F.C. (2006-2006, 1 apps)  ->  Leicester City F.C. (2006-2007, 9 apps)  ->  Doncaster Rovers F.C. (2007-2007, 6 apps)  ->  Huddersfield Town A.F.C. (2007-2009, 44 apps)  ->  Dundee United F.C. (2009-2011, 29 apps)  ->  Huddersfield Town A.F.C. (2011-2012, 26 apps)  ->  Carlisle United F.C. (2012-2014, 25 apps)"
"Danny Clapton","United Kingdom","wing half",3,"Leytonstone F.C. (1949-1953, ? apps)  ->  Arsenal F.C. (1953-1962, 207 apps)  ->  Luton Town F.C. (1962-1963, 10 apps)"
"Danny Guthrie","United Kingdom",midfielder,8,"Manchester United F.C. (2000-2002, ? apps)  ->  Liverpool F.C. (2005-2008, 3 apps)  ->  Southampton F.C. (2007-2007, 10 apps)  ->  Bolton Wanderers F.C. (2007-2008, 25 apps)  ->  Newcastle United F.C. (2008-2012, 92 apps)  ->  Reading F.C. (2012-2015, 62 apps)  ->  Fulham F.C. (2015-2015, 6 apps)  ->  Blackburn Rovers F.C. (2015-?, ? apps)"
"Danny Murphy","United Kingdom",midfielder,7,"Crewe Alexandra F.C. (1993-1997, 134 apps)  ->  Liverpool F.C. (1997-2004, 170 apps)  ->  Crewe Alexandra F.C. (1999-1999, 16 apps)  ->  Charlton Athletic F.C. (2004-2006, 56 apps)  ->  Tottenham Hotspur F.C. (2006-2007, 22 apps)  ->  Fulham F.C. (2007-2012, 169 apps)  ->  Blackburn Rovers F.C. (2012-2013, 33 apps)"
"Danny Rose","United Kingdom",full-back,8,"Leeds United F.C. (2006-2007, 0 apps)  ->  Tottenham Hotspur F.C. (2007-2021, 156 apps)  ->  Peterborough United F.C. (2009-2009, 6 apps)  ->  Watford F.C. (2009-2009, 7 apps)  ->  Bristol City F.C. (2010-2011, 17 apps)  ->  Sunderland A.F.C. (2012-2013, 27 apps)  ->  Newcastle United F.C. (2020-2020, 11 apps)  ->  Watford F.C. (2021-2022, 8 apps)"
"Danny Simpson","United Kingdom",full-back,9,"Manchester United F.C. (2006-2010, 3 apps)  ->  Royal Antwerp F.C. (2006-2006, 14 apps)  ->  Sunderland A.F.C. (2007-2007, 14 apps)  ->  Ipswich Town F.C. (2008-2008, 8 apps)  ->  Blackburn Rovers F.C. (2008-2009, 12 apps)  ->  Newcastle United F.C. (2009-2010, 20 apps)  ->  Newcastle United F.C. (2010-2013, 103 apps)  ->  Queens Park Rangers F.C. (2013-2014, 37 apps)  ->  Leicester City F.C. (2014-?, ? apps)"
"Danny Steel","United Kingdom of Great Britain and Ireland, United Kingdom","centre-back, wing half",6,"Rangers F.C. (1904-1908, 2 apps)  ->  Tottenham Hotspur F.C. (1908-1911, 129 apps)  ->  Third Lanark A.C. (1912-1915, 47 apps)  ->  Dumbarton F.C. (1913-1914, 5 apps)  ->  Leyton Orient F.C. (1914-1914, 23 apps)  ->  Leyton Orient F.C. (1915-1916, ? apps)"
"Danny Thomas","United Kingdom",defender,2,"Coventry City F.C. (1979-1983, 98 apps)  ->  Tottenham Hotspur F.C. (1983-1988, 87 apps)"
"Danny Tiatto",Australia,defender,15,"Western Eagles (1990-1991, 30 apps)  ->  Melbourne Knights Football Club (1992-1994, 36 apps)  ->  Bulleen Lions (1992-1994, 36 apps)  ->  Melbourne Knights Football Club (1994-1996, 43 apps)  ->  FC Baden (1996-1996, ? apps)  ->  U.S. Salernitana 1919 (1996-1997, 11 apps)  ->  FC Baden (1997-1997, ? apps)  ->  Stoke City F.C. (1998-1998, 15 apps)  ->  Manchester City F.C. (1998-2004, 139 apps)  ->  Leicester City F.C. (2004-2007, 73 apps)  ->  Brisbane Roar FC (2007-2010, 49 apps)  ->  Melbourne Knights Football Club (2010-2010, 11 apps)  ->  St Albans Saints (2011-2011, 2 apps)  ->  Werribee City football club (2012-2012, 3 apps)  ->  Point Cook SC (2013-2013, 10 apps)"
"Danny Welbeck","United Kingdom",forward,6,"Manchester United F.C. (2008-2014, 92 apps)  ->  Sunderland A.F.C. (2010-2011, 26 apps)  ->  Preston North End F.C. (2010-2010, 8 apps)  ->  Arsenal F.C. (2014-2019, 88 apps)  ->  Watford F.C. (2019-2020, 18 apps)  ->  Brighton & Hove Albion F.C. (2020-?, 151 apps)"
"Danny Winter","United Kingdom",full-back,2,"Bolton Wanderers F.C. (1936-1939, 34 apps)  ->  Chelsea F.C. (1946-1951, 131 apps)"
Dante,Brazil,centre-back,8,"Esporte Clube Juventude (2002-2004, 55 apps)  ->  Lille OSC (2004-2006, 12 apps)  ->  Royal Charleroi S.C. (2006-2007, 24 apps)  ->  Standard Liège (2007-2009, 62 apps)  ->  Borussia Mönchengladbach (2009-2012, 93 apps)  ->  FC Bayern Munich (2012-2015, 86 apps)  ->  VfL Wolfsburg (2015-2016, 23 apps)  ->  OGC Nice (2016-?, 262 apps)"
"Dario Barluzzi",Italy,goalkeeper,6,"Treviso F.B.C. 1993 (1954-1961, 138 apps)  ->  Catania FC (1961-1962, 0 apps)  ->  AC Milan (1962-1967, 85 apps)  ->  Inter Milan (1967-1968, 0 apps)  ->  Mantova 1911 (1968-1969, 7 apps)  ->  Varese Calcio (1969-1973, 8 apps)"
"Dario Compiani","Kingdom of Italy, Italy",goalkeeper,4,"US Cremonese (1922-1927, 36 apps)  ->  AC Milan (1927-1936, 218 apps)  ->  U.C. Sampdoria (1936-1937, ? apps)  ->  US Cremonese (1937-1938, 5 apps)"
"Dario Šimić","Socialist Federal Republic of Yugoslavia, Croatia",defender,5,"GNK Dinamo Zagreb (1992-1998, 140 apps)  ->  Inter Milan (1998-2002, ? apps)  ->  AC Milan (2002-2008, 82 apps)  ->  AS Monaco FC (2008-2010, 27 apps)  ->  GNK Dinamo Zagreb (2010-2010, 0 apps)"
"Darius Vassell","United Kingdom","wing half",4,"Aston Villa F.C. (1998-2005, 162 apps)  ->  Manchester City F.C. (2005-2009, 103 apps)  ->  MKE Ankaragücü (2009-2010, 22 apps)  ->  Leicester City F.C. (2010-2012, 44 apps)"
"Darren Anderton","United Kingdom","wing half",5,"Portsmouth F.C. (1990-1992, 62 apps)  ->  Tottenham Hotspur F.C. (1992-2004, 299 apps)  ->  Birmingham City F.C. (2004-2005, 20 apps)  ->  Wolverhampton Wanderers F.C. (2005-2006, 24 apps)  ->  AFC Bournemouth (2006-2008, 66 apps)"
"Darren Fletcher","United Kingdom",midfielder,3,"Manchester United F.C. (2003-2015, 223 apps)  ->  West Bromwich Albion F.C. (2015-2017, 91 apps)  ->  Stoke City F.C. (2017-2019, 38 apps)"
"Darren Peacock","United Kingdom",defender,7,"Newport County A.F.C. (1986-1989, 28 apps)  ->  Hereford United F.C. (1989-1990, 59 apps)  ->  Queens Park Rangers F.C. (1990-1994, 126 apps)  ->  Newcastle United F.C. (1994-1998, 133 apps)  ->  Blackburn Rovers F.C. (1998-2000, 47 apps)  ->  Wolverhampton Wanderers F.C. (2000-2000, 4 apps)  ->  West Ham United F.C. (2000-2000, 0 apps)"
"Darren Wood","United Kingdom",defender,3,"Middlesbrough F.C. (1981-1984, 101 apps)  ->  Chelsea F.C. (1984-1989, 144 apps)  ->  Sheffield Wednesday F.C. (1989-1990, 11 apps)"
"Darwin Núñez",Uruguay,,5,"Club Atlético Peñarol (2017-2019, 14 apps)  ->  Unión Deportiva Almería (2019-2020, 30 apps)  ->  S.L. Benfica (2020-2022, 57 apps)  ->  Liverpool F.C. (2022-2025, 95 apps)  ->  Al Hilal SFC (2025-?, 16 apps)"
"Darío Felman",Argentina,forward,4,"Gimnasia y Esgrima de Mendoza (1970-1973, ? apps)  ->  Independiente Rivadavia (1973-1974, 15 apps)  ->  Valencia CF (1978-1983, 121 apps)  ->  Gimnasia y Esgrima de Mendoza (1984-1984, 7 apps)"
"Dave Beasant","United Kingdom",goalkeeper,16,"Edgware Town F.C. (1978-1979, 0 apps)  ->  Wimbledon F.C. (1979-1988, 340 apps)  ->  Newcastle United F.C. (1988-1989, 20 apps)  ->  Chelsea F.C. (1989-1993, 133 apps)  ->  Wolverhampton Wanderers F.C. (1992-1992, 4 apps)  ->  Grimsby Town F.C. (1992-1992, 6 apps)  ->  Southampton F.C. (1993-1997, 88 apps)  ->  Nottingham Forest F.C. (1997-2001, 139 apps)  ->  Tottenham Hotspur F.C. (2001-2001, 0 apps)  ->  Portsmouth F.C. (2001-2002, 27 apps)  ->  Wigan Athletic F.C. (2002-2002, 0 apps)  ->  Bradford City A.F.C. (2002-2002, 0 apps)  ->  Fulham F.C. (2003-2004, 0 apps)  ->  Brighton & Hove Albion F.C. (2003-2003, 16 apps)  ->  North Greenford United F.C. (2013-2013, 1 apps)  ->  Stevenage F.C. (2014-2015, 0 apps)"
"Dave Bowen","United Kingdom",midfielder,3,"Northampton Town F.C. (1947-1950, 12 apps)  ->  Arsenal F.C. (1950-1959, 146 apps)  ->  Northampton Town F.C. (1959-1960, 22 apps)"
"Dave Clements","United Kingdom","wing half",6,"Wolverhampton Wanderers F.C. (1963-1964, 0 apps)  ->  Coventry City F.C. (1964-1971, 230 apps)  ->  Sheffield Wednesday F.C. (1971-1973, 78 apps)  ->  Everton F.C. (1973-1976, 83 apps)  ->  New York Cosmos (1976-1977, 18 apps)  ->  Colorado Caribous (1978-1978, 15 apps)"
"Dave Davidson","United Kingdom",defender,3,"Liverpool F.C. (1928-1930, 58 apps)  ->  Newcastle United F.C. (1930-1937, 128 apps)  ->  Hartlepool United F.C. (1937-1937, 6 apps)"
"Dave Ewing","United Kingdom",midfielder,3,"Manchester City F.C. (1952-1962, 279 apps)  ->  Crewe Alexandra F.C. (1962-1964, 48 apps)  ->  Ashton United F.C. (1964-1965, ? apps)"
"Dave Hickson","United Kingdom",forward,8,"Everton F.C. (1948-1955, 139 apps)  ->  Aston Villa F.C. (1955-1955, 12 apps)  ->  Huddersfield Town A.F.C. (1955-1957, 54 apps)  ->  Everton F.C. (1957-1959, 86 apps)  ->  Liverpool F.C. (1959-1961, 60 apps)  ->  Cambridge City F.C. (1961-1961, ? apps)  ->  Bury F.C. (1961-1962, 8 apps)  ->  Tranmere Rovers F.C. (1962-1963, 45 apps)"
"Dave Hilley","United Kingdom","forward, inside forward",11,"Pollok F.C. (1957-1958, ? apps)  ->  Third Lanark A.C. (1958-1962, 117 apps)  ->  Newcastle United F.C. (1962-1967, 194 apps)  ->  Nottingham Forest F.C. (1967-1971, 88 apps)  ->  Highlands Park F.C. (1971-1973, ? apps)  ->  Arcadia Shepherds F.C. (1973-1973, ? apps)  ->  Hellenic F.C. (1974-1975, ? apps)  ->  Hamilton Academical F.C. (1975-1976, 0 apps)  ->  Scarborough F.C. (1976-1976, ? apps)  ->  South Shields F.C. (1976-1977, ? apps)  ->  Bedlington Terriers F.C. (1977-1978, ? apps)"
"Dave Hollins","United Kingdom",goalkeeper,6,"Brighton & Hove Albion F.C. (1957-1960, 66 apps)  ->  Newcastle United F.C. (1960-1966, 112 apps)  ->  Mansfield Town F.C. (1966-1970, 111 apps)  ->  Nottingham Forest F.C. (1969-1969, 9 apps)  ->  Aldershot F.C. (1970-1971, 16 apps)  ->  Romford F.C. (1971-1971, ? apps)"
"Dave Jones","United Kingdom",defender,5,"Everton F.C. (1974-1979, 86 apps)  ->  Coventry City F.C. (1979-1981, 11 apps)  ->  Seiko SA (1981-1981, ? apps)  ->  Seiko SA (1982-1983, ? apps)  ->  Preston North End F.C. (1983-1984, 50 apps)"
"Dave Mackay","United Kingdom","defender, sweeper",4,"Heart of Midlothian F.C. (1953-1959, 135 apps)  ->  Tottenham Hotspur F.C. (1959-1968, 268 apps)  ->  Derby County F.C. (1968-1971, 122 apps)  ->  Swindon Town F.C. (1971-1972, 26 apps)"
"Dave Wagstaffe","United Kingdom","forward, wing half",6,"Manchester City F.C. (1960-1964, 144 apps)  ->  Wolverhampton Wanderers F.C. (1964-1976, 324 apps)  ->  Los Angeles Wolves (1967-1967, 10 apps)  ->  Blackburn Rovers F.C. (1976-1978, 75 apps)  ->  Blackpool F.C. (1978-1979, 19 apps)  ->  Blackburn Rovers F.C. (1979-1979, 2 apps)"
"Dave Watson","United Kingdom",defender,2,"Norwich City F.C. (1980-1986, 212 apps)  ->  Everton F.C. (1986-2001, 419 apps)"
"David Alaba",Austria,"midfielder, centre-back, full-back",4,"FK Austria Wien (2002-2008, ? apps)  ->  FC Bayern Munich (2010-2021, 281 apps)  ->  TSG 1899 Hoffenheim (2011-2011, 17 apps)  ->  Real Madrid Club de Fútbol (2021-?, 82 apps)"
"David Albelda",Spain,midfielder,4,"Valencia CF Mestalla (1995-1996, 31 apps)  ->  Valencia CF (1996-2013, 351 apps)  ->  Villarreal CF (1996-1997, 34 apps)  ->  Villarreal CF (1998-1999, 35 apps)"
"David Barton","United Kingdom",defender,3,"Newcastle United F.C. (1977-1983, 102 apps)  ->  Blackburn Rovers F.C. (1982-1982, 8 apps)  ->  Darlington F.C. (1983-1984, 49 apps)"
"David Batty","United Kingdom","defensive midfielder",4,"Leeds United F.C. (1986-1993, 211 apps)  ->  Blackburn Rovers F.C. (1993-1996, 54 apps)  ->  Newcastle United F.C. (1996-1998, 83 apps)  ->  Leeds United F.C. (1998-2004, 90 apps)"
"David Beckham","United Kingdom",midfielder,7,"Manchester United F.C. (1992-2003, 265 apps)  ->  Preston North End F.C. (1994-1995, 5 apps)  ->  Real Madrid Club de Fútbol (2003-2007, 116 apps)  ->  LA Galaxy (2007-2012, 98 apps)  ->  AC Milan (2009-2009, 18 apps)  ->  AC Milan (2010-2010, 11 apps)  ->  Paris Saint-Germain FC (2013-2013, 11 apps)"
"David Burrows","United Kingdom",full-back,7,"West Bromwich Albion F.C. (1985-1988, 46 apps)  ->  Liverpool F.C. (1988-1993, 146 apps)  ->  West Ham United F.C. (1993-1994, 29 apps)  ->  Everton F.C. (1994-1995, 19 apps)  ->  Coventry City F.C. (1995-2000, 111 apps)  ->  Birmingham City F.C. (2000-2002, 25 apps)  ->  Sheffield Wednesday F.C. (2002-2003, 21 apps)"
"David Castedo",Spain,defender,5,"RCD Mallorca (1993-2000, 119 apps)  ->  Hércules CF (1997-1998, 23 apps)  ->  CF Extremadura (1998-1999, 32 apps)  ->  Sevilla FC (2000-2007, 235 apps)  ->  Levante UD (2007-2008, 18 apps)"
"David Court","United Kingdom","wing half",4,"Arsenal F.C. (1962-1970, 175 apps)  ->  Luton Town F.C. (1970-1972, 52 apps)  ->  Brentford F.C. (1972-1973, 12 apps)  ->  Barnet F.C. (1973-1973, 12 apps)"
"David Craig","United Kingdom",full-back,3,"Newcastle United F.C. (1962-1978, 351 apps)  ->  Carlisle United F.C. (1983-1983, ? apps)  ->  Hibernian F.C. (1984-1984, ? apps)"
"David Fairclough","United Kingdom",forward,8,"Liverpool F.C. (1975-1983, 98 apps)  ->  Toronto Blizzard (1982-1982, 20 apps)  ->  FC Luzern (1983-1985, 40 apps)  ->  Oldham Athletic A.F.C. (1985-1986, 17 apps)  ->  Norwich City F.C. (1985-1985, 2 apps)  ->  K.S.K. Beveren (1986-1989, 70 apps)  ->  Tranmere Rovers F.C. (1989-1990, 14 apps)  ->  Wigan Athletic F.C. (1990-1991, 7 apps)"
"David Fairhurst","United Kingdom of Great Britain and Ireland, United Kingdom",full-back,2,"Walsall F.C. (1927-1929, 56 apps)  ->  Newcastle United F.C. (1929-1946, 266 apps)"
"David Gaskell","United Kingdom",goalkeeper,4,"Manchester United F.C. (1956-1969, 96 apps)  ->  Wigan Athletic F.C. (1968-1969, 35 apps)  ->  Wrexham A.F.C. (1969-1973, 95 apps)  ->  Arcadia Shepherds F.C. (1973-?, ? apps)"
"David Ginola",France,"forward, wing half",9,"OGC Nice (1983-1984, ? apps)  ->  Sporting Toulon Var (1984-1988, 26 apps)  ->  Racing Club de France (1988-1990, 61 apps)  ->  Stade Brestois 29 (1990-1992, 50 apps)  ->  Paris Saint-Germain FC (1992-1995, 115 apps)  ->  Newcastle United F.C. (1995-1997, 58 apps)  ->  Tottenham Hotspur F.C. (1997-2000, 100 apps)  ->  Aston Villa F.C. (2000-2002, 32 apps)  ->  Everton F.C. (2002-2002, 5 apps)"
"David Greenaway","United Kingdom of Great Britain and Ireland, United Kingdom","wing half",1,"Arsenal F.C. (1908-1921, 161 apps)"
"David Hay","United Kingdom",midfielder,2,"Celtic F.C. (1968-1974, 130 apps)  ->  Chelsea F.C. (1974-1980, 120 apps)"
"David Herd","United Kingdom",forward,5,"Stockport County F.C. (1951-1954, 15 apps)  ->  Arsenal F.C. (1954-1961, 166 apps)  ->  Manchester United F.C. (1961-1968, 202 apps)  ->  Stoke City F.C. (1968-1970, 44 apps)  ->  Waterford United F.C. (1970-1971, 3 apps)"
"David Hillier","United Kingdom",midfielder,4,"Arsenal F.C. (1988-1996, 104 apps)  ->  Portsmouth F.C. (1996-1999, 67 apps)  ->  Bristol Rovers F.C. (1999-2002, 83 apps)  ->  Barnet F.C. (2002-2003, 6 apps)"
"David Howells","United Kingdom",midfielder,5,"Tottenham Hotspur F.C. (1985-1998, 277 apps)  ->  Southampton F.C. (1998-2000, 9 apps)  ->  Bristol City F.C. (1999-1999, 8 apps)  ->  Havant & Waterlooville F.C. (2003-2004, ? apps)  ->  Guildford City F.C. (2004-2006, 17 apps)"
"David Jack","United Kingdom of Great Britain and Ireland, United Kingdom","forward, inside forward",3,"Plymouth Argyle F.C. (1919-1920, 45 apps)  ->  Bolton Wanderers F.C. (1920-1928, 295 apps)  ->  Arsenal F.C. (1928-1934, 181 apps)"
"David James","United Kingdom",goalkeeper,10,"Watford F.C. (1988-1992, 89 apps)  ->  Liverpool F.C. (1992-1999, 214 apps)  ->  Aston Villa F.C. (1999-2001, 67 apps)  ->  West Ham United F.C. (2001-2004, 91 apps)  ->  Manchester City F.C. (2004-2006, 93 apps)  ->  Portsmouth F.C. (2006-2010, 134 apps)  ->  Bristol City F.C. (2010-2012, 81 apps)  ->  AFC Bournemouth (2012-2013, 19 apps)  ->  Íþróttabandalag Vestmannaeyja (2013-2013, 17 apps)  ->  Kerala Blasters FC (2014-2014, 12 apps)"
"David Johnson","United Kingdom",forward,8,"Everton F.C. (1969-1972, 49 apps)  ->  Ipswich Town F.C. (1972-1976, 136 apps)  ->  Liverpool F.C. (1976-1982, 148 apps)  ->  Everton F.C. (1982-1984, 40 apps)  ->  Tulsa Roughnecks (1984-1984, 17 apps)  ->  Manchester City F.C. (1984-1984, 6 apps)  ->  Preston North End F.C. (1984-1985, 24 apps)  ->  Barnsley F.C. (1984-1984, 4 apps)"
"David Lawson","United Kingdom",goalkeeper,6,"Newcastle United F.C. (1966-1967, 0 apps)  ->  Bradford (Park Avenue) A.F.C. (1967-1969, 13 apps)  ->  Huddersfield Town A.F.C. (1970-1972, 51 apps)  ->  Everton F.C. (1972-1977, 124 apps)  ->  Luton Town F.C. (1978-1978, 5 apps)  ->  Stockport County F.C. (1978-1981, 106 apps)"
"David Lee","United Kingdom",centre-back,15,"Chelsea F.C. (1988-1998, 151 apps)  ->  Plymouth Argyle F.C. (1992-1992, 9 apps)  ->  Reading F.C. (1992-1992, 5 apps)  ->  Portsmouth F.C. (1994-1994, 5 apps)  ->  Sheffield United F.C. (1997-1997, 5 apps)  ->  Bristol Rovers F.C. (1998-1999, 11 apps)  ->  Colchester United F.C. (1999-2000, 0 apps)  ->  Crystal Palace F.C. (1999-1999, 0 apps)  ->  Parramatta Power (2000-2001, 11 apps)  ->  Exeter City F.C. (2000-2000, 4 apps)  ->  Havant & Waterlooville F.C. (2001-2002, ? apps)  ->  Forest Green Rovers F.C. (2002-2002, 6 apps)  ->  Weston-super-Mare A.F.C. (2002-2003, 2 apps)  ->  Mangotsfield United F.C. (2003-2004, 14 apps)  ->  Yate Town F.C. (2003-2003, ? apps)"
"David Luiz",Brazil,centre-back,11,"São Paulo FC (1999-2001, ? apps)  ->  E.C. Vitória (2001-2005, ? apps)  ->  E.C. Vitória (2006-2007, 26 apps)  ->  S.L. Benfica (2007-2011, 72 apps)  ->  Chelsea F.C. (2011-2014, 81 apps)  ->  Paris Saint-Germain FC (2014-2016, 56 apps)  ->  Chelsea F.C. (2016-2019, 79 apps)  ->  Arsenal F.C. (2019-2020, 53 apps)  ->  Clube de Regatas do Flamengo (2021-2024, 86 apps)  ->  Fortaleza E.C. (2025-2025, 8 apps)  ->  Pafos FC (2025-?, 8 apps)"
"David López Moreno",Spain,"central midfielder, inside forward, winger",13,"Club Atlético Osasuna (2000-2001, ? apps)  ->  Osasuna B (2001-2004, 81 apps)  ->  Club Atlético Osasuna (2004-2007, 102 apps)  ->  Athletic Club (2007-2012, 144 apps)  ->  Brighton & Hove Albion F.C. (2012-2014, 71 apps)  ->  Club Deportivo Lugo (2014-2016, 71 apps)  ->  Sociedad Deportiva Huesca (2016-2017, 23 apps)  ->  UCAM Murcia CF (2017-2018, 14 apps)  ->  Novelda CF (2018-2019, 28 apps)  ->  CD Eldense (2019-2021, 49 apps)  ->  CF Intercity (2019-2019, 7 apps)  ->  Callosa Deportiva Club de Fútbol (2021-2022, 31 apps)  ->  Caravaca CF (2022-2023, 21 apps)"
"David May","United Kingdom","centre-back, full-back",5,"Blackburn Rovers F.C. (1988-1994, 123 apps)  ->  Manchester United F.C. (1994-2003, 85 apps)  ->  Huddersfield Town A.F.C. (1999-2000, 1 apps)  ->  Burnley F.C. (2003-2004, 35 apps)  ->  Bacup Borough F.C. (2005-2006, ? apps)"
"David McCreery","United Kingdom",midfielder,10,"Manchester United F.C. (1974-1979, 97 apps)  ->  Queens Park Rangers F.C. (1979-1981, 57 apps)  ->  Tulsa Roughnecks (1981-1982, 45 apps)  ->  Newcastle United F.C. (1982-1989, 272 apps)  ->  Heart of Midlothian F.C. (1989-1991, 44 apps)  ->  GIF Sundsvall (1989-1989, 5 apps)  ->  Hartlepool United F.C. (1991-1992, 30 apps)  ->  Coleraine F.C. (1992-1992, 2 apps)  ->  Carlisle United F.C. (1992-1994, 39 apps)  ->  Hartlepool United F.C. (1994-1995, 9 apps)"
"David Navarro",Spain,defender,5,"Valencia CF Mestalla (1999-2003, 56 apps)  ->  Valencia CF (2002-2011, 97 apps)  ->  RCD Mallorca (2007-2009, 48 apps)  ->  Neuchâtel Xamax FCS (2011-2012, 16 apps)  ->  Levante UD (2012-?, ? apps)"
"David Neave","United Kingdom of Great Britain and Ireland","wing half",4,"Arsenal F.C. (1904-1905, 3 apps)  ->  Leyton F.C. (1905-1905, ? apps)  ->  Arsenal F.C. (1905-1912, 151 apps)  ->  Merthyr Town F.C. (1912-?, ? apps)"
"David O'Leary",Ireland,centre-back,2,"Arsenal F.C. (1975-1993, 558 apps)  ->  Leeds United F.C. (1993-1995, 12 apps)"
"David Pegg","United Kingdom","wing half",1,"Manchester United F.C. (1952-1958, 127 apps)"
"David Phillips","United Kingdom",midfielder,8,"Plymouth Argyle F.C. (1981-1984, 73 apps)  ->  Manchester City F.C. (1984-1986, 81 apps)  ->  Coventry City F.C. (1986-1989, 100 apps)  ->  Norwich City F.C. (1989-1993, 152 apps)  ->  Nottingham Forest F.C. (1993-1997, 126 apps)  ->  Huddersfield Town A.F.C. (1997-1999, 52 apps)  ->  Lincoln City F.C. (1999-2000, 17 apps)  ->  Stevenage F.C. (2000-2001, 19 apps)"
"David Pizarro",Chile,midfielder,9,"Santiago Wanderers (1997-1998, 41 apps)  ->  Udinese Calcio (1999-2005, 126 apps)  ->  Club Universidad de Chile (2001-2001, 6 apps)  ->  Inter Milan (2005-2006, 24 apps)  ->  AS Roma (2006-2012, 148 apps)  ->  ACF Fiorentina (2012-2015, 83 apps)  ->  Manchester City F.C. (2012-2012, 5 apps)  ->  Santiago Wanderers (2015-2016, 9 apps)  ->  Club Universidad de Chile (2017-2018, 52 apps)"
"David Platt","United Kingdom",midfielder,7,"Crewe Alexandra F.C. (1985-1988, 134 apps)  ->  Aston Villa F.C. (1988-1991, 121 apps)  ->  SSC Bari (1991-1992, 29 apps)  ->  Juventus FC (1992-1993, 16 apps)  ->  U.C. Sampdoria (1993-1995, 55 apps)  ->  Arsenal F.C. (1995-1998, 88 apps)  ->  Nottingham Forest F.C. (1999-2001, 5 apps)"
"David Price","United Kingdom",midfielder,4,"Arsenal F.C. (1972-1980, 126 apps)  ->  Peterborough United F.C. (1974-1975, 6 apps)  ->  Crystal Palace F.C. (1980-1982, 27 apps)  ->  Leyton Orient F.C. (1982-1983, 10 apps)"
"David Rocastle","United Kingdom",midpoint,7,"Arsenal F.C. (1984-1992, 228 apps)  ->  Leeds United F.C. (1992-1993, 25 apps)  ->  Manchester City F.C. (1993-1994, 21 apps)  ->  Chelsea F.C. (1994-1998, 29 apps)  ->  Hull City A.F.C. (1997-1997, 11 apps)  ->  Norwich City F.C. (1997-1997, 11 apps)  ->  Sabah F.C. (1999-1999, 13 apps)"
"David Sadler","United Kingdom",defender,3,"Manchester United F.C. (1963-1973, 272 apps)  ->  Miami Toros (1973-1973, 1 apps)  ->  Preston North End F.C. (1973-1977, 105 apps)"
"David Seaman","United Kingdom",goalkeeper,6,"Leeds United F.C. (1981-1982, 0 apps)  ->  Peterborough United F.C. (1982-1984, 91 apps)  ->  Birmingham City F.C. (1984-1986, 75 apps)  ->  Queens Park Rangers F.C. (1986-1990, 141 apps)  ->  Arsenal F.C. (1990-2003, 405 apps)  ->  Manchester City F.C. (2003-2004, 19 apps)"
"David Silva",Spain,"wing half",6,"Valencia CF Mestalla (2003-2004, 14 apps)  ->  SD Eibar (2004-2005, 35 apps)  ->  Valencia CF (2004-2010, 119 apps)  ->  RC Celta de Vigo (2005-2006, 34 apps)  ->  Manchester City F.C. (2010-2020, 309 apps)  ->  Real Sociedad (2020-2023, 74 apps)"
"David Speedie","United Kingdom",forward,20,"Barnsley F.C. (1978-1980, 23 apps)  ->  Darlington F.C. (1980-1982, 88 apps)  ->  Chelsea F.C. (1982-1987, 162 apps)  ->  Coventry City F.C. (1987-1991, 122 apps)  ->  Blackburn Rovers F.C. (1991-1992, 36 apps)  ->  Liverpool F.C. (1991-1991, 12 apps)  ->  Birmingham City F.C. (1992-1992, 11 apps)  ->  Southampton F.C. (1992-1993, 7 apps)  ->  West Bromwich Albion F.C. (1992-1992, 10 apps)  ->  Leicester City F.C. (1993-1994, 37 apps)  ->  West Bromwich Albion F.C. (1993-1993, 7 apps)  ->  West Ham United F.C. (1993-1993, 11 apps)  ->  Southampton F.C. (1993-1993, 11 apps)  ->  Crawley Town F.C. (1994-1995, ? apps)  ->  Atherstone Town F.C. (1995-1996, ? apps)  ->  Hendon F.C. (1996-1997, 5 apps)  ->  Stamford A.F.C. (1997-1999, ? apps)  ->  Harrow Borough F.C. (1999-2000, ? apps)  ->  Crook Town A.F.C. (2000-2001, ? apps)  ->  Darlington Railway Athletic F.C. (2001-?, ? apps)"
"David Trezeguet","Argentina, France",forward,7,"AS Monaco FC (1995-2000, 93 apps)  ->  Juventus FC (2000-2010, 245 apps)  ->  Hércules CF (2010-2011, 31 apps)  ->  Baniyas SC (2011-2011, 3 apps)  ->  Club Atlético River Plate (2012-2014, ? apps)  ->  Newell's Old Boys (2013-2014, 24 apps)  ->  FC Pune City (2014-2014, 9 apps)"
"David Unsworth","United Kingdom","centre-back, full-back",10,"Everton F.C. (1992-1997, 116 apps)  ->  West Ham United F.C. (1997-1998, 32 apps)  ->  Everton F.C. (1998-2004, 188 apps)  ->  Aston Villa F.C. (1998-1998, 0 apps)  ->  Portsmouth F.C. (2004-2005, 15 apps)  ->  Ipswich Town F.C. (2005-2005, 16 apps)  ->  Sheffield United F.C. (2005-2007, 39 apps)  ->  Wigan Athletic F.C. (2007-2007, 10 apps)  ->  Burnley F.C. (2007-2008, 29 apps)  ->  Huddersfield Town A.F.C. (2008-2009, 4 apps)"
"David Villa",Spain,forward,8,"Sporting de Gijón B (2000-2001, 36 apps)  ->  Sporting de Gijón (2001-2003, 80 apps)  ->  Real Zaragoza (2003-2005, 73 apps)  ->  Valencia CF (2005-2010, 166 apps)  ->  Atlético Madrid (2013-2014, 36 apps)  ->  New York City FC (2014-2018, 124 apps)  ->  Melbourne City FC (2014-2014, 4 apps)  ->  Vissel Kobe (2019-2020, 28 apps)"
"David Watson","United Kingdom",centre-back,12,"Notts County F.C. (1966-1967, 25 apps)  ->  Rotherham United F.C. (1967-1970, 121 apps)  ->  Sunderland A.F.C. (1970-1975, 177 apps)  ->  Manchester City F.C. (1975-1979, 146 apps)  ->  Southampton F.C. (1979-1982, 73 apps)  ->  SV Werder Bremen (1979-1979, 2 apps)  ->  Stoke City F.C. (1982-1983, 59 apps)  ->  Vancouver Whitecaps (1983-1983, 26 apps)  ->  Derby County F.C. (1983-1984, 34 apps)  ->  Notts County F.C. (1984-1985, 25 apps)  ->  Fort Lauderdale Sun (1984-1984, ? apps)  ->  Kettering Town F.C. (1985-1986, 14 apps)"
"David Webb","United Kingdom",full-back,8,"Leyton Orient F.C. (1963-1966, 62 apps)  ->  Southampton F.C. (1966-1968, 75 apps)  ->  Chelsea F.C. (1968-1974, 230 apps)  ->  Queens Park Rangers F.C. (1974-1977, 116 apps)  ->  Leicester City F.C. (1977-1978, 33 apps)  ->  Derby County F.C. (1978-1980, 26 apps)  ->  AFC Bournemouth (1980-1984, 11 apps)  ->  Torquay United F.C. (1984-1984, 2 apps)"
"David Weir","United Kingdom","centre-back, defender",4,"Falkirk F.C. (1992-1996, 133 apps)  ->  Heart of Midlothian F.C. (1996-1999, 76 apps)  ->  Everton F.C. (1999-2007, 235 apps)  ->  Rangers F.C. (2007-2012, 162 apps)"
"David White","United Kingdom",midfielder,3,"Manchester City F.C. (1985-1993, 286 apps)  ->  Leeds United F.C. (1993-1995, 42 apps)  ->  Sheffield United F.C. (1995-1998, 66 apps)"
"David Willis","United Kingdom of Great Britain and Ireland, United Kingdom","wing half",2,"Sunderland A.F.C. (1902-1907, 49 apps)  ->  Newcastle United F.C. (1907-1913, 95 apps)"
"David de Gea",Spain,goalkeeper,4,"Atlético Madrid B (2008-2009, 35 apps)  ->  Atlético Madrid (2009-2011, 57 apps)  ->  Manchester United F.C. (2011-2023, 415 apps)  ->  ACF Fiorentina (2024-?, 64 apps)"
"Davide Calabria",Italy,full-back,2,"AC Milan (2014-2025, 210 apps)  ->  Bologna F.C. 1909 (2025-2025, 11 apps)"
"Davide Fontolan",Italy,midfielder,7,"A.C. Legnano (1982-1986, 67 apps)  ->  Parma Calcio 1913 (1986-1987, 31 apps)  ->  Udinese Calcio (1987-1988, 25 apps)  ->  Genoa CFC (1988-1990, 67 apps)  ->  Inter Milan (1990-1996, 127 apps)  ->  Bologna F.C. 1909 (1996-2000, 82 apps)  ->  Cagliari Calcio (2000-2001, 9 apps)"
"Davide Santon",Italy,full-back,4,"Inter Milan (2008-2011, 40 apps)  ->  Newcastle United F.C. (2011-2015, 82 apps)  ->  AC Cesena (2011-2011, 11 apps)  ->  Inter Milan (2015-2015, 9 apps)"
"Davie Colquhoun","United Kingdom of Great Britain and Ireland, United Kingdom","wing half",3,"Tottenham Hotspur F.C. (1931-1934, 81 apps)  ->  Luton Town F.C. (1934-1935, 16 apps)  ->  Rochdale A.F.C. (1936-1936, 0 apps)"
"Davor Šuker","Socialist Federal Republic of Yugoslavia, Croatia",forward,7,"NK Osijek (1984-1989, 91 apps)  ->  GNK Dinamo Zagreb (1989-1991, 60 apps)  ->  Sevilla FC (1991-1996, 153 apps)  ->  Real Madrid Club de Fútbol (1996-1999, 86 apps)  ->  Arsenal F.C. (1999-2000, 22 apps)  ->  West Ham United F.C. (2000-2001, 11 apps)  ->  TSV 1860 München (2001-2003, 25 apps)"
"Dean Austin","United Kingdom",defender,5,"St Albans City F.C. (1989-1990, 75 apps)  ->  Southend United F.C. (1990-1992, 96 apps)  ->  Tottenham Hotspur F.C. (1992-1998, 124 apps)  ->  Crystal Palace F.C. (1998-2002, 142 apps)  ->  Woking F.C. (2002-2003, 17 apps)"
"Declan Rice","United Kingdom","defensive midfielder",2,"West Ham United F.C. (2015-2023, 204 apps)  ->  Arsenal F.C. (2023-?, 109 apps)"
Deco,"Brazil, Portugal",midfielder,9,"Nacional Atlético Clube (1995-1996, ? apps)  ->  S.C. Corinthians Paulista (1996-1997, 2 apps)  ->  Centro Sportivo Alagoano (1997-1997, 0 apps)  ->  S.L. Benfica (1997-1998, 0 apps)  ->  F.C. Alverca (1997-1998, 32 apps)  ->  S.C. Salgueiros (1998-1999, 12 apps)  ->  FC Porto (1999-2004, 154 apps)  ->  Chelsea F.C. (2008-2010, 42 apps)  ->  Fluminense F.C. (2010-2013, 56 apps)"
"Dedê","Germany, Brazil",full-back,3,"Clube Atlético Mineiro (1996-1998, 36 apps)  ->  Borussia Dortmund (1998-2011, 322 apps)  ->  Eskişehirspor (2011-2014, 75 apps)"
"Dejan Lovren",Croatia,centre-back,7,"NK Inter Zaprešić (2006-2008, 50 apps)  ->  GNK Dinamo Zagreb (2006-2009, 37 apps)  ->  Olympique Lyonnais (2010-2013, 72 apps)  ->  Southampton F.C. (2013-2014, 31 apps)  ->  Liverpool F.C. (2014-2020, 131 apps)  ->  FC Zenit Saint Petersburg (2020-2023, 50 apps)  ->  Olympique Lyonnais (2023-2024, 27 apps)"
"Dejan Savićević",Montenegro,midfielder,5,"FK Budućnost Podgorica (1983-1988, 131 apps)  ->  FK Crvena zvezda (1988-1992, 72 apps)  ->  AC Milan (1992-1998, 97 apps)  ->  SK Rapid Wien (1999-2001, 44 apps)  ->  FK Crvena zvezda (1999-1999, 3 apps)"
"Dejan Stanković","Serbia and Montenegro, Federal Republic of Yugoslavia, Socialist Federal Republic of Yugoslavia, Serbia",midfielder,3,"FK Crvena zvezda (1995-1998, 85 apps)  ->  SS Lazio (1998-2004, 137 apps)  ->  Inter Milan (2004-2013, 231 apps)"
"Dele Alli","United Kingdom",midfielder,6,"Milton Keynes Dons F.C. (2011-2015, 62 apps)  ->  Tottenham Hotspur F.C. (2015-2022, 181 apps)  ->  Milton Keynes Dons F.C. (2015-2015, 12 apps)  ->  Beşiktaş J.K. (Football) (2022-2023, 13 apps)  ->  Everton F.C. (2022-2024, 13 apps)  ->  Como 1907 (2025-2025, 1 apps)"
"Delfí Geli",Spain,defender,8,"Girona FC (1987-1989, 30 apps)  ->  FC Barcelona Atlètic (1989-1991, 65 apps)  ->  Albacete Balompié (1991-1992, 32 apps)  ->  Albacete Balompié (1992-1994, 71 apps)  ->  Atlético Madrid (1994-1999, 139 apps)  ->  Albacete Balompié (1999-2000, 23 apps)  ->  Deportivo Alavés (2000-2003, 100 apps)  ->  Girona FC (2003-2005, 60 apps)"
"Demetrio Albertini",Italy,midfielder,5,"AC Milan (1988-2002, 293 apps)  ->  Calcio Padova (1990-1991, 28 apps)  ->  Atlético Madrid (2002-2003, 28 apps)  ->  SS Lazio (2003-2004, 23 apps)  ->  Atalanta BC (2004-2005, 14 apps)"
"Denis Irwin",Ireland,full-back,4,"Leeds United F.C. (1983-1986, 72 apps)  ->  Oldham Athletic A.F.C. (1986-1990, 167 apps)  ->  Manchester United F.C. (1990-2002, 368 apps)  ->  Wolverhampton Wanderers F.C. (2002-2004, 75 apps)"
"Denis Law","United Kingdom",forward,6,"Huddersfield Town A.F.C. (1955-1956, ? apps)  ->  Huddersfield Town A.F.C. (1956-1960, 81 apps)  ->  Manchester City F.C. (1960-1961, 44 apps)  ->  Torino FC (1961-1962, 27 apps)  ->  Manchester United F.C. (1962-1973, 309 apps)  ->  Manchester City F.C. (1973-1974, 24 apps)"
"Dennis Bergkamp","Kingdom of the Netherlands",forward,3,"AFC Ajax (1986-1993, 185 apps)  ->  Inter Milan (1993-1995, 52 apps)  ->  Arsenal F.C. (1995-2006, 315 apps)"
"Dennis Evans","United Kingdom",full-back,1,"Arsenal F.C. (1951-1963, 189 apps)"
"Dennis Stevens","United Kingdom","inside forward",4,"Bolton Wanderers F.C. (1953-1962, 273 apps)  ->  Everton F.C. (1962-1965, 120 apps)  ->  Oldham Athletic A.F.C. (1965-1966, 33 apps)  ->  Tranmere Rovers F.C. (1966-1968, 32 apps)"
"Dennis Tueart","United Kingdom",midfielder,7,"Sunderland A.F.C. (1968-1974, 178 apps)  ->  Manchester City F.C. (1974-1978, 140 apps)  ->  New York Cosmos (1978-1979, 47 apps)  ->  Manchester City F.C. (1979-1983, 84 apps)  ->  Burnley F.C. (1983-1984, 15 apps)  ->  Stoke City F.C. (1983-1983, 3 apps)  ->  Derry City F.C. (1985-1986, ? apps)"
"Dennis Viollet","United Kingdom",forward,5,"Manchester United F.C. (1953-1962, 259 apps)  ->  Stoke City F.C. (1962-1967, 182 apps)  ->  Baltimore Bays (1967-1968, 34 apps)  ->  Linfield F.C. (1969-1970, ? apps)  ->  Witton Albion F.C. (1969-1969, 8 apps)"
"Dennis Wise","United Kingdom",midfielder,7,"Wimbledon F.C. (1985-1990, 135 apps)  ->  Grebbestads IF (1985-1985, 10 apps)  ->  Chelsea F.C. (1990-2001, 332 apps)  ->  Leicester City F.C. (2001-2002, 17 apps)  ->  Millwall F.C. (2002-2005, 85 apps)  ->  Southampton F.C. (2005-2006, 11 apps)  ->  Coventry City F.C. (2006-2006, 13 apps)"
"Denzel Dumfries","Kingdom of the Netherlands",full-back,4,"Sparta Rotterdam (2014-2017, 67 apps)  ->  SC Heerenveen (2017-2018, 33 apps)  ->  PSV Eindhoven (2018-2021, 89 apps)  ->  Inter Milan (2021-?, 147 apps)"
"Denílson Pereira Neves",Brazil,midfielder,5,"São Paulo FC (2005-2006, 13 apps)  ->  Arsenal F.C. (2006-2013, 96 apps)  ->  São Paulo FC (2011-2013, 45 apps)  ->  São Paulo FC (2013-2015, 93 apps)  ->  Al-Wahda S.C.C. (2015-?, ? apps)"
"Derek Mountfield","United Kingdom",centre-back,8,"Tranmere Rovers F.C. (1980-1982, 26 apps)  ->  Everton F.C. (1982-1988, 106 apps)  ->  Aston Villa F.C. (1988-1991, 90 apps)  ->  Wolverhampton Wanderers F.C. (1991-1994, 83 apps)  ->  Carlisle United F.C. (1994-1995, 31 apps)  ->  Northampton Town F.C. (1995-1995, 4 apps)  ->  Walsall F.C. (1995-1998, 99 apps)  ->  Scarborough F.C. (1999-1999, 6 apps)"
"Derek Saunders","United Kingdom",midfielder,1,"Chelsea F.C. (1953-1959, 203 apps)"
"Derek Tapscott","United Kingdom",forward,4,"Barry Town F.C. (1949-1953, 57 apps)  ->  Arsenal F.C. (1953-1958, 132 apps)  ->  Cardiff City F.C. (1958-1965, 194 apps)  ->  Newport County A.F.C. (1965-1966, 13 apps)"
"Derek Temple","United Kingdom",forward,3,"Everton F.C. (1957-1967, 234 apps)  ->  Preston North End F.C. (1967-1970, 76 apps)  ->  Wigan Athletic F.C. (1970-1971, 40 apps)"
"Di Jones","United Kingdom of Great Britain and Ireland","defender, full-back",3,"Manchester United F.C. (1888-1888, 0 apps)  ->  Bolton Wanderers F.C. (1888-1898, 228 apps)  ->  Manchester City F.C. (1898-1902, 114 apps)"
"Dick Duckworth","United Kingdom of Great Britain and Ireland, United Kingdom","wing half",1,"Manchester United F.C. (1903-1914, 225 apps)"
"Dick Edmed","United Kingdom of Great Britain and Ireland, United Kingdom",forward,3,"Gillingham F.C. (1923-1926, ? apps)  ->  Liverpool F.C. (1926-1932, 160 apps)  ->  Bolton Wanderers F.C. (1932-1933, 4 apps)"
"Dick Forshaw","United Kingdom of Great Britain and Ireland, United Kingdom",forward,5,"Liverpool F.C. (1919-1927, 266 apps)  ->  Everton F.C. (1927-1929, 42 apps)  ->  Wolverhampton Wanderers F.C. (1929-1930, ? apps)  ->  Hednesford Town F.C. (1930-1930, ? apps)  ->  Rhyl F.C. (1930-1931, ? apps)"
"Dick Holden","United Kingdom of Great Britain and Ireland",defender,1,"Manchester United F.C. (1904-1913, 106 apps)"
"Dick Keith","United Kingdom",defender,4,"Linfield F.C. (1950-1957, ? apps)  ->  Newcastle United F.C. (1957-1964, 223 apps)  ->  AFC Bournemouth (1964-1966, 52 apps)  ->  Weymouth F.C. (1966-1967, ? apps)"
"Dick Ray","United Kingdom of Great Britain and Ireland, United Kingdom",full-back,8,"Macclesfield Town F.C. (1893-1894, 17 apps)  ->  Port Vale F.C. (1894-1895, 29 apps)  ->  Macclesfield Town F.C. (1895-1896, 13 apps)  ->  Crewe Alexandra F.C. (1895-1895, 0 apps)  ->  Manchester City F.C. (1896-1900, 83 apps)  ->  Stockport County F.C. (1903-1904, 34 apps)  ->  Chesterfield F.C. (1904-1905, 31 apps)  ->  Leeds City F.C. (1905-1908, 38 apps)"
"Dick Spence","United Kingdom of Great Britain and Ireland, United Kingdom",forward,2,"Barnsley F.C. (1932-1935, 64 apps)  ->  Chelsea F.C. (1934-1948, 221 apps)"
"Dickie Boyle","United Kingdom of Great Britain and Ireland, United Kingdom",centre-back,3,"Dumbarton F.C. (1888-1892, 40 apps)  ->  Everton F.C. (1892-1902, 231 apps)  ->  Dundee F.C. (1902-1906, 72 apps)"
"Dickie Downs","United Kingdom of Great Britain and Ireland, United Kingdom",full-back,3,"Barnsley F.C. (1909-1920, 284 apps)  ->  Everton F.C. (1920-1923, 92 apps)  ->  Brighton & Hove Albion F.C. (1923-?, ? apps)"
Dida,"Brazil, Italy",goalkeeper,9,"E.C. Vitória (1992-1993, 24 apps)  ->  Cruzeiro E.C. (1994-1998, 120 apps)  ->  FC Lugano (1998-1999, 0 apps)  ->  S.C. Corinthians Paulista (1999-2000, 24 apps)  ->  AC Milan (2000-2010, 206 apps)  ->  S.C. Corinthians Paulista (2001-2002, 8 apps)  ->  Associação Portuguesa de Desportos (2012-2012, 32 apps)  ->  Grêmio FBPA (2013-2013, 37 apps)  ->  S.C. Internacional (2014-2015, 27 apps)"
"Didier Deschamps",France,midfielder,6,"FC Nantes (1985-1989, 111 apps)  ->  Olympique de Marseille (1989-1994, 123 apps)  ->  FC Girondins de Bordeaux (1990-1991, 29 apps)  ->  Juventus FC (1994-1999, 124 apps)  ->  Chelsea F.C. (1999-2000, 27 apps)  ->  Valencia CF (2000-2001, 13 apps)"
"Didier Drogba","Ivory Coast, France",forward,9,"Le Mans F.C. (1998-2002, 64 apps)  ->  En Avant de Guingamp (2002-2003, 45 apps)  ->  Olympique de Marseille (2003-2004, 35 apps)  ->  Chelsea F.C. (2004-2012, 226 apps)  ->  Shanghai Shenhua F.C. (2012-2013, 11 apps)  ->  Galatasaray S.K. (2013-2014, 37 apps)  ->  Chelsea F.C. (2014-2015, 28 apps)  ->  CF Montréal (2015-2016, 39 apps)  ->  Phoenix Rising FC (2017-2018, 26 apps)"
"Didier Zokora","Ivory Coast",midfielder,8,"ASEC Mimosas (1999-2000, 10 apps)  ->  K.R.C. Genk (2000-2004, 122 apps)  ->  AS Saint-Étienne (2004-2006, 66 apps)  ->  Tottenham Hotspur F.C. (2006-2009, 88 apps)  ->  Sevilla FC (2009-2011, 49 apps)  ->  Trabzonspor (2011-2014, 78 apps)  ->  Akhisar Belediyespor (2014-2015, 25 apps)  ->  FC Pune City (2015-?, ? apps)"
"Diego Alves","Brazil, Italy",goalkeeper,5,"Clube Atlético Mineiro (2004-2007, 38 apps)  ->  Unión Deportiva Almería (2007-2011, 123 apps)  ->  Valencia CF (2011-2017, 146 apps)  ->  Clube de Regatas do Flamengo (2017-2022, 115 apps)  ->  RC Celta de Vigo (2023-2023, 0 apps)"
"Diego Capel",Spain,"wing half",4,"Sevilla FC (2004-2011, 126 apps)  ->  Sevilla Atlético (2004-2007, 84 apps)  ->  Sporting CP (2011-2015, 99 apps)  ->  Genoa CFC (2015-?, ? apps)"
"Diego Costa","Brazil, Spain",forward,15,"S.C. Braga (2006-2006, 2 apps)  ->  F.C. Penafiel (2006-2006, 13 apps)  ->  Atlético Madrid (2007-2009, 0 apps)  ->  RC Celta de Vigo (2007-2008, 30 apps)  ->  S.C. Braga (2007-2007, 6 apps)  ->  Albacete Balompié (2008-2009, 35 apps)  ->  Real Valladolid (2009-2010, 36 apps)  ->  Atlético Madrid (2010-2014, 94 apps)  ->  Rayo Vallecano (2012-2012, 16 apps)  ->  Chelsea F.C. (2014-2017, 89 apps)  ->  Atlético Madrid (2017-2020, 61 apps)  ->  Clube Atlético Mineiro (2021-2021, 15 apps)  ->  Wolverhampton Wanderers F.C. (2022-2023, 23 apps)  ->  Botafogo F.R. (2023-2024, 12 apps)  ->  Grêmio FBPA (2024-2024, 20 apps)"
"Diego Forlán","Uruguay, Spain",forward,8,"Club Atlético Independiente (1997-2002, 80 apps)  ->  Manchester United F.C. (2002-2004, 63 apps)  ->  Villarreal CF (2004-2007, 106 apps)  ->  Atlético Madrid (2007-2011, 134 apps)  ->  Inter Milan (2011-2012, 18 apps)  ->  S.C. Internacional (2012-2014, 34 apps)  ->  Cerezo Osaka (2014-2015, 42 apps)  ->  Club Atlético Peñarol (2015-?, ? apps)"
"Diego Godín",Uruguay,centre-back,9,"C.A. Cerro (2003-2006, 63 apps)  ->  Club Nacional de Football (2006-2007, 26 apps)  ->  Villarreal CF (2007-2010, 91 apps)  ->  Atlético Madrid (2010-2019, 277 apps)  ->  Inter Milan (2019-2020, 23 apps)  ->  Cagliari Calcio (2020-2022, 39 apps)  ->  Clube Atlético Mineiro (2022-2022, 1 apps)  ->  Club Atlético Vélez Sarsfield (2022-2023, 18 apps)  ->  Q8343694 (2024-2024, 14 apps)"
"Diego López",Spain,goalkeeper,8,"Club Deportivo Lugo (1999-2000, 2 apps)  ->  Real Madrid C (2000-2003, 41 apps)  ->  AD Alcorcón (2001-2002, 0 apps)  ->  Real Madrid Club de Fútbol (2005-2007, 2 apps)  ->  Villarreal CF (2007-2012, 171 apps)  ->  Sevilla FC (2012-2013, 8 apps)  ->  Real Madrid Club de Fútbol (2013-2014, 52 apps)  ->  AC Milan (2014-?, ? apps)"
"Diego Maradona",Argentina,"midfielder, forward",4,"Argentinos Juniors (1976-1981, 166 apps)  ->  SSC Napoli (1984-1991, 188 apps)  ->  Sevilla FC (1992-1993, 26 apps)  ->  Newell's Old Boys (1993-1994, 5 apps)"
"Diego Milito",Argentina,forward,6,"Racing Club (1999-2003, 137 apps)  ->  Genoa CFC (2003-2005, 59 apps)  ->  Real Zaragoza (2005-2008, 108 apps)  ->  Genoa CFC (2008-2009, 31 apps)  ->  Inter Milan (2009-2014, 128 apps)  ->  Racing Club (2014-2016, 49 apps)"
"Diego Perotti",Argentina,forward,5,"Club Deportivo Morón (2006-2007, 72 apps)  ->  Sevilla Atlético (2007-2009, 52 apps)  ->  Sevilla FC (2009-2014, 117 apps)  ->  Genoa CFC (2014-2016, 43 apps)  ->  AS Roma (2016-2016, 5 apps)"
"Diego Rodríguez Fernández",Spain,defender,5,"C.D. Tenerife (1978-1982, 68 apps)  ->  Real Betis Balompié (1982-1988, 198 apps)  ->  Sevilla FC (1988-1996, 252 apps)  ->  Albacete Balompié (1996-1998, 46 apps)  ->  Dos Hermanas CF (1998-2002, 110 apps)"
"Diego Simeone",Argentina,midfielder,8,"Club Atlético Vélez Sarsfield (1987-1990, 76 apps)  ->  Pisa SC (1990-1992, 55 apps)  ->  Sevilla FC (1992-1994, 64 apps)  ->  Atlético Madrid (1994-1997, 98 apps)  ->  Inter Milan (1997-1999, 57 apps)  ->  SS Lazio (1999-2003, 90 apps)  ->  Atlético Madrid (2003-2005, 36 apps)  ->  Racing Club (2005-2006, 37 apps)"
"Dieter Brenninger",Germany,forward,4,"FC Bayern Munich (1962-1971, 276 apps)  ->  BSC Young Boys (1971-1972, 25 apps)  ->  VfB Stuttgart (1972-1976, 99 apps)  ->  TSV 1860 Rosenheim (1976-1977, 0 apps)"
"Dieter Hoeneß",Germany,forward,3,"VfR Aalen (1973-1975, 103 apps)  ->  VfB Stuttgart (1975-1979, 105 apps)  ->  FC Bayern Munich (1979-1987, 224 apps)"
"Dieter Koulmann",Germany,midfielder,4,"BSV 07 Schwenningen (1961-1962, ? apps)  ->  FC Bayern Munich (1963-1968, 125 apps)  ->  Kickers Offenbach (1968-1969, 22 apps)  ->  MSV Duisburg (1969-1970, 2 apps)"
"Dieter Kurrat","German Reich, Germany",midfielder,2,"Borussia Dortmund (1960-1974, 309 apps)  ->  Q937095 (1974-1976, ? apps)"
"Dietmar Hamann",Germany,midfielder,6,"FC Bayern Munich (1993-1998, 105 apps)  ->  Newcastle United F.C. (1998-1999, 23 apps)  ->  Liverpool F.C. (1999-2006, 191 apps)  ->  Manchester City F.C. (2006-2009, 54 apps)  ->  Bolton Wanderers F.C. (2006-2006, 0 apps)  ->  Milton Keynes Dons F.C. (2010-2011, 12 apps)"
"Dimitar Berbatov",Bulgaria,forward,8,"PFC CSKA Sofia (1998-2001, 49 apps)  ->  PFC Pirin Blagoevgrad (1998-1998, 9 apps)  ->  Bayer 04 Leverkusen (2001-2001, 7 apps)  ->  Tottenham Hotspur F.C. (2006-2008, 70 apps)  ->  Manchester United F.C. (2008-2012, 108 apps)  ->  Fulham F.C. (2012-2014, 51 apps)  ->  AS Monaco FC (2014-2015, 38 apps)  ->  Kerala Blasters FC (2017-2018, 9 apps)"
"Dino Bovoli","Kingdom of Italy, Italy",defender,9,"Molinella Calcio 1911 (1932-1934, ? apps)  ->  A.S.D. Casteldebole Panigal 1919 (1933-1934, ? apps)  ->  Rimini FC (1934-1938, 98 apps)  ->  F.C. Pro Vercelli 1892 (1938-1939, 28 apps)  ->  Atalanta BC (1939-1941, 54 apps)  ->  Inter Milan (1941-1945, 87 apps)  ->  U.C. Sampdoria (1945-1946, 21 apps)  ->  U.C. Sampdoria (1946-1947, 3 apps)  ->  Associazione Sportiva Siracusa (1947-1951, 119 apps)"
"Dino Panzanato",Italy,defender,6,"A.S.D. Mestrina 1929 (1958-1959, 25 apps)  ->  Vicenza Calcio (1959-1963, 107 apps)  ->  Inter Milan (1963-1963, ? apps)  ->  Modena F.C. (1963-1964, 13 apps)  ->  SSC Napoli (1964-1973, 197 apps)  ->  Latina Calcio 1932 (1973-1974, 33 apps)"
"Dino Zoff",Italy,goalkeeper,4,"Udinese Calcio (1961-1963, 38 apps)  ->  Mantova 1911 (1963-1967, 131 apps)  ->  SSC Napoli (1967-1972, 143 apps)  ->  Juventus FC (1972-1983, 330 apps)"
"Dino da Costa",Brazil,forward,8,"Botafogo F.R. (1948-1955, 51 apps)  ->  AS Roma (1955-1961, 149 apps)  ->  ACF Fiorentina (1960-1961, 30 apps)  ->  AS Roma (1961-1961, 5 apps)  ->  Atalanta BC (1961-1963, 52 apps)  ->  Juventus FC (1963-1966, 51 apps)  ->  Hellas Verona FC (1966-1967, 31 apps)  ->  Ascoli Calcio 1898 FC (1967-1968, 10 apps)"
"Diogo Jota",Portugal,"forward, winger",5,"F.C. Paços de Ferreira (2014-2016, 41 apps)  ->  FC Porto (2016-2017, 27 apps)  ->  Atlético Madrid (2016-2018, 0 apps)  ->  Wolverhampton Wanderers F.C. (2018-2020, 67 apps)  ->  Liverpool F.C. (2020-2025, 123 apps)"
Dirceu,Brazil,midfielder,16,"Coritiba F.C. (1970-1972, 26 apps)  ->  Botafogo F.R. (1973-1976, 52 apps)  ->  Fluminense F.C. (1976-1976, 22 apps)  ->  CR Vasco da Gama (1977-1978, 25 apps)  ->  Club América (1978-1979, 45 apps)  ->  Atlético Madrid (1979-1982, 84 apps)  ->  Hellas Verona FC (1982-1983, 29 apps)  ->  SSC Napoli (1983-1984, 30 apps)  ->  Ascoli Calcio 1898 FC (1984-1985, 27 apps)  ->  Como 1907 (1985-1986, 25 apps)  ->  U.S. Avellino 1912 (1986-1987, 23 apps)  ->  CR Vasco da Gama (1987-1987, ? apps)  ->  CR Vasco da Gama (1988-1988, ? apps)  ->  Miami Freedom (1988-1988, 17 apps)  ->  Ebolitana (1989-1991, 39 apps)  ->  Benevento Calcio (1992-1992, 11 apps)"
"Dirk Hupe",Germany,defender,5,"SG Union Solingen (1974-1981, 187 apps)  ->  Arminia Bielefeld (1981-1985, 121 apps)  ->  Borussia Dortmund (1985-1988, 93 apps)  ->  SC Fortuna Köln (1988-1994, 212 apps)  ->  FV Bad Honnef (1994-1995, 212 apps)"
"Dirk Kuyt","Kingdom of the Netherlands","wing half",6,"FC Utrecht (1998-2003, 160 apps)  ->  Feyenoord Rotterdam (2003-2006, 101 apps)  ->  Liverpool F.C. (2006-2012, 208 apps)  ->  Fenerbahçe Istanbul (2012-2015, 95 apps)  ->  Feyenoord Rotterdam (2015-2017, 63 apps)  ->  Quick Boys (2018-2018, 3 apps)"
"Divock Origi kolman",Belgium,forward,9,"K.R.C. Zuid-West-Vlaanderen (1999-2001, ? apps)  ->  K.R.C. Genk (2001-2010, ? apps)  ->  Lille OSC (2010-2012, ? apps)  ->  Lille OSC (2012-2014, 40 apps)  ->  Liverpool F.C. (2014-2022, 107 apps)  ->  Lille OSC (2014-2015, 33 apps)  ->  VfL Wolfsburg (2017-2018, 31 apps)  ->  AC Milan (2022-2025, 27 apps)  ->  Nottingham Forest F.C. (2023-2024, 20 apps)"
"Dixie Dean","United Kingdom of Great Britain and Ireland, United Kingdom",forward,5,"Tranmere Rovers F.C. (1923-1925, 30 apps)  ->  Everton F.C. (1925-1937, 399 apps)  ->  Sligo Rovers F.C. (1931-1939, 7 apps)  ->  Notts County F.C. (1938-1939, 9 apps)  ->  Ashton United F.C. (1940-1940, 2 apps)"
"Djimi Traoré","Mali, France",defender,10,"Stade Lavallois (1997-1999, 5 apps)  ->  Liverpool F.C. (1999-2006, 88 apps)  ->  R.C. Lens (2001-2002, 19 apps)  ->  Charlton Athletic F.C. (2006-2007, 11 apps)  ->  Portsmouth F.C. (2007-2009, 13 apps)  ->  Stade Rennais F.C. (2008-2008, 15 apps)  ->  Birmingham City F.C. (2009-2009, 3 apps)  ->  AS Monaco FC (2009-2011, 36 apps)  ->  Olympique de Marseille (2011-2012, 11 apps)  ->  Seattle Sounders FC (2013-2014, 42 apps)"
"Dmitri Kharine","Soviet Union, Russia",goalkeeper,6,"FC Torpedo Moscow (1982-1987, 63 apps)  ->  FC Dinamo Moscow (1988-1991, 40 apps)  ->  PFC CSKA Moscow (1991-1992, 34 apps)  ->  Chelsea F.C. (1992-1999, 118 apps)  ->  Celtic F.C. (1999-2002, 11 apps)  ->  Hornchurch F.C. (2002-2004, 23 apps)"
"Dolo Mistone",Italy,defender,2,"SSC Napoli (1955-1966, 139 apps)  ->  A.S.D. S.F. Gladiator (1955-1955, ? apps)"
"Domenico Maggiora",Italy,midfielder,6,"Juventus FC (1973-1974, 0 apps)  ->  Varese Calcio (1974-1976, 50 apps)  ->  AS Roma (1976-1982, 126 apps)  ->  U.C. Sampdoria (1982-1983, 21 apps)  ->  Cagliari Calcio (1983-1984, 27 apps)  ->  Catania FC (1984-1987, 66 apps)"
"Domenico Marocchino",Italy,midfielder,9,"Juventus FC (1975-1976, 0 apps)  ->  Casale FBC (1976-1977, 35 apps)  ->  US Cremonese (1977-1978, 34 apps)  ->  Atalanta BC (1978-1979, 18 apps)  ->  Juventus FC (1979-1983, 99 apps)  ->  U.C. Sampdoria (1983-1984, 14 apps)  ->  Bologna F.C. 1909 (1984-1987, 70 apps)  ->  Casale FBC (1987-1988, 3 apps)  ->  Valenzana Mado (1988-1992, 64 apps)"
"Domingo Acedo",Spain,forward,1,"Athletic Club (1914-1929, 111 apps)"
"Domingo Benegas",Paraguay,midfielder,6,"Club Libertad (1968-1968, ? apps)  ->  Atlético Madrid (1969-1970, 0 apps)  ->  RCD Mallorca (1970-1971, 35 apps)  ->  Burgos CF (1971-1972, 27 apps)  ->  Atlético Madrid (1972-1978, 108 apps)  ->  Burgos CF (1978-1979, 8 apps)"
"Dominic Matteo","United Kingdom",full-back,5,"Liverpool F.C. (1992-2000, 129 apps)  ->  Sunderland A.F.C. (1995-1995, 1 apps)  ->  Leeds United F.C. (2000-2004, 115 apps)  ->  Blackburn Rovers F.C. (2004-2007, 34 apps)  ->  Stoke City F.C. (2007-2009, 23 apps)"
"Dominik Szoboszlai",Hungary,midfielder,3,"FC Liefering (2017-2018, 42 apps)  ->  FC Red Bull Salzburg (2018-2023, 56 apps)  ->  Liverpool F.C. (2023-?, 97 apps)"
"Don Donovan",Ireland,"defender, full-back",3,"Everton F.C. (1949-1958, 179 apps)  ->  Grimsby Town F.C. (1958-1964, 238 apps)  ->  Boston United F.C. (1964-1969, 142 apps)"
"Don Gibson","United Kingdom","wing half",3,"Manchester United F.C. (1946-1955, 108 apps)  ->  Sheffield Wednesday F.C. (1955-1959, 80 apps)  ->  Leyton Orient F.C. (1959-1960, 8 apps)"
"Don McAllister","United Kingdom",defender,6,"Bolton Wanderers F.C. (1970-1975, 156 apps)  ->  Tottenham Hotspur F.C. (1975-1981, 172 apps)  ->  Washington Diplomats (1977-1977, 25 apps)  ->  Charlton Athletic F.C. (1981-1983, 55 apps)  ->  Tampa Bay Rowdies (1984-1984, 1 apps)  ->  Rochdale A.F.C. (1984-1984, ? apps)"
"Don Revie","United Kingdom",forward,5,"Leicester City F.C. (1944-1949, 96 apps)  ->  Hull City A.F.C. (1949-1951, 76 apps)  ->  Manchester City F.C. (1951-1956, 148 apps)  ->  Sunderland A.F.C. (1956-1958, 64 apps)  ->  Leeds United F.C. (1958-1962, 76 apps)"
"Don Roper","United Kingdom","wing half",5,"Southampton F.C. (1940-1947, 40 apps)  ->  Arsenal F.C. (1947-1957, 297 apps)  ->  Southampton F.C. (1957-1959, 80 apps)  ->  Weymouth F.C. (1959-1960, ? apps)  ->  Dorchester Town F.C. (1960-1963, ? apps)"
"Donald McKinlay","United Kingdom of Great Britain and Ireland, United Kingdom",full-back,1,"Liverpool F.C. (1909-1928, 393 apps)"
"Donato Gama da Silveira",Brazil,defender,4,"America Football Club (1982-1984, 36 apps)  ->  CR Vasco da Gama (1984-1988, 49 apps)  ->  Atlético Madrid (1988-1993, 163 apps)  ->  Deportivo de La Coruña (1993-2003, 303 apps)"
Doni,Brazil,goalkeeper,8,"S.C. Corinthians Paulista (2001-2003, 59 apps)  ->  Botafogo Futebol Clube (2001-2001, 0 apps)  ->  Santos F.C. (2004-2004, 0 apps)  ->  Cruzeiro E.C. (2004-2005, 6 apps)  ->  Esporte Clube Juventude (2005-2005, 20 apps)  ->  AS Roma (2005-2011, 147 apps)  ->  Liverpool F.C. (2011-2013, 4 apps)  ->  Botafogo Futebol Clube (2013-2013, 0 apps)"
"Donyell Malen","Kingdom of the Netherlands",forward,5,"Jong PSV (2017-2018, 22 apps)  ->  PSV Eindhoven (2018-2021, 81 apps)  ->  Borussia Dortmund (2021-2025, 94 apps)  ->  Aston Villa F.C. (2025-?, 35 apps)  ->  AS Roma (2026-?, 17 apps)"
"Doug Lishman","United Kingdom","inside forward",3,"Walsall F.C. (1946-1948, 59 apps)  ->  Arsenal F.C. (1948-1956, 226 apps)  ->  Nottingham Forest F.C. (1956-1957, 38 apps)"
"Doug Livingstone","United Kingdom of Great Britain and Ireland, United Kingdom",defender,6,"Celtic F.C. (1917-1921, 47 apps)  ->  Dumbarton F.C. (1918-1919, 1 apps)  ->  Everton F.C. (1921-1926, 95 apps)  ->  Plymouth Argyle F.C. (1926-1926, 22 apps)  ->  Aberdeen F.C. (1927-1930, 75 apps)  ->  Tranmere Rovers F.C. (1930-1933, 88 apps)"
"Dries Mertens",Belgium,"wing half",7,"SC Eendracht Aalst (2005-2006, 14 apps)  ->  KAA Gent (2005-2006, 0 apps)  ->  AGOVV Apeldoorn (2006-2009, 108 apps)  ->  FC Utrecht (2009-2011, 69 apps)  ->  PSV Eindhoven (2011-2013, 62 apps)  ->  SSC Napoli (2013-2022, 295 apps)  ->  Galatasaray S.K. (2022-2025, 100 apps)"
"Duncan Edwards","United Kingdom",midfielder,1,"Manchester United F.C. (1953-1958, 151 apps)"
"Duncan Ferguson","United Kingdom",forward,5,"Dundee United F.C. (1990-1993, 77 apps)  ->  Rangers F.C. (1993-1994, 14 apps)  ->  Everton F.C. (1994-1994, 9 apps)  ->  Newcastle United F.C. (1998-2000, 30 apps)  ->  Everton F.C. (2000-2006, 123 apps)"
"Duncan McNichol","United Kingdom of Great Britain and Ireland, United Kingdom",full-back,2,"Arsenal F.C. (1899-1903, 101 apps)  ->  Aberdeen F.C. (1903-1905, ? apps)"
"Duncan Neale","United Kingdom",midfielder,2,"Newcastle United F.C. (1960-1963, 88 apps)  ->  Plymouth Argyle F.C. (1963-1970, 146 apps)"
"Dušan Vlahović",Serbia,forward,3,"FK Partizan (2016-2018, 21 apps)  ->  ACF Fiorentina (2018-2022, 98 apps)  ->  Juventus FC (2022-?, 115 apps)"
"Dwight Yorke","Trinidad and Tobago",forward,7,"Aston Villa F.C. (1989-1998, 232 apps)  ->  Manchester United F.C. (1998-2002, 96 apps)  ->  Blackburn Rovers F.C. (2002-2004, 60 apps)  ->  Birmingham City F.C. (2004-2005, 13 apps)  ->  Sydney FC (2005-2006, 21 apps)  ->  Sunderland A.F.C. (2006-2009, 59 apps)  ->  Tobago United F.C. (2009-2010, 0 apps)"
"EL KÁISER ESPAÑOL",Spain,centre-back,4,"Real Sociedad B (2009-2011, 54 apps)  ->  Real Sociedad (2011-2018, 205 apps)  ->  Athletic Club (2018-2023, 152 apps)  ->  Al-Nassr (2025-?, 0 apps)"
"Ebi Smolarek",Poland,"wing half",8,"Feyenoord Rotterdam (2000-2005, 68 apps)  ->  Borussia Dortmund (2005-2007, 81 apps)  ->  Racing de Santander (2007-2009, 34 apps)  ->  Bolton Wanderers F.C. (2008-2009, 12 apps)  ->  Polonia Warsaw (2010-2011, 23 apps)  ->  Al-Khor Sports Club (2011-2012, 10 apps)  ->  Jagiellonia Białystok (2012-2013, 20 apps)  ->  ADO Den Haag (2012-2012, 12 apps)"
"Ed de Goey","Kingdom of the Netherlands",goalkeeper,4,"Sparta Rotterdam (1985-1990, 145 apps)  ->  Feyenoord Rotterdam (1990-1997, 235 apps)  ->  Chelsea F.C. (1997-2003, 123 apps)  ->  Stoke City F.C. (2003-2006, 56 apps)"
"Eddie Baily","United Kingdom of Great Britain and Ireland, United Kingdom","midfielder, inside forward",4,"Tottenham Hotspur F.C. (1946-1956, 296 apps)  ->  Port Vale F.C. (1956-1956, 26 apps)  ->  Nottingham Forest F.C. (1956-1958, 68 apps)  ->  Leyton Orient F.C. (1958-1960, 29 apps)"
"Eddie Clayton","United Kingdom",midfielder,3,"Tottenham Hotspur F.C. (1957-1967, 92 apps)  ->  Southend United F.C. (1967-1970, 71 apps)  ->  Margate F.C. (1970-1974, ? apps)"
"Eddie Colman","United Kingdom",midfielder,2,"Manchester United F.C. (1952-1955, ? apps)  ->  Manchester United F.C. (1955-1958, 85 apps)"
"Eddie Firmani","South Africa, Italy",forward,8,"Charlton Athletic F.C. (1950-1955, 112 apps)  ->  U.C. Sampdoria (1955-1958, 63 apps)  ->  Inter Milan (1958-1961, 82 apps)  ->  Genoa CFC (1961-1963, 62 apps)  ->  Charlton Athletic F.C. (1963-1965, 55 apps)  ->  Southend United F.C. (1965-1967, 55 apps)  ->  Charlton Athletic F.C. (1967-1968, 10 apps)  ->  Tampa Bay Rowdies (1975-1975, 1 apps)"
"Eddie Hapgood","United Kingdom of Great Britain and Ireland, United Kingdom",defender,2,"Arsenal F.C. (1927-1944, 393 apps)  ->  Kettering Town F.C. (1927-1927, 12 apps)"
"Eddie Kelly","United Kingdom",midfielder,8,"Arsenal F.C. (1969-1976, 175 apps)  ->  Queens Park Rangers F.C. (1976-1977, 28 apps)  ->  Leicester City F.C. (1977-1980, 85 apps)  ->  Notts County F.C. (1980-1981, 27 apps)  ->  AFC Bournemouth (1981-1981, 13 apps)  ->  Leicester City F.C. (1981-1983, 34 apps)  ->  Kettering Town F.C. (1983-1984, 1 apps)  ->  Torquay United F.C. (1984-1986, 35 apps)"
"Eddie Magill","United Kingdom",defender,2,"Arsenal F.C. (1959-1965, 116 apps)  ->  Brighton & Hove Albion F.C. (1965-1968, 50 apps)"
"Eddie McCreadie","United Kingdom",full-back,4,"Clydebank F.C. (1958-1959, ? apps)  ->  East Stirlingshire F.C. (1959-1962, 29 apps)  ->  Chelsea F.C. (1962-1973, 331 apps)  ->  Memphis Rogues (1979-1979, 1 apps)"
"Eddie Newton","United Kingdom","wing half",6,"Chelsea F.C. (1990-1999, 165 apps)  ->  Cardiff City F.C. (1992-1992, 18 apps)  ->  Birmingham City F.C. (1999-2000, 4 apps)  ->  Barnet F.C. (2000-2000, 4 apps)  ->  Hayes F.C. (2000-2001, 6 apps)  ->  Oxford United F.C. (2000-2000, 7 apps)"
"Eddie Niedzwiecki","United Kingdom, Poland",goalkeeper,2,"Wrexham A.F.C. (1977-1983, 111 apps)  ->  Chelsea F.C. (1983-1988, 136 apps)"
"Eddie Thomas","United Kingdom",forward,5,"Everton F.C. (1956-1960, 86 apps)  ->  Blackburn Rovers F.C. (1960-1962, 37 apps)  ->  Swansea City A.F.C. (1962-1964, 68 apps)  ->  Derby County F.C. (1964-1967, 105 apps)  ->  Leyton Orient F.C. (1967-1968, 11 apps)"
"Eddie Wainwright","United Kingdom of Great Britain and Ireland, United Kingdom",forward,2,"Everton F.C. (1946-1956, 207 apps)  ->  Rochdale A.F.C. (1956-1959, 100 apps)"
"Eden Hazard",Belgium,winger,3,"Lille OSC (2007-2012, 147 apps)  ->  Chelsea F.C. (2012-2019, 245 apps)  ->  Real Madrid Club de Fútbol (2019-2023, 54 apps)"
"Ederson Santana de Moraes","Brazil, Portugal",goalkeeper,6,"G.D. Ribeirão (2011-2012, 29 apps)  ->  Rio Ave F.C. (2012-2015, 37 apps)  ->  S.L. Benfica (2015-2017, 37 apps)  ->  S.L. Benfica B (2015-2015, 4 apps)  ->  Manchester City F.C. (2017-2025, 276 apps)  ->  Fenerbahçe Istanbul (2025-?, 0 apps)"
"Edgar Chadwick","United Kingdom of Great Britain and Ireland, United Kingdom",midfielder,9,"Blackburn Olympic F.C. (1886-1887, 0 apps)  ->  Blackburn Rovers F.C. (1887-1888, 0 apps)  ->  Everton F.C. (1888-1899, 270 apps)  ->  Burnley F.C. (1899-1900, 31 apps)  ->  Southampton F.C. (1900-1902, 52 apps)  ->  Liverpool F.C. (1902-1904, 43 apps)  ->  Blackpool F.C. (1904-1905, 34 apps)  ->  Glossop North End A.F.C. (1905-1906, 35 apps)  ->  Darwen F.C. (1906-1908, 35 apps)"
"Edgar Davids","Kingdom of the Netherlands",midfielder,8,"AFC Ajax (1991-1996, 106 apps)  ->  AC Milan (1996-1997, 19 apps)  ->  Juventus FC (1997-2004, 159 apps)  ->  Inter Milan (2004-2005, 14 apps)  ->  Tottenham Hotspur F.C. (2005-2007, 40 apps)  ->  AFC Ajax (2007-2008, 25 apps)  ->  Crystal Palace F.C. (2010-2010, 6 apps)  ->  Barnet F.C. (2012-2014, 36 apps)"
"Edgardo Madinabeytia",Argentina,goalkeeper,3,"Club Atlético Huracán (1950-1958, 102 apps)  ->  Atlético Madrid (1958-1967, 159 apps)  ->  Real Murcia (1967-1969, 1 apps)"
"Edin Džeko","Bosnia and Herzegovina",forward,11,"F.K. Željezničar Sarajevo (2003-2005, 40 apps)  ->  FK Ústí nad Labem (2005-2005, 15 apps)  ->  FK Teplice (2005-2007, 43 apps)  ->  VfL Wolfsburg (2007-2011, 111 apps)  ->  Manchester City F.C. (2011-2016, 130 apps)  ->  AS Roma (2015-2016, 31 apps)  ->  AS Roma (2016-2021, 168 apps)  ->  Inter Milan (2021-2023, 69 apps)  ->  Fenerbahçe Istanbul (2023-2025, 71 apps)  ->  ACF Fiorentina (2025-2026, 11 apps)  ->  Schalke 04 (2026-?, 11 apps)"
"Edinson Cavani",Uruguay,forward,6,"Danubio F.C. (2005-2007, 25 apps)  ->  Palermo F.C. (2007-2010, 109 apps)  ->  SSC Napoli (2010-2013, 138 apps)  ->  Paris Saint-Germain FC (2013-2020, 200 apps)  ->  Manchester United F.C. (2020-2022, 41 apps)  ->  Valencia CF (2022-2023, 25 apps)"
"Edmundo Suárez",Spain,forward,3,"Athletic Club (1935-1936, 1 apps)  ->  Valencia CF (1939-1950, 210 apps)  ->  CD Alcoyano (1950-1951, 21 apps)"
Edu,"Brazil, Portugal","midfielder, central midfielder, attacking midfielder",4,"S.C. Corinthians Paulista (1998-2001, 23 apps)  ->  Arsenal F.C. (2001-2005, 100 apps)  ->  Valencia CF (2005-2009, 50 apps)  ->  S.C. Corinthians Paulista (2009-2010, 11 apps)"
"Eduardo Estíbariz",Spain,full-back,6,"CD Aurrerá de Vitoria (1984-1985, ? apps)  ->  Deportivo Alavés (1985-1987, 51 apps)  ->  Sestao Sport Club (1987-1989, 42 apps)  ->  Athletic Club (1989-1997, 148 apps)  ->  Rayo Vallecano (1997-2000, 92 apps)  ->  CD Aurrerá de Vitoria (2000-2001, 25 apps)"
"Eduardo Manchón",Spain,forward,2,"Granada CF (1957-1957, 17 apps)  ->  Deportivo de La Coruña (1958-1959, 17 apps)"
"Edward Critchley","United Kingdom of Great Britain and Ireland, United Kingdom",forward,4,"Stockport County F.C. (1922-1926, 118 apps)  ->  Everton F.C. (1926-1934, 217 apps)  ->  Port Vale F.C. (1934-1935, 18 apps)  ->  Preston North End F.C. (1934-1934, 11 apps)"
"Edwin van der Sar","Kingdom of the Netherlands",goalkeeper,4,"Juventus FC (1999-2001, 66 apps)  ->  Fulham F.C. (2001-2005, 127 apps)  ->  Manchester United F.C. (2005-2011, 186 apps)  ->  VV Noordwijk (2016-2016, 1 apps)"
"Egidio Calloni",Italy,forward,9,"Varese Calcio (1970-1971, 0 apps)  ->  A.S.D.C. Verbania (1971-1972, 38 apps)  ->  Varese Calcio (1972-1974, 50 apps)  ->  AC Milan (1974-1978, 101 apps)  ->  Hellas Verona FC (1978-1979, 20 apps)  ->  A.C. Perugia Calcio (1979-1980, 12 apps)  ->  Palermo F.C. (1980-1981, 29 apps)  ->  Como 1907 (1981-1982, 8 apps)  ->  A.S.D. Calcio Ivrea (1982-1983, ? apps)"
"Egidio Capra","Kingdom of Italy, Italy",midfielder,10,"A.C. Fanfulla 1874 (1931-1936, ? apps)  ->  AC Milan (1936-1939, 83 apps)  ->  Lucchese 1905 (1939-1941, 63 apps)  ->  Modena F.C. (1941-1942, 20 apps)  ->  A.C. Fanfulla 1874 (1942-1943, 31 apps)  ->  AC Pavia 1911 (1944-1945, 20 apps)  ->  US Cremonese (1945-1946, 28 apps)  ->  Como 1907 (1946-1947, 41 apps)  ->  A.C. Legnano (1947-1948, 21 apps)  ->  A.C. Fanfulla 1874 (1948-1949, ? apps)"
"Egidio Di Costanzo","Kingdom of Italy, Italy",midfielder,4,"SSC Napoli (1941-1943, 9 apps)  ->  A.S.D. SanGiovanniValdarno (1945-1945, ? apps)  ->  SSC Napoli (1945-1951, 144 apps)  ->  SS Turris Calcio (1954-1956, 33 apps)"
"Egidio Guarnacci",Italy,midfielder,3,"AS Roma (1953-1963, 122 apps)  ->  Colleferro Calcio 1937 (1955-1956, 32 apps)  ->  ACF Fiorentina (1963-1966, 61 apps)"
"Egisto Pandolfini","Kingdom of Italy, Italy",midfielder,8,"ACF Fiorentina (1945-1946, 6 apps)  ->  Empoli FC (1946-1947, 39 apps)  ->  SPAL (1947-1948, 31 apps)  ->  ACF Fiorentina (1948-1952, 142 apps)  ->  AS Roma (1952-1956, 110 apps)  ->  Inter Milan (1956-1958, 38 apps)  ->  SPAL (1958-1960, 26 apps)  ->  Empoli FC (1960-1962, 45 apps)"
"Eike Immel",Germany,goalkeeper,3,"Borussia Dortmund (1978-1986, 247 apps)  ->  VfB Stuttgart (1986-1995, 287 apps)  ->  Manchester City F.C. (1995-1997, 43 apps)"
"Eiður Guðjohnsen",Iceland,forward,16,"Valur (1994-1994, 17 apps)  ->  PSV Eindhoven (1995-1997, 13 apps)  ->  KR Reykjavík (1997-1998, 6 apps)  ->  Bolton Wanderers F.C. (1998-2000, 55 apps)  ->  KR Reykjavík (1998-1998, 6 apps)  ->  Chelsea F.C. (2000-2006, 186 apps)  ->  AS Monaco FC (2009-2010, 9 apps)  ->  Tottenham Hotspur F.C. (2010-2010, 11 apps)  ->  Stoke City F.C. (2010-2011, 4 apps)  ->  Fulham F.C. (2011-2011, 10 apps)  ->  Cercle Brugge K.S.V. (2012-2013, 13 apps)  ->  Club Brugge K.V. (2013-2014, 46 apps)  ->  Bolton Wanderers F.C. (2014-2015, 21 apps)  ->  Cangzhou Mighty Lions F.C. (2015-2015, 14 apps)  ->  Pune FC (2016-2016, 0 apps)  ->  Molde FK (2016-2016, 13 apps)"
"Eladio Silvestre",Spain,defender,5,"UE Lleida (1959-1960, ? apps)  ->  CD Condal (1959-1962, ? apps)  ->  FC Barcelona Atlètic (1961-1962, ? apps)  ->  Hércules CF (1972-1974, 66 apps)  ->  Gimnàstic de Tarragona (1974-1976, 17 apps)"
"Elia Greco",Italy,defender,4,"A.C. Legnano (1953-1954, 1 apps)  ->  SS Lazio (1954-1954, ? apps)  ->  SSC Napoli (1955-1962, 180 apps)  ->  US Triestina Calcio 1918 (1963-1964, 5 apps)"
"Elisha Scott","United Kingdom",goalkeeper,6,"Linfield F.C. (1911-1911, ? apps)  ->  Liverpool F.C. (1912-1915, 28 apps)  ->  Belfast Celtic F.C. (1916-1919, ? apps)  ->  Linfield F.C. (1916-1916, ? apps)  ->  Liverpool F.C. (1919-1934, 402 apps)  ->  Belfast Celtic F.C. (1934-1936, ? apps)"
"Eljif Elmas","North Macedonia",midfielder,6,"FK Rabotnički (2015-2017, 44 apps)  ->  Fenerbahçe Istanbul (2018-2019, 34 apps)  ->  SSC Napoli (2019-2023, 143 apps)  ->  RB Leipzig (2024-?, 16 apps)  ->  Torino FC (2025-2025, 13 apps)  ->  SSC Napoli (2025-2026, 32 apps)"
"Eloy Olaya",Spain,forward,5,"Sporting de Gijón (1982-1988, 191 apps)  ->  Sporting de Gijón B (1982-1983, ? apps)  ->  Valencia CF (1988-1995, 203 apps)  ->  Sporting de Gijón (1995-1996, 36 apps)  ->  Club Deportivo Badajoz (1996-1998, 28 apps)"
"Elseid Hisaj",Albania,full-back,3,"Empoli FC (2011-2015, 102 apps)  ->  SSC Napoli (2015-2021, 178 apps)  ->  SS Lazio (2021-?, 73 apps)"
"Elvio Salvori",Italy,defender,10,"Udinese Calcio (1961-1963, 15 apps)  ->  ACF Fiorentina (1963-1964, 5 apps)  ->  AS Roma (1964-1966, 28 apps)  ->  Atalanta BC (1966-1968, 50 apps)  ->  AS Roma (1968-1973, 143 apps)  ->  Calcio Foggia 1920 (1973-1974, 78 apps)  ->  Ascoli Calcio 1898 FC (1974-1977, 62 apps)  ->  S.S. Chieti Calcio (1977-1979, 80 apps)  ->  U.S. Grosseto 1912 (1979-1982, 30 apps)  ->  A.S.D. Civitavecchia 1920 (1982-1983, 30 apps)"
"Emanuele Calaiò",Italy,forward,10,"Torino FC (1999-2003, 20 apps)  ->  A.C.R. Messina (2002-2003, 12 apps)  ->  Ternana Calcio (2002-2002, 10 apps)  ->  Delfino Pescara 1936 (2003-2005, 70 apps)  ->  SSC Napoli (2005-2008, 112 apps)  ->  Siena FC (2008-2013, 148 apps)  ->  SSC Napoli (2013-2014, 0 apps)  ->  Genoa CFC (2013-2014, 22 apps)  ->  Catania FC (2014-2015, 35 apps)  ->  Spezia Calcio (2015-?, ? apps)"
Emerson,Brazil,midfielder,7,"Grêmio FBPA (1994-1997, 54 apps)  ->  Bayer 04 Leverkusen (1997-2000, 82 apps)  ->  AS Roma (2000-2004, 105 apps)  ->  Juventus FC (2004-2006, 67 apps)  ->  Real Madrid Club de Fútbol (2006-2007, 28 apps)  ->  AC Milan (2007-2009, 27 apps)  ->  Santos F.C. (2009-2009, 6 apps)"
"Emidio Oddi",Italy,defender,7,"A.S.D. Sulmona Calcio (1976-1976, 6 apps)  ->  Ascoli Calcio 1898 FC (1977-1977, 0 apps)  ->  U.S. Fermana (1977-1978, 34 apps)  ->  SSC Ancona (1978-1979, 33 apps)  ->  Hellas Verona FC (1979-1983, 122 apps)  ->  AS Roma (1983-1989, 152 apps)  ->  Udinese Calcio (1989-1992, 70 apps)"
"Emil Krafth",Sweden,defender,4,"Östers IF (2011-2011, 24 apps)  ->  Helsingborgs IF (2012-2015, 76 apps)  ->  Bologna F.C. 1909 (2015-2019, 42 apps)  ->  Newcastle United F.C. (2019-?, 83 apps)"
"Emile Heskey","United Kingdom",forward,7,"Leicester City F.C. (1994-2000, 154 apps)  ->  Liverpool F.C. (2000-2004, 150 apps)  ->  Birmingham City F.C. (2004-2006, 68 apps)  ->  Wigan Athletic F.C. (2006-2009, 82 apps)  ->  Aston Villa F.C. (2009-2012, 92 apps)  ->  Newcastle Jets FC (2012-2014, 42 apps)  ->  Bolton Wanderers F.C. (2014-2016, 45 apps)"
"Emiliano Moretti",Italy,full-back,11,"ACF Fiorentina (1998-2002, 36 apps)  ->  Atletico Roma F.C. (1998-1998, 5 apps)  ->  A.S. Lodigiani (1998-1998, 5 apps)  ->  Atletico Roma F.C. (1999-2000, 5 apps)  ->  Juventus FC (2002-2003, 8 apps)  ->  Modena F.C. (2003-2003, 9 apps)  ->  Parma Calcio 1913 (2003-2004, 0 apps)  ->  Bologna F.C. 1909 (2003-2004, 32 apps)  ->  Valencia CF (2004-2009, 135 apps)  ->  Genoa CFC (2009-2013, 107 apps)  ->  Torino FC (2013-?, ? apps)"
"Emilio Agradi","Kingdom of Italy, Italy",forward,7,"Associazione Milanese del Calcio (1913-1914, ? apps)  ->  Inter Milan (1914-1921, 55 apps)  ->  Modena F.C. (1916-1917, ? apps)  ->  Modena F.C. (1921-1922, 20 apps)  ->  Inter Milan (1922-1928, 111 apps)  ->  Varese Calcio (1928-1929, ? apps)  ->  A.C. Cantù G.S. San Paolo (1929-1931, ? apps)"
"Emilio Butragueño",Spain,forward,4,"Real Madrid C (1981-1982, ? apps)  ->  Real Madrid Club de Fútbol (1984-1995, 341 apps)  ->  Atlético Celaya (1995-1998, 91 apps)  ->  Club Celaya (1995-1998, 91 apps)"
"Emlyn Hughes","United Kingdom",defender,7,"Blackpool F.C. (1964-1967, 28 apps)  ->  Liverpool F.C. (1967-1979, 474 apps)  ->  Wolverhampton Wanderers F.C. (1979-1981, 58 apps)  ->  Rotherham United F.C. (1981-1983, 56 apps)  ->  Mansfield Town F.C. (1983-1983, 0 apps)  ->  Hull City A.F.C. (1983-1983, 9 apps)  ->  Swansea City A.F.C. (1983-1984, 7 apps)"
"Emmanuel Adebayor",Togo,forward,12,"FC Metz (2001-2003, 44 apps)  ->  AS Monaco FC (2003-2006, 78 apps)  ->  Arsenal F.C. (2006-2009, 104 apps)  ->  Manchester City F.C. (2009-2012, 34 apps)  ->  Real Madrid Club de Fútbol (2010-2011, 22 apps)  ->  Tottenham Hotspur F.C. (2011-2012, 33 apps)  ->  Tottenham Hotspur F.C. (2012-2015, 59 apps)  ->  Crystal Palace F.C. (2016-2016, 12 apps)  ->  İstanbul Başakşehir F.K. (2017-2019, 60 apps)  ->  Kayserispor (2019-2019, 8 apps)  ->  Club Olimpia (2020-2020, 2 apps)  ->  AC Semassi F.C. (2021-2023, ? apps)"
"Emmanuel Eboué","Ivory Coast",full-back,5,"ASEC Mimosas (2001-2002, 25 apps)  ->  K.S.K. Beveren (2002-2005, 70 apps)  ->  Arsenal F.C. (2005-2011, 132 apps)  ->  Galatasaray S.K. (2011-2015, 77 apps)  ->  Sunderland A.F.C. (2016-2016, 0 apps)"
"Emmanuel Petit",France,"defensive midfielder",3,"AS Monaco FC (1988-1997, 222 apps)  ->  Arsenal F.C. (1997-2000, 85 apps)  ->  Chelsea F.C. (2001-2004, 55 apps)"
"Emre Can","Germany, Turkey",midfielder,5,"FC Bayern Munich (2012-2013, 4 apps)  ->  Bayer 04 Leverkusen (2013-2014, 29 apps)  ->  Liverpool F.C. (2014-2018, 115 apps)  ->  Juventus FC (2018-2020, 37 apps)  ->  Borussia Dortmund (2020-2020, 12 apps)"
"Endika Guarrotxena",Spain,centre-forward,9,"CD Getxo (1978-1978, 3 apps)  ->  Athletic Club (1978-1979, ? apps)  ->  Athletic Bilbao B (1979-1981, 23 apps)  ->  Athletic Club (1980-1987, 164 apps)  ->  AD Ceuta (1982-1983, 28 apps)  ->  Real Valladolid (1987-1988, 25 apps)  ->  RCD Mallorca (1988-1989, 18 apps)  ->  Hércules CF (1989-1990, 26 apps)  ->  Benidorm CF (1990-1991, 40 apps)"
"Enea Masiero","Kingdom of Italy, Italy",midfielder,4,"A.C.D. Trissino-Valdagno (1951-1955, 88 apps)  ->  Inter Milan (1955-1964, 140 apps)  ->  U.C. Sampdoria (1964-1967, 55 apps)  ->  A.C.D. Trissino-Valdagno (1967-1968, 2 apps)"
"Eneko Arieta",Spain,forward,1,"Athletic Club (1951-1966, 248 apps)"
"Enoch West","United Kingdom of Great Britain and Ireland, United Kingdom",forward,3,"Sheffield United F.C. (1903-1905, ? apps)  ->  Nottingham Forest F.C. (1905-1910, 168 apps)  ->  Manchester United F.C. (1910-1915, 168 apps)"
"Enric Gensana",Spain,defender,4,"UE Lleida (1954-1956, 19 apps)  ->  Club Atlético Osasuna (1964-1965, ? apps)  ->  FC Barcelona Atlètic (1965-1966, ? apps)  ->  CD Condal (1965-1966, ? apps)"
"Enrico Albertosi",Italy,goalkeeper,5,"Spezia Calcio (1957-1958, 4 apps)  ->  ACF Fiorentina (1958-1968, 185 apps)  ->  Cagliari Calcio (1968-1974, 177 apps)  ->  AC Milan (1974-1980, 170 apps)  ->  A.S.D. Elpidiense Cascinare (1982-1984, 44 apps)"
"Enrico Boniforti","Kingdom of Italy, Italy",defender,7,"Varese Calcio (1937-1939, 54 apps)  ->  AC Milan (1939-1943, 96 apps)  ->  Varese Calcio (1943-1944, 15 apps)  ->  US Cremonese (1945-1947, 64 apps)  ->  Palermo F.C. (1947-1950, 68 apps)  ->  Juventus FC (1950-1952, 12 apps)  ->  Lucchese 1905 (1952-1954, 53 apps)"
"Enrico Candiani","Kingdom of Italy, Italy",midfielder,6,"Inter Milan (1937-1946, 187 apps)  ->  Juventus FC (1946-1947, 35 apps)  ->  Aurora Pro Patria 1919 (1947-1949, 56 apps)  ->  AC Milan (1949-1950, 22 apps)  ->  US Livorno 1915 (1950-1951, 27 apps)  ->  Calcio Foggia 1920 (1951-1952, 27 apps)"
"Enrico Colombari","Kingdom of Italy, Italy",midfielder,5,"Pisa SC (1920-1926, 134 apps)  ->  Torino FC (1926-1930, 101 apps)  ->  SSC Napoli (1930-1937, 213 apps)  ->  Pisa SC (1937-1938, 21 apps)  ->  Savoia 1908 FC (1938-1939, 10 apps)"
"Enrico Rivolta","Kingdom of Italy, Italy",midfielder,5,"Inter Milan (1922-1933, 265 apps)  ->  SSC Napoli (1933-1936, 85 apps)  ->  AC Milan (1936-1937, 0 apps)  ->  Como 1907 (1937-1938, 1 apps)  ->  A.C. Crema 1908 (1937-1939, ? apps)"
"Enrico Schiavetti","Kingdom of Italy, Italy",midfielder,4,"AS Roma (1937-1938, 1 apps)  ->  Palermo F.C. (1938-1939, 20 apps)  ->  A.S.D. G.C. Sora (1939-1941, ? apps)  ->  AS Roma (1944-1948, 84 apps)"
"Enrique Buqué",Spain,midfielder,1,"Valencia CF (1951-1959, 203 apps)"
"Enrique Collar",Spain,forward,4,"Cádiz Club de Fútbol (1952-1953, 20 apps)  ->  Atlético Madrid (1952-1969, 470 apps)  ->  Real Murcia (1954-1954, 11 apps)  ->  Valencia CF (1969-1970, 15 apps)"
"Enrique Lora",Spain,midfielder,2,"Sevilla FC (1966-1977, 293 apps)  ->  Recreativo de Huelva (1977-1979, 61 apps)"
"Enrique Magdaleno",Spain,forward,3,"Burgos CF (1979-1980, 17 apps)  ->  Sevilla FC (1981-1985, 105 apps)  ->  RCD Mallorca (1986-1988, 63 apps)"
"Enrique Molina Soler",,midfielder,1,"Valencia CF (1924-1934, 324 apps)"
"Enrique Montero",Spain,midfielder,4,"Sevilla FC (1973-1986, 247 apps)  ->  CD San Fernando (1974-1976, ? apps)  ->  Cádiz Club de Fútbol (1986-1990, 104 apps)  ->  Racing Club Portuense (1990-1992, ? apps)"
"Enrique Ramos González",Spain,midfielder,3,"Atlético Madrid B (1977-1979, ? apps)  ->  Atlético Madrid (1979-1988, 270 apps)  ->  Rayo Vallecano (1989-1990, 3 apps)"
"Enrique Romero",Spain,defender,5,"CD Logroñés (1990-1993, 65 apps)  ->  Valencia CF (1994-1997, 91 apps)  ->  RCD Mallorca (1997-1998, 38 apps)  ->  Deportivo de La Coruña (1998-2006, 218 apps)  ->  Real Betis Balompié (2006-2007, 17 apps)"
"Enrique Saura",Spain,midfielder,4,"CD Castellón (1974-1975, 34 apps)  ->  Valencia CF (1975-1985, 304 apps)  ->  CD Castellón (1985-1988, 67 apps)  ->  CD Onda (1988-1992, ? apps)"
"Enzo Fernández",Argentina,midfielder,4,"Club Atlético River Plate (2019-2022, 40 apps)  ->  Defensa y Justicia (2020-2021, 14 apps)  ->  S.L. Benfica (2022-2023, 17 apps)  ->  Chelsea F.C. (2023-?, 118 apps)"
"Enzo Maresca",Italy,midfielder,10,"West Bromwich Albion F.C. (1998-2000, 47 apps)  ->  Juventus FC (2000-2004, 37 apps)  ->  Bologna F.C. 1909 (2000-2001, 23 apps)  ->  Piacenza Calcio (2002-2003, 31 apps)  ->  ACF Fiorentina (2004-2005, 25 apps)  ->  Sevilla FC (2005-2009, 96 apps)  ->  Málaga CF (2011-2012, 39 apps)  ->  U.C. Sampdoria (2012-2014, 17 apps)  ->  Palermo F.C. (2014-2016, 47 apps)  ->  Hellas Verona FC (2016-2017, 8 apps)"
"Enzo Matteucci","Kingdom of Italy, Italy",goalkeeper,8,"U.S. Vigor Senigallia (1952-1953, 27 apps)  ->  SSC Ancona (1953-1954, 28 apps)  ->  S.S. Sambenedettese Calcio (1954-1956, 52 apps)  ->  Inter Milan (1956-1960, 84 apps)  ->  SPAL (1960-1961, 19 apps)  ->  AS Roma (1961-1966, 32 apps)  ->  U.C. Sampdoria (1966-1970, 10 apps)  ->  Casale FBC (1969-1970, 16 apps)"
"Ephraim Longworth","United Kingdom of Great Britain and Ireland, United Kingdom","defender, full-back",1,"Liverpool F.C. (1910-1928, 342 apps)"
"Epifanio Fernández",Spain,forward,3,"Real Sociedad (1939-1940, 136 apps)  ->  Valencia CF (1940-1949, 198 apps)  ->  Real Sociedad (1949-1955, 135 apps)"
"Eraldo Monzeglio","Kingdom of Italy, Italy",defender,3,"Casale FBC (1923-1926, 26 apps)  ->  Bologna F.C. 1909 (1926-1935, 252 apps)  ->  AS Roma (1935-1939, 101 apps)"
"Erdal Keser",Turkey,forward,5,"Borussia Dortmund (1980-1984, 82 apps)  ->  Galatasaray S.K. (1984-1986, 49 apps)  ->  Borussia Dortmund (1986-1987, 24 apps)  ->  Sarıyer G.K. (1987-1989, 58 apps)  ->  Galatasaray S.K. (1989-1994, 93 apps)"
"Eric Abidal",France,"defender, full-back",5,"Sporting Club Lyon (1999-2000, ? apps)  ->  AS Monaco FC (2000-2002, 22 apps)  ->  Lille OSC (2002-2004, 62 apps)  ->  Olympique Lyonnais (2004-2007, 76 apps)  ->  AS Monaco FC (2013-2014, 26 apps)"
"Eric Brook","United Kingdom of Great Britain and Ireland, United Kingdom","wing half",2,"Barnsley F.C. (1925-1928, 78 apps)  ->  Manchester City F.C. (1928-1939, 450 apps)"
"Eric Cantona",France,forward,8,"AJ Auxerre (1983-1988, 82 apps)  ->  FC Martigues (1985-1986, 15 apps)  ->  Paris Saint-Germain FC (1988-1991, 40 apps)  ->  Montpellier Hérault Sport Club (1989-1990, 33 apps)  ->  FC Girondins de Bordeaux (1989-1989, 11 apps)  ->  Nîmes Olympique (1991-1991, 17 apps)  ->  Leeds United F.C. (1992-1992, 28 apps)  ->  Manchester United F.C. (1992-1997, 143 apps)"
"Eric Dier","United Kingdom",centre-back,5,"Sporting CP B (2012-2014, 16 apps)  ->  Sporting CP (2012-2014, 27 apps)  ->  Tottenham Hotspur F.C. (2014-2024, 274 apps)  ->  FC Bayern Munich (2024-2024, 15 apps)  ->  AS Monaco FC (2025-?, 6 apps)"
"Eric García",Spain,centre-back,2,"Manchester City F.C. (2018-2021, 19 apps)  ->  Girona FC (2023-2024, 32 apps)"
"Eric Moore","United Kingdom of Great Britain and Ireland, United Kingdom",full-back,3,"Everton F.C. (1949-1957, 171 apps)  ->  Tranmere Rovers F.C. (1957-1958, 36 apps)  ->  Chesterfield F.C. (1957-1957, 6 apps)"
"Eric Westwood","United Kingdom of Great Britain and Ireland, United Kingdom","defender, full-back",3,"Manchester City F.C. (1938-1953, 248 apps)  ->  Chelsea F.C. (1944-1944, ? apps)  ->  Altrincham F.C. (1953-1955, 44 apps)"
"Erich Hoffmann","Weimar Republic",goalkeeper,1,"FC Bayern Munich (1949-1958, 105 apps)"
"Erik Lamela",Argentina,"wing half",4,"Club Atlético River Plate (2009-2011, 36 apps)  ->  AS Roma (2011-2013, 62 apps)  ->  Tottenham Hotspur F.C. (2013-2021, 177 apps)  ->  Sevilla FC (2021-2024, 65 apps)"
"Erik Thorstvedt",Norway,goalkeeper,6,"Viking FK (1980-1981, 0 apps)  ->  FK Eik Tønsberg (1982-1983, 44 apps)  ->  Viking FK (1984-1985, 38 apps)  ->  Borussia Mönchengladbach (1986-1986, 12 apps)  ->  IFK Göteborg (1987-1988, 22 apps)  ->  Tottenham Hotspur F.C. (1989-1996, 218 apps)"
"Erland Johnsen",Norway,defender,9,"Moss FK (1983-1988, 55 apps)  ->  FC Bayern Munich (1988-1989, 21 apps)  ->  Chelsea F.C. (1989-1997, 145 apps)  ->  Rosenborg BK (1997-1998, 12 apps)  ->  Strømsgodset TF (1999-2002, ? apps)  ->  Moss FK (2002-2003, ? apps)  ->  Follo FK (2003-2006, ? apps)  ->  Lillestrøm SK (2008-2008, ? apps)  ->  Strømmen IF (2012-2013, ? apps)"
"Erling Haaland",Norway,forward,5,"Bryne FK (2016-2017, 16 apps)  ->  Molde FK (2017-2019, 39 apps)  ->  FC Red Bull Salzburg (2019-2020, 16 apps)  ->  Borussia Dortmund (2020-2022, 67 apps)  ->  Manchester City F.C. (2022-?, 131 apps)"
"Ermanno Aebi","Kingdom of Italy, Switzerland, Italy",forward,1,"Inter Milan (1910-1922, 142 apps)"
"Ermes Muccinelli","Kingdom of Italy, Italy","wing half",5,"A.S.D. Biellese 1902 (1945-1946, ? apps)  ->  Juventus FC (1946-1955, 226 apps)  ->  SS Lazio (1955-1958, 93 apps)  ->  Juventus FC (1958-1959, 15 apps)  ->  Como 1907 (1960-1961, 3 apps)"
"Ernest Williamson","United Kingdom of Great Britain and Ireland, United Kingdom",goalkeeper,3,"Croydon Common F.C. (1913-?, ? apps)  ->  Arsenal F.C. (1914-1923, 105 apps)  ->  Norwich City F.C. (1923-1925, 43 apps)"
"Ernesto Castano",Italy,defender,4,"A.C. Legnano (1956-1957, 26 apps)  ->  US Triestina Calcio 1918 (1957-1958, 31 apps)  ->  Juventus FC (1958-1970, 265 apps)  ->  Vicenza Calcio (1970-1971, 5 apps)"
"Ernesto Grillo",Argentina,forward,2,"Club Atlético Independiente (1949-1957, 192 apps)  ->  AC Milan (1957-1960, 96 apps)"
"Ernesto Morandi","Kingdom of Italy, Italy",midfielder,1,"AC Milan (1918-1924, 95 apps)"
"Ernesto Tomasi","Kingdom of Italy, Italy",midfielder,9,"Savona F.B.C. (1927-1930, 65 apps)  ->  OGC Nice (1931-1932, ? apps)  ->  Olympique de Marseille (1932-1933, ? apps)  ->  AS Roma (1933-1937, 106 apps)  ->  Juventus FC (1937-1940, 71 apps)  ->  Savona F.B.C. (1940-1943, 70 apps)  ->  A.S.D. Sanremese (1945-1945, ? apps)  ->  AS Cannes (1946-1947, 6 apps)  ->  A.V.C. Vogherese 1919 (1946-1946, ? apps)"
"Ernesto Valverde",Spain,forward,6,"Deportivo Alavés B (1981-1983, 40 apps)  ->  Deportivo Alavés (1983-1985, 57 apps)  ->  Sestao Sport Club (1985-1986, 32 apps)  ->  RCD Espanyol de Barcelona (1986-1988, 87 apps)  ->  Athletic Club (1990-1996, 188 apps)  ->  RCD Mallorca (1996-1997, 20 apps)"
"Ernie Phillips","United Kingdom of Great Britain and Ireland, United Kingdom",defender,3,"Manchester City F.C. (1948-1951, 80 apps)  ->  Hull City A.F.C. (1951-1953, 42 apps)  ->  York City F.C. (1954-1957, 164 apps)"
"Ernie Taylor","United Kingdom",forward,6,"Newcastle United F.C. (1942-1951, 107 apps)  ->  Blackpool F.C. (1951-1958, 217 apps)  ->  Sunderland A.F.C. (1958-1961, 68 apps)  ->  Manchester United F.C. (1958-1958, 22 apps)  ->  Derry City F.C. (1961-1962, 8 apps)  ->  Altrincham F.C. (1961-1961, ? apps)"
"Ernie Toseland","United Kingdom","wing half",2,"Manchester City F.C. (1928-1938, 368 apps)  ->  Sheffield Wednesday F.C. (1938-1938, 15 apps)"
"Eros Beraldo","Kingdom of Italy, Italy",defender,4,"Calcio Padova (1948-1952, 43 apps)  ->  AC Milan (1952-1959, 108 apps)  ->  Genoa CFC (1959-1961, 50 apps)  ->  AC Cesena (1961-1963, 44 apps)"
"Estanislao Argote",Spain,"forward, winger",3,"Athletic Bilbao B (1975-1977, 64 apps)  ->  Athletic Club (1977-1990, 427 apps)  ->  Zarautz KE (1990-1991, ? apps)"
"Estanislau Basora",Spain,"wing half",2,"CE Manresa (1943-1946, ? apps)  ->  UE Lleida (1955-1956, 16 apps)"
"Esteban Cambiasso",Argentina,midfielder,5,"Club Atlético Independiente (1998-2001, 98 apps)  ->  Club Atlético River Plate (2001-2002, 37 apps)  ->  Real Madrid Club de Fútbol (2002-2004, 41 apps)  ->  Inter Milan (2004-2014, 315 apps)  ->  Leicester City F.C. (2014-2015, 31 apps)"
"Esteban Vigo",Spain,midfielder,5,"Málaga CF (1972-1974, ? apps)  ->  CD Málaga (1973-1974, ? apps)  ->  CA Marbella (1974-1975, ? apps)  ->  CD Málaga (1974-1977, 53 apps)  ->  CD Málaga (1987-1991, 109 apps)"
"Eto Soldani","Kingdom of Italy, Italy",defender,5,"Pisa SC (1939-1942, 70 apps)  ->  US Livorno 1915 (1942-1943, 9 apps)  ->  US Livorno 1915 (1945-1948, 108 apps)  ->  SSC Napoli (1948-1951, 87 apps)  ->  Siena FC (1951-1952, ? apps)"
"Ettore Puricelli",Uruguay,forward,7,"Club Atlético River Plate (1935-1936, ? apps)  ->  Central Español (1936-1938, ? apps)  ->  Bologna F.C. 1909 (1938-1944, 139 apps)  ->  Club Atlético River Plate (1938-1938, ? apps)  ->  Calcio Lecco 1912 (1944-1945, ? apps)  ->  AC Milan (1944-1949, 114 apps)  ->  A.C. Legnano (1949-1951, 38 apps)"
"Eugenio Leal",Spain,midfielder,4,"Atlético Madrid (1971-1982, 185 apps)  ->  Sporting de Gijón (1973-1974, 23 apps)  ->  Granada CF (1982-1982, ? apps)  ->  Centre d'Esports Sabadell Futbol Club (1983-1983, 2 apps)"
"Eulogio Martínez","Paraguay, Spain",forward,4,"Club Libertad (1953-1956, ? apps)  ->  Elche CF (1962-1964, 39 apps)  ->  Atlético Madrid (1964-1965, 2 apps)  ->  CE Europa (1965-1966, 2 apps)"
"Eusebio Bejarano",Spain,defender,1,"Atlético Madrid (1968-1979, 223 apps)"
"Eusebio Di Francesco",Italy,midfielder,7,"Empoli FC (1987-1991, 102 apps)  ->  Lucchese 1905 (1991-1995, 139 apps)  ->  Piacenza Calcio (1995-1997, 67 apps)  ->  AS Roma (1997-2001, 168 apps)  ->  Piacenza Calcio (2001-2003, 61 apps)  ->  SSC Ancona (2003-2004, 10 apps)  ->  A.C. Perugia Calcio (2004-2005, 30 apps)"
"Eusebio Sacristán",Spain,midfielder,5,"Real Valladolid B (1982-1983, ? apps)  ->  Real Valladolid (1983-1987, 117 apps)  ->  Atlético Madrid (1987-1988, 27 apps)  ->  RC Celta de Vigo (1995-1997, 67 apps)  ->  Real Valladolid (1997-2002, 129 apps)"
"Evanílson Aparecido Ferreira",Brazil,full-back,14,"América Futebol Clube (1996-1998, 19 apps)  ->  Clube Atlético Mineiro (1998-1998, 19 apps)  ->  Cruzeiro E.C. (1999-1999, ? apps)  ->  Borussia Dortmund (1999-2005, 123 apps)  ->  Parma Calcio 1913 (2001-2001, ? apps)  ->  Clube Atlético Mineiro (2005-2005, 7 apps)  ->  1. FC Köln (2006-2006, 3 apps)  ->  Club Athletico Paranaense (2006-2006, 7 apps)  ->  Sport Club do Recife (2007-2007, 2 apps)  ->  E.C. Vitória (2008-2008, 0 apps)  ->  América Futebol Clube (2009-2010, 7 apps)  ->  Timbaúba Futebol Clube (2011-2011, ? apps)  ->  Independente Futebol Clube (2012-2012, ? apps)  ->  Botafogo Futebol Clube (2012-2013, ? apps)"
"Evaristo Beccalossi",Italy,midfielder,8,"Brescia Calcio (1972-1978, 94 apps)  ->  Inter Milan (1978-1984, 216 apps)  ->  U.C. Sampdoria (1984-1985, 9 apps)  ->  AC Monza (1985-1986, 14 apps)  ->  Brescia Calcio (1986-1988, 48 apps)  ->  A.S.D. Barletta 1922 (1988-1989, 26 apps)  ->  Pordenone FC (1989-1990, 24 apps)  ->  Q3626850 (1990-1991, ? apps)"
"Evaristo Frisoni","Kingdom of Italy, Italy",midfielder,3,"Brescia Calcio (1925-1934, 188 apps)  ->  AS Roma (1934-1938, 103 apps)  ->  Brescia Calcio (1938-1941, 78 apps)"
"Evaristo de Macedo",Brazil,forward,4,"Madureira Esporte Clube (1950-1952, 35 apps)  ->  Clube de Regatas do Flamengo (1953-1957, 191 apps)  ->  Real Madrid Club de Fútbol (1962-1965, 17 apps)  ->  Clube de Regatas do Flamengo (1965-1966, 7 apps)"
Ewerthon,Brazil,forward,11,"S.C. Corinthians Paulista (1998-2001, 31 apps)  ->  Rio Branco Esporte Clube (1999-2000, 22 apps)  ->  Borussia Dortmund (2001-2005, 119 apps)  ->  Real Zaragoza (2005-2010, 111 apps)  ->  VfB Stuttgart (2007-2007, 11 apps)  ->  RCD Espanyol de Barcelona (2008-2008, 8 apps)  ->  Sociedade Esportiva Palmeiras (2010-2011, 25 apps)  ->  FC Akhmat Grozny (2011-2011, 6 apps)  ->  Al Ahli SC (2012-2012, 5 apps)  ->  América Futebol Clube (2012-2012, 12 apps)  ->  Clube Atlético Sorocaba (2014-?, ? apps)"
"Ezequiel Garay",Argentina,full-back,7,"Newell's Old Boys (2004-2005, 14 apps)  ->  Racing de Santander (2005-2008, 60 apps)  ->  Racing de Santander (2008-2009, 24 apps)  ->  Real Madrid Club de Fútbol (2008-2011, 31 apps)  ->  S.L. Benfica (2011-2014, 78 apps)  ->  FC Zenit Saint Petersburg (2014-2016, 50 apps)  ->  Valencia CF (2016-2020, 92 apps)"
"Ezequiel Lavezzi",Argentina,"wing half",4,"Estudiantes de La Plata (2003-2004, 39 apps)  ->  SSC Napoli (2007-2012, 156 apps)  ->  Paris Saint-Germain FC (2012-2016, 107 apps)  ->  Hebei F.C. (2016-2019, 74 apps)"
"Faas Wilkes","Kingdom of the Netherlands",forward,8,"XerxesDZB (1945-1949, 71 apps)  ->  Inter Milan (1949-1952, 95 apps)  ->  Torino FC (1952-1953, 12 apps)  ->  Valencia CF (1953-1956, 62 apps)  ->  VVV-Venlo (1956-1958, 64 apps)  ->  Levante UD (1958-1959, 34 apps)  ->  Fortuna Sittard (1959-1962, 88 apps)  ->  XerxesDZB (1962-1964, 28 apps)"
"Fabian Schär",Switzerland,centre-back,5,"FC Wil 1900 (2009-2012, 52 apps)  ->  FC Basel (2012-2015, 73 apps)  ->  TSG 1899 Hoffenheim (2015-2017, 30 apps)  ->  Deportivo de La Coruña (2017-2018, 25 apps)  ->  Newcastle United F.C. (2018-?, 211 apps)"
"Fabien Barthez",France,goalkeeper,7,"Toulouse FC (1990-1992, 26 apps)  ->  Olympique de Marseille (1992-1995, 106 apps)  ->  AS Monaco FC (1995-2000, 143 apps)  ->  Manchester United F.C. (2000-2004, 139 apps)  ->  Olympique de Marseille (2003-2004, 20 apps)  ->  Olympique de Marseille (2004-2006, 67 apps)  ->  FC Nantes (2006-2007, 19 apps)"
Fabinho,Brazil,"defensive midfielder",7,"Rio Ave F.C. (2012-2015, 0 apps)  ->  Fluminense F.C. (2012-2012, 0 apps)  ->  Real Madrid Club de Fútbol (2013-2013, 1 apps)  ->  AS Monaco FC (2013-2015, 62 apps)  ->  AS Monaco FC (2015-2018, 105 apps)  ->  Liverpool F.C. (2018-2023, 151 apps)  ->  Al Ittihad FC (2023-?, 81 apps)"
"Fabio Cannavaro",Italy,"centre-back, defender",7,"SSC Napoli (1992-1995, 58 apps)  ->  Parma Calcio 1913 (1995-2002, 212 apps)  ->  Inter Milan (2002-2004, 50 apps)  ->  Juventus FC (2004-2006, 74 apps)  ->  Real Madrid Club de Fútbol (2006-2009, 94 apps)  ->  Juventus FC (2009-2010, 27 apps)  ->  Shabab AlAhli Dubai Club (2010-2011, 16 apps)"
"Fabio Capello",Italy,midfielder,4,"SPAL (1964-1967, 49 apps)  ->  AS Roma (1967-1970, 62 apps)  ->  Juventus FC (1970-1976, 165 apps)  ->  AC Milan (1976-1980, 65 apps)"
"Fabio Cudicini",Italy,goalkeeper,4,"Udinese Calcio (1955-1958, 30 apps)  ->  AS Roma (1958-1966, 165 apps)  ->  Brescia Calcio (1966-1967, 18 apps)  ->  AC Milan (1967-1972, 127 apps)"
"Fabio Pecchia",Italy,midfielder,14,"U.S. Avellino 1912 (1991-1993, 33 apps)  ->  SSC Napoli (1993-1997, 125 apps)  ->  Juventus FC (1997-1998, 21 apps)  ->  U.C. Sampdoria (1998-1999, 26 apps)  ->  Torino FC (1999-2001, 22 apps)  ->  SSC Napoli (2000-2001, 27 apps)  ->  Bologna F.C. 1909 (2001-2002, 33 apps)  ->  Como 1907 (2002-2003, 27 apps)  ->  Bologna F.C. 1909 (2003-2006, 59 apps)  ->  Siena FC (2004-2005, 23 apps)  ->  Ascoli Calcio 1898 FC (2006-2007, 6 apps)  ->  Frosinone Calcio (2007-2008, 26 apps)  ->  Calcio Foggia 1920 (2007-2007, 14 apps)  ->  Calcio Foggia 1920 (2008-2009, 24 apps)"
"Fabio Petruzzi",Italy,defender,5,"AS Roma (1989-2000, 127 apps)  ->  A.S.D. Casertana Calcio (1990-1992, 50 apps)  ->  Udinese Calcio (1993-1994, 1 apps)  ->  Brescia Calcio (2000-2004, 108 apps)  ->  Bologna F.C. 1909 (2004-2005, 17 apps)"
"Fabio Quagliarella",Italy,forward,10,"Torino FC (1999-2005, 39 apps)  ->  ACF Fiorentina (2002-2003, 12 apps)  ->  S.S. Chieti Calcio (2003-2004, 43 apps)  ->  Ascoli Calcio 1898 FC (2005-2006, 33 apps)  ->  U.C. Sampdoria (2006-2007, 35 apps)  ->  Udinese Calcio (2007-2009, 73 apps)  ->  SSC Napoli (2009-2010, 34 apps)  ->  Juventus FC (2010-2014, 84 apps)  ->  Torino FC (2014-2016, 50 apps)  ->  U.C. Sampdoria (2016-2023, 242 apps)"
"Fabián Ruiz",Spain,midfielder,5,"Real Betis B (2014-2015, 23 apps)  ->  Real Betis Balompié (2014-2018, 56 apps)  ->  Elche CF (2017-2017, 18 apps)  ->  SSC Napoli (2018-2022, 125 apps)  ->  Paris Saint-Germain FC (2022-?, 91 apps)"
"Fabrizio Di Mauro",Italy,midfielder,6,"AS Roma (1983-1992, 95 apps)  ->  S.S. Arezzo (1984-1987, 72 apps)  ->  U.S. Avellino 1912 (1987-1988, 18 apps)  ->  ACF Fiorentina (1992-1995, 57 apps)  ->  SS Lazio (1993-1994, 21 apps)  ->  A.C. Reggiana 1919 (1995-1996, 16 apps)"
"Fabrizio Ravanelli",Italy,forward,13,"A.C. Perugia Calcio (1986-1989, 90 apps)  ->  U.S. Avellino 1912 (1989-1990, 7 apps)  ->  A.S.D. Casertana Calcio (1989-1990, 27 apps)  ->  A.C. Reggiana 1919 (1990-1992, 66 apps)  ->  U.S. Avellino 1912 (1990-1991, 0 apps)  ->  A.S.D. Casertana Calcio (1990-1990, 27 apps)  ->  Juventus FC (1992-1996, 111 apps)  ->  Middlesbrough F.C. (1996-1997, 35 apps)  ->  Olympique de Marseille (1997-1999, 64 apps)  ->  SS Lazio (1999-2001, 27 apps)  ->  Derby County F.C. (2001-2003, 49 apps)  ->  Dundee F.C. (2003-2004, 5 apps)  ->  A.C. Perugia Calcio (2004-2005, 41 apps)"
"Fausto Pari",Italy,midfielder,9,"A.C. Bellaria Igea Marina (1978-1979, 27 apps)  ->  Inter Milan (1979-1981, 1 apps)  ->  Parma Calcio 1913 (1981-1983, 64 apps)  ->  U.C. Sampdoria (1983-1992, 273 apps)  ->  SSC Napoli (1992-1996, 81 apps)  ->  Piacenza Calcio (1996-1997, 30 apps)  ->  SPAL (1997-1998, 33 apps)  ->  Modena F.C. (1998-2000, 64 apps)  ->  Forlì F.C. (2000-2001, 22 apps)"
"Federico Bernardeschi",Italy,"wing half",5,"ACF Fiorentina (2013-2017, 72 apps)  ->  F.C. Crotone (2013-2014, 39 apps)  ->  Juventus FC (2017-2022, 134 apps)  ->  Toronto FC (2022-2025, 88 apps)  ->  Bologna F.C. 1909 (2025-?, 29 apps)"
"Federico Dimarco",Italy,defender,7,"Inter Milan (2014-2017, 1 apps)  ->  Empoli FC (2016-2017, 12 apps)  ->  Ascoli Calcio 1898 FC (2016-2016, 15 apps)  ->  FC Sion (2017-2018, 9 apps)  ->  Inter Milan (2018-?, 142 apps)  ->  Parma Calcio 1913 (2018-2019, 13 apps)  ->  Hellas Verona FC (2020-2021, 48 apps)"
"Federico Fazio",Argentina,full-back,8,"Ferro Carril Oeste (2005-2006, 48 apps)  ->  Sevilla Atlético (2007-2007, 20 apps)  ->  Sevilla FC (2007-2014, 148 apps)  ->  Tottenham Hotspur F.C. (2014-2016, 20 apps)  ->  AS Roma (2016-2017, 37 apps)  ->  Sevilla FC (2016-2016, 4 apps)  ->  AS Roma (2017-2022, 90 apps)  ->  U.S. Salernitana 1919 (2022-2024, 47 apps)"
"Federico Gatti",Italy,"midfielder, defender",7,"US Alessandria Calcio 1912 (2014-2018, 0 apps)  ->  A.C.S.D. Saluzzo (2016-2017, 4 apps)  ->  A.S.D.C. Verbania (2018-2020, 51 apps)  ->  Aurora Pro Patria 1919 (2020-2021, 34 apps)  ->  Frosinone Calcio (2021-2022, 18 apps)  ->  Frosinone Calcio (2022-2022, 17 apps)  ->  Juventus FC (2022-?, 90 apps)"
"Federico Munerati","Kingdom of Italy, Italy",forward,7,"Juventus FC (1922-?, ? apps)  ->  Novara Calcio (1922-1923, 18 apps)  ->  Juventus FC (1923-1933, 249 apps)  ->  U.C. Sampdoria (1933-1934, 31 apps)  ->  Pistoiese FC (1934-1935, 14 apps)  ->  A.S.D. Biellese 1902 (1935-1938, 22 apps)  ->  AC Pavia 1911 (1938-1939, 1 apps)"
"Federico Valverde",Uruguay,midfielder,3,"Club Atlético Peñarol (2015-2016, 12 apps)  ->  Deportivo de La Coruña (2017-2018, 24 apps)  ->  Real Madrid Club de Fútbol (2018-?, 243 apps)"
"Felice Borel","Kingdom of Italy, Italy",forward,5,"Juventus FC (1932-1941, 206 apps)  ->  Torino FC (1941-1942, 25 apps)  ->  Juventus FC (1942-1946, 27 apps)  ->  US Alessandria Calcio 1912 (1946-1947, 1 apps)  ->  SSC Napoli (1948-1949, 1 apps)"
"Feliciano Rivilla",Spain,defender,4,"Real Ávila CF (1952-1953, ? apps)  ->  Real Murcia (1953-1954, ? apps)  ->  Atlético Madrid (1954-1968, 244 apps)  ->  Rayo Vallecano (1956-1958, 71 apps)"
"Felipe Augusto de Almeida Monteiro",Brazil,defender,7,"União Futebol Clube (2009-2010, 26 apps)  ->  Red Bull Bragantino (2011-2011, 13 apps)  ->  Coimbra Esporte Clube (2011-2012, 0 apps)  ->  S.C. Corinthians Paulista (2012-2016, 53 apps)  ->  FC Porto (2016-2019, 93 apps)  ->  Atlético Madrid (2019-2023, 87 apps)  ->  Nottingham Forest F.C. (2023-2024, 23 apps)"
"Felipe Guréndez",Spain,"midfielder, full-back",5,"Athletic Club (1991-1995, ? apps)  ->  Athletic Bilbao B (1994-1997, 42 apps)  ->  Athletic Club (1996-2006, 138 apps)  ->  Club Atlético Osasuna (1997-1998, 25 apps)  ->  Club Deportivo Numancia de Soria (2006-2010, 67 apps)"
"Ferdinando Pastore",Italy,midfielder,2,"SSC Napoli (1941-1942, 1 apps)  ->  SSC Napoli (1945-1950, 87 apps)"
"Ferenc Plattkó",Hungary,goalkeeper,11,"Vasas FC (1917-1919, ? apps)  ->  Wiener A.F. (1919-1919, ? apps)  ->  FK Austria Wien (1919-1919, ? apps)  ->  Vasas FC (1920-1920, ? apps)  ->  FK Hajduk Kula (1921-1922, ? apps)  ->  MTK Budapest FC (1922-1923, 17 apps)  ->  Recreativo de Huelva (1930-1931, ? apps)  ->  FC Mulhouse (1932-1933, ? apps)  ->  Recreativo de Huelva (1932-1933, ? apps)  ->  RC Roubaix (1933-1934, ? apps)  ->  FC Mulhouse (1933-1933, 8 apps)"
"Ferenc Puskás","Spain, Hungary",forward,2,"Budapest Honvéd FC (1943-1956, 368 apps)  ->  Real Madrid Club de Fútbol (1958-1966, 262 apps)"
"Ferland Mendy",France,full-back,3,"Le Havre AC (2015-2017, 47 apps)  ->  Olympique Lyonnais (2017-2019, 57 apps)  ->  Real Madrid Club de Fútbol (2019-?, 128 apps)"
"Fermín López",Spain,midfielder,2,"Linares Deportivo (2022-2023, 37 apps)  ->  FC Barcelona Atlètic (2022-2024, 1 apps)"
Fernandinho,Brazil,midfielder,4,"Club Athletico Paranaense (2002-2005, 72 apps)  ->  FC Shakhtar Donetsk (2005-2013, 184 apps)  ->  Manchester City F.C. (2013-2022, 264 apps)  ->  Club Athletico Paranaense (2022-2024, 89 apps)"
"Fernando Amorebieta","Venezuela, Spain",centre-back,10,"Athletic Club (1996-2003, ? apps)  ->  CD Baskonia (2003-2004, 26 apps)  ->  Athletic Bilbao B (2004-2005, 35 apps)  ->  Athletic Club (2005-2013, 254 apps)  ->  Fulham F.C. (2013-2016, 48 apps)  ->  Middlesbrough F.C. (2015-2015, 21 apps)  ->  Sporting de Gijón (2016-2017, 27 apps)  ->  Club Atlético Independiente (2017-2019, 23 apps)  ->  Cerro Porteño (2019-2020, 21 apps)  ->  Q61365632 (2021-2022, ? apps)"
"Fernando Ansola",Spain,,4,"Real Oviedo (1959-1961, 16 apps)  ->  Real Betis Balompié (1961-1966, 114 apps)  ->  Valencia CF (1966-1971, 106 apps)  ->  Real Sociedad (1971-1975, 87 apps)"
"Fernando Barrachina",Spain,"centre-back, defender",3,"Granada CF (1966-1969, 63 apps)  ->  Valencia CF (1969-1977, 146 apps)  ->  Cádiz Club de Fútbol (1977-1979, 33 apps)"
"Fernando Correa",Uruguay,forward,9,"Club Atlético River Plate (1991-1995, 33 apps)  ->  Atlético Madrid (1995-2003, 132 apps)  ->  Racing de Santander (1996-1998, 72 apps)  ->  RCD Mallorca (2003-2005, 36 apps)  ->  Real Valladolid (2005-2006, 6 apps)  ->  Club Atlético River Plate (2006-2006, 10 apps)  ->  Shanghai Shenhua F.C. (2007-2007, 4 apps)  ->  Club Atlético Peñarol (2007-2009, 25 apps)  ->  Club Atlético River Plate (2009-2011, 35 apps)"
"Fernando De Napoli",Italy,midfielder,6,"Rimini FC (1982-1983, 31 apps)  ->  U.S. Avellino 1912 (1983-1986, 73 apps)  ->  SSC Napoli (1986-1992, 176 apps)  ->  AC Milan (1992-1994, 9 apps)  ->  A.C. Reggiana 1919 (1994-1997, 58 apps)  ->  Cagliari Calcio (1995-1995, ? apps)"
"Fernando Gago",Argentina,"defensive midfielder",5,"Real Madrid Club de Fútbol (2007-2012, 92 apps)  ->  AS Roma (2011-2012, 30 apps)  ->  Valencia CF (2012-2013, 13 apps)  ->  Club Atlético Vélez Sarsfield (2013-2013, 3 apps)  ->  Club Atlético Vélez Sarsfield (2019-2020, 14 apps)"
"Fernando Giner",Spain,defender,5,"Valencia CF Mestalla (1982-1985, ? apps)  ->  Valencia CF (1982-1995, 300 apps)  ->  Sporting de Gijón (1995-1997, 46 apps)  ->  Hércules CF (1997-1998, 25 apps)  ->  Levante UD (1998-2000, 55 apps)"
"Fernando Gómez Colomer",Spain,midfielder,4,"Valencia CF Mestalla (1983-1983, ? apps)  ->  Valencia CF (1983-1998, 459 apps)  ->  Wolverhampton Wanderers F.C. (1998-1999, 19 apps)  ->  CD Castellón (1999-2000, 35 apps)"
"Fernando Hierro",Spain,defender,4,"Real Valladolid (1987-1989, 58 apps)  ->  Real Madrid Club de Fútbol (1989-2003, 439 apps)  ->  Al-Rayyan (2003-2004, 19 apps)  ->  Bolton Wanderers F.C. (2004-2005, 29 apps)"
"Fernando Llorente",Spain,centre-forward,12,"CA River Ebro (1995-1996, ? apps)  ->  Athletic Club (1996-2003, ? apps)  ->  CD Baskonia (2003-2004, 33 apps)  ->  Athletic Bilbao B (2004-2005, 16 apps)  ->  Athletic Club (2005-2013, 262 apps)  ->  Juventus FC (2013-2015, 66 apps)  ->  Sevilla FC (2015-2016, 23 apps)  ->  Swansea City A.F.C. (2016-2017, 33 apps)  ->  Tottenham Hotspur F.C. (2017-2019, 36 apps)  ->  SSC Napoli (2019-2020, 20 apps)  ->  Udinese Calcio (2021-2021, 14 apps)  ->  SD Eibar (2021-2022, 19 apps)"
"Fernando Martínez Perales",Spain,defender,8,"Levante UD (1984-1985, ? apps)  ->  Valencia CF Mestalla (1985-1986, ? apps)  ->  Levante UD (1986-1987, ? apps)  ->  Valencia CF (1987-1992, 140 apps)  ->  Deportivo de La Coruña (1992-1997, 173 apps)  ->  Sevilla FC (1998-2000, 68 apps)  ->  SD Compostela (2000-2001, 32 apps)  ->  Atlético Arteixo (2001-2002, ? apps)"
"Fernando Morientes",Spain,forward,8,"Albacete Balompié (1993-1995, 22 apps)  ->  Real Zaragoza (1995-1997, 66 apps)  ->  Real Madrid Club de Fútbol (1997-2005, 182 apps)  ->  AS Monaco FC (2003-2004, 28 apps)  ->  Liverpool F.C. (2005-2006, 41 apps)  ->  Valencia CF (2006-2009, 66 apps)  ->  Olympique de Marseille (2009-2010, 12 apps)  ->  DAV Santa Ana (2015-2015, 3 apps)"
"Fernando Navarro",Spain,full-back,7,"FC Barcelona C (1999-1999, 1 apps)  ->  FC Barcelona Atlètic (2000-2004, 65 apps)  ->  Albacete Balompié (2004-2004, 7 apps)  ->  RCD Mallorca (2005-2006, 33 apps)  ->  RCD Mallorca (2006-2008, 73 apps)  ->  Sevilla FC (2008-2015, 203 apps)  ->  Deportivo de La Coruña (2015-?, ? apps)"
"Fernando Peralta Carrasco",Spain,goalkeeper,5,"CD Málaga (1980-1986, 131 apps)  ->  Sevilla FC (1986-1990, 80 apps)  ->  CD Málaga (1990-1992, 66 apps)  ->  CD Castellón (1992-1995, 109 apps)  ->  SD Compostela (1995-1997, 7 apps)"
"Fernando Redondo",Argentina,midfielder,4,"Argentinos Juniors (1985-1990, 65 apps)  ->  C.D. Tenerife (1990-1994, 103 apps)  ->  Real Madrid Club de Fútbol (1994-2000, 165 apps)  ->  AC Milan (2000-2004, 16 apps)"
"Fernando Reges",Brazil,midfielder,8,"Vila Nova Futebol Clube (2005-2007, 57 apps)  ->  C.F. Estrela da Amadora (2007-2008, 26 apps)  ->  FC Porto (2007-2014, 142 apps)  ->  Manchester City F.C. (2014-2017, 64 apps)  ->  Galatasaray S.K. (2017-2019, 47 apps)  ->  Sevilla FC (2019-2023, 119 apps)  ->  S.C. Internacional (2024-?, 9 apps)  ->  Vila Nova Futebol Clube (2024-2024, 6 apps)"
"Fernando Tirapu",Spain,"winger, full-back",5,"CD Oberena (1969-1970, 8 apps)  ->  Club Atlético Osasuna (1970-1974, 113 apps)  ->  Valencia CF (1974-1977, 114 apps)  ->  Athletic Club (1977-1983, 204 apps)  ->  Club Atlético Osasuna (1983-1985, 40 apps)"
"Fernando Torres",Spain,forward,9,"Atlético Madrid (1995-2001, ? apps)  ->  Atlético Madrid (2001-2007, 214 apps)  ->  Liverpool F.C. (2007-2011, 102 apps)  ->  Chelsea F.C. (2011-2015, 110 apps)  ->  AC Milan (2014-2015, 10 apps)  ->  AC Milan (2015-2016, 0 apps)  ->  Atlético Madrid (2015-2016, 49 apps)  ->  Atlético Madrid (2016-2018, 58 apps)  ->  Sagan Tosu (2018-2019, 35 apps)"
"Ferran Olivella",Spain,centre-back,1,"CD Condal (1954-1956, ? apps)"
"Ferran Torres",Spain,"forward, winger",3,"Valencia CF Mestalla (2016-2017, 12 apps)  ->  Valencia CF (2017-2020, 71 apps)  ->  Manchester City F.C. (2020-2022, 28 apps)"
"Fidel Uriarte",Spain,forward,3,"Athletic Club (1962-1974, 297 apps)  ->  Málaga CF (1974-1976, 15 apps)  ->  CD Málaga (1974-1977, 46 apps)"
"Fikayo Tomori","United Kingdom",centre-back,5,"Chelsea F.C. (2016-2021, 17 apps)  ->  Brighton & Hove Albion F.C. (2017-2017, 9 apps)  ->  Hull City A.F.C. (2017-2018, 25 apps)  ->  Derby County F.C. (2018-2019, 44 apps)  ->  AC Milan (2021-2021, 17 apps)"
"Filipe Luís",Brazil,full-back,8,"Figueirense Futebol Clube (2003-2004, 49 apps)  ->  AFC Ajax (2004-2005, 0 apps)  ->  Deportivo de La Coruña (2006-2008, 52 apps)  ->  Deportivo de La Coruña (2008-2010, 59 apps)  ->  Atlético Madrid (2010-2014, 127 apps)  ->  Chelsea F.C. (2014-2015, 15 apps)  ->  Atlético Madrid (2015-2019, 113 apps)  ->  Clube de Regatas do Flamengo (2019-2023, 116 apps)"
"Filippo Galli",Italy,"defender, full-back",6,"AC Milan (1981-1996, 217 apps)  ->  Delfino Pescara 1936 (1982-1983, 28 apps)  ->  A.C. Reggiana 1919 (1996-1998, 54 apps)  ->  Brescia Calcio (1998-2001, 93 apps)  ->  Watford F.C. (2001-2002, 28 apps)  ->  Pro Sesto 1913 (2002-2004, 38 apps)"
"Filippo Inzaghi",Italy,forward,7,"Piacenza Calcio (1991-1995, 39 apps)  ->  Società Calcio Leffe (1992-1993, 21 apps)  ->  Hellas Verona FC (1993-1994, 36 apps)  ->  Parma Calcio 1913 (1995-1996, 15 apps)  ->  Atalanta BC (1996-1997, 33 apps)  ->  Juventus FC (1997-2001, 120 apps)  ->  AC Milan (2001-2012, 202 apps)"
"Findlay Weir","United Kingdom of Great Britain and Ireland","wing half",2,"Sheffield Wednesday F.C. (1909-1911, 71 apps)  ->  Tottenham Hotspur F.C. (1912-1915, 96 apps)"
"Flavio Emoli","Kingdom of Italy, Italy",midfielder,4,"Juventus FC (1953-1963, 217 apps)  ->  Genoa CFC (1954-1955, 8 apps)  ->  SSC Napoli (1963-1967, 63 apps)  ->  Genoa CFC (1967-1968, 6 apps)"
"Flemming Povlsen","Kingdom of Denmark",forward,4,"Aarhus Gymnastikforening (1984-1986, 40 apps)  ->  1. FC Köln (1987-1989, 71 apps)  ->  PSV Eindhoven (1989-1990, 30 apps)  ->  Borussia Dortmund (1990-1995, 116 apps)"
"Florent Malouda",France,"left winger",9,"LB Châteauroux (1997-2000, 59 apps)  ->  En Avant de Guingamp (2000-2003, 82 apps)  ->  Olympique Lyonnais (2003-2007, 138 apps)  ->  Chelsea F.C. (2007-2013, 149 apps)  ->  Trabzonspor (2013-2014, 19 apps)  ->  FC Metz (2014-2015, 28 apps)  ->  Odisha FC (2015-2017, 32 apps)  ->  Wadi Degla SC (2016-2016, 16 apps)  ->  FC Differdange 03 (2018-2018, 8 apps)"
"Florian Kringe",Germany,midfielder,5,"Borussia Dortmund (2001-2012, 151 apps)  ->  1. FC Köln (2002-2004, 62 apps)  ->  1. FC Köln II (2003-2003, 1 apps)  ->  Hertha BSC (2009-2010, 12 apps)  ->  FC St. Pauli (2012-2015, 56 apps)"
"Fosco Risorti","Kingdom of Italy, Italy",goalkeeper,6,"Associazione Calcio Fucecchio (1937-1938, ? apps)  ->  Savoia 1908 FC (1938-1941, 69 apps)  ->  AS Roma (1941-1943, 3 apps)  ->  Valdinievole Montecatini (1944-1944, 4 apps)  ->  AS Roma (1945-1952, 177 apps)  ->  Colleferro Calcio 1937 (1954-1955, ? apps)"
"Francesco Antonioli",Italy,goalkeeper,11,"AC Monza (1986-1988, 23 apps)  ->  AC Milan (1988-1994, 13 apps)  ->  AC Cesena (1990-1990, 0 apps)  ->  Modena F.C. (1990-1991, 30 apps)  ->  Pisa SC (1993-1994, 26 apps)  ->  A.C. Reggiana 1919 (1994-1995, 30 apps)  ->  Bologna F.C. 1909 (1995-1999, 103 apps)  ->  AS Roma (1999-2003, 102 apps)  ->  U.C. Sampdoria (2003-2006, 104 apps)  ->  Bologna F.C. 1909 (2006-2009, 119 apps)  ->  AC Cesena (2009-2012, 106 apps)"
"Francesco Baldini",Italy,"centre-back, defender",10,"Lucchese 1905 (1991-1993, 19 apps)  ->  Juventus FC (1993-1994, 3 apps)  ->  Lucchese 1905 (1994-1995, 32 apps)  ->  SSC Napoli (1995-2003, 168 apps)  ->  AS Reggina 1914 (2001-2002, 9 apps)  ->  Genoa CFC (2003-2006, 73 apps)  ->  A.C. Perugia Calcio (2006-2007, 23 apps)  ->  FC Lugano (2007-2008, 16 apps)  ->  San Marino Calcio (2008-2010, 42 apps)  ->  A.C. Juvenes/Dogana (2010-2011, ? apps)"
"Francesco Carpenetti",Italy,defender,4,"US Triestina Calcio 1918 (1962-1963, 0 apps)  ->  AS Roma (1963-1969, 130 apps)  ->  ACF Fiorentina (1969-1971, 12 apps)  ->  U.S. Grosseto 1912 (1971-1976, 147 apps)"
"Francesco Mancini",Italy,goalkeeper,12,"FC Matera (1985-1987, 57 apps)  ->  A.S. Bisceglie Calcio 1913 (1987-1987, ? apps)  ->  Calcio Foggia 1920 (1987-1997, 235 apps)  ->  SS Lazio (1995-1996, 6 apps)  ->  SSC Bari (1997-2000, 95 apps)  ->  SSC Napoli (2000-2003, 82 apps)  ->  Pisa SC (2003-2004, 38 apps)  ->  S.S. Sambenedettese Calcio (2005-2005, 14 apps)  ->  S.S. Teramo Calcio (2005-2006, 32 apps)  ->  U.S. Salernitana 1919 (2006-2007, 18 apps)  ->  A.S. Martina Franca 1947 (2007-2008, 14 apps)  ->  ASD Soccer Trani (2008-2008, 13 apps)"
"Francesco Montervino",Italy,midfielder,10,"A.S. Fasano (1994-1995, 1 apps)  ->  Parma Calcio 1913 (1995-1996, 0 apps)  ->  Taranto Sport (1996-1997, 21 apps)  ->  SSC Ancona (1997-2003, 121 apps)  ->  SSC Napoli (2003-2004, 36 apps)  ->  Catania FC (2004-2004, 19 apps)  ->  SSC Napoli (2004-2009, 106 apps)  ->  U.S. Salernitana 1919 (2009-2011, 37 apps)  ->  U.S. Salernitana 1919 (2011-2012, 29 apps)  ->  U.S. Salernitana 1919 (2012-2014, 48 apps)"
"Francesco Morini",Italy,defender,3,"U.C. Sampdoria (1963-1969, 161 apps)  ->  Juventus FC (1969-1980, 256 apps)  ->  Toronto Blizzard (1980-1980, 22 apps)"
"Francesco Pomi","Kingdom of Italy, Italy",midfielder,2,"AC Milan (1925-1933, 221 apps)  ->  Catania FC (1933-1935, ? apps)"
"Francesco Rocca",Italy,defender,1,"AS Roma (1972-1981, 141 apps)"
"Francesco Romano",Italy,midfielder,8,"A.C. Reggiana 1919 (1977-1979, 25 apps)  ->  AC Milan (1979-1983, 86 apps)  ->  US Triestina Calcio 1918 (1983-1986, 112 apps)  ->  SSC Napoli (1986-1989, 65 apps)  ->  Torino FC (1989-1991, 60 apps)  ->  Venezia F.C. (1991-1993, 66 apps)  ->  US Triestina Calcio 1918 (1993-1994, 17 apps)  ->  A.C. Palazzolo 1913 (1994-1995, 1 apps)"
"Francesco Scaratti","Kingdom of Italy, Italy",midfielder,7,"S.S. Romulea (1957-1958, ? apps)  ->  Siena FC (1959-1960, 31 apps)  ->  SPAL (1960-1961, 2 apps)  ->  Mantova 1911 (1964-1965, 4 apps)  ->  Hellas Verona FC (1965-1968, 73 apps)  ->  AS Roma (1968-1973, 104 apps)  ->  A.S. Lodigiani (1973-1975, ? apps)"
"Francesco Soldera","Kingdom of Italy, Italy",midfielder,2,"AC Milan (1914-1924, 108 apps)  ->  Inter Milan (1924-1925, 1 apps)"
"Francesco Toldo",Italy,goalkeeper,6,"AC Milan (1990-1993, 0 apps)  ->  Hellas Verona FC (1990-1991, 0 apps)  ->  Trento Calcio 1921 (1991-1992, 38 apps)  ->  S.C. Ravenna Sport (1992-1993, 31 apps)  ->  ACF Fiorentina (1993-2001, 266 apps)  ->  Inter Milan (2001-2010, 148 apps)"
"Francesco Totti",Italy,"midfielder, forward",2,"Trastevere Calcio (1985-1986, ? apps)  ->  AS Roma (1993-2017, 619 apps)"
"Francesco Turrini",Italy,midfielder,7,"S.S. Sambenedettese Calcio (1983-1987, 58 apps)  ->  Parma Calcio 1913 (1987-1989, 53 apps)  ->  Como 1907 (1989-1990, 30 apps)  ->  Taranto Sport (1990-1992, 54 apps)  ->  Piacenza Calcio (1992-1996, 133 apps)  ->  SSC Napoli (1996-2000, 109 apps)  ->  SSC Ancona (2000-2001, 8 apps)"
"Francesco Zagatti","Kingdom of Italy, Italy",midfielder,1,"AC Milan (1951-1963, 214 apps)"
"Francis Burns","United Kingdom","defender, full-back",4,"Manchester United F.C. (1965-1972, 121 apps)  ->  Southampton F.C. (1972-1973, 21 apps)  ->  Preston North End F.C. (1973-1981, 273 apps)  ->  Shamrock Rovers F.C. (1981-1982, 16 apps)"
"Francis Coquelin",France,"defensive midfielder",5,"Arsenal F.C. (2008-2018, 160 apps)  ->  F.C. Lorient (2010-2011, 24 apps)  ->  SC Freiburg (2013-2014, 16 apps)  ->  Charlton Athletic F.C. (2014-2014, 5 apps)  ->  Valencia CF (2018-?, ? apps)"
"Francis Lee","United Kingdom",forward,3,"Bolton Wanderers F.C. (1959-1967, 189 apps)  ->  Manchester City F.C. (1967-1974, 249 apps)  ->  Derby County F.C. (1974-1976, 62 apps)"
"Francisco Antúnez",Spain,defender,5,"Real Betis Balompié (1941-1945, ? apps)  ->  Sevilla FC (1945-1952, 117 apps)  ->  CD Málaga (1952-1954, 7 apps)  ->  Málaga CF (1952-1953, 6 apps)  ->  Xerez C.D. (1954-1955, ? apps)"
"Francisco Arencibia","Cuba, Spain",midfielder,1,"Atlético Madrid (1935-1947, 113 apps)"
"Francisco Buyo",Spain,goalkeeper,5,"RCD Mallorca (1975-1976, 16 apps)  ->  Deportivo de La Coruña (1976-1980, 122 apps)  ->  Sociedad Deportiva Huesca (1978-1979, 22 apps)  ->  Sevilla FC (1980-1986, 199 apps)  ->  Real Madrid Club de Fútbol (1986-1997, 343 apps)"
"Francisco Calvet",Spain,defender,1,"Real Oviedo (1952-1954, 21 apps)"
"Francisco Celaya",Spain,defender,2,"Athletic Bilbao B (1940-1941, ? apps)  ->  Athletic Club (1941-1951, 117 apps)"
"Francisco Gallardo",Spain,midfielder,12,"Sevilla FC (1998-2000, 30 apps)  ->  Sevilla Atlético (1998-2000, 32 apps)  ->  Sevilla FC (2000-2007, 118 apps)  ->  Getafe CF (2004-2005, 22 apps)  ->  Vitória S.C. (2005-2006, 2 apps)  ->  Vitória S.C. (2006-2006, 2 apps)  ->  Real Murcia (2006-2007, 20 apps)  ->  Deportivo de La Coruña (2006-2006, 7 apps)  ->  Real Murcia (2007-2009, 16 apps)  ->  Sociedad Deportiva Huesca (2009-2011, 35 apps)  ->  Diósgyőri VTK (2011-2013, 40 apps)  ->  Ferenc Puskás Football Academy (2013-2014, 20 apps)"
"Francisco Garate",Spain,forward,2,"SCD Durango (1933-1934, ? apps)  ->  Athletic Club (1934-1946, 103 apps)"
"Francisco García Gómez",Spain,midfielder,4,"Real Oviedo (1957-1963, 115 apps)  ->  Unión Popular de Langreo (1958-1959, ? apps)  ->  Valencia CF (1963-1972, 212 apps)  ->  Valencia CF Mestalla (1972-1973, 31 apps)"
"Francisco García Hernández",Spain,midfielder,4,"Club Deportivo Guadalajara (1974-1976, ? apps)  ->  Real Madrid Club de Fútbol (1978-1983, 84 apps)  ->  CD Castellón (1983-1988, 130 apps)  ->  UD Alzira (1988-1989, 15 apps)"
"Francisco Javier Aguilar García",Spain,forward,4,"Racing de Santander (1968-1971, 37 apps)  ->  Real Madrid Club de Fútbol (1971-1979, 144 apps)  ->  Sporting de Gijón (1979-1981, 46 apps)  ->  Rayo Vallecano (1981-1983, 73 apps)"
"Francisco Javier Bermejo",Spain,midfielder,3,"Atlético Madrid (1973-1981, 150 apps)  ->  Club Deportivo Badajoz (1983-1985, 18 apps)  ->  CD Castellón (1983-1984, 9 apps)"
"Francisco Javier González Gómez",Spain,forward,9,"Athletic Club (1991-1993, ? apps)  ->  Athletic Bilbao B (1993-1994, 15 apps)  ->  Deportivo Alavés (1994-1995, 5 apps)  ->  Sestao Sport Club (1995-1996, 30 apps)  ->  RC Celta de Vigo (1996-1997, 24 apps)  ->  Athletic Club (1997-2007, 254 apps)  ->  F.C. Ashdod (2006-2006, 11 apps)  ->  Hércules CF (2007-2009, 12 apps)  ->  Club Portugalete (2009-2011, ? apps)"
"Francisco Javier Luke",Spain,forward,8,"CD Santurtzi (1986-1989, ? apps)  ->  Sestao Sport Club (1989-1990, 37 apps)  ->  Athletic Club (1990-1995, 101 apps)  ->  Club Atlético Osasuna (1993-1994, 18 apps)  ->  Albacete Balompié (1995-1997, 19 apps)  ->  Unión Deportiva Almería (1995-1996, 21 apps)  ->  Burgos CF (1997-1999, 44 apps)  ->  Barakaldo CF (1999-2000, 35 apps)"
"Francisco Javier López Castro",Spain,defender,10,"CD Masnou (1986-1987, ? apps)  ->  UD Fraga (1987-1989, ? apps)  ->  CF Gandía (1989-1990, ? apps)  ->  Mérida UD (1990-1992, 35 apps)  ->  CP Mérida (1990-1992, 35 apps)  ->  Yeclano Deportivo (1992-1993, 24 apps)  ->  Villarreal CF (1993-1996, 97 apps)  ->  Racing Club de Ferrol (1996-1997, 27 apps)  ->  UD San Pedro (1997-1998, 35 apps)  ->  CD Onda (1998-1999, ? apps)"
"Francisco José Camarasa",Spain,defender,3,"Valencia CF Mestalla (1985-1988, ? apps)  ->  Valencia CF (1988-2000, 266 apps)  ->  Valencia CF Mestalla (2000-2000, 19 apps)"
"Francisco Lima",Brazil,midfielder,20,"Ferroviário Atlético Clube (1990-1994, ? apps)  ->  Sul América Esporte Clube (1993-1993, ? apps)  ->  São Paulo FC (1994-1996, 6 apps)  ->  União São João E.C. (1995-1995, ? apps)  ->  Gaziantepspor (1996-1998, 58 apps)  ->  Nacional Futebol Clube (1996-1996, ? apps)  ->  FC Zürich (1998-1999, 32 apps)  ->  US Lecce (1999-2000, 32 apps)  ->  Bologna F.C. 1909 (2000-2001, 29 apps)  ->  AS Roma (2001-2004, 88 apps)  ->  FC Lokomotiv Moscow (2004-2006, 41 apps)  ->  Qatar SC (2006-2006, 7 apps)  ->  FC Dinamo Moscow (2006-2006, 7 apps)  ->  Brescia Calcio (2007-2008, 58 apps)  ->  San Jose Earthquakes (2008-2009, 14 apps)  ->  Taranto Sport (2009-2009, 12 apps)  ->  Nacional Futebol Clube (2010-2010, ? apps)  ->  Atlético Rio Negro Clube (2010-2010, ? apps)  ->  São Raimundo Esporte Clube (2011-2011, ? apps)  ->  Nacional Fast Clube (2016-?, ? apps)"
"Francisco Llorente Gento",Spain,"wing half",5,"Atlético Madrid B (1985-1986, 31 apps)  ->  Atlético Madrid (1985-1986, 31 apps)  ->  Atlético Madrid (1986-1987, 29 apps)  ->  Real Madrid Club de Fútbol (1987-1994, 105 apps)  ->  SD Compostela (1994-1998, 72 apps)"
"Francisco López Alfaro",Spain,midfielder,2,"Sevilla FC (1981-1990, 258 apps)  ->  RCD Espanyol de Barcelona (1990-1997, 207 apps)"
"Francisco Molina","Chile, Spain",forward,7,"Santiago Wanderers (1948-1950, 30 apps)  ->  Club Deportivo Universidad Católica (1951-1952, 27 apps)  ->  Atlético Madrid (1953-1956, 84 apps)  ->  Audax Italiano (1957-1959, 42 apps)  ->  Unión Española (1960-1960, 23 apps)  ->  Club Deportivo Universidad Católica (1961-1961, 21 apps)  ->  Coquimbo Unido (1963-1964, 7 apps)"
"Francisco Pavón",Spain,defender,4,"Real Madrid C (1998-2000, ? apps)  ->  Real Madrid Club de Fútbol (2001-2007, 106 apps)  ->  Real Zaragoza (2007-2010, 43 apps)  ->  AC Arles (2010-2011, 26 apps)"
"Francisco Pineda",Spain,forward,4,"Real Madrid Club de Fútbol (1980-1985, 91 apps)  ->  Real Zaragoza (1985-1988, 79 apps)  ->  CD Málaga (1988-1990, 8 apps)  ->  Málaga CF (1988-1990, 8 apps)"
"Francisco Rodríguez García",Spain,defender,4,"CD Condal (1954-1956, 37 apps)  ->  FC Barcelona Atlètic (1956-1958, ? apps)  ->  CD Condal (1956-1958, 62 apps)  ->  Gimnàstic de Tarragona (1964-1964, ? apps)"
"Francisco Rufete",Spain,"wing half",8,"FC Barcelona Atlètic (1995-1997, 45 apps)  ->  FC Barcelona C (1995-1995, 12 apps)  ->  CD Toledo (1997-1998, 38 apps)  ->  RCD Mallorca (1998-1999, 0 apps)  ->  Málaga CF (1999-1999, 20 apps)  ->  Valencia CF (2001-2006, 132 apps)  ->  RCD Espanyol de Barcelona (2006-2009, 57 apps)  ->  Hércules CF (2009-2012, 46 apps)"
"Francisco Sanjosé",Spain,defender,2,"Sevilla FC (1971-1986, 303 apps)  ->  Sevilla Atlético (1971-1972, 0 apps)"
"Francisco Villarroya",Spain,defender,6,"Real Zaragoza (1984-1990, 100 apps)  ->  Deportivo Aragón (1984-1987, 23 apps)  ->  Real Madrid Club de Fútbol (1990-1994, 83 apps)  ->  Deportivo de La Coruña (1994-1996, 42 apps)  ->  Sporting de Gijón (1996-1998, 51 apps)  ->  Club Deportivo Badajoz (1998-1999, 19 apps)"
"Francisco Yeste",Spain,"inside forward",6,"Athletic Club (1991-1997, ? apps)  ->  CD Baskonia (1997-1998, 38 apps)  ->  Athletic Club (1998-2010, 353 apps)  ->  Athletic Bilbao B (1998-2000, 34 apps)  ->  Al Wasl FC (2010-2011, 27 apps)  ->  Baniyas SC (2012-2012, 7 apps)"
"Franck Kessié","Ivory Coast",midfielder,6,"Stella Club d'Adjamé (2014-2015, ? apps)  ->  Atalanta BC (2015-2019, 30 apps)  ->  AC Cesena (2015-2016, 37 apps)  ->  AC Milan (2017-2019, 71 apps)  ->  AC Milan (2019-2022, 103 apps)  ->  Al Ahli FC (2023-?, 87 apps)"
"Franck Ribéry",France,"wing half",9,"US Boulogne (2000-2002, 28 apps)  ->  Olympique Alès (2002-2003, 19 apps)  ->  Stade Brestois 29 (2003-2004, 35 apps)  ->  FC Metz (2004-2005, 20 apps)  ->  Galatasaray S.K. (2005-2005, 14 apps)  ->  Olympique de Marseille (2005-2007, 60 apps)  ->  FC Bayern Munich (2007-2019, 273 apps)  ->  ACF Fiorentina (2019-2021, 50 apps)  ->  U.S. Salernitana 1919 (2021-2022, 24 apps)"
"Franco Baresi",Italy,"defender, sweeper",1,"AC Milan (1977-1997, 531 apps)"
"Franco Causio",Italy,"wing half",10,"US Lecce (1964-1965, 3 apps)  ->  S.S. Sambenedettese Calcio (1965-1966, 13 apps)  ->  Juventus FC (1966-1968, 1 apps)  ->  AS Reggina 1914 (1968-1969, 30 apps)  ->  Palermo F.C. (1969-1970, 22 apps)  ->  Juventus FC (1970-1981, 304 apps)  ->  Udinese Calcio (1981-1984, 83 apps)  ->  Inter Milan (1984-1985, 24 apps)  ->  US Lecce (1985-1986, 26 apps)  ->  US Triestina Calcio 1918 (1986-1988, 64 apps)"
"Franco Cordova",Italy,midfielder,7,"U.S. Salernitana 1919 (1962-1963, 6 apps)  ->  Catania FC (1963-1965, 10 apps)  ->  Inter Milan (1965-1966, 1 apps)  ->  Brescia Calcio (1966-1967, 25 apps)  ->  AS Roma (1967-1976, 212 apps)  ->  SS Lazio (1976-1979, 85 apps)  ->  U.S. Avellino 1912 (1979-1980, 5 apps)"
"Franco Peccenini",Italy,defender,3,"AS Roma (1971-1980, 153 apps)  ->  Unione Sportiva Catanzaro (1980-1984, 49 apps)  ->  Ternana Calcio (1984-1985, 23 apps)"
"Franco Scaramelli",Italy,midfielder,4,"Modena F.C. (1929-1932, 64 apps)  ->  AS Roma (1932-1938, 97 apps)  ->  Modena F.C. (1938-1939, 2 apps)  ->  Brescia Calcio (1939-1941, 45 apps)"
"Franco Tancredi",Italy,goalkeeper,5,"Giulianova Calcio (1972-1974, 45 apps)  ->  AC Milan (1974-1976, 0 apps)  ->  Rimini FC (1976-1977, 28 apps)  ->  AS Roma (1977-1990, 288 apps)  ->  Torino FC (1990-1991, 6 apps)"
"Frank Barrett","United Kingdom of Great Britain and Ireland",goalkeeper,7,"Dundee F.C. (1893-1896, ? apps)  ->  Manchester United F.C. (1896-1900, 118 apps)  ->  New Brighton Tower F.C. (1900-1901, 34 apps)  ->  Manchester City F.C. (1901-1902, 5 apps)  ->  Arbroath F.C. (1901-1901, ? apps)  ->  Dundee F.C. (1902-1903, ? apps)  ->  Aberdeen F.C. (1903-1905, 20 apps)"
"Frank Barson","United Kingdom of Great Britain and Ireland, United Kingdom",midfielder,7,"Barnsley F.C. (1911-1919, 91 apps)  ->  Aston Villa F.C. (1919-1922, 92 apps)  ->  Manchester United F.C. (1922-1928, 140 apps)  ->  Watford F.C. (1928-1929, 10 apps)  ->  Hartlepool United F.C. (1929-1930, 9 apps)  ->  Wigan Borough F.C. (1930-1931, 19 apps)  ->  Rhyl F.C. (1932-1935, 19 apps)"
"Frank Blunstone","United Kingdom","forward, wing half",2,"Crewe Alexandra F.C. (1951-1953, 48 apps)  ->  Chelsea F.C. (1953-1964, 317 apps)"
"Frank Booth","United Kingdom of Great Britain and Ireland","wing half",1,"Manchester City F.C. (1902-1911, 94 apps)"
"Frank Bradshaw","United Kingdom of Great Britain and Ireland, United Kingdom",forward,4,"Sheffield Wednesday F.C. (1904-1910, 87 apps)  ->  Northampton Town F.C. (1910-1911, ? apps)  ->  Everton F.C. (1911-1914, 66 apps)  ->  Arsenal F.C. (1914-1923, 132 apps)"
"Frank Brennan","United Kingdom of Great Britain and Ireland, United Kingdom",centre-back,2,"Airdrieonians F.C. (1941-1946, 0 apps)  ->  Newcastle United F.C. (1946-1956, 318 apps)"
"Frank Clark","United Kingdom",full-back,3,"Crook Town A.F.C. (1961-1962, ? apps)  ->  Newcastle United F.C. (1962-1975, 389 apps)  ->  Nottingham Forest F.C. (1975-1979, 117 apps)"
"Frank Hudspeth","United Kingdom of Great Britain and Ireland, United Kingdom",full-back,1,"Newcastle United F.C. (1910-1929, 472 apps)"
"Frank Jefferis","United Kingdom of Great Britain and Ireland, United Kingdom","inside forward",6,"Southampton F.C. (1905-1911, 170 apps)  ->  Everton F.C. (1911-1920, 125 apps)  ->  Preston North End F.C. (1920-1922, 79 apps)  ->  Southport F.C. (1922-1923, 52 apps)  ->  Preston North End F.C. (1925-1926, 0 apps)  ->  Southport F.C. (1926-1926, 2 apps)"
"Frank Lampard","United Kingdom",midfielder,5,"West Ham United F.C. (1995-2001, 148 apps)  ->  Swansea City A.F.C. (1995-1996, 9 apps)  ->  Chelsea F.C. (2001-2014, 429 apps)  ->  Manchester City F.C. (2014-2015, 32 apps)  ->  New York City FC (2015-2016, 29 apps)"
"Frank Leboeuf",France,centre-back,9,"Sporting Toulon Var (1984-1986, ? apps)  ->  Hyères FC (1986-1986, ? apps)  ->  CS Meaux (1987-1988, ? apps)  ->  Stade Lavallois (1988-1991, 69 apps)  ->  RC Strasbourg Alsace (1991-1996, 189 apps)  ->  Chelsea F.C. (1996-2001, 206 apps)  ->  Olympique de Marseille (2001-2003, 51 apps)  ->  Al Sadd Sports Club (2003-2004, 17 apps)  ->  Al-Wakrah Sports Club (2004-2005, 10 apps)"
"Frank Mann","United Kingdom of Great Britain and Ireland, United Kingdom",midfielder,2,"Huddersfield Town A.F.C. (1912-1923, 201 apps)  ->  Manchester United F.C. (1923-1930, 180 apps)"
"Frank McLintock","United Kingdom","centre-back, defender",3,"Leicester City F.C. (1956-1964, 168 apps)  ->  Arsenal F.C. (1964-1973, 314 apps)  ->  Queens Park Rangers F.C. (1973-1977, 127 apps)"
"Frank McPherson","United Kingdom of Great Britain and Ireland",forward,9,"Chesterfield F.C. (1919-1921, 26 apps)  ->  Partick Thistle F.C. (1919-1919, 1 apps)  ->  Barrow A.F.C. (1921-1923, 53 apps)  ->  Manchester United F.C. (1923-1928, 159 apps)  ->  Manchester Central F.C. (1928-1928, ? apps)  ->  Watford F.C. (1928-1930, 61 apps)  ->  Reading F.C. (1930-1933, 79 apps)  ->  Watford F.C. (1933-1936, 33 apps)  ->  Barrow A.F.C. (1937-1937, 3 apps)"
"Frank Mill",Germany,forward,4,"Rot-Weiss Essen (1976-1981, 120 apps)  ->  Borussia Mönchengladbach (1981-1986, 153 apps)  ->  Borussia Dortmund (1986-1994, 178 apps)  ->  Fortuna Düsseldorf (1994-1996, 55 apps)"
"Frank Moss","United Kingdom of Great Britain and Ireland, United Kingdom",goalkeeper,3,"Preston North End F.C. (1928-1929, 24 apps)  ->  Oldham Athletic A.F.C. (1929-1931, 29 apps)  ->  Arsenal F.C. (1931-1937, 143 apps)"
"Frank Osborne","South Africa",forward,4,"Bromley F.C. (1919-1921, ? apps)  ->  Fulham F.C. (1921-1924, 67 apps)  ->  Tottenham Hotspur F.C. (1924-1931, 210 apps)  ->  Southampton F.C. (1931-1933, 17 apps)"
"Frank Pagelsdorf",Germany,midfielder,4,"Hannover 96 (1976-1978, 71 apps)  ->  Arminia Bielefeld (1978-1984, 164 apps)  ->  Borussia Dortmund (1984-1988, 102 apps)  ->  Hannover 96 (1989-1989, 28 apps)"
"Frank Rijkaard","Kingdom of the Netherlands","defensive midfielder",5,"AFC Ajax (1980-1987, 248 apps)  ->  Real Zaragoza (1987-1988, 11 apps)  ->  Sporting CP (1987-1988, 0 apps)  ->  AC Milan (1988-1993, 201 apps)  ->  AFC Ajax (1993-1995, 80 apps)"
"Frank Roberts","United Kingdom of Great Britain and Ireland, United Kingdom","inside forward",2,"Bolton Wanderers F.C. (1914-1922, 157 apps)  ->  Manchester City F.C. (1922-1928, 216 apps)"
"Frank Saul","United Kingdom",forward,4,"Tottenham Hotspur F.C. (1960-1968, 116 apps)  ->  Southampton F.C. (1968-1970, 50 apps)  ->  Queens Park Rangers F.C. (1970-1972, 43 apps)  ->  Millwall F.C. (1972-1976, 96 apps)"
"Frank Sinclair","United Kingdom",full-back,12,"Chelsea F.C. (1990-1998, 169 apps)  ->  West Bromwich Albion F.C. (1991-1992, 6 apps)  ->  Leicester City F.C. (1998-2004, 164 apps)  ->  Burnley F.C. (2004-2007, 92 apps)  ->  Huddersfield Town A.F.C. (2007-2007, 13 apps)  ->  Lincoln City F.C. (2008-2009, 23 apps)  ->  Wycombe Wanderers F.C. (2009-2009, 9 apps)  ->  Wrexham A.F.C. (2009-2010, 17 apps)  ->  Wrexham A.F.C. (2010-2011, 39 apps)  ->  Hendon F.C. (2011-2011, 10 apps)  ->  Colwyn Bay F.C. (2012-2015, 66 apps)  ->  Brackley Town F.C. (2015-2015, 13 apps)"
"Frank Stapleton",Ireland,forward,13,"Arsenal F.C. (1974-1981, 225 apps)  ->  Manchester United F.C. (1981-1987, 223 apps)  ->  R.S.C. Anderlecht (1987-1988, ? apps)  ->  Derby County F.C. (1987-1987, 10 apps)  ->  AFC Ajax (1987-1987, 3 apps)  ->  AFC Ajax (1988-1988, 3 apps)  ->  Le Havre AC (1988-1989, 18 apps)  ->  Blackburn Rovers F.C. (1989-1991, 81 apps)  ->  Bradford City A.F.C. (1991-1994, 68 apps)  ->  Aldershot F.C. (1991-1991, 1 apps)  ->  Aldershot Town F.C. (1991-1991, 1 apps)  ->  Huddersfield Town A.F.C. (1991-1991, 5 apps)  ->  Brighton & Hove Albion F.C. (1994-1995, 2 apps)"
"Frank Swift","United Kingdom of Great Britain and Ireland, United Kingdom",goalkeeper,6,"Manchester City F.C. (1933-1949, 376 apps)  ->  Aldershot F.C. (1939-1945, 12 apps)  ->  Liverpool F.C. (1939-1940, 2 apps)  ->  Charlton Athletic F.C. (1941-1942, 1 apps)  ->  Fulham F.C. (1942-1943, 5 apps)  ->  Reading F.C. (1942-1943, 4 apps)"
"Frank de Boer","Kingdom of the Netherlands",defender,5,"AFC Ajax (1988-1999, 328 apps)  ->  Galatasaray S.K. (2003-2004, 15 apps)  ->  Rangers F.C. (2004-2004, 15 apps)  ->  Al-Rayyan (2004-2005, 16 apps)  ->  Al-Shamal Sports Club (2005-2006, 1 apps)"
"Franz Bachl",Germany,,3,"TSV 1860 München (1945-1946, ? apps)  ->  FC Bayern Munich (1946-1952, 169 apps)  ->  FC Augsburg (1952-1954, 57 apps)"
"Franz Beckenbauer","West Germany, Germany","defender, sweeper",4,"FC Bayern Munich (1965-1977, 439 apps)  ->  New York Cosmos (1977-1980, 80 apps)  ->  Hamburger SV (1980-1982, 28 apps)  ->  New York Cosmos (1983-1983, 25 apps)"
"Franz Roth",Germany,midfielder,3,"FC Bayern Munich (1966-1978, 322 apps)  ->  FC Red Bull Salzburg (1978-1979, 31 apps)  ->  SV Sandhausen (1980-1980, 8 apps)"
"Franz-Josef Tenhagen",Germany,defender,4,"Rot-Weiß Oberhausen (1971-1973, 64 apps)  ->  VfL Bochum (1973-1981, 257 apps)  ->  Borussia Dortmund (1981-1984, 87 apps)  ->  VfL Bochum (1984-1988, 49 apps)"
Fred,Brazil,midfielder,4,"S.C. Internacional (2011-2013, 53 apps)  ->  FC Shakhtar Donetsk (2013-2018, 101 apps)  ->  Manchester United F.C. (2018-2023, 139 apps)  ->  Fenerbahçe Istanbul (2023-?, 86 apps)"
"Fred Channell","United Kingdom of Great Britain and Ireland, United Kingdom",full-back,3,"Tottenham Hotspur F.C. (1930-1931, 0 apps)  ->  Peterborough & Fletton United F.C. (1931-1931, ? apps)  ->  Tottenham Hotspur F.C. (1933-1936, 95 apps)"
"Fred Davis","United Kingdom of Great Britain and Ireland, United Kingdom","wing half",2,"Arsenal F.C. (1893-1899, 137 apps)  ->  Nottingham Forest F.C. (1899-1900, 0 apps)"
"Fred Erentz","United Kingdom of Great Britain and Ireland, United Kingdom",full-back,1,"Manchester United F.C. (1892-1902, 280 apps)"
"Fred Geary","United Kingdom of Great Britain and Ireland, United Kingdom",forward,5,"Notts Rangers F.C. (1886-1887, ? apps)  ->  Grimsby Town F.C. (1887-1888, ? apps)  ->  Everton F.C. (1889-1895, 91 apps)  ->  Notts County F.C. (1889-1889, 0 apps)  ->  Liverpool F.C. (1895-1896, 39 apps)"
"Fred Hopkin","United Kingdom of Great Britain and Ireland, United Kingdom","wing half",4,"Darlington F.C. (1912-1919, ? apps)  ->  Manchester United F.C. (1919-1921, 70 apps)  ->  Liverpool F.C. (1921-1931, 335 apps)  ->  Darlington F.C. (1931-1932, ? apps)"
"Fred Howe","United Kingdom of Great Britain and Ireland, United Kingdom",forward,6,"Stockport County F.C. (1931-1933, 2 apps)  ->  Hyde United F.C. (1933-1935, ? apps)  ->  Liverpool F.C. (1935-1938, 89 apps)  ->  Grimsby Town F.C. (1938-1939, 29 apps)  ->  Manchester City F.C. (1938-1938, 6 apps)  ->  Oldham Athletic A.F.C. (1946-1947, 30 apps)"
"Fred Pickering","United Kingdom",forward,6,"Blackburn Rovers F.C. (1959-1963, 123 apps)  ->  Everton F.C. (1963-1967, 97 apps)  ->  Birmingham City F.C. (1967-1969, 74 apps)  ->  Blackpool F.C. (1969-1971, 49 apps)  ->  Blackburn Rovers F.C. (1971-1972, 11 apps)  ->  Brighton & Hove Albion F.C. (1972-1972, 0 apps)"
"Fred Sargent","United Kingdom of Great Britain and Ireland, United Kingdom","wing half",2,"Tottenham Hotspur F.C. (1934-1945, 93 apps)  ->  Chelmsford City F.C. (1945-?, ? apps)"
"Fred Taylor","United Kingdom of Great Britain and Ireland, United Kingdom","wing half",5,"Gainsborough Trinity F.C. (1905-1905, 21 apps)  ->  Gainsborough Trinity F.C. (1907-1909, 84 apps)  ->  Chelsea F.C. (1909-1917, 155 apps)  ->  Brentford F.C. (1919-1920, 22 apps)  ->  Rochdale A.F.C. (1921-1921, 19 apps)"
"Fred Tilson","United Kingdom of Great Britain and Ireland, United Kingdom",forward,2,"Manchester City F.C. (1928-1939, 264 apps)  ->  Northampton Town F.C. (1938-1940, ? apps)"
"Fred Webster","United Kingdom of Great Britain and Ireland, United Kingdom",full-back,3,"Gainsborough Trinity F.C. (1907-1910, 89 apps)  ->  Tottenham Hotspur F.C. (1911-1914, 82 apps)  ->  Brentford F.C. (1919-1920, 11 apps)"
"Freddie Goodwin","United Kingdom","wing half",4,"Manchester United F.C. (1953-1960, 95 apps)  ->  Leeds United F.C. (1960-1964, 120 apps)  ->  Scunthorpe United F.C. (1964-1966, 6 apps)  ->  New York Generals (1967-1967, 1 apps)"
"Freddie Ljungberg",Sweden,winger,8,"Halmstads BK (1994-1998, 79 apps)  ->  Arsenal F.C. (1998-2007, 216 apps)  ->  West Ham United F.C. (2007-2008, 25 apps)  ->  Seattle Sounders FC (2009-2010, 37 apps)  ->  Chicago Fire FC (2010-2010, 15 apps)  ->  Shimizu S-Pulse (2011-2012, 8 apps)  ->  Celtic F.C. (2011-2011, 7 apps)  ->  Mumbai City FC (2014-2014, 4 apps)"
"Fredy Guarín",Colombia,midfielder,9,"Atlético Huila (2002-2002, 5 apps)  ->  Envigado Fútbol Club (2003-2007, 38 apps)  ->  AS Saint-Étienne (2006-2007, 18 apps)  ->  AS Saint-Étienne (2007-2008, 18 apps)  ->  FC Porto (2008-2012, 63 apps)  ->  Inter Milan (2012-2016, 108 apps)  ->  Shanghai Shenhua F.C. (2016-2019, 83 apps)  ->  CR Vasco da Gama (2019-2020, 13 apps)  ->  Millonarios (2021-2021, 7 apps)"
"Friedhelm Konietzka","Germany, Switzerland",forward,4,"Borussia Dortmund (1958-1965, 163 apps)  ->  TSV 1860 München (1965-1967, 47 apps)  ->  FC Winterthur (1967-1971, ? apps)  ->  FC Zürich (1971-1973, 33 apps)"
"Fritz Kosar",Germany,goalkeeper,1,"FC Bayern Munich (1960-1969, 83 apps)"
"Frédéric Kanouté","Mali, France",forward,5,"Olympique Lyonnais (1997-2000, 40 apps)  ->  West Ham United F.C. (2000-2003, 84 apps)  ->  Tottenham Hotspur F.C. (2003-2005, 60 apps)  ->  Sevilla FC (2005-2012, 209 apps)  ->  Beijing Guoan F.C. (2012-2013, 38 apps)"
"Fulvio Bernardini","Kingdom of Italy, Italy",midfielder,5,"SS Lazio (1923-1926, ? apps)  ->  Inter Milan (1926-1928, 67 apps)  ->  AS Roma (1928-1939, 286 apps)  ->  M.A.T.E.R. (1939-1943, ? apps)  ->  Maccabi Netanya F.C. (1944-1944, ? apps)"
"Fulvio Collovati",Italy,defender,5,"AC Milan (1976-1982, 158 apps)  ->  Inter Milan (1982-1986, 109 apps)  ->  Udinese Calcio (1986-1987, 20 apps)  ->  AS Roma (1987-1989, 45 apps)  ->  Genoa CFC (1989-1993, 72 apps)"
"Fulvio Nesti","Kingdom of Italy, Italy",midfielder,4,"S.S. Scafatese Calcio 1922 (1946-1948, 33 apps)  ->  SPAL (1948-1952, 125 apps)  ->  Inter Milan (1952-1957, 123 apps)  ->  A.C. Prato (1957-1960, 57 apps)"
"Fábio Aurélio",Brazil,full-back,4,"São Paulo FC (1997-2000, 54 apps)  ->  Valencia CF (2000-2006, 96 apps)  ->  Liverpool F.C. (2006-2012, 87 apps)  ->  Grêmio FBPA (2012-2013, 5 apps)"
"Félix Huete",Spain,midfielder,5,"Atlético Madrid (1932-1934, ? apps)  ->  Málaga CF (1934-1935, ? apps)  ->  Real Murcia (1935-1941, ? apps)  ->  Real Madrid Club de Fútbol (1941-1948, 154 apps)  ->  Racing de Santander (1948-1949, ? apps)"
"Félix Markaida",Spain,midfielder,2,"Athletic Club (1952-1963, 149 apps)  ->  Pontevedra CF (1963-1964, 6 apps)"
"Félix Ruiz",Spain,midfielder,2,"Club Atlético Osasuna (1958-1961, 76 apps)  ->  Real Madrid Club de Fútbol (1961-1969, 104 apps)"
"Félix Sarriugarte",Spain,forward,6,"Athletic Bilbao B (1982-1987, 118 apps)  ->  Athletic Club (1984-1989, 83 apps)  ->  Real Oviedo (1989-1994, 108 apps)  ->  UD Las Palmas (1994-1995, 38 apps)  ->  Barakaldo CF (1995-1995, 5 apps)  ->  UDA Gramenet (1996-1996, 11 apps)"
"Gabri García",Spain,midfielder,6,"Centre d'Esports Sabadell Futbol Club (1991-1993, ? apps)  ->  FC Barcelona Atlètic (1997-2000, 67 apps)  ->  AFC Ajax (2006-2010, 86 apps)  ->  Umm Salal SC (2010-2011, 13 apps)  ->  FC Sion (2011-2011, 2 apps)  ->  FC Lausanne-Sport (2012-2014, 28 apps)"
"Gabriel Fernández Arena",Spain,midfielder,6,"Atlético Madrid B (2002-2004, 46 apps)  ->  Atlético Madrid (2004-2007, 58 apps)  ->  Getafe CF (2004-2005, 32 apps)  ->  Real Zaragoza (2007-2011, 135 apps)  ->  Atlético Madrid (2011-2018, 239 apps)  ->  Al Sadd Sports Club (2018-2020, 35 apps)"
"Gabriel Jesus",Brazil,forward,3,"Sociedade Esportiva Palmeiras (2015-2017, 67 apps)  ->  Manchester City F.C. (2017-2022, 159 apps)  ->  Arsenal F.C. (2022-?, 81 apps)"
"Gabriel Magalhães",Brazil,defender,5,"Avaí Futebol Clube (2016-2017, 34 apps)  ->  Lille OSC (2017-2020, 39 apps)  ->  ES Troyes AC (2017-2018, 1 apps)  ->  GNK Dinamo Zagreb (2018-2018, 1 apps)  ->  Arsenal F.C. (2020-?, 185 apps)"
"Gabriel Martinelli",Brazil,forward,2,"Ituano Futebol Clube (2018-2019, 17 apps)  ->  Arsenal F.C. (2019-?, 186 apps)"
"Gabriel Moya",Spain,forward,8,"RSD Alcalá (1985-1986, ? apps)  ->  Real Valladolid (1986-1991, 145 apps)  ->  Atlético Madrid (1991-1993, 54 apps)  ->  Sevilla FC (1993-1996, 106 apps)  ->  Valencia CF (1996-1997, 35 apps)  ->  RCD Mallorca (1997-1998, 23 apps)  ->  Sevilla FC (1998-2000, 43 apps)  ->  RSD Alcalá (2000-2001, ? apps)"
"Gabriel Paulista",Brazil,centre-back,7,"E.C. Vitória (2010-2013, 77 apps)  ->  Villarreal CF (2013-2015, 37 apps)  ->  Arsenal F.C. (2015-2017, 64 apps)  ->  Valencia CF (2017-2024, 182 apps)  ->  Atlético Madrid (2024-2024, 5 apps)  ->  Beşiktaş J.K. (Football) (2024-2026, 30 apps)  ->  S.C. Corinthians Paulista (2026-?, 19 apps)"
"Gabriele Oriali",Italy,midfielder,2,"Inter Milan (1970-1983, 277 apps)  ->  ACF Fiorentina (1983-1987, 107 apps)"
"Gaetano Scirea",Italy,"defender, sweeper",2,"Atalanta BC (1972-1974, 58 apps)  ->  Juventus FC (1974-1988, 377 apps)"
"Gaizka Mendieta",Spain,"central midfielder",6,"CD Castellón (1991-1992, 19 apps)  ->  Valencia CF Mestalla (1992-1994, 34 apps)  ->  Valencia CF (1993-2001, 305 apps)  ->  SS Lazio (2001-2004, 31 apps)  ->  Middlesbrough F.C. (2003-2004, 38 apps)  ->  Middlesbrough F.C. (2004-2008, 45 apps)"
"Gaizka Toquero",Spain,forward,11,"Deportivo Alavés (1997-1999, ? apps)  ->  CD Ariznabarra (1999-2002, ? apps)  ->  Real Sociedad (2002-2003, ? apps)  ->  Deportivo Alavés C (2003-2005, ? apps)  ->  Deportivo Alavés B (2005-2006, 29 apps)  ->  SD Lemona (2006-2007, 34 apps)  ->  Sestao River Club (2007-2008, 38 apps)  ->  SD Eibar (2008-2008, 17 apps)  ->  Athletic Club (2008-2015, 207 apps)  ->  Deportivo Alavés (2015-2017, 69 apps)  ->  Real Zaragoza (2017-2019, 30 apps)"
Gallego,Spain,defender,2,"Sevilla FC (1961-1965, 69 apps)  ->  Sevilla FC (1975-1980, 116 apps)"
"Garazi Murua",Spain,defender,1,"Athletic Club (2015-2024, 178 apps)"
"Gareth Bale","United Kingdom","wing half",5,"Southampton F.C. (2006-2007, 40 apps)  ->  Tottenham Hotspur F.C. (2007-2013, 146 apps)  ->  Real Madrid Club de Fútbol (2013-2022, 176 apps)  ->  Tottenham Hotspur F.C. (2020-2021, 20 apps)  ->  Los Angeles FC (2022-2022, 12 apps)"
"Gareth Barry","United Kingdom",midfielder,5,"Aston Villa F.C. (1998-2009, 365 apps)  ->  Manchester City F.C. (2009-2014, 132 apps)  ->  Everton F.C. (2013-2014, 32 apps)  ->  Everton F.C. (2014-2017, 99 apps)  ->  West Bromwich Albion F.C. (2017-2020, 52 apps)"
"Gareth Hall","United Kingdom",defender,6,"Chelsea F.C. (1986-1996, 139 apps)  ->  Sunderland A.F.C. (1995-1995, 1 apps)  ->  Sunderland A.F.C. (1996-1998, 47 apps)  ->  Brentford F.C. (1997-1997, 6 apps)  ->  Swindon Town F.C. (1998-2001, 87 apps)  ->  Havant & Waterlooville F.C. (2001-?, ? apps)"
"Garry Flitcroft","United Kingdom",midfielder,4,"Manchester City F.C. (1991-1996, 116 apps)  ->  Bury F.C. (1992-1992, 12 apps)  ->  Blackburn Rovers F.C. (1996-2006, 248 apps)  ->  Sheffield United F.C. (2006-2006, 6 apps)"
"Garth Crooks","United Kingdom",forward,5,"Stoke City F.C. (1976-1980, 147 apps)  ->  Tottenham Hotspur F.C. (1980-1985, 125 apps)  ->  Manchester United F.C. (1983-1984, 7 apps)  ->  West Bromwich Albion F.C. (1985-1987, 40 apps)  ->  Charlton Athletic F.C. (1987-1990, 56 apps)"
"Gary Ablett","United Kingdom","defender, full-back",9,"Derby County F.C. (1985-1985, 6 apps)  ->  Liverpool F.C. (1985-1992, 109 apps)  ->  Hull City A.F.C. (1986-1986, 5 apps)  ->  Everton F.C. (1992-1996, 128 apps)  ->  Sheffield United F.C. (1996-1996, 12 apps)  ->  Birmingham City F.C. (1996-1999, 104 apps)  ->  Wycombe Wanderers F.C. (1999-1999, 4 apps)  ->  Long Island Rough Riders (2000-2001, 21 apps)  ->  Blackpool F.C. (2000-2000, 10 apps)"
"Gary Bailey","United Kingdom",goalkeeper,4,"Cape Town City F.C. (1975-1975, 0 apps)  ->  Bidvest Wits F.C. (1976-1979, ? apps)  ->  Manchester United F.C. (1978-1987, 294 apps)  ->  Kaizer Chiefs F.C. (1988-1990, 294 apps)"
"Gary Cahill","United Kingdom",centre-back,7,"Burnley F.C. (2004-2005, 27 apps)  ->  Aston Villa F.C. (2004-2008, 28 apps)  ->  Sheffield United F.C. (2007-2007, 16 apps)  ->  Bolton Wanderers F.C. (2008-2012, 130 apps)  ->  Chelsea F.C. (2012-2019, 191 apps)  ->  Crystal Palace F.C. (2019-2021, 45 apps)  ->  AFC Bournemouth (2021-2022, 22 apps)"
"Gary Chivers","United Kingdom",defender,8,"Chelsea F.C. (1978-1983, 133 apps)  ->  Swansea City A.F.C. (1983-1984, 10 apps)  ->  Queens Park Rangers F.C. (1984-1987, 60 apps)  ->  Watford F.C. (1987-1988, 14 apps)  ->  Brighton & Hove Albion F.C. (1988-1993, 217 apps)  ->  Lyn 1896 FK (1993-1993, 4 apps)  ->  AFC Bournemouth (1993-1995, 31 apps)  ->  St. Leonards F.C. (1995-1996, ? apps)"
"Gary Gillespie","United Kingdom","midfielder, defender",5,"Falkirk F.C. (1977-1978, 22 apps)  ->  Coventry City F.C. (1978-1983, 172 apps)  ->  Liverpool F.C. (1983-1991, 156 apps)  ->  Celtic F.C. (1991-1994, 69 apps)  ->  Coventry City F.C. (1994-1997, 3 apps)"
"Gary Jones","United Kingdom","wing half",3,"Everton F.C. (1968-1976, 82 apps)  ->  Birmingham City F.C. (1976-1978, 35 apps)  ->  Fort Lauderdale Strikers (1978-1979, 8 apps)"
"Gary Lineker","United Kingdom",forward,5,"Leicester City F.C. (1976-1978, ? apps)  ->  Leicester City F.C. (1978-1985, 194 apps)  ->  Everton F.C. (1985-1986, 41 apps)  ->  Tottenham Hotspur F.C. (1989-1992, 105 apps)  ->  Nagoya Grampus (1993-1994, 18 apps)"
"Gary Locke","United Kingdom",full-back,5,"Chelsea F.C. (1971-1983, 272 apps)  ->  Crystal Palace F.C. (1982-1982, ? apps)  ->  Halmstads BK (1986-1986, 20 apps)  ->  Napier City Rovers (1987-1991, 109 apps)  ->  Waikato United (1992-1992, ? apps)"
"Gary Mabbutt","United Kingdom",defender,2,"Bristol Rovers F.C. (1979-1982, 131 apps)  ->  Tottenham Hotspur F.C. (1982-1998, 477 apps)"
"Gary Medel",Chile,midfielder,8,"Club Deportivo Universidad Católica (2006-2009, 68 apps)  ->  Sevilla FC (2011-2013, 78 apps)  ->  Cardiff City F.C. (2013-2014, 34 apps)  ->  Inter Milan (2014-2017, 91 apps)  ->  Beşiktaş J.K. (Football) (2017-2019, 51 apps)  ->  Bologna F.C. 1909 (2019-2023, 96 apps)  ->  CR Vasco da Gama (2023-2024, 30 apps)  ->  Club Deportivo Universidad Católica (2025-?, 17 apps)"
"Gary Megson","United Kingdom",midfielder,10,"Plymouth Argyle F.C. (1977-1979, 78 apps)  ->  Everton F.C. (1979-1981, 22 apps)  ->  Sheffield Wednesday F.C. (1981-1984, 123 apps)  ->  Newcastle United F.C. (1984-1985, 24 apps)  ->  Nottingham Forest F.C. (1984-1984, 0 apps)  ->  Sheffield Wednesday F.C. (1985-1989, 110 apps)  ->  Manchester City F.C. (1989-1992, 82 apps)  ->  Norwich City F.C. (1992-1995, 46 apps)  ->  Shrewsbury Town F.C. (1995-1995, 2 apps)  ->  Lincoln City F.C. (1995-1995, 2 apps)"
"Gary Naysmith","United Kingdom",full-back,6,"Heart of Midlothian F.C. (1996-2000, 96 apps)  ->  Everton F.C. (2000-2007, 134 apps)  ->  Sheffield United F.C. (2007-2010, 79 apps)  ->  Huddersfield Town A.F.C. (2010-2012, 36 apps)  ->  Aberdeen F.C. (2012-2013, 9 apps)  ->  East Fife F.C. (2013-?, ? apps)"
"Gary Neville","United Kingdom",full-back,1,"Manchester United F.C. (1992-2011, 400 apps)"
"Gary Owen","United Kingdom",midfielder,4,"Manchester City F.C. (1975-1979, 103 apps)  ->  West Bromwich Albion F.C. (1979-1986, 187 apps)  ->  Panionios F.C. (1986-1987, 23 apps)  ->  Sheffield Wednesday F.C. (1987-1988, 14 apps)"
"Gary Pallister","United Kingdom",defender,4,"Middlesbrough F.C. (1984-1989, 156 apps)  ->  Darlington F.C. (1985-1985, 7 apps)  ->  Manchester United F.C. (1989-1998, 317 apps)  ->  Middlesbrough F.C. (1998-2001, 55 apps)"
"Gary Speed","United Kingdom","wing half",5,"Leeds United F.C. (1988-1996, 248 apps)  ->  Everton F.C. (1996-1998, 58 apps)  ->  Newcastle United F.C. (1998-2004, 213 apps)  ->  Bolton Wanderers F.C. (2004-2008, 121 apps)  ->  Sheffield United F.C. (2008-2010, 37 apps)"
"Gary Stanley","United Kingdom",midfielder,7,"Chelsea F.C. (1971-1979, 109 apps)  ->  Everton F.C. (1979-1981, 52 apps)  ->  Fort Lauderdale Strikers (1979-1979, 20 apps)  ->  Swansea City A.F.C. (1981-1984, 72 apps)  ->  Portsmouth F.C. (1984-1986, 47 apps)  ->  Wichita Wings (1986-1988, 51 apps)  ->  Bristol City F.C. (1988-1989, 10 apps)"
"Gary Stevens","United Kingdom",defender,3,"Brighton & Hove Albion F.C. (1979-1983, 133 apps)  ->  Tottenham Hotspur F.C. (1983-1990, 147 apps)  ->  Portsmouth F.C. (1990-1992, 52 apps)"
"Gary Stevens","United Kingdom",full-back,3,"Everton F.C. (1982-1988, 208 apps)  ->  Rangers F.C. (1988-1994, 187 apps)  ->  Tranmere Rovers F.C. (1994-1998, 126 apps)"
"Gastone Bean",Italy,forward,6,"AC Milan (1955-1960, 87 apps)  ->  Piacenza Calcio (1955-1956, 21 apps)  ->  Genoa CFC (1960-1964, 123 apps)  ->  SSC Napoli (1964-1967, 45 apps)  ->  SPAL (1967-1969, 22 apps)  ->  A.C. Bellaria Igea Marina (1969-1972, 74 apps)"
Gavi,Spain,midfielder,1,"FC Barcelona Atlètic (2020-2021, 3 apps)"
"Gavin Crawford","United Kingdom of Great Britain and Ireland, United Kingdom",midfielder,4,"Sheffield United F.C. (1890-1891, 5 apps)  ->  Arsenal F.C. (1891-1898, 122 apps)  ->  Millwall F.C. (1898-1899, ? apps)  ->  Queens Park Rangers F.C. (1899-1900, 24 apps)"
"Gavin Peacock","United Kingdom",midfielder,7,"Queens Park Rangers F.C. (1984-1987, 17 apps)  ->  Gillingham F.C. (1987-1989, 64 apps)  ->  AFC Bournemouth (1989-1990, 56 apps)  ->  Newcastle United F.C. (1990-1993, 105 apps)  ->  Chelsea F.C. (1993-1996, 103 apps)  ->  Queens Park Rangers F.C. (1996-1996, 5 apps)  ->  Charlton Athletic F.C. (2001-2001, 5 apps)"
"Gaël Clichy",France,full-back,5,"AS Cannes (2002-2003, 15 apps)  ->  Arsenal F.C. (2003-2011, 187 apps)  ->  Manchester City F.C. (2011-2017, 138 apps)  ->  İstanbul Başakşehir F.K. (2017-2020, 87 apps)  ->  Servette FC (2020-2023, 79 apps)"
"Genar Andrinúa",Spain,centre-back,3,"Athletic Bilbao B (1982-1985, 115 apps)  ->  Athletic Club (1983-1997, 356 apps)  ->  Real Valladolid (1985-1986, 42 apps)"
"Gennaro Gattuso",Italy,midfielder,5,"A.C. Perugia Calcio (1995-1997, 10 apps)  ->  Rangers F.C. (1997-1998, 34 apps)  ->  U.S. Salernitana 1919 (1998-1999, 25 apps)  ->  AC Milan (1999-2012, 335 apps)  ->  FC Sion (2012-2013, 27 apps)"
"Gennaro Iezzo",Italy,goalkeeper,10,"S.S. Juve Stabia (1989-1990, 0 apps)  ->  S.S. Scafatese Calcio 1922 (1990-1991, 2 apps)  ->  U.S. Avellino 1912 (1991-1992, 0 apps)  ->  S.S. Scafatese Calcio 1922 (1992-1994, 23 apps)  ->  Nocerina 1910 (1994-1997, 22 apps)  ->  Hellas Verona FC (1997-1999, 5 apps)  ->  Catania FC (1999-2003, 95 apps)  ->  Cagliari Calcio (2003-2005, 25 apps)  ->  SSC Napoli (2005-2011, 104 apps)  ->  A.S.D. Real S.M. Hyria Nola 2012 (2011-2012, ? apps)"
"Geoff Nulty","United Kingdom",midfielder,4,"Stoke City F.C. (1967-1968, 0 apps)  ->  Burnley F.C. (1968-1974, 130 apps)  ->  Newcastle United F.C. (1974-1978, 101 apps)  ->  Everton F.C. (1978-1980, 28 apps)"
"Geoff Strong","United Kingdom",midfielder,4,"Stanley United F.C. (1954-1957, ? apps)  ->  Arsenal F.C. (1958-1964, 125 apps)  ->  Liverpool F.C. (1964-1970, 155 apps)  ->  Coventry City F.C. (1970-1971, 33 apps)"
"Geoff Twentyman","United Kingdom",defender,4,"Carlisle United F.C. (1947-1953, 149 apps)  ->  Liverpool F.C. (1953-1959, 170 apps)  ->  Ballymena United F.C. (1959-1963, ? apps)  ->  Carlisle United F.C. (1963-1964, 10 apps)"
"Georg Schwarzenbeck",Germany,"defender, centre-back",1,"FC Bayern Munich (1966-1981, 416 apps)"
"George Anderson","United Kingdom of Great Britain and Ireland, United Kingdom",forward,2,"Bury F.C. (1910-1911, 3 apps)  ->  Manchester United F.C. (1911-1917, 80 apps)"
"George Armstrong","United Kingdom","wing half",3,"Arsenal F.C. (1961-1977, 500 apps)  ->  Leicester City F.C. (1977-1978, 15 apps)  ->  Stockport County F.C. (1978-1979, 34 apps)"
"George Beare","United Kingdom of Great Britain and Ireland, United Kingdom","inside forward",6,"Southampton F.C. (1906-1908, 1 apps)  ->  Blackpool F.C. (1908-1910, 76 apps)  ->  Everton F.C. (1910-1914, 104 apps)  ->  Cardiff City F.C. (1914-1921, 23 apps)  ->  Bristol City F.C. (1921-1922, 14 apps)  ->  Cardiff City F.C. (1922-1923, 0 apps)"
"George Best","United Kingdom","wing half",19,"Manchester United F.C. (1963-1974, 361 apps)  ->  Dunstable Town F.C. (1974-1974, 0 apps)  ->  Jewish Guild (1974-1974, 5 apps)  ->  Cork Celtic F.C. (1975-1976, 3 apps)  ->  Stockport County F.C. (1975-1975, 3 apps)  ->  Los Angeles Aztecs (1976-1976, 23 apps)  ->  Fulham F.C. (1976-1977, 42 apps)  ->  Los Angeles Aztecs (1977-1978, 32 apps)  ->  Fort Lauderdale Strikers (1978-1979, 28 apps)  ->  Fort Lauderdale Strikers (1979-1979, 33 apps)  ->  Hibernian F.C. (1979-1980, 17 apps)  ->  San Jose Earthquakes (1979-1980, 86 apps)  ->  San Jose Earthquakes (1980-1981, 56 apps)  ->  Hong Kong Rangers FC (1982-1982, 1 apps)  ->  Sea Bee (1982-1982, 2 apps)  ->  Nuneaton Town F.C. (1983-1983, 3 apps)  ->  AFC Bournemouth (1983-1983, 5 apps)  ->  Queensland Lions FC (1983-1983, 4 apps)  ->  Tobermore United F.C. (1984-1984, 4 apps)"
"George Clawley","United Kingdom of Great Britain and Ireland",goalkeeper,6,"Crewe Alexandra F.C. (1893-1894, 3 apps)  ->  Stoke City F.C. (1894-1896, 49 apps)  ->  Southampton F.C. (1896-1898, 42 apps)  ->  Stoke City F.C. (1898-1899, 34 apps)  ->  Tottenham Hotspur F.C. (1899-1903, 82 apps)  ->  Southampton F.C. (1903-1907, 121 apps)"
"George Eastham","United Kingdom",forward,6,"Ards F.C. (1953-1956, 51 apps)  ->  Newcastle United F.C. (1956-1960, 124 apps)  ->  Arsenal F.C. (1960-1966, 207 apps)  ->  Stoke City F.C. (1966-1973, 194 apps)  ->  Cleveland Stokers (1967-1967, 11 apps)  ->  Hellenic F.C. (1971-1972, 26 apps)"
"George Graham","United Kingdom",midfielder,7,"Aston Villa F.C. (1961-1964, 8 apps)  ->  Chelsea F.C. (1964-1966, 72 apps)  ->  Arsenal F.C. (1966-1972, 227 apps)  ->  Manchester United F.C. (1972-1974, 43 apps)  ->  Portsmouth F.C. (1974-1976, 61 apps)  ->  Crystal Palace F.C. (1976-1977, 44 apps)  ->  California Surf (1978-1978, 17 apps)"
"George Hannah","United Kingdom",forward,5,"Newcastle United F.C. (1949-1957, 167 apps)  ->  Lincoln City F.C. (1957-1958, 38 apps)  ->  Manchester City F.C. (1958-1964, 114 apps)  ->  Notts County F.C. (1964-1965, 25 apps)  ->  Bradford City A.F.C. (1965-1966, 30 apps)"
"George Harrison","United Kingdom of Great Britain and Ireland, United Kingdom",forward,1,"Everton F.C. (1913-1923, 190 apps)"
"George Heslop","United Kingdom","centre-back, defender",5,"Newcastle United F.C. (1960-1962, 27 apps)  ->  Everton F.C. (1962-1965, 10 apps)  ->  Manchester City F.C. (1965-1972, 162 apps)  ->  Cape Town City F.C. (1972-1972, 6 apps)  ->  Bury F.C. (1972-1973, 37 apps)"
"George Hicks","United Kingdom","wing half",7,"Manchester City F.C. (1923-1928, 123 apps)  ->  Birmingham City F.C. (1928-1932, 76 apps)  ->  Manchester United F.C. (1932-1932, 0 apps)  ->  Bristol Rovers F.C. (1932-1933, 0 apps)  ->  Swindon Town F.C. (1933-1933, 4 apps)  ->  Rotherham United F.C. (1933-1934, 28 apps)  ->  Manchester North End F.C. (1934-?, ? apps)"
"George Hilsdon","United Kingdom of Great Britain and Ireland, United Kingdom",forward,3,"West Ham United F.C. (1904-1906, 16 apps)  ->  Chelsea F.C. (1906-1912, 150 apps)  ->  West Ham United F.C. (1912-1915, 69 apps)"
"George Hunt","United Kingdom of Great Britain and Ireland, United Kingdom",forward,6,"Chesterfield F.C. (1929-1930, 14 apps)  ->  Tottenham Hotspur F.C. (1930-1937, 185 apps)  ->  Arsenal F.C. (1937-1938, 18 apps)  ->  Bolton Wanderers F.C. (1938-1946, 45 apps)  ->  Liverpool F.C. (1940-1941, 7 apps)  ->  Sheffield Wednesday F.C. (1946-1948, 32 apps)"
"George Kitchen","United Kingdom of Great Britain and Ireland, United Kingdom",goalkeeper,5,"Stockport County F.C. (1897-1898, ? apps)  ->  Everton F.C. (1898-1905, 87 apps)  ->  West Ham United F.C. (1905-1912, 184 apps)  ->  Southampton F.C. (1912-1914, 37 apps)  ->  AFC Bournemouth (1914-1914, ? apps)"
"George Livingstone","United Kingdom of Great Britain and Ireland, United Kingdom","inside forward",8,"Dumbarton F.C. (1895-1896, 0 apps)  ->  Heart of Midlothian F.C. (1896-1900, 50 apps)  ->  Sunderland A.F.C. (1900-1901, 30 apps)  ->  Celtic F.C. (1901-1902, 17 apps)  ->  Liverpool F.C. (1902-1903, 31 apps)  ->  Manchester City F.C. (1903-1906, 81 apps)  ->  Rangers F.C. (1906-1909, 47 apps)  ->  Manchester United F.C. (1909-1915, 43 apps)"
"George Male","United Kingdom of Great Britain and Ireland, United Kingdom",full-back,1,"Arsenal F.C. (1929-1948, 285 apps)"
"George McLachlan","United Kingdom of Great Britain and Ireland, United Kingdom",midfielder,4,"Cardiff City F.C. (1925-1929, 140 apps)  ->  Manchester United F.C. (1929-1933, 110 apps)  ->  Chester City F.C. (1933-1934, 29 apps)  ->  Le Havre AC (1934-1935, ? apps)"
"George Mills","United Kingdom of Great Britain and Ireland, United Kingdom",forward,1,"Chelsea F.C. (1929-1943, 220 apps)"
"George Mutch","United Kingdom of Great Britain and Ireland, United Kingdom","forward, inside forward",4,"Manchester United F.C. (1934-1937, 112 apps)  ->  Preston North End F.C. (1937-1946, 83 apps)  ->  Bury F.C. (1946-1947, 21 apps)  ->  Southport F.C. (1947-1948, 14 apps)"
"George Robb","United Kingdom of Great Britain and Ireland, United Kingdom","wing half",1,"Tottenham Hotspur F.C. (1951-1959, 182 apps)"
"George Robledo",Chile,forward,5,"Barnsley F.C. (1946-1949, 105 apps)  ->  Newcastle United F.C. (1949-1953, 146 apps)  ->  Club Social y Deportivo Colo Colo (1953-1958, 153 apps)  ->  O'Higgins F.C. (1959-1960, ? apps)  ->  O'Higgins F.C. (1960-1960, 153 apps)"
"George Roughton","United Kingdom of Great Britain and Ireland",defender,2,"Huddersfield Town A.F.C. (1928-1936, 164 apps)  ->  Manchester United F.C. (1936-1945, 86 apps)"
"George Saunders","United Kingdom of Great Britain and Ireland, United Kingdom",full-back,1,"Everton F.C. (1946-1952, 133 apps)"
"George Smith","United Kingdom","forward, inside forward",2,"Manchester City F.C. (1946-1951, 166 apps)  ->  Chesterfield F.C. (1951-1958, 250 apps)"
"George Stacey","United Kingdom of Great Britain and Ireland, United Kingdom",full-back,3,"Sheffield Wednesday F.C. (1902-?, ? apps)  ->  Barnsley F.C. (1905-1907, ? apps)  ->  Manchester United F.C. (1907-1919, 241 apps)"
"George Stewart","United Kingdom of Great Britain and Ireland","wing half",3,"Hibernian F.C. (1902-1906, 48 apps)  ->  Manchester City F.C. (1906-1911, 102 apps)  ->  Partick Thistle F.C. (1911-1912, ? apps)"
"George Swindin","United Kingdom of Great Britain and Ireland, United Kingdom",goalkeeper,3,"Bradford City A.F.C. (1934-1936, 26 apps)  ->  Arsenal F.C. (1936-1954, 297 apps)  ->  Peterborough United F.C. (1954-1955, ? apps)"
"George Telfer","United Kingdom",forward,6,"Everton F.C. (1973-1981, 99 apps)  ->  Scunthorpe United F.C. (1981-1983, 36 apps)  ->  San Diego Sockers (1981-1981, 2 apps)  ->  Runcorn F.C. Halton (1983-?, ? apps)  ->  Preston North End F.C. (1983-?, ? apps)  ->  Formby F.C. (1985-?, ? apps)"
"George W. Smith","United Kingdom",defender,2,"Chelsea F.C. (1921-1932, 351 apps)  ->  East Fife F.C. (1932-?, ? apps)"
"George Wall","United Kingdom of Great Britain and Ireland, United Kingdom","wing half",5,"Barnsley F.C. (1903-1906, 75 apps)  ->  Manchester United F.C. (1906-1919, 287 apps)  ->  Oldham Athletic A.F.C. (1919-1921, 74 apps)  ->  Hamilton Academical F.C. (1921-1922, ? apps)  ->  Rochdale A.F.C. (1922-1923, 30 apps)"
"George Weah","Liberia, France",forward,12,"Young Survivors (1981-1984, ? apps)  ->  Bong Range United (1984-1985, ? apps)  ->  Mighty Barrolle (1985-1986, ? apps)  ->  Invincible Eleven (1986-1987, ? apps)  ->  Tonnerre Yaoundé (1987-1988, ? apps)  ->  AS Monaco FC (1988-1992, 103 apps)  ->  Paris Saint-Germain FC (1992-1995, 96 apps)  ->  AC Milan (1995-2000, 114 apps)  ->  Chelsea F.C. (2000-2000, 11 apps)  ->  Olympique de Marseille (2000-2001, 19 apps)  ->  Manchester City F.C. (2000-2000, 7 apps)  ->  Al Jazira Club (2001-2003, ? apps)"
"George Wood","United Kingdom",goalkeeper,10,"East Stirlingshire F.C. (1970-1971, 43 apps)  ->  Blackpool F.C. (1971-1977, 117 apps)  ->  Everton F.C. (1977-1980, 103 apps)  ->  Arsenal F.C. (1980-1983, 60 apps)  ->  Crystal Palace F.C. (1983-1987, 192 apps)  ->  Cardiff City F.C. (1987-1990, 67 apps)  ->  Blackpool F.C. (1989-1990, 15 apps)  ->  Hereford United F.C. (1990-1991, 41 apps)  ->  Merthyr Tydfil F.C. (1991-1992, 32 apps)  ->  Cardiff Metropolitan University F.C. (1992-1997, 127 apps)"
"George Wynn","United Kingdom of Great Britain and Ireland, United Kingdom","inside forward",5,"The New Saints F.C. (1906-1907, ? apps)  ->  Wrexham A.F.C. (1907-1909, ? apps)  ->  Manchester City F.C. (1909-1919, 127 apps)  ->  Coventry City F.C. (1919-1921, 25 apps)  ->  Halifax Town A.F.C. (1921-?, ? apps)"
"Georgi Kinkladze","Soviet Union, Georgia",midfielder,9,"FC Mretebi Tbilisi (1989-1991, 80 apps)  ->  FC Dinamo Tbilisi (1991-1995, 65 apps)  ->  1. FC Saarbrücken (1993-1993, 11 apps)  ->  Manchester City F.C. (1995-1998, 106 apps)  ->  AFC Ajax (1998-2000, 12 apps)  ->  Derby County F.C. (1999-2000, 13 apps)  ->  Derby County F.C. (2000-2003, 80 apps)  ->  Anorthosis Famagusta FC (2004-2005, 22 apps)  ->  Rubin Kazan (2005-2006, 13 apps)"
"Georginio Wijnaldum","Kingdom of the Netherlands","wing half",7,"Feyenoord Rotterdam (2007-2011, 111 apps)  ->  PSV Eindhoven (2011-2015, 109 apps)  ->  Newcastle United F.C. (2015-2016, 38 apps)  ->  Liverpool F.C. (2016-2021, 179 apps)  ->  Paris Saint-Germain FC (2021-2023, 31 apps)  ->  AS Roma (2022-2023, 14 apps)  ->  Al-Ettifaq FC (2023-?, 63 apps)"
"Gerard López",Spain,midfielder,6,"FC Barcelona Atlètic (1996-1997, 32 apps)  ->  Valencia CF (1997-2000, 45 apps)  ->  Deportivo Alavés (1998-1999, 29 apps)  ->  AS Monaco FC (2005-2007, 13 apps)  ->  Recreativo de Huelva (2007-2008, 18 apps)  ->  Girona FC (2009-2011, 31 apps)"
"Gerard Moreno",Spain,forward,7,"Villarreal CF (2010-2011, 39 apps)  ->  Villarreal CF C (2010-2011, 39 apps)  ->  Villarreal CF B (2011-2013, 29 apps)  ->  Villarreal CF (2012-2015, 40 apps)  ->  RCD Mallorca (2013-2014, 31 apps)  ->  RCD Espanyol de Barcelona (2015-2018, 107 apps)  ->  Villarreal CF (2018-?, 188 apps)"
"Gerard Piqué",Spain,defender,2,"Manchester United F.C. (2004-2008, 12 apps)  ->  Real Zaragoza (2006-2007, 22 apps)"
"Gerard Wiekens","Kingdom of the Netherlands",defender,3,"SC Veendam (1990-1997, 204 apps)  ->  Manchester City F.C. (1997-2004, 182 apps)  ->  SC Veendam (2004-2009, 86 apps)"
"Gerardo Miranda",Spain,defender,2,"UD Las Palmas (1976-1981, 101 apps)  ->  UD Las Palmas (1988-1990, 71 apps)"
"Gerd Müller",Germany,forward,3,"TSV 1861 Nördlingen (1963-1964, 31 apps)  ->  FC Bayern Munich (1964-1979, 453 apps)  ->  Fort Lauderdale Strikers (1979-1981, 71 apps)"
"Gerd Peehs",Germany,defender,2,"Borussia Neunkirchen (1965-1966, 20 apps)  ->  Borussia Dortmund (1966-1973, 181 apps)"
"Gerhard Cyliax",Germany,midfielder,3,"SC Westfalia Herne (1955-1957, 46 apps)  ->  SC Preußen Münster (1957-1959, ? apps)  ->  Borussia Dortmund (1959-1968, 177 apps)"
"Gerhard Poschner",Germany,midfielder,10,"VfB Stuttgart (1987-1990, 46 apps)  ->  Borussia Dortmund (1990-1994, 110 apps)  ->  VfB Stuttgart (1994-1998, 130 apps)  ->  Venezia F.C. (1998-1999, 1 apps)  ->  Venezia F.C. (1999-1999, 1 apps)  ->  Rayo Vallecano (1999-2001, 56 apps)  ->  SK Rapid Wien (2001-2002, 6 apps)  ->  Polideportivo Ejido (2002-2003, 52 apps)  ->  TSV 1860 München (2003-2004, 4 apps)  ->  TSV 1860 München (2004-2004, 4 apps)"
"Germán Etxebarria",Spain,"wing half",1,"Athletic Club (1913-1926, 107 apps)"
"Gerry Armstrong","United Kingdom",forward,12,"Bangor F.C. (1972-1975, ? apps)  ->  Tottenham Hotspur F.C. (1975-1980, 84 apps)  ->  Watford F.C. (1980-1983, 76 apps)  ->  RCD Mallorca (1983-1985, 55 apps)  ->  West Bromwich Albion F.C. (1985-1986, 8 apps)  ->  Chesterfield F.C. (1986-1986, 12 apps)  ->  Brighton & Hove Albion F.C. (1986-1989, 47 apps)  ->  Millwall F.C. (1987-1987, 7 apps)  ->  Crawley Town F.C. (1989-1990, 25 apps)  ->  Bromley F.C. (1990-1991, ? apps)  ->  Glenavon F.C. (1990-1990, 7 apps)  ->  Worthing F.C. (1991-1995, ? apps)"
"Gerry Byrne","United Kingdom",full-back,1,"Liverpool F.C. (1957-1969, 274 apps)"
"Gerry Daly",Ireland,midfielder,14,"Bohemian F.C. (1972-1973, ? apps)  ->  Manchester United F.C. (1973-1977, 111 apps)  ->  Derby County F.C. (1977-1980, 112 apps)  ->  Jacksonville Tea Men (1978-1978, 18 apps)  ->  New England Tea Men (1978-1978, 18 apps)  ->  Jacksonville Tea Men (1979-1979, 23 apps)  ->  New England Tea Men (1979-1979, 23 apps)  ->  Coventry City F.C. (1980-1984, 84 apps)  ->  Leicester City F.C. (1983-1983, 17 apps)  ->  Birmingham City F.C. (1984-1985, 32 apps)  ->  Shrewsbury Town F.C. (1985-1987, 55 apps)  ->  Stoke City F.C. (1987-1988, 22 apps)  ->  Doncaster Rovers F.C. (1988-1989, 39 apps)  ->  Telford United F.C. (1989-1991, 31 apps)"
"Gheorghe Craioveanu",Romania,forward,5,"FC Drobeta-Turnu Severin (1990-1990, ? apps)  ->  FC U Craiova 1948 (1991-1995, 129 apps)  ->  Real Sociedad (1995-1998, 90 apps)  ->  Villarreal CF (1998-2002, 120 apps)  ->  Getafe CF (2002-2006, 120 apps)"
"Giacinto Facchetti","Kingdom of Italy, Italy",full-back,1,"Inter Milan (1960-1978, 476 apps)"
"Giacomo Bonaventura",Italy,midfielder,6,"Atalanta BC (2007-2014, 104 apps)  ->  U.S. Pergolettese 1932 (2009-2009, 4 apps)  ->  Calcio Padova (2010-2010, 15 apps)  ->  AC Milan (2014-2020, 155 apps)  ->  ACF Fiorentina (2020-2024, 126 apps)  ->  Al-Shabab Football Club (2024-2025, 29 apps)"
"Giacomo Losi",Italy,full-back,2,"US Cremonese (1952-1954, 59 apps)  ->  AS Roma (1955-1969, 386 apps)"
"Giacomo Mari","Kingdom of Italy, Italy",midfielder,6,"US Cremonese (1942-1946, 23 apps)  ->  Atalanta BC (1946-1949, 83 apps)  ->  Juventus FC (1949-1953, 132 apps)  ->  U.C. Sampdoria (1953-1956, 72 apps)  ->  Calcio Padova (1956-1960, 120 apps)  ->  US Cremonese (1960-1961, 28 apps)"
"Giampaolo Menichelli",Italy,forward,7,"AS Roma (1957-1958, 2 apps)  ->  S.S. Sambenedettese Calcio (1958-1959, 27 apps)  ->  Parma Calcio 1913 (1959-1960, 37 apps)  ->  AS Roma (1960-1963, 79 apps)  ->  Juventus FC (1963-1969, 144 apps)  ->  Brescia Calcio (1969-1970, 23 apps)  ->  Cagliari Calcio (1970-1971, 13 apps)"
"Giampiero Boniperti",Italy,"wing half",1,"Juventus FC (1946-1961, 444 apps)"
"Giancarlo Bercellino",Italy,defender,4,"US Alessandria Calcio 1912 (1960-1961, 36 apps)  ->  Juventus FC (1961-1969, 154 apps)  ->  Brescia Calcio (1969-1970, 22 apps)  ->  SS Lazio (1970-1970, 23 apps)"
"Giancarlo Corradini",Italy,defender,5,"US Sassuolo Calcio (1977-1978, 21 apps)  ->  Genoa CFC (1978-1980, 14 apps)  ->  A.C. Reggiana 1919 (1980-1982, 66 apps)  ->  Torino FC (1982-1988, 146 apps)  ->  SSC Napoli (1988-1994, 173 apps)"
"Giancarlo De Sisti",Italy,midfielder,3,"AS Roma (1960-1965, 87 apps)  ->  ACF Fiorentina (1965-1974, 256 apps)  ->  AS Roma (1974-1979, 135 apps)"
"Giancarlo Marocchi",Italy,midfielder,3,"Bologna F.C. 1909 (1982-1988, 171 apps)  ->  Juventus FC (1988-1996, 213 apps)  ->  Bologna F.C. 1909 (1996-2000, 116 apps)"
"Giancarlo Pasinato",Italy,midfielder,8,"Associazione Sportiva Cittadella (1973-1974, 30 apps)  ->  Treviso F.B.C. 1993 (1974-1977, 82 apps)  ->  Ascoli Calcio 1898 FC (1977-1978, 36 apps)  ->  Inter Milan (1978-1982, 96 apps)  ->  AC Milan (1982-1983, 33 apps)  ->  Inter Milan (1983-1985, 54 apps)  ->  Ascoli Calcio 1898 FC (1985-1986, 28 apps)  ->  Associazione Sportiva Cittadella (1986-1991, 112 apps)"
"Giancarlo Vitali","Kingdom of Italy, Italy",midfielder,7,"Genoa CFC (1946-1947, 16 apps)  ->  Calcio Padova (1947-1950, 97 apps)  ->  ACF Fiorentina (1950-1952, 51 apps)  ->  SSC Napoli (1952-1957, 136 apps)  ->  SPAL (1957-1959, 31 apps)  ->  Pistoiese FC (1959-1961, 50 apps)  ->  U.S. Città di Pontedera S.S.D. (1961-1962, 23 apps)"
"Gianfranco Bedin",Italy,midfielder,5,"Inter Milan (1964-1974, 310 apps)  ->  U.C. Sampdoria (1974-1978, 112 apps)  ->  Varese Calcio (1978-1979, 21 apps)  ->  US Livorno 1915 (1979-1980, 27 apps)  ->  San Frediano Rondinella S.S. (1980-1981, 19 apps)"
"Gianfranco Dell'Innocenti","Kingdom of Italy, Italy",midfielder,10,"Alba Roma 1907 (1943-1944, 9 apps)  ->  Alba Roma 1907 (1945-1946, ? apps)  ->  Alba Roma 1907 (1946-1947, 31 apps)  ->  AS Roma (1947-1951, 86 apps)  ->  Lucchese 1905 (1951-1952, 33 apps)  ->  SPAL (1952-1955, 102 apps)  ->  Udinese Calcio (1954-1955, 34 apps)  ->  Bologna F.C. 1909 (1955-1956, 11 apps)  ->  Vicenza Calcio (1956-1959, 55 apps)  ->  Viareggio Calcio (1959-1961, 63 apps)"
"Gianfranco Leoncini","Kingdom of Italy, Italy",midfielder,4,"Juventus FC (1958-1970, 289 apps)  ->  Atalanta BC (1970-1972, 65 apps)  ->  Mantova 1911 (1972-1973, 28 apps)  ->  Atalanta BC (1973-1974, 29 apps)"
"Gianfranco Matteoli",Italy,midfielder,10,"A.C. Cantù G.S. San Paolo (1975-1976, 3 apps)  ->  Como 1907 (1976-1979, 6 apps)  ->  Giulianova Calcio (1977-1978, 8 apps)  ->  USD Osimana (1979-1980, 31 apps)  ->  A.C. Reggiana 1919 (1980-1982, 51 apps)  ->  Como 1907 (1982-1985, 96 apps)  ->  U.C. Sampdoria (1985-1986, 22 apps)  ->  Inter Milan (1986-1990, 116 apps)  ->  Cagliari Calcio (1990-1994, 130 apps)  ->  A.C. Perugia Calcio (1994-1995, 31 apps)"
"Gianfranco Zigoni",Italy,midfielder,6,"Juventus FC (1961-1970, 86 apps)  ->  Genoa CFC (1964-1966, 58 apps)  ->  AS Roma (1970-1972, 49 apps)  ->  Hellas Verona FC (1972-1978, 139 apps)  ->  Brescia Calcio (1978-1980, 40 apps)  ->  U.S. Opitergina (1980-1983, ? apps)"
"Gianfranco Zola",Italy,forward,6,"Nuorese Calcio (1984-1986, 31 apps)  ->  S.E.F. Torres 1903 (1986-1989, 88 apps)  ->  SSC Napoli (1989-1993, 105 apps)  ->  Parma Calcio 1913 (1993-1996, 102 apps)  ->  Chelsea F.C. (1996-2003, 229 apps)  ->  Cagliari Calcio (2003-2005, 74 apps)"
"Gianluca Grava",Italy,defender,5,"A.S.D. Casertana Calcio (1993-1997, 84 apps)  ->  SS Turris Calcio (1997-1998, 28 apps)  ->  Ternana Calcio (1998-2004, 143 apps)  ->  Unione Sportiva Catanzaro (2004-2004, 15 apps)  ->  SSC Napoli (2005-2013, 148 apps)"
"Gianluca Mancini",Italy,centre-back,4,"A.C. Perugia Calcio (2015-2017, 25 apps)  ->  Atalanta BC (2017-2020, 41 apps)  ->  AS Roma (2019-2020, 32 apps)  ->  AS Roma (2020-?, 173 apps)"
"Gianluca Pagliuca",Italy,goalkeeper,4,"U.C. Sampdoria (1987-1994, 198 apps)  ->  Inter Milan (1994-1999, 165 apps)  ->  Bologna F.C. 1909 (1999-2006, 248 apps)  ->  Ascoli Calcio 1898 FC (2006-2007, 23 apps)"
"Gianluca Pessotto",Italy,full-back,6,"Varese Calcio (1989-1991, 64 apps)  ->  S.S.D. Massese (1991-1992, 22 apps)  ->  Bologna F.C. 1909 (1992-1993, 21 apps)  ->  Hellas Verona FC (1993-1994, 34 apps)  ->  Torino FC (1994-1995, 32 apps)  ->  Juventus FC (1995-2006, 243 apps)"
"Gianluca Vialli",Italy,forward,4,"US Cremonese (1980-1984, 105 apps)  ->  U.C. Sampdoria (1984-1992, 223 apps)  ->  Juventus FC (1992-1996, 102 apps)  ->  Chelsea F.C. (1996-1999, 58 apps)"
"Gianluca Zambrotta",Italy,full-back,5,"Como 1907 (1994-1997, 48 apps)  ->  SSC Bari (1997-1999, 59 apps)  ->  Juventus FC (1999-2006, 217 apps)  ->  AC Milan (2008-2012, 80 apps)  ->  FC Chiasso (2013-2014, 10 apps)"
"Gianluigi Buffon",Italy,goalkeeper,5,"Parma Calcio 1913 (1995-2001, 169 apps)  ->  Juventus FC (2001-2018, 509 apps)  ->  Paris Saint-Germain FC (2018-2019, 17 apps)  ->  Juventus FC (2019-2021, 17 apps)  ->  Parma Calcio 1913 (2021-2023, 43 apps)"
"Gianluigi Donnarumma",Italy,goalkeeper,3,"AC Milan (2015-2021, 215 apps)  ->  Paris Saint-Germain FC (2021-2025, 104 apps)  ->  Manchester City F.C. (2025-?, 19 apps)"
"Gianni Corelli","Kingdom of Italy, Italy",,7,"SPAL (1956-1957, ? apps)  ->  Spezia Calcio (1957-1959, 62 apps)  ->  SPAL (1959-1961, 51 apps)  ->  SSC Napoli (1961-1965, 105 apps)  ->  Mantova 1911 (1965-1968, 56 apps)  ->  Ternana Calcio (1968-1969, 20 apps)  ->  Foligno Calcio (1969-1970, ? apps)"
"Gianni Rivera",Italy,midfielder,2,"US Alessandria Calcio 1912 (1959-1960, 26 apps)  ->  AC Milan (1960-1979, 501 apps)"
"Gianni Toppan","Kingdom of Italy, Italy",midfielder,3,"AC Milan (1940-1949, 141 apps)  ->  Lucchese 1905 (1949-1950, 22 apps)  ->  Udinese Calcio (1950-1951, 11 apps)"
"Gianpiero Combi","Kingdom of Italy, Italy",goalkeeper,1,"Juventus FC (1921-1934, 367 apps)"
"Gianpiero Marini",Italy,midfielder,6,"A.C. Fanfulla 1874 (1968-1969, 19 apps)  ->  Varese Calcio (1969-1970, 0 apps)  ->  AS Reggina 1914 (1970-1972, 0 apps)  ->  US Triestina Calcio 1918 (1971-1972, 25 apps)  ->  Varese Calcio (1972-1975, 89 apps)  ->  Inter Milan (1975-1986, 375 apps)"
"Gianpietro Marchetti",Italy,defender,5,"Atalanta BC (1966-1968, 6 apps)  ->  Calcio Lecco 1912 (1968-1969, 37 apps)  ->  Juventus FC (1969-1974, 102 apps)  ->  Atalanta BC (1974-1979, 126 apps)  ->  Unione Sportiva Catanzaro (1979-1980, 10 apps)"
"Gilberto Silva",Brazil,midfielder,7,"América Futebol Clube (1997-2000, 20 apps)  ->  Clube Atlético Mineiro (2000-2002, 62 apps)  ->  Arsenal F.C. (2002-2008, 170 apps)  ->  Panathinaikos F.C. (2008-2011, 78 apps)  ->  Grêmio FBPA (2011-2012, 47 apps)  ->  Clube Atlético Mineiro (2012-2013, 9 apps)  ->  Clube Atlético Mineiro (2013-2013, 9 apps)"
"Gilles Grimandi",France,defender,5,"Gap FC (1988-1991, ? apps)  ->  AS Monaco FC (1991-1997, 67 apps)  ->  Arsenal F.C. (1997-2002, 170 apps)  ->  Colorado Rapids (2002-2002, ? apps)  ->  Colorado Rapids (2003-2003, 0 apps)"
"Gino Armano","Kingdom of Italy, Italy",forward,4,"US Alessandria Calcio 1912 (1945-1948, 66 apps)  ->  Inter Milan (1948-1956, 255 apps)  ->  Torino FC (1956-1959, 89 apps)  ->  ASD Derthona FBC 1908 (1959-1961, 49 apps)"
"Gino Rossetti","Kingdom of Italy, Italy",forward,5,"Spezia Calcio (1921-1926, 103 apps)  ->  Torino FC (1926-1933, 212 apps)  ->  SSC Napoli (1933-1937, 120 apps)  ->  Torino FC (1937-1938, 7 apps)  ->  Spezia Calcio (1938-1939, 26 apps)"
"Gino Stacchini",Italy,midfielder,3,"Juventus FC (1955-1967, 236 apps)  ->  Mantova 1911 (1967-1968, 15 apps)  ->  AC Cesena (1968-1970, 33 apps)"
"Giorgi Mamardashvili",Georgia,goalkeeper,6,"FC Dinamo Tbilisi (2018-2021, 0 apps)  ->  FC Rustavi (2019-2019, 28 apps)  ->  FC Lokomotivi Tbilisi (2020-2021, 29 apps)  ->  Valencia CF (2021-2024, 93 apps)  ->  Liverpool F.C. (2024-?, 5 apps)  ->  Valencia CF (2024-2025, 34 apps)"
"Giorgio Biasiolo",Italy,midfielder,6,"A.C.D. Trissino-Valdagno (1964-1978, 58 apps)  ->  Vicenza Calcio (1968-1970, 58 apps)  ->  AC Milan (1970-1977, 139 apps)  ->  US Lecce (1977-1978, 19 apps)  ->  Associazione Sportiva Siracusa (1978-1980, 51 apps)  ->  Real Cerretese (1980-1981, 16 apps)"
"Giorgio Braglia",Italy,forward,9,"Modena F.C. (1966-1969, 46 apps)  ->  AS Roma (1969-1970, 7 apps)  ->  Brescia Calcio (1970-1971, 18 apps)  ->  ACF Fiorentina (1971-1972, 1 apps)  ->  Calcio Foggia 1920 (1972-1973, 31 apps)  ->  SSC Napoli (1973-1976, 80 apps)  ->  AC Milan (1976-1977, 3 apps)  ->  Calcio Foggia 1920 (1977-1978, 8 apps)  ->  U.S. Siracusa (1979-1980, ? apps)"
"Giorgio Chiellini",Italy,"centre-back, full-back",6,"US Livorno 1915 (2000-2002, 8 apps)  ->  US Livorno 1915 (2002-2004, 47 apps)  ->  AS Roma (2002-2004, 0 apps)  ->  ACF Fiorentina (2004-2005, 37 apps)  ->  Juventus FC (2004-2022, 425 apps)  ->  Los Angeles FC (2022-2023, 31 apps)"
"Giorgio Ghezzi","Kingdom of Italy, Italy",goalkeeper,6,"A.S. Real Cesenatico (1946-1947, ? apps)  ->  Rimini FC (1947-1949, 44 apps)  ->  Modena F.C. (1949-1951, 62 apps)  ->  Inter Milan (1951-1958, 186 apps)  ->  Genoa CFC (1958-1959, 32 apps)  ->  AC Milan (1959-1965, 123 apps)"
"Giorgio Granata",Italy,,6,"AC Milan (1941-1944, 31 apps)  ->  Como 1907 (1944-1945, 17 apps)  ->  Varese Calcio (1947-1948, 32 apps)  ->  US Cremonese (1948-1950, 58 apps)  ->  SSC Napoli (1950-1957, 169 apps)  ->  US Cremonese (1957-1959, 60 apps)"
"Giorgio Morini",Italy,midfielder,6,"Inter Milan (1967-1968, ? apps)  ->  Varese Calcio (1968-1972, 84 apps)  ->  AS Roma (1972-1976, 105 apps)  ->  AC Milan (1976-1981, 75 apps)  ->  Aurora Pro Patria 1919 (1981-1982, 28 apps)  ->  FC Chiasso (1983-1984, 13 apps)"
"Giosuè Stucchi",Italy,defender,5,"Vigevano Calcio (1951-1953, ? apps)  ->  Udinese Calcio (1953-1954, 20 apps)  ->  AS Roma (1954-1961, 148 apps)  ->  Brescia Calcio (1961-1962, 17 apps)  ->  S.S. Chieti Calcio (1965-1966, 7 apps)"
"Giovane Élber","Brazil, Germany",forward,9,"AC Milan (1990-1991, 0 apps)  ->  Londrina E.C. (1990-1991, ? apps)  ->  Grasshopper Club Zürich (1991-1994, 69 apps)  ->  AC Milan (1991-1994, ? apps)  ->  VfB Stuttgart (1994-1997, 87 apps)  ->  FC Bayern Munich (1997-2003, 169 apps)  ->  Olympique Lyonnais (2003-2005, 30 apps)  ->  Borussia Mönchengladbach (2005-2006, ? apps)  ->  Cruzeiro E.C. (2006-2006, 21 apps)"
"Giovanni Cervone",Italy,goalkeeper,9,"S.S. Juve Stabia (1979-1980, 6 apps)  ->  U.S. Avellino 1912 (1980-1983, 6 apps)  ->  Unione Sportiva Catanzaro (1983-1984, 29 apps)  ->  Genoa CFC (1984-1987, 104 apps)  ->  Parma Calcio 1913 (1987-1988, 23 apps)  ->  Hellas Verona FC (1988-1989, 34 apps)  ->  AS Roma (1989-1997, 191 apps)  ->  Brescia Calcio (1997-1999, 26 apps)  ->  S.C. Ravenna Sport (1999-2000, 26 apps)"
"Giovanni Ciccarelli","Kingdom of Italy, Italy",attacker,7,"Civitanovese Calcio (1947-1948, ? apps)  ->  SPAL (1948-1950, 74 apps)  ->  US Triestina Calcio 1918 (1950-1952, 65 apps)  ->  Aurora Pro Patria 1919 (1952-1953, 30 apps)  ->  SSC Napoli (1953-1957, 92 apps)  ->  Cagliari Calcio (1957-1958, 23 apps)  ->  Civitanovese Calcio (1958-1959, ? apps)"
"Giovanni Degni","Kingdom of Italy, Italy",midfielder,5,"Alba Roma 1907 (1919-1926, ? apps)  ->  Alba Roma 1907 (1926-1927, 18 apps)  ->  AS Roma (1927-1931, 85 apps)  ->  US Lecce (1927-1931, 87 apps)  ->  Catania FC (1931-1932, 23 apps)"
"Giovanni Di Lorenzo",Italy,defender,5,"AS Reggina 1914 (2010-2015, 58 apps)  ->  A.C. Cuneo 1905 Olmo (2012-2013, 27 apps)  ->  FC Matera (2015-2017, 58 apps)  ->  Empoli FC (2017-2019, 73 apps)  ->  SSC Napoli (2019-?, 223 apps)"
"Giovanni Ferrari","Kingdom of Italy, Italy","midfielder, forward",7,"US Alessandria Calcio 1912 (1923-1925, 17 apps)  ->  Foot-Ball Club Internazionale-Naples (1925-1926, 15 apps)  ->  US Alessandria Calcio 1912 (1926-1930, 105 apps)  ->  Juventus FC (1930-1935, 160 apps)  ->  Inter Milan (1935-1940, 108 apps)  ->  Bologna F.C. 1909 (1940-1941, 16 apps)  ->  Juventus FC (1941-1942, 6 apps)"
"Giovanni Francini",Italy,defender,5,"Torino FC (1980-1987, 111 apps)  ->  A.C. Reggiana 1919 (1982-1983, 30 apps)  ->  SSC Napoli (1987-1994, 184 apps)  ->  Genoa CFC (1994-1994, 6 apps)  ->  Brescia Calcio (1994-1996, 30 apps)"
"Giovanni Galli",Italy,goalkeeper,6,"ACF Fiorentina (1977-1986, 259 apps)  ->  AC Milan (1986-1990, 98 apps)  ->  SSC Napoli (1990-1993, 98 apps)  ->  Torino FC (1993-1994, 31 apps)  ->  Parma Calcio 1913 (1994-1995, 10 apps)  ->  Lucchese 1905 (1995-1996, 26 apps)"
"Giovanni Giacomazzi","Kingdom of Italy, Italy",defender,7,"US Alessandria Calcio 1912 (1949-1953, 169 apps)  ->  Inter Milan (1949-1957, 208 apps)  ->  U.C. Sampdoria (1953-1956, 72 apps)  ->  Calcio Padova (1956-1960, 120 apps)  ->  US Alessandria Calcio 1912 (1957-1964, 169 apps)  ->  US Cremonese (1960-1961, 28 apps)  ->  A.C. Meda 1913 (1964-1966, ? apps)"
"Giovanni Griffith","Kingdom of Italy, Italy",defender,5,"Parma Calcio 1913 (1952-1955, 16 apps)  ->  Palermo F.C. (1955-1957, 50 apps)  ->  AS Roma (1957-1960, 92 apps)  ->  Atalanta BC (1960-1961, 27 apps)  ->  US Alessandria Calcio 1912 (1965-1966, 2 apps)"
"Giovanni Improta",Italy,,9,"SSC Napoli (1967-1968, ? apps)  ->  SPAL (1968-1969, 11 apps)  ->  SSC Napoli (1969-1973, 110 apps)  ->  U.C. Sampdoria (1973-1974, 17 apps)  ->  U.S. Avellino 1912 (1974-1975, 32 apps)  ->  Unione Sportiva Catanzaro (1975-1979, 125 apps)  ->  SSC Napoli (1979-1980, 21 apps)  ->  US Lecce (1980-1982, 61 apps)  ->  A.S.D. Nerostellati Frattese (1982-1984, 46 apps)"
"Giovanni Invernizzi","Kingdom of Italy, Italy",defender,7,"Inter Milan (1949-1960, 137 apps)  ->  Genoa CFC (1950-1951, 19 apps)  ->  US Triestina Calcio 1918 (1952-1953, 24 apps)  ->  Udinese Calcio (1953-1954, 26 apps)  ->  Torino FC (1960-1961, 17 apps)  ->  Venezia F.C. (1961-1962, 9 apps)  ->  Como 1907 (1962-1964, 47 apps)"
"Giovanni Lodetti","Kingdom of Italy, Italy",midfielder,4,"AC Milan (1961-1970, 216 apps)  ->  U.C. Sampdoria (1970-1974, 117 apps)  ->  Calcio Foggia 1920 (1974-1976, 61 apps)  ->  Novara Calcio (1976-1978, 38 apps)"
"Giovanni Moretti","Kingdom of Italy, Italy",midfielder,5,"A.C. Crema 1908 (1930-1931, ? apps)  ->  AC Milan (1931-1939, 207 apps)  ->  Brescia Calcio (1939-1941, 60 apps)  ->  US Cremonese (1941-1942, 29 apps)  ->  A.C. Crema 1908 (1946-1947, ? apps)"
"Giovanni Piacentini",Italy,midfielder,6,"Modena F.C. (1984-1987, 67 apps)  ->  Calcio Padova (1987-1989, 76 apps)  ->  AS Roma (1989-1995, 142 apps)  ->  ACF Fiorentina (1995-1997, 59 apps)  ->  Atalanta BC (1998-1999, 33 apps)  ->  Bologna F.C. 1909 (1999-2001, 37 apps)"
"Giovanni Reyna","United States",midfielder,3,"Borussia Dortmund (2019-2025, 147 apps)  ->  Nottingham Forest F.C. (2024-2024, 10 apps)  ->  Borussia Mönchengladbach (2025-?, ? apps)"
"Giovanni Rossetti","Kingdom of Italy, Italy",goalkeeper,3,"AC Milan (1940-1949, 138 apps)  ->  AC Milan (1950-1951, 1 apps)  ->  Taranto Sport (1951-1955, 83 apps)"
"Giovanni Sacco",Italy,midfielder,4,"Juventus FC (1962-1969, 84 apps)  ->  SS Lazio (1965-1966, 18 apps)  ->  Atalanta BC (1969-1973, 94 apps)  ->  A.C. Reggiana 1919 (1973-1976, 77 apps)"
"Giovanni Trapattoni",Italy,midfielder,2,"Juventus FC (1959-1971, 274 apps)  ->  Varese Calcio (1971-1972, 10 apps)"
"Giovanni Varglien",Italy,midfielder,4,"U.S. Fiumana (1928-1929, 10 apps)  ->  HNK Rijeka (1928-?, ? apps)  ->  Juventus FC (1929-1947, 381 apps)  ->  Palermo F.C. (1947-1948, 31 apps)"
"Giovanni Vavassori",Italy,defender,5,"Atalanta BC (1970-1972, 63 apps)  ->  SSC Napoli (1972-1977, 94 apps)  ->  Atalanta BC (1977-1983, 172 apps)  ->  Cagliari Calcio (1982-1983, 22 apps)  ->  Società Sportiva Calcio Campania (1984-1986, 33 apps)"
"Giovanni Venditto","Kingdom of Italy, Italy",midfielder,4,"SSC Napoli (1933-1943, 174 apps)  ->  Benevento Calcio (1945-1946, ? apps)  ->  Unione Sportiva Catanzaro (1946-1947, 17 apps)  ->  A.S.D. Casertana Calcio (1948-1949, 13 apps)"
"Giovanni Vincenzi","Kingdom of Italy, Italy",defender,4,"US Livorno 1915 (1922-1927, 101 apps)  ->  Torino FC (1927-1929, 34 apps)  ->  SSC Napoli (1929-1935, 169 apps)  ->  Inter Milan (1935-1937, 19 apps)"
"Giovanni Viola","Kingdom of Italy, Italy",goalkeeper,5,"Juventus FC (1945-1958, 245 apps)  ->  Carrarese Calcio (1946-1947, 33 apps)  ->  Como 1907 (1947-1948, 33 apps)  ->  Lucchese 1905 (1948-1949, 33 apps)  ->  Brescia Calcio (1958-1959, 27 apps)"
"Giovanni van Bronckhorst","Kingdom of the Netherlands",full-back,5,"RKC Waalwijk (1993-1994, 12 apps)  ->  Feyenoord Rotterdam (1993-1998, 103 apps)  ->  Rangers F.C. (1998-2001, 73 apps)  ->  Arsenal F.C. (2001-2004, 42 apps)  ->  Feyenoord Rotterdam (2007-2010, 88 apps)"
"Giuliano Sarti","Kingdom of Italy, Italy",goalkeeper,4,"A.S.D. Centese 1913 (1952-1953, ? apps)  ->  ACF Fiorentina (1954-1963, 220 apps)  ->  Inter Milan (1963-1968, 147 apps)  ->  Juventus FC (1968-1969, 10 apps)"
"Giulio Castelli","Kingdom of Italy, Italy",defender,6,"AC Pavia 1911 (1945-1945, 4 apps)  ->  Torino FC (1945-1946, ? apps)  ->  Novara Calcio (1946-1949, 105 apps)  ->  Genoa CFC (1949-1951, 72 apps)  ->  SSC Napoli (1951-1956, 122 apps)  ->  US Alessandria Calcio 1912 (1956-1957, 3 apps)"
"Giulio Corsini","Kingdom of Italy, Italy",defender,3,"Atalanta BC (1952-1957, 129 apps)  ->  AS Roma (1957-1964, 145 apps)  ->  Mantova 1911 (1964-1968, 76 apps)"
"Giuseppe Antonini","Kingdom of Italy, Italy",midfielder,4,"Hellas Verona FC (1933-1937, 86 apps)  ->  AC Milan (1937-1944, 147 apps)  ->  AC Milan (1945-1949, 107 apps)  ->  A.C. Reggiana 1919 (1949-1951, 22 apps)"
"Giuseppe Ballerio","Kingdom of Italy, Italy",defender,6,"Varese Calcio (1929-1930, 19 apps)  ->  US Alessandria Calcio 1912 (1930-1931, 26 apps)  ->  SSC Bari (1931-1932, 34 apps)  ->  Inter Milan (1932-1940, 86 apps)  ->  Varese Calcio (1940-1941, 12 apps)  ->  Aurora Pro Patria 1919 (1941-1942, 3 apps)"
"Giuseppe Baresi",Italy,midfielder,2,"Inter Milan (1976-1992, 392 apps)  ->  Modena F.C. (1992-1994, 73 apps)"
"Giuseppe Bergomi",Italy,"centre-back, defender",1,"Inter Milan (1979-1999, 519 apps)"
"Giuseppe Bonizzoni","Kingdom of Italy, Italy",defender,4,"US Cremonese (1925-1931, 42 apps)  ->  AC Milan (1931-1940, 248 apps)  ->  Calcio Padova (1940-1941, 29 apps)  ->  US Cremonese (1941-1942, ? apps)"
"Giuseppe Bonomi",Italy,midfielder,5,"Calcio Lecco 1912 (1931-1932, 10 apps)  ->  Atalanta BC (1932-1938, 93 apps)  ->  AS Roma (1938-1943, 122 apps)  ->  Atalanta BC (1943-1944, 11 apps)  ->  Calcio Lecco 1912 (1945-1946, 17 apps)"
"Giuseppe Bruscolotti",Italy,full-back,2,"Sorrento Calcio 1945 (1970-1972, 60 apps)  ->  SSC Napoli (1972-1988, 387 apps)"
"Giuseppe Casari","Kingdom of Italy, Italy",goalkeeper,5,"G.S.F. Giovanni Grion Pola (1942-1943, 1 apps)  ->  Calcio Lecco 1912 (1944-1945, 20 apps)  ->  Atalanta BC (1944-1950, 170 apps)  ->  SSC Napoli (1950-1953, 107 apps)  ->  Calcio Padova (1953-1956, 54 apps)"
"Giuseppe Cavanna",Italy,goalkeeper,5,"F.C. Pro Vercelli 1892 (1925-1929, 65 apps)  ->  SSC Napoli (1929-1936, 151 apps)  ->  Benevento Calcio (1936-1937, 26 apps)  ->  F.C. Pro Vercelli 1892 (1937-1939, 40 apps)  ->  Forza e Coraggio Avezzano (1945-1946, 4 apps)"
"Giuseppe Corradi","Kingdom of Italy, Italy",defender,6,"Modena F.C. (1949-1951, 43 apps)  ->  Juventus FC (1951-1959, 191 apps)  ->  Genoa CFC (1959-1960, 31 apps)  ->  Mantova 1911 (1961-1964, 48 apps)  ->  A.S.D. Calcio Ivrea (1964-1965, 12 apps)  ->  Marsala Football Club (1965-1966, 5 apps)"
"Giuseppe Fenoglio","Kingdom of Italy",defender,2,"US Alessandria Calcio 1912 (1930-1935, 130 apps)  ->  SSC Napoli (1935-1940, 114 apps)"
"Giuseppe Furino",Italy,midfielder,4,"Juventus FC (1965-1966, ? apps)  ->  Savona F.B.C. (1966-1968, 61 apps)  ->  Palermo F.C. (1968-1969, 27 apps)  ->  Juventus FC (1969-1984, 361 apps)"
"Giuseppe Giannini",Italy,midfielder,4,"AS Roma (1981-1996, 318 apps)  ->  SK Sturm Graz (1996-1997, 16 apps)  ->  SSC Napoli (1997-1998, 4 apps)  ->  US Lecce (1998-1999, 47 apps)"
"Giuseppe Grabbi","Kingdom of Italy, Italy",midfielder,5,"Football Club Pastore (1919-1921, ? apps)  ->  Juventus FC (1921-1927, 86 apps)  ->  Novara Calcio (1927-1929, 42 apps)  ->  Associazione Calcio La Dominante (1929-1931, 62 apps)  ->  A.C.S.D. Saluzzo (1931-1932, ? apps)"
"Giuseppe Marchi","Kingdom of Italy, Italy",midfielder,5,"A.C. Reggiana 1919 (1920-1926, 69 apps)  ->  AC Milan (1926-1933, 131 apps)  ->  Vigevano Calcio (1933-1934, 7 apps)  ->  Catania FC (1934-1935, 10 apps)  ->  A.C. Reggiana 1919 (1935-1937, 40 apps)"
"Giuseppe Massa",Italy,midfielder,8,"Internapoli F.C. (1965-1966, 25 apps)  ->  S.S.D. Puteolana 1902 Internapoli (1965-1966, 25 apps)  ->  SS Lazio (1966-1972, 137 apps)  ->  Inter Milan (1972-1974, 43 apps)  ->  SSC Napoli (1974-1978, 102 apps)  ->  U.S. Avellino 1912 (1978-1981, 65 apps)  ->  Società Sportiva Calcio Campania (1981-1983, 40 apps)  ->  Internapoli F.C. (1982-1984, 45 apps)"
"Giuseppe Meazza",Italy,forward,6,"Inter Milan (1927-1940, 348 apps)  ->  AC Milan (1940-1942, 37 apps)  ->  Juventus FC (1942-1943, 27 apps)  ->  Varese Calcio (1944-1944, 20 apps)  ->  Atalanta BC (1945-1946, 14 apps)  ->  Inter Milan (1946-1947, 17 apps)"
"Giuseppe Peruchetti","Kingdom of Italy, Italy",goalkeeper,3,"Brescia Calcio (1928-1936, 196 apps)  ->  Inter Milan (1936-1941, 98 apps)  ->  Juventus FC (1941-1944, 34 apps)"
"Giuseppe Reina",Germany,forward,5,"SG Wattenscheid 09 (1994-1996, 56 apps)  ->  Arminia Bielefeld (1996-1999, 97 apps)  ->  Borussia Dortmund (1999-2004, 84 apps)  ->  Hertha BSC (2004-2005, 23 apps)  ->  Sportfreunde Siegen (2005-2006, 14 apps)"
"Giuseppe Rossi","United States",forward,8,"Manchester United F.C. (2004-2007, 5 apps)  ->  Newcastle United F.C. (2006-2006, 11 apps)  ->  Villarreal CF (2007-2013, 136 apps)  ->  Parma Calcio 1913 (2007-2007, 19 apps)  ->  ACF Fiorentina (2013-2016, 33 apps)  ->  RC Celta de Vigo (2016-2017, ? apps)  ->  Levante UD (2016-?, ? apps)  ->  ACF Fiorentina (2017-?, ? apps)"
"Giuseppe Sabadini",Italy,defender,5,"U.C. Sampdoria (1965-1971, 90 apps)  ->  AC Milan (1971-1978, 161 apps)  ->  Unione Sportiva Catanzaro (1978-1983, 111 apps)  ->  Catania FC (1983-1984, 16 apps)  ->  Ascoli Calcio 1898 FC (1984-1986, 23 apps)"
"Giuseppe Santagostino","Kingdom of Italy, Italy",midfielder,3,"AC Milan (1921-1932, 233 apps)  ->  Unione Sportiva Catanzaro (1932-1933, ? apps)  ->  Atalanta BC (1933-1934, 9 apps)"
"Giuseppe Savoldi",Italy,forward,5,"Atalanta BC (1965-1968, 57 apps)  ->  Bologna F.C. 1909 (1968-1975, 201 apps)  ->  SSC Napoli (1975-1979, 118 apps)  ->  Bologna F.C. 1909 (1979-1982, 29 apps)  ->  Atalanta BC (1982-1983, 16 apps)"
"Giuseppe Taglialatela",Italy,goalkeeper,12,"SSC Napoli (1986-1988, 0 apps)  ->  Palermo F.C. (1988-1989, 34 apps)  ->  U.S. Avellino 1912 (1989-1990, 38 apps)  ->  SSC Napoli (1990-1991, 3 apps)  ->  Palermo F.C. (1991-1992, 38 apps)  ->  SSC Bari (1992-1993, 30 apps)  ->  Ternana Calcio (1992-1992, ? apps)  ->  SSC Napoli (1993-1999, 174 apps)  ->  ACF Fiorentina (1999-2002, 12 apps)  ->  Siena FC (2002-2003, 1 apps)  ->  Benevento Calcio (2004-2005, 1 apps)  ->  U.S. Avellino 1912 (2005-2006, 5 apps)"
"Giuseppe Tamborini",Italy,midfielder,9,"A.S.D. Solbiatese Calcio 1911 (1961-1962, 28 apps)  ->  U.C. Sampdoria (1962-1964, 62 apps)  ->  AS Roma (1964-1967, 91 apps)  ->  Varese Calcio (1967-1972, 117 apps)  ->  AS Reggina 1914 (1972-1974, 65 apps)  ->  A.C. Belluno 1905 (1974-1975, 29 apps)  ->  US Cremonese (1975-1976, 31 apps)  ->  Pordenone FC (1976-1977, 28 apps)  ->  F.B. Brindisi 1912 (1978-1979, 24 apps)"
"Giuseppe Torriani","Kingdom of Italy",midfielder,3,"A.C. Legnano (1922-1925, 66 apps)  ->  Juventus FC (1925-1926, 55 apps)  ->  AC Milan (1927-1935, 204 apps)"
"Giuseppe Viani","Kingdom of Italy, Italy",forward,7,"Treviso F.B.C. 1993 (1926-1928, 21 apps)  ->  Inter Milan (1928-1934, 137 apps)  ->  SS Lazio (1934-1938, 114 apps)  ->  US Livorno 1915 (1938-1939, 27 apps)  ->  Juventus FC (1939-1940, 5 apps)  ->  Associazione Sportiva Siracusa (1940-1942, ? apps)  ->  U.S. Salernitana 1919 (1942-1943, ? apps)"
"Glen Johnson","United Kingdom","defender, full-back",7,"Millwall F.C. (2002-2002, 8 apps)  ->  West Ham United F.C. (2002-2003, 15 apps)  ->  Chelsea F.C. (2003-2007, 41 apps)  ->  Portsmouth F.C. (2006-2007, 26 apps)  ->  Portsmouth F.C. (2007-2009, 58 apps)  ->  Liverpool F.C. (2009-2015, 160 apps)  ->  Stoke City F.C. (2015-2018, 57 apps)"
"Glenn Hoddle","United Kingdom",midfielder,4,"Tottenham Hotspur F.C. (1975-1987, 377 apps)  ->  AS Monaco FC (1987-1991, 69 apps)  ->  Swindon Town F.C. (1991-1993, 67 apps)  ->  Chelsea F.C. (1993-1995, 31 apps)"
"Glenn Hysén",Sweden,defender,8,"IFK Göteborg (1978-1983, 122 apps)  ->  PSV Eindhoven (1983-1985, 48 apps)  ->  IFK Göteborg (1985-1987, 38 apps)  ->  ACF Fiorentina (1987-1989, 63 apps)  ->  Liverpool F.C. (1989-1992, 82 apps)  ->  GAIS (1992-1994, 54 apps)  ->  Torslanda IK (2002-2004, ? apps)  ->  Utsiktens BK (2010-2012, ? apps)"
"Glenn Roeder","United Kingdom",defender,7,"Leyton Orient F.C. (1973-1978, 115 apps)  ->  Queens Park Rangers F.C. (1978-1983, 157 apps)  ->  Notts County F.C. (1983-1983, 4 apps)  ->  Newcastle United F.C. (1983-1989, 193 apps)  ->  Watford F.C. (1989-1992, 78 apps)  ->  Leyton Orient F.C. (1992-1992, 8 apps)  ->  Gillingham F.C. (1992-1993, 6 apps)"
"Glyn Pardoe","United Kingdom",full-back,1,"Manchester City F.C. (1962-1976, 305 apps)"
"Gonzalo Bergessio",Argentina,forward,9,"Club Sport Emelec (2003-2005, 37 apps)  ->  Club Sport Emelec (2005-2006, 37 apps)  ->  Racing Club (2006-2007, 35 apps)  ->  S.L. Benfica (2007-2007, 3 apps)  ->  AS Saint-Étienne (2009-2011, 49 apps)  ->  Catania FC (2011-2011, 13 apps)  ->  Real Madrid Club de Fútbol (2011-2014, 96 apps)  ->  U.C. Sampdoria (2014-2015, 23 apps)  ->  Atlas F.C. (2015-?, ? apps)"
"Gonzalo Higuaín","Argentina, France",forward,7,"Club Atlético River Plate (2005-2007, 35 apps)  ->  Real Madrid Club de Fútbol (2007-2013, 190 apps)  ->  SSC Napoli (2013-2016, 104 apps)  ->  Juventus FC (2016-2020, 105 apps)  ->  AC Milan (2018-2019, 22 apps)  ->  Chelsea F.C. (2019-2019, 14 apps)  ->  Inter Miami CF (2020-2022, 67 apps)"
"Gonzalo Rodríguez",Argentina,defender,2,"Villarreal CF (2004-2012, 184 apps)  ->  ACF Fiorentina (2012-?, ? apps)"
"Gonçalo Guedes",Portugal,"forward, wing half",9,"S.L. Benfica B (2014-2016, 38 apps)  ->  S.L. Benfica (2014-2017, 39 apps)  ->  Valencia CF (2017-2018, 33 apps)  ->  Paris Saint-Germain FC (2017-2018, 8 apps)  ->  Valencia CF (2018-2022, 113 apps)  ->  Wolverhampton Wanderers F.C. (2022-2025, 42 apps)  ->  S.L. Benfica (2023-2024, 21 apps)  ->  Villarreal CF (2024-2024, 17 apps)  ->  Real Sociedad (2025-?, ? apps)"
"Gordon Durie","United Kingdom",forward,6,"East Fife F.C. (1981-1984, 81 apps)  ->  Hibernian F.C. (1984-1986, 47 apps)  ->  Chelsea F.C. (1986-1991, 123 apps)  ->  Tottenham Hotspur F.C. (1991-1993, 58 apps)  ->  Rangers F.C. (1993-2000, 125 apps)  ->  Heart of Midlothian F.C. (2000-2001, 16 apps)"
"Gordon Gunson","United Kingdom of Great Britain and Ireland, United Kingdom","wing half",6,"Nelson F.C. (1923-1924, 0 apps)  ->  Wrexham A.F.C. (1926-1929, 116 apps)  ->  Sunderland A.F.C. (1929-1930, 19 apps)  ->  Liverpool F.C. (1930-1934, 81 apps)  ->  Swindon Town F.C. (1934-1935, 31 apps)  ->  Wrexham A.F.C. (1935-1936, 15 apps)"
"Gordon Hill","United Kingdom",midfielder,16,"Millwall F.C. (1973-1975, 91 apps)  ->  Chicago Sting (1975-1975, 21 apps)  ->  Manchester United F.C. (1975-1978, 101 apps)  ->  Derby County F.C. (1978-1979, 24 apps)  ->  Queens Park Rangers F.C. (1979-1981, 14 apps)  ->  Montreal Manic (1981-1982, 36 apps)  ->  Chicago Sting (1982-1983, 11 apps)  ->  Kansas City Comets (1983-1984, 50 apps)  ->  New York Arrows (1983-1983, 22 apps)  ->  San Jose Earthquakes (1983-1983, 4 apps)  ->  Tacoma Stars (1984-1985, 19 apps)  ->  FC Twente (1985-1986, 19 apps)  ->  Helsingin Jalkapalloklubi (1986-1986, 2 apps)  ->  Stafford Rangers F.C. (1986-1988, ? apps)  ->  Northwich Victoria F.C. (1988-1988, 24 apps)  ->  Nova Scotia Clippers (1991-1991, ? apps)"
"Gordon Hodgson","United Kingdom of Great Britain and Ireland, South Africa, United Kingdom",forward,3,"Liverpool F.C. (1925-1936, 358 apps)  ->  Aston Villa F.C. (1936-1937, 28 apps)  ->  Leeds United F.C. (1937-1939, 81 apps)"
"Gordon Hughes","United Kingdom","wing half",4,"Newcastle United F.C. (1956-1963, 133 apps)  ->  Derby County F.C. (1963-1968, 184 apps)  ->  Lincoln City F.C. (1968-1971, 117 apps)  ->  Boston United F.C. (1971-1972, ? apps)"
"Gordon Marshall","United Kingdom",goalkeeper,7,"Heart of Midlothian F.C. (1956-1963, 193 apps)  ->  Newcastle United F.C. (1963-1968, 177 apps)  ->  Nottingham Forest F.C. (1968-1969, 7 apps)  ->  Hibernian F.C. (1969-1971, 47 apps)  ->  Celtic F.C. (1971-1972, 0 apps)  ->  Arbroath F.C. (1972-1978, 142 apps)  ->  Aberdeen F.C. (1972-1972, 7 apps)"
"Gordon McQueen","United Kingdom",centre-back,4,"St. Mirren F.C. (1970-1972, 57 apps)  ->  Leeds United F.C. (1972-1978, 140 apps)  ->  Manchester United F.C. (1978-1985, 184 apps)  ->  Seiko SA (1985-1985, ? apps)"
"Gordon Milne","United Kingdom",midfielder,4,"Preston North End F.C. (1956-1960, 83 apps)  ->  Liverpool F.C. (1960-1967, 236 apps)  ->  Blackpool F.C. (1967-1970, 64 apps)  ->  Wigan Athletic F.C. (1970-1972, 73 apps)"
"Gordon Strachan","United Kingdom",midfielder,5,"Dundee F.C. (1974-1977, 69 apps)  ->  Aberdeen F.C. (1977-1984, 183 apps)  ->  Manchester United F.C. (1984-1989, 160 apps)  ->  Leeds United F.C. (1989-1995, 197 apps)  ->  Coventry City F.C. (1995-1997, 26 apps)"
"Gordon West","United Kingdom",goalkeeper,3,"Blackpool F.C. (1960-1962, 33 apps)  ->  Everton F.C. (1962-1973, 402 apps)  ->  Tranmere Rovers F.C. (1976-1979, 17 apps)"
"Gorka Guruzeta",Spain,centre-forward,10,"Antiguoko (2009-2010, ? apps)  ->  Q8347095 (2010-2013, ? apps)  ->  Antiguoko (2013-2014, ? apps)  ->  Athletic Club (2014-2015, ? apps)  ->  CD Baskonia (2014-2016, 47 apps)  ->  Athletic Bilbao B (2015-2020, 96 apps)  ->  Athletic Club (2018-2019, 9 apps)  ->  Centre d'Esports Sabadell Futbol Club (2020-2021, 40 apps)  ->  SD Amorebieta (2021-2022, 38 apps)  ->  Athletic Club (2022-?, 172 apps)"
"Gorka Iraizoz",Spain,goalkeeper,9,"UDC Chantrea (1998-1999, ? apps)  ->  CD Baskonia (1999-2000, 20 apps)  ->  Athletic Bilbao B (2000-2001, 0 apps)  ->  Gernika Club (2001-2002, 36 apps)  ->  RCD Espanyol B (2002-2004, 59 apps)  ->  SD Eibar (2004-2005, 41 apps)  ->  RCD Espanyol de Barcelona (2004-2007, 23 apps)  ->  Athletic Club (2007-2017, 392 apps)  ->  Girona FC (2017-2019, 23 apps)"
"Goyo Benito",Spain,centre-back,2,"Rayo Vallecano (1966-1968, 43 apps)  ->  Real Madrid Club de Fútbol (1966-1982, 317 apps)"
"Graeme Hogg","United Kingdom",centre-back,6,"Manchester United F.C. (1984-1988, 83 apps)  ->  West Bromwich Albion F.C. (1987-1987, 7 apps)  ->  Portsmouth F.C. (1988-1991, 100 apps)  ->  Heart of Midlothian F.C. (1991-1995, 57 apps)  ->  Notts County F.C. (1995-1998, 66 apps)  ->  Brentford F.C. (1998-1998, 25 apps)"
"Graeme Le Saux","United Kingdom","defender, full-back",5,"Chelsea F.C. (1989-1993, 90 apps)  ->  Blackburn Rovers F.C. (1993-1997, 129 apps)  ->  Chelsea F.C. (1997-2003, 140 apps)  ->  Southampton F.C. (2003-2005, 44 apps)  ->  Wembley F.C. (2012-2012, 0 apps)"
"Graeme Sharp","United Kingdom",forward,4,"Dumbarton F.C. (1978-1980, 40 apps)  ->  Everton F.C. (1980-1991, 322 apps)  ->  Oldham Athletic A.F.C. (1991-1997, 107 apps)  ->  Bangor City F.C. (1997-1997, ? apps)"
"Graeme Souness","United Kingdom",midfielder,7,"Tottenham Hotspur F.C. (1970-1972, 0 apps)  ->  Middlesbrough F.C. (1972-1978, 176 apps)  ->  Montreal Olympique (1972-1972, 10 apps)  ->  Liverpool F.C. (1978-1984, 247 apps)  ->  West Adelaide Soccer Club (1978-1978, 6 apps)  ->  U.C. Sampdoria (1984-1986, 56 apps)  ->  Rangers F.C. (1986-1991, 50 apps)"
"Graham Baker","United Kingdom",midfielder,5,"Southampton F.C. (1976-1982, 113 apps)  ->  Manchester City F.C. (1982-1987, 117 apps)  ->  Southampton F.C. (1987-1990, 60 apps)  ->  Fulham F.C. (1990-1992, 10 apps)  ->  Aldershot F.C. (1990-1990, 7 apps)"
"Graham Rix","United Kingdom",midfielder,6,"Arsenal F.C. (1975-1988, 351 apps)  ->  Brentford F.C. (1987-1988, 6 apps)  ->  Stade Malherbe Caen (1988-1991, 89 apps)  ->  Le Havre AC (1991-1992, 12 apps)  ->  Dundee F.C. (1992-1993, 14 apps)  ->  Chelsea F.C. (1995-1995, 1 apps)"
"Graham Roberts","United Kingdom",defender,9,"Dorchester Town F.C. (1978-1979, 0 apps)  ->  Weymouth F.C. (1979-1980, 29 apps)  ->  Tottenham Hotspur F.C. (1980-1986, 209 apps)  ->  Rangers F.C. (1986-1988, 55 apps)  ->  Chelsea F.C. (1988-1990, 70 apps)  ->  West Bromwich Albion F.C. (1990-1992, 39 apps)  ->  Stevenage F.C. (1994-1995, 11 apps)  ->  Yeovil Town F.C. (1995-1998, 6 apps)  ->  Slough Town F.C. (1998-1999, 10 apps)"
"Graham Stuart","United Kingdom",midfielder,5,"Chelsea F.C. (1989-1993, 87 apps)  ->  Everton F.C. (1993-1997, 136 apps)  ->  Sheffield United F.C. (1997-1999, 53 apps)  ->  Charlton Athletic F.C. (1999-2005, 148 apps)  ->  Norwich City F.C. (2005-2005, 8 apps)"
"Graham Wilkins","United Kingdom",full-back,4,"Chelsea F.C. (1972-1982, 137 apps)  ->  Brentford F.C. (1982-1984, 38 apps)  ->  Southend United F.C. (1983-1983, 3 apps)  ->  Southall F.C. (1984-?, ? apps)"
"Granit Xhaka",Switzerland,midfielder,5,"FC Basel (2010-2012, 42 apps)  ->  Borussia Mönchengladbach (2012-2016, 108 apps)  ->  Arsenal F.C. (2016-2023, 225 apps)  ->  Bayer 04 Leverkusen (2023-2025, 66 apps)  ->  Sunderland A.F.C. (2025-?, 34 apps)"
"Graziano Bini",Italy,defender,2,"Inter Milan (1971-1985, 233 apps)  ->  Genoa CFC (1985-1988, 28 apps)"
"Gregor Kobel",Switzerland,goalkeeper,5,"TSG 1899 Hoffenheim (2016-2020, 1 apps)  ->  VfB Stuttgart (2019-2020, 31 apps)  ->  FC Augsburg (2019-2019, 16 apps)  ->  VfB Stuttgart (2020-2021, 33 apps)  ->  Borussia Dortmund (2021-?, 127 apps)"
"Gregorio Blasco","Mexico, Spain",goalkeeper,4,"Athletic Club (1928-1936, ? apps)  ->  Real Club España (1939-1946, ? apps)  ->  Club Atlético River Plate (1940-1940, ? apps)  ->  Atlante F.C. (1946-1947, ? apps)"
"Guglielmo Gabetto","Kingdom of Italy, Italy",forward,2,"Juventus FC (1934-1941, 164 apps)  ->  Torino FC (1941-1949, 219 apps)"
"Guido Gianfardoni","Kingdom of Italy",defender,7,"Novara Calcio (1921-1922, 21 apps)  ->  Juventus FC (1922-1926, 57 apps)  ->  Inter Milan (1926-1931, 124 apps)  ->  US Lecce (1931-1932, 27 apps)  ->  Inter Milan (1932-1933, 2 apps)  ->  US Cremonese (1933-1934, 3 apps)  ->  Spezia Calcio (1934-1935, ? apps)"
"Guido Masetti","Kingdom of Italy, Italy",goalkeeper,2,"Hellas Verona FC (1926-1930, 54 apps)  ->  AS Roma (1930-1943, 339 apps)"
"Guido Vincenzi","Kingdom of Italy, Italy",defender,3,"A.C. Reggiana 1919 (1950-1953, 63 apps)  ->  Inter Milan (1953-1958, 101 apps)  ->  U.C. Sampdoria (1958-1969, 297 apps)"
"Guillermo Amor",Spain,midfielder,4,"FC Barcelona Atlètic (1984-1988, 49 apps)  ->  ACF Fiorentina (1998-2000, 24 apps)  ->  Villarreal CF (2000-2002, 64 apps)  ->  Livingston F.C. (2003-2003, 3 apps)"
"Guillermo Franco","Argentina, Mexico",forward,6,"Club de Fútbol Monterrey (2002-2005, 119 apps)  ->  Villarreal CF (2006-2009, 81 apps)  ->  West Ham United F.C. (2009-2010, 23 apps)  ->  Club Atlético Vélez Sarsfield (2010-2012, 18 apps)  ->  Chicago Fire FC (2012-2012, 3 apps)  ->  CF Pachuca (2012-2012, 12 apps)"
"Guillermo Gorostiza",Spain,forward,6,"Arenas Club de Getxo (1927-1928, ? apps)  ->  Racing Club de Ferrol (1928-1929, ? apps)  ->  Athletic Club (1929-1940, 140 apps)  ->  Valencia CF (1940-1946, 116 apps)  ->  Barakaldo CF (1946-1948, ? apps)  ->  CD Logroñés (1948-1949, ? apps)"
"Guillermo Sanguinetti",Uruguay,defender,9,"Club Nacional de Football (1984-1985, ? apps)  ->  Central Español (1986-1986, ? apps)  ->  Montevideo Wanderers Fútbol Club (1987-1988, ? apps)  ->  Club Nacional de Football (1989-1992, 55 apps)  ->  Sud america Uruguay (1989-1989, ? apps)  ->  Racing Club de Montevideo (1990-1991, ? apps)  ->  SS Lazio (1992-1992, 20 apps)  ->  Everton F.C. (1992-1995, 80 apps)  ->  Club Nacional de Football (1995-1995, 20 apps)"
"Gunnar Gren",Sweden,forward,9,"Gårda BK (1937-1940, 54 apps)  ->  IFK Göteborg (1941-1949, 168 apps)  ->  AC Milan (1949-1953, 133 apps)  ->  ACF Fiorentina (1953-1955, 55 apps)  ->  Genoa CFC (1955-1956, 29 apps)  ->  Örgryte IS Fotboll (1956-1957, ? apps)  ->  GAIS (1963-1964, 22 apps)  ->  IFK Värnamo (1965-1966, ? apps)  ->  IK Oddevold (1976-1976, 1 apps)"
"Gunnar Nordahl",Sweden,forward,5,"Degerfors IF (1940-1944, 77 apps)  ->  IFK Norrköping FK (1944-1949, 95 apps)  ->  AC Milan (1949-1956, 257 apps)  ->  AS Roma (1956-1958, 34 apps)  ->  Karlstad BK (1959-1961, 24 apps)"
"Gus Poyet",Uruguay,midfielder,8,"Club Atlético River Plate (1986-1988, ? apps)  ->  Grenoble Foot 38 (1988-1990, ? apps)  ->  Club Atlético River Plate (1989-1990, 78 apps)  ->  Real Zaragoza (1990-1997, 239 apps)  ->  C.A. Bella Vista (1990-1990, ? apps)  ->  Chelsea F.C. (1997-2001, 105 apps)  ->  Tottenham Hotspur F.C. (2001-2004, 82 apps)  ->  Swindon Town F.C. (2006-2006, 0 apps)"
"Gustau Biosca",Spain,defender,2,"CD Condal (1948-1949, ? apps)  ->  CD Condal (1958-1959, 7 apps)"
Guti,Spain,midfielder,3,"Real Madrid C (1994-1995, 12 apps)  ->  Real Madrid Club de Fútbol (1995-2010, 387 apps)  ->  Beşiktaş J.K. (Football) (2010-2011, 23 apps)"
"Gylfi Sigurðsson",Iceland,midfielder,11,"Reading F.C. (2008-2010, 42 apps)  ->  Shrewsbury Town F.C. (2008-2008, 5 apps)  ->  Crewe Alexandra F.C. (2009-2009, 15 apps)  ->  TSG 1899 Hoffenheim (2010-2012, 36 apps)  ->  Swansea City A.F.C. (2012-2012, 18 apps)  ->  Tottenham Hotspur F.C. (2012-2014, 58 apps)  ->  Swansea City A.F.C. (2014-2017, 106 apps)  ->  Everton F.C. (2017-2022, 136 apps)  ->  Lyngby Boldklub (2023-2024, 5 apps)  ->  Valur (2024-2025, 19 apps)  ->  Knattspyrnufélagið Víkingur (2025-?, 24 apps)"
"Gökhan İnler","Switzerland, Turkey",midfielder,6,"FC Basel (2004-2004, ? apps)  ->  FC Aarau (2004-2006, ? apps)  ->  FC Zürich (2006-2007, 52 apps)  ->  Udinese Calcio (2007-2011, 141 apps)  ->  SSC Napoli (2011-2015, 118 apps)  ->  Leicester City F.C. (2015-?, ? apps)"
"Günter Kutowski",Germany,defender,4,"Borussia Dortmund (1984-1996, 288 apps)  ->  Rot-Weiss Essen (1996-1997, 7 apps)  ->  SC Paderborn 07 (1996-1996, ? apps)  ->  SC Paderborn 07 (1997-2001, ? apps)"
"Günter Netzer",Germany,midfielder,3,"Borussia Mönchengladbach (1963-1973, 297 apps)  ->  Real Madrid Club de Fútbol (1973-1976, 85 apps)  ->  Grasshopper Club Zürich (1976-1977, 26 apps)"
"Hakan Çalhanoğlu","Germany, Turkey",midfielder,5,"Karlsruher SC (2011-2013, 50 apps)  ->  Hamburger SV (2013-2014, 32 apps)  ->  Bayer 04 Leverkusen (2014-2017, 79 apps)  ->  AC Milan (2017-2021, 135 apps)  ->  Inter Milan (2021-?, 150 apps)"
"Hans Bauer",Germany,defender,3,"MTV München 1879 (1937-1946, ? apps)  ->  FC Wacker München (1946-1948, ? apps)  ->  FC Bayern Munich (1948-1959, 259 apps)"
"Hans Dorfner",Germany,midfielder,3,"FC Bayern Munich (1983-1991, 111 apps)  ->  1. FC Nürnberg (1984-1986, 51 apps)  ->  1. FC Nürnberg (1991-1994, 60 apps)"
"Hans Hädelt",Germany,forward,1,"FC Bayern Munich (1946-1952, 132 apps)"
"Hans Pflügler",Germany,defender,2,"FC Bayern Munich (1981-1992, 276 apps)  ->  FC Bayern Munich (1995-1995, 1 apps)"
"Hans Resch",Germany,forward,1,"FC Bayern Munich (1947-1956, 103 apps)"
"Hans Tilkowski",Germany,goalkeeper,3,"SC Westfalia Herne (1955-1962, 219 apps)  ->  Borussia Dortmund (1963-1967, 81 apps)  ->  Eintracht Frankfurt (1967-1970, 40 apps)"
"Hans Weiner",Germany,defender,6,"Tennis Borussia Berlin (1969-1972, 77 apps)  ->  Hertha BSC (1972-1979, 218 apps)  ->  FC Bayern Munich (1979-1982, 91 apps)  ->  Chicago Sting (1982-1983, 33 apps)  ->  Chicago Sting (1983-?, ? apps)  ->  Hertha BSC (1984-1986, 65 apps)"
"Hans-Joachim Wagner",Germany,defender,2,"Borussia Dortmund (1974-1983, 221 apps)  ->  Rot-Weiss Essen (1983-1984, 9 apps)"
"Hans-Werner Hartl",Germany,midfielder,4,"Hamborn 07 (1964-1970, 144 apps)  ->  VfL Bochum (1970-1973, 71 apps)  ->  Borussia Dortmund (1973-1977, 118 apps)  ->  SG Union Solingen (1977-1978, 21 apps)"
"Hansi Flick",Germany,midfielder,4,"SV Sandhausen (1983-1985, 69 apps)  ->  FC Bayern Munich (1985-1990, 104 apps)  ->  1. FC Köln (1990-1993, 44 apps)  ->  Victoria Bammental (1994-2000, ? apps)"
"Harold Halse","United Kingdom of Great Britain and Ireland, United Kingdom",forward,6,"Leyton Orient F.C. (1905-1906, 2 apps)  ->  Southend United F.C. (1906-1907, 65 apps)  ->  Manchester United F.C. (1908-1912, 109 apps)  ->  Aston Villa F.C. (1912-1913, 31 apps)  ->  Chelsea F.C. (1913-1921, 96 apps)  ->  Charlton Athletic F.C. (1921-1923, 21 apps)"
"Harold Hardman","United Kingdom of Great Britain and Ireland, United Kingdom","wing half",6,"Blackpool F.C. (1900-1903, 71 apps)  ->  Everton F.C. (1903-1908, 130 apps)  ->  Manchester United F.C. (1908-1909, 4 apps)  ->  Bradford City A.F.C. (1909-1910, 20 apps)  ->  Stoke City F.C. (1910-1913, 54 apps)  ->  Manchester United F.C. (1913-?, ? apps)"
"Harry Bradshaw","United Kingdom of Great Britain and Ireland",forward,5,"Northwich Victoria F.C. (1891-1893, ? apps)  ->  Liverpool F.C. (1893-1898, 118 apps)  ->  Northwich Victoria F.C. (1898-1898, ? apps)  ->  Tottenham Hotspur F.C. (1898-1899, ? apps)  ->  Thames Ironworks F.C. (1899-1899, 5 apps)"
"Harry Burgess","United Kingdom of Great Britain and Ireland, United Kingdom",forward,3,"Stockport County F.C. (1925-1929, 112 apps)  ->  Sheffield Wednesday F.C. (1929-1935, 215 apps)  ->  Chelsea F.C. (1935-1942, 142 apps)"
"Harry Chambers","United Kingdom of Great Britain and Ireland",forward,4,"Liverpool F.C. (1915-1928, 310 apps)  ->  West Bromwich Albion F.C. (1928-1929, 40 apps)  ->  Oakengates Athletic F.C. (1929-1933, ? apps)  ->  Hereford United F.C. (1933-1934, ? apps)"
"Harry Clarke","United Kingdom of Great Britain and Ireland, United Kingdom",full-back,1,"Tottenham Hotspur F.C. (1949-1956, 295 apps)"
"Harry Dowd","United Kingdom",goalkeeper,4,"Manchester City F.C. (1961-1970, 181 apps)  ->  Stoke City F.C. (1969-1970, 3 apps)  ->  Oldham Athletic A.F.C. (1970-1974, 121 apps)  ->  Northwich Victoria F.C. (1974-1974, 121 apps)"
"Harry Erentz","United Kingdom of Great Britain and Ireland, United Kingdom","forward, defender, full-back",4,"Dundee F.C. (1895-1896, ? apps)  ->  Manchester United F.C. (1897-1898, 6 apps)  ->  Tottenham Hotspur F.C. (1898-1904, 130 apps)  ->  Swindon Town F.C. (1904-1905, 16 apps)"
"Harry Ford","United Kingdom of Great Britain and Ireland, United Kingdom","inside forward",2,"Tunbridge Wells F.C. (1911-1912, ? apps)  ->  Chelsea F.C. (1913-1924, 248 apps)"
"Harry Gregg","United Kingdom",goalkeeper,3,"Doncaster Rovers F.C. (1952-1957, 94 apps)  ->  Manchester United F.C. (1957-1966, 210 apps)  ->  Stoke City F.C. (1966-1967, 2 apps)"
"Harry Kane","United Kingdom",forward,6,"Tottenham Hotspur F.C. (2009-2023, 317 apps)  ->  Leyton Orient F.C. (2011-2011, 18 apps)  ->  Millwall F.C. (2012-2012, 22 apps)  ->  Norwich City F.C. (2012-2013, 3 apps)  ->  Leicester City F.C. (2013-2013, 13 apps)  ->  FC Bayern Munich (2023-?, 94 apps)"
"Harry Kewell",Australia,"midfielder, forward, wing half",6,"Leeds United F.C. (1996-2003, 181 apps)  ->  Liverpool F.C. (2003-2008, 93 apps)  ->  Galatasaray S.K. (2008-2011, 63 apps)  ->  Melbourne Victory FC (2011-2012, 25 apps)  ->  Melbourne City FC (2013-2014, 16 apps)  ->  Al-Gharafa SC (2013-2013, 3 apps)"
"Harry Maguire","United Kingdom",centre-back,5,"Sheffield United F.C. (2011-2014, 134 apps)  ->  Hull City A.F.C. (2014-2017, 54 apps)  ->  Wigan Athletic F.C. (2015-2015, 16 apps)  ->  Leicester City F.C. (2017-2019, 69 apps)  ->  Manchester United F.C. (2019-?, 167 apps)"
"Harry McMenemy","United Kingdom","inside forward",1,"Newcastle United F.C. (1931-1937, 138 apps)"
"Harry Moger","United Kingdom of Great Britain and Ireland, United Kingdom",goalkeeper,3,"Freemantle F.C. (1898-1900, ? apps)  ->  Southampton F.C. (1900-1903, 14 apps)  ->  Manchester United F.C. (1903-1912, 242 apps)"
"Harry Skitt","United Kingdom of Great Britain and Ireland, United Kingdom",centre-back,2,"Tottenham Hotspur F.C. (1924-1931, 212 apps)  ->  Chester City F.C. (1931-1935, 101 apps)"
"Harry Stafford","United Kingdom of Great Britain and Ireland, United Kingdom",defender,3,"Crewe Alexandra F.C. (1890-1896, 88 apps)  ->  Manchester United F.C. (1896-1903, 183 apps)  ->  Crewe Alexandra F.C. (1903-?, ? apps)"
"Harry Taylor","United Kingdom of Great Britain and Ireland, United Kingdom",forward,4,"Stoke City F.C. (1909-1910, 10 apps)  ->  Huddersfield Town A.F.C. (1911-1912, 15 apps)  ->  Port Vale F.C. (1912-1912, 0 apps)  ->  Manchester City F.C. (1912-1921, 91 apps)"
"Harry Wilding","United Kingdom of Great Britain and Ireland, United Kingdom",centre-back,2,"Chelsea F.C. (1919-1928, 241 apps)  ->  Tottenham Hotspur F.C. (1928-1928, 12 apps)"
"Harry Winks","United Kingdom","central midfielder, defensive midfielder",3,"Tottenham Hotspur F.C. (2014-2023, 128 apps)  ->  U.C. Sampdoria (2022-2023, 20 apps)  ->  Leicester City F.C. (2023-?, 80 apps)"
"Hasan Salihamidžić","Bosnia and Herzegovina",midfielder,4,"Hamburger SV (1995-1998, 72 apps)  ->  FC Bayern Munich (1998-2007, 234 apps)  ->  Juventus FC (2007-2011, 61 apps)  ->  VfL Wolfsburg (2011-2012, 15 apps)"
"Hasse Jeppson",Sweden,forward,6,"Örgryte IS Fotboll (1946-1947, ? apps)  ->  Djurgårdens IF Fotboll (1948-1951, 51 apps)  ->  Charlton Athletic F.C. (1951-1951, 11 apps)  ->  Atalanta BC (1951-1952, 27 apps)  ->  SSC Napoli (1952-1956, 112 apps)  ->  Torino FC (1956-1957, 19 apps)"
"Heiko Herrlich",Germany,forward,3,"Bayer 04 Leverkusen (1989-1993, 75 apps)  ->  Borussia Mönchengladbach (1993-1995, 55 apps)  ->  Borussia Dortmund (1995-2004, 128 apps)"
"Heinz Kwiatkowski",Germany,goalkeeper,3,"Schalke 04 (1947-1950, 74 apps)  ->  Rot-Weiss Essen (1950-1952, 38 apps)  ->  Borussia Dortmund (1952-1966, 300 apps)"
"Heinz Lettl",Germany,forward,4,"FC Bayern Munich (1951-1958, 98 apps)  ->  Stuttgarter Kickers (1958-1960, 44 apps)  ->  FC Chiasso (1960-1961, ? apps)  ->  FC Luzern (1961-1963, ? apps)"
"Heinz Ostner",Germany,midfielder,1,"FC Bayern Munich (1958-1964, 96 apps)"
"Helmut Bauer","German Reich",,1,"FC Bayern Munich (1951-1956, 100 apps)"
"Helmut Haller","West Germany",midfielder,6,"FC Augsburg (1957-1962, 85 apps)  ->  Bologna F.C. 1909 (1962-1968, 180 apps)  ->  Juventus FC (1968-1973, 116 apps)  ->  FC Augsburg (1973-1976, 79 apps)  ->  BSV 07 Schwenningen (1976-1977, 2 apps)  ->  FC Augsburg (1977-1979, 15 apps)"
"Helmut Nerlinger",Germany,defender,5,"FC Bayern Munich (1969-1970, 5 apps)  ->  Kickers Offenbach (1970-1971, 16 apps)  ->  SC Tasmania 1900 Berlin (1971-1972, 32 apps)  ->  Borussia Dortmund (1972-1978, 152 apps)  ->  SC Viktoria Köln (1978-1979, 7 apps)"
"Henning Jensen","Kingdom of Denmark",forward,5,"Nørresundby FB (1965-1972, ? apps)  ->  Borussia Mönchengladbach (1972-1976, 125 apps)  ->  Real Madrid Club de Fútbol (1976-1979, 81 apps)  ->  AFC Ajax (1979-1981, 56 apps)  ->  Aarhus Gymnastikforening (1981-1983, 53 apps)"
"Henrikh Mkhitaryan",Armenia,,9,"FC Pyunik (2006-2009, 70 apps)  ->  FC Metalurh Donetsk (2009-2010, 37 apps)  ->  FC Shakhtar Donetsk (2010-2013, 72 apps)  ->  Borussia Dortmund (2013-2016, 90 apps)  ->  Manchester United F.C. (2016-2018, 39 apps)  ->  Arsenal F.C. (2018-2020, 39 apps)  ->  AS Roma (2019-2020, 22 apps)  ->  AS Roma (2020-2022, 65 apps)  ->  Inter Milan (2022-?, 106 apps)"
"Henry Carlsson",Sweden,forward,7,"AIK Fotboll (1939-1948, 181 apps)  ->  AIK Fotboll (1949-1949, 11 apps)  ->  Atlético Madrid (1949-1953, 87 apps)  ->  AIK Fotboll (1956-1958, ? apps)  ->  Sundbybergs IK (1958-1964, ? apps)  ->  AIK Fotboll (1965-1966, ? apps)  ->  IF Brommapojkarna (1969-1971, ? apps)"
"Henry Cockburn","United Kingdom of Great Britain and Ireland, United Kingdom","wing half",5,"Manchester United F.C. (1944-1954, 243 apps)  ->  Accrington Stanley F.C. (1944-1945, ? apps)  ->  Bury F.C. (1954-1956, 35 apps)  ->  Peterborough United F.C. (1956-1958, 39 apps)  ->  Corby Town F.C. (1959-1960, ? apps)"
"Henry White","United Kingdom of Great Britain and Ireland, United Kingdom",forward,9,"Brentford F.C. (1914-1919, ? apps)  ->  Arsenal F.C. (1919-1923, 101 apps)  ->  Blackpool F.C. (1923-1925, 70 apps)  ->  Fulham F.C. (1925-1926, 7 apps)  ->  Walsall F.C. (1926-1927, 39 apps)  ->  Nelson F.C. (1927-1929, 22 apps)  ->  Walsall F.C. (1929-1929, 5 apps)  ->  Thames A.F.C. (1929-?, ? apps)  ->  Stafford Rangers F.C. (1929-1929, ? apps)"
"Heraldo Bezerra",Brazil,forward,3,"Cruzeiro E.C. (1967-1967, ? apps)  ->  Newell's Old Boys (1968-1971, 124 apps)  ->  Atlético Madrid (1971-1977, 99 apps)"
"Herbert Burgess","United Kingdom of Great Britain and Ireland, United Kingdom",full-back,3,"Manchester City F.C. (1903-1906, 85 apps)  ->  Manchester United F.C. (1906-1910, 49 apps)  ->  MTK Budapest FC (1914-1918, ? apps)"
"Herbert Hein",Germany,defender,3,"1. FC Köln (1972-1978, 106 apps)  ->  Borussia Dortmund (1979-1984, 103 apps)  ->  Tennis Borussia Berlin (1984-1984, ? apps)"
"Herbie Roberts","United Kingdom of Great Britain and Ireland, United Kingdom","centre-back, defender",2,"Oswestry Town F.C. (1922-1926, ? apps)  ->  Arsenal F.C. (1926-1937, 297 apps)"
"Heurelho Gomes",Brazil,goalkeeper,5,"Cruzeiro E.C. (2002-2004, 59 apps)  ->  PSV Eindhoven (2004-2008, 128 apps)  ->  Tottenham Hotspur F.C. (2008-2014, 95 apps)  ->  TSG 1899 Hoffenheim (2013-2013, 9 apps)  ->  Watford F.C. (2014-?, ? apps)"
"Hirving Lozano",Mexico,"wing half",5,"CF Pachuca (2014-2017, 120 apps)  ->  PSV Eindhoven (2017-2019, 60 apps)  ->  SSC Napoli (2019-2023, 120 apps)  ->  PSV Eindhoven (2023-2024, 33 apps)  ->  San Diego FC (2025-?, 29 apps)"
"Holger Badstuber",Germany,centre-back,4,"FC Bayern Munich (2009-2017, 119 apps)  ->  Schalke 04 (2017-2017, 10 apps)  ->  VfB Stuttgart (2017-2020, 56 apps)  ->  FC Luzern (2021-2021, 14 apps)"
"Holger Seitz",Germany,midfielder,5,"1. FC Nürnberg (1993-1994, 28 apps)  ->  SpVgg Greuther Fürth (1994-1996, 54 apps)  ->  FC Bayern Munich (1996-2000, 97 apps)  ->  Karlsruher SC (2000-2002, 43 apps)  ->  SV Darmstadt 98 (2002-2004, 32 apps)"
"Horace Barnes","United Kingdom of Great Britain and Ireland, United Kingdom","inside forward",4,"Derby County F.C. (1908-1914, 153 apps)  ->  Manchester City F.C. (1914-1924, 218 apps)  ->  Preston North End F.C. (1924-1925, ? apps)  ->  Oldham Athletic A.F.C. (1925-1926, 19 apps)"
"Horst Bertram",Germany,goalkeeper,5,"SC Münster 08 (1966-1967, ? apps)  ->  SC Preußen Münster (1967-1970, 0 apps)  ->  Kickers Offenbach (1970-1971, 2 apps)  ->  Borussia Dortmund (1971-1983, 200 apps)  ->  1. FC Bocholt (1983-1984, 0 apps)"
"Horst Trimhold",Germany,midfielder,4,"Schwarz-Weiß Essen (1959-1963, 71 apps)  ->  Eintracht Frankfurt (1963-1966, 71 apps)  ->  Borussia Dortmund (1966-1971, 96 apps)  ->  FSV Frankfurt (1971-1978, 103 apps)"
"Howard Kendall","United Kingdom",midfielder,6,"Preston North End F.C. (1963-1967, 104 apps)  ->  Everton F.C. (1967-1974, 229 apps)  ->  Birmingham City F.C. (1974-1977, 115 apps)  ->  Stoke City F.C. (1977-1979, 82 apps)  ->  Blackburn Rovers F.C. (1979-1981, 79 apps)  ->  Everton F.C. (1981-1981, 4 apps)"
"Hristo Stoichkov",Bulgaria,"coach, forward",9,"FC Maritsa Plovdiv (1977-1981, ? apps)  ->  FC Hebros (1982-1984, 32 apps)  ->  PFC CSKA Sofia (1984-1990, 119 apps)  ->  Parma Calcio 1913 (1995-1996, 23 apps)  ->  PFC CSKA Sofia (1998-1998, 4 apps)  ->  Al-Nassr (1998-1998, 2 apps)  ->  Kashiwa Reysol (1998-1999, 27 apps)  ->  Chicago Fire FC (2000-2002, 51 apps)  ->  D.C. United (2003-2003, 21 apps)"
"Hubert Redwood","United Kingdom of Great Britain and Ireland, United Kingdom",full-back,1,"Manchester United F.C. (1933-1940, 86 apps)"
"Hugh Billington","United Kingdom of Great Britain and Ireland, United Kingdom",forward,3,"Luton Town F.C. (1938-1948, 87 apps)  ->  Chelsea F.C. (1948-1951, 83 apps)  ->  Worcester City F.C. (1951-1952, ? apps)"
"Hugh McLenahan","United Kingdom of Great Britain and Ireland, United Kingdom",midfielder,4,"Blackpool F.C. (1926-1927, 0 apps)  ->  Stockport County F.C. (1927-1927, 0 apps)  ->  Manchester United F.C. (1927-1936, 112 apps)  ->  Notts County F.C. (1936-1939, 54 apps)"
"Hughie Gallacher","United Kingdom of Great Britain and Ireland, United Kingdom",forward,8,"Queen of the South F.C. (1921-1921, 9 apps)  ->  Airdrieonians F.C. (1921-1925, 111 apps)  ->  Newcastle United F.C. (1925-1930, 160 apps)  ->  Chelsea F.C. (1930-1934, 132 apps)  ->  Derby County F.C. (1934-1936, 51 apps)  ->  Notts County F.C. (1936-1937, 45 apps)  ->  Grimsby Town F.C. (1937-1938, 12 apps)  ->  Gateshead F.C. (1938-1939, 34 apps)"
"Hugo Campagnaro",Argentina,full-back,6,"Club Deportivo Morón (1998-2002, 103 apps)  ->  Piacenza Calcio (2002-2007, 127 apps)  ->  U.C. Sampdoria (2007-2009, 38 apps)  ->  SSC Napoli (2009-2013, 118 apps)  ->  Inter Milan (2013-2015, 31 apps)  ->  Delfino Pescara 1936 (2015-2020, 62 apps)"
"Hugo Guillamón",Spain,"centre-back, defensive midfielder",4,"Valencia CF (2009-2017, ? apps)  ->  Valencia CF Mestalla (2017-2020, 57 apps)  ->  Valencia CF (2019-2025, 146 apps)  ->  HNK Hajduk Split (2025-?, ? apps)"
"Hugo Lloris",France,goalkeeper,4,"OGC Nice (2005-2008, 72 apps)  ->  Olympique Lyonnais (2008-2012, 146 apps)  ->  Tottenham Hotspur F.C. (2012-2023, 361 apps)  ->  Los Angeles FC (2024-?, 65 apps)"
"Hugo Sánchez",Mexico,forward,12,"Pumas UNAM (1976-1981, 188 apps)  ->  San Diego Sockers (1979-1980, 32 apps)  ->  Atlético Madrid (1981-1985, 111 apps)  ->  Real Madrid Club de Fútbol (1985-1992, 207 apps)  ->  Club América (1992-1993, 29 apps)  ->  Rayo Vallecano (1993-1994, 29 apps)  ->  Atlante F.C. (1994-1995, 31 apps)  ->  FC Linz (1995-1996, 20 apps)  ->  LASK Linz (1995-1996, 20 apps)  ->  FC Dallas (1996-1996, 20 apps)  ->  Club Celaya (1997-1997, 12 apps)  ->  Atlético Celaya (1997-1997, 12 apps)"
"Héctor Bellerín",Spain,full-back,5,"Watford F.C. (2013-2014, 8 apps)  ->  Arsenal F.C. (2013-2022, 183 apps)  ->  Real Betis Balompié (2021-2022, 23 apps)  ->  Real Betis Balompié (2023-?, ? apps)  ->  Sporting CP (2023-2023, 10 apps)"
"Héctor Berenguel",Spain,defender,5,"CP Almería (1992-1995, 34 apps)  ->  Elche CF (1995-1998, 107 apps)  ->  Sevilla FC (1998-2001, 103 apps)  ->  Deportivo de La Coruña (2001-2006, 81 apps)  ->  RCD Mallorca (2006-2008, 50 apps)"
"Héctor Núñez",Uruguay,forward,4,"Club Nacional de Football (1954-1959, ? apps)  ->  Valencia CF (1959-1965, 154 apps)  ->  RCD Mallorca (1965-1966, 24 apps)  ->  Levante UD (1966-1968, 42 apps)"
"Héctor Rial","Argentina, Spain",forward,7,"Independiente Santa Fe (1949-1951, 54 apps)  ->  Club Nacional de Football (1952-1954, 51 apps)  ->  Real Madrid Club de Fútbol (1954-1961, 113 apps)  ->  RCD Espanyol de Barcelona (1961-1962, 6 apps)  ->  Unión Española (1961-1961, ? apps)  ->  Olympique de Marseille (1962-1963, 16 apps)  ->  Unión Española (1964-1964, 16 apps)"
"Iago Herrerín",Spain,goalkeeper,17,"Castro FC (2000-2002, ? apps)  ->  Sestao River Club (2002-2003, ? apps)  ->  Danok Bat CF (2003-2005, ? apps)  ->  Athletic Club (2005-2006, ? apps)  ->  CD Baskonia (2006-2007, 8 apps)  ->  Athletic Bilbao B (2007-2010, 87 apps)  ->  Barakaldo CF (2007-2007, 18 apps)  ->  Atlético Madrid B (2010-2012, 75 apps)  ->  Athletic Club (2012-2021, 119 apps)  ->  Club Deportivo Numancia de Soria (2012-2013, 34 apps)  ->  CD Leganés (2016-2017, 22 apps)  ->  Al-Raed FC (2021-2022, 13 apps)  ->  Valencia CF (2022-2023, 1 apps)  ->  AEK Larnaca F.C. (2023-2024, 1 apps)  ->  Sestao River Club (2024-2025, 35 apps)  ->  R.O.C. de Charleroi-Marchienne (2025-2025, 12 apps)  ->  Deportivo Pasto (2026-?, ? apps)"
"Ian Allinson","United Kingdom","wing half",6,"Colchester United F.C. (1975-1983, 308 apps)  ->  Arsenal F.C. (1983-1987, 83 apps)  ->  Luton Town F.C. (1987-1988, 32 apps)  ->  Stoke City F.C. (1987-1987, 9 apps)  ->  Colchester United F.C. (1988-1989, 38 apps)  ->  Baldock Town F.C. (1989-1992, ? apps)"
"Ian Brightwell","United Kingdom",defender,6,"Manchester City F.C. (1986-1998, 321 apps)  ->  Coventry City F.C. (1998-2000, 0 apps)  ->  Walsall F.C. (2000-2000, 10 apps)  ->  Stoke City F.C. (2002-2002, 4 apps)  ->  Port Vale F.C. (2002-2004, 37 apps)  ->  Macclesfield Town F.C. (2004-2006, 21 apps)"
"Ian Britton","United Kingdom",midfielder,6,"Chelsea F.C. (1972-1982, 263 apps)  ->  Dundee United F.C. (1982-1983, 10 apps)  ->  Arbroath F.C. (1983-1983, 2 apps)  ->  Blackpool F.C. (1983-1986, 106 apps)  ->  Burnley F.C. (1986-1989, 108 apps)  ->  Morecambe F.C. (1989-1989, ? apps)"
"Ian Callaghan","United Kingdom",midfielder,8,"Liverpool F.C. (1960-1978, 640 apps)  ->  Swansea City A.F.C. (1978-1981, 76 apps)  ->  Fort Lauderdale Strikers (1978-1978, 20 apps)  ->  Canberra City FC (1979-1979, 9 apps)  ->  Sandefjord Fotball (1981-1981, ? apps)  ->  Albert Rovers F.C. (1981-1981, 2 apps)  ->  Sandefjord BK (1981-1981, ? apps)  ->  Crewe Alexandra F.C. (1981-1982, 15 apps)"
"Ian Hutchinson","United Kingdom",forward,2,"Burton Albion F.C. (1966-1968, 49 apps)  ->  Chelsea F.C. (1968-1976, 119 apps)"
"Ian McPherson","United Kingdom of Great Britain and Ireland, United Kingdom","wing half",6,"Notts County F.C. (1945-1946, 0 apps)  ->  Arsenal F.C. (1946-1951, 152 apps)  ->  Notts County F.C. (1951-1953, 50 apps)  ->  Brentford F.C. (1953-1954, 4 apps)  ->  Cambridge United F.C. (1954-1955, ? apps)  ->  Bedford Town F.C. (1954-1954, 17 apps)"
"Ian Rush","United Kingdom",forward,10,"Chester City F.C. (1978-1980, 34 apps)  ->  Liverpool F.C. (1980-1986, 182 apps)  ->  Liverpool F.C. (1986-1987, 42 apps)  ->  Juventus FC (1986-1988, 29 apps)  ->  Liverpool F.C. (1988-1996, 245 apps)  ->  Leeds United F.C. (1996-1997, 36 apps)  ->  Newcastle United F.C. (1997-1998, 10 apps)  ->  Sheffield United F.C. (1998-1998, 4 apps)  ->  Wrexham A.F.C. (1998-1999, 17 apps)  ->  Sydney Olympic FC (1999-2000, 2 apps)"
"Ian Snodin","United Kingdom",midfielder,7,"Doncaster Rovers F.C. (1980-1985, 188 apps)  ->  Leeds United F.C. (1985-1987, 51 apps)  ->  Everton F.C. (1987-1995, 148 apps)  ->  Sunderland A.F.C. (1994-1994, 6 apps)  ->  Oldham Athletic A.F.C. (1995-1997, 57 apps)  ->  Scarborough F.C. (1997-1998, 36 apps)  ->  Doncaster Rovers F.C. (1998-2000, 2 apps)"
"Ian St John","United Kingdom",forward,6,"Motherwell F.C. (1957-1961, 113 apps)  ->  Liverpool F.C. (1961-1971, 336 apps)  ->  Coventry City F.C. (1971-1972, 18 apps)  ->  Hellenic F.C. (1971-1971, 23 apps)  ->  Tranmere Rovers F.C. (1972-1973, 9 apps)  ->  Cape Town City F.C. (1972-1972, ? apps)"
"Ian Ure","United Kingdom",midfielder,4,"Dundee F.C. (1958-1963, 107 apps)  ->  Arsenal F.C. (1963-1969, 168 apps)  ->  Manchester United F.C. (1969-1971, 47 apps)  ->  St. Mirren F.C. (1971-1973, 3 apps)"
"Ian Walker","United Kingdom",goalkeeper,5,"Tottenham Hotspur F.C. (1989-2001, 260 apps)  ->  Ipswich Town F.C. (1990-1990, 0 apps)  ->  Oxford United F.C. (1990-1990, 2 apps)  ->  Leicester City F.C. (2001-2005, 140 apps)  ->  Bolton Wanderers F.C. (2005-2008, 0 apps)"
"Ian Wright","United Kingdom",forward,6,"Crystal Palace F.C. (1985-1991, 225 apps)  ->  Arsenal F.C. (1991-1998, 221 apps)  ->  West Ham United F.C. (1998-1999, 22 apps)  ->  Celtic F.C. (1999-2000, 8 apps)  ->  Nottingham Forest F.C. (1999-1999, 10 apps)  ->  Burnley F.C. (2000-2000, 15 apps)"
"Ibai Gómez",Spain,winger,10,"Santutxu FC (2004-2008, ? apps)  ->  Santutxu FC (2008-2009, 31 apps)  ->  Sestao River Club (2009-2010, 36 apps)  ->  Athletic Bilbao B (2010-2012, 28 apps)  ->  Athletic Club (2010-2016, 145 apps)  ->  Deportivo Alavés (2016-2019, 92 apps)  ->  Athletic Club (2019-2021, 48 apps)  ->  Santutxu FC (2022-2023, ? apps)  ->  Deportivo de La Coruña (2022-2022, 7 apps)  ->  Foolad F.C. (2022-2022, 4 apps)"
"Ibrahima Konaté",France,centre-back,3,"FC Sochaux-Montbéliard (2017-2017, 12 apps)  ->  RB Leipzig (2017-2021, 66 apps)  ->  Liverpool F.C. (2021-2026, 118 apps)"
"Idrissa Gueye",Senegal,midfielder,6,"Diambars FC (2007-2008, ? apps)  ->  Lille OSC (2010-2015, 134 apps)  ->  Aston Villa F.C. (2015-2016, 35 apps)  ->  Everton F.C. (2016-2019, 99 apps)  ->  Paris Saint-Germain FC (2019-2022, 74 apps)  ->  Everton F.C. (2022-?, 107 apps)"
"Ignacio Achúcarro",Paraguay,defender,3,"Club Olimpia (1956-1958, ? apps)  ->  Sevilla FC (1958-1968, 240 apps)  ->  Club Olimpia (1969-1970, ? apps)"
"Ignacio Agirrezabala",Spain,forward,1,"Athletic Club (1928-1934, 163 apps)"
"Ignacio Churruca",Spain,forward,5,"Sporting de Gijón (1967-1976, 302 apps)  ->  CD Ensidesa (1967-1967, ? apps)  ->  Athletic Club (1976-1980, 115 apps)  ->  Hércules CF (1980-1982, 71 apps)  ->  CF Lorca Deportiva (1982-1983, 11 apps)"
"Ignacio Conte",Spain,midfielder,6,"Real Betis B (1988-1989, ? apps)  ->  Sevilla FC (1989-1993, 114 apps)  ->  C.D. Tenerife (1993-1997, 88 apps)  ->  Racing de Santander (1997-1998, 27 apps)  ->  Hércules CF (1998-2000, 47 apps)  ->  CD Laguna de Tenerife (2004-2005, 17 apps)"
"Ignacio Eizaguirre",Spain,goalkeeper,4,"Real Sociedad (1939-1940, ? apps)  ->  Valencia CF (1940-1950, 197 apps)  ->  Real Sociedad (1950-1956, 107 apps)  ->  Club Atlético Osasuna (1956-1960, 87 apps)"
"Ignacio Salcedo",Spain,midfielder,3,"Atlético Madrid (1969-1977, 167 apps)  ->  Toronto Blizzard (1978-1978, 7 apps)  ->  Southern California Lazers (1978-1978, 12 apps)"
"Ignacio Uribe",Spain,forward,2,"SD Indautxu (1951-1953, ? apps)  ->  Athletic Club (1953-1963, 173 apps)"
"Ignacio Vidal Miralles",Spain,defender,5,"Hércules CF (2006-2009, ? apps)  ->  Valencia CF (2009-2018, 85 apps)  ->  Club Atlético Osasuna (2018-2025, 175 apps)  ->  RCD Mallorca (2024-2024, ? apps)  ->  Real Oviedo (2025-?, ? apps)"
"Ignacio Zoco",Spain,midfielder,3,"CD Oberena (1957-1959, ? apps)  ->  Club Atlético Osasuna (1959-1962, 69 apps)  ->  Real Madrid Club de Fútbol (1962-1974, 318 apps)"
"Ignazio Abate",Italy,full-back,7,"AC Milan (2003-2004, 0 apps)  ->  SSC Napoli (2004-2005, 29 apps)  ->  Piacenza Calcio (2005-2006, 13 apps)  ->  Modena F.C. (2006-2007, 38 apps)  ->  Empoli FC (2007-2008, 24 apps)  ->  Torino FC (2008-2009, 25 apps)  ->  AC Milan (2009-2019, 243 apps)"
"Igor Gabilondo",Spain,winger,5,"Real Sociedad (1993-1997, ? apps)  ->  Real Sociedad B (1997-2000, ? apps)  ->  Real Sociedad (2000-2006, 140 apps)  ->  Athletic Club (2006-2012, 175 apps)  ->  AEK Larnaca F.C. (2012-2012, 6 apps)"
"Igor Tudor",Croatia,centre-back,5,"HNK Hajduk Split (1995-1998, 58 apps)  ->  HNK Trogir (1996-1996, 5 apps)  ->  Juventus FC (1998-2007, 110 apps)  ->  Siena FC (2005-2006, 39 apps)  ->  HNK Hajduk Split (2007-2008, 8 apps)"
"Ikechukwu Uche","Nigeria, Spain",forward,9,"Racing Club de Ferrol (2002-2003, 28 apps)  ->  Recreativo de Huelva (2003-2007, 133 apps)  ->  Getafe CF (2007-2009, 55 apps)  ->  Real Zaragoza (2009-2011, 18 apps)  ->  Granada CF (2011-2012, 34 apps)  ->  Villarreal CF (2011-2015, 85 apps)  ->  Tigres UANL (2015-2016, 1 apps)  ->  Málaga CF (2016-?, ? apps)  ->  Gimnàstic de Tarragona (2020-?, ? apps)"
"Iker Casillas",Spain,goalkeeper,3,"Real Madrid C (1998-1999, 26 apps)  ->  Real Madrid Club de Fútbol (1999-2015, 510 apps)  ->  FC Porto (2015-2020, 116 apps)"
"Iker Muníain",Spain,"forward, inside forward, winger",4,"UDC Chantrea (2000-2005, ? apps)  ->  Athletic Club (2005-2009, ? apps)  ->  Athletic Bilbao B (2009-2010, 19 apps)  ->  Athletic Club (2009-2024, 560 apps)"
"Ilombe Mboyo","Democratic Republic of the Congo, Belgium",forward,5,"Royal Charleroi S.C. (2008-2010, 41 apps)  ->  K.V. Kortrijk (2010-2010, 0 apps)  ->  Real Madrid Club de Fútbol (2011-2013, 87 apps)  ->  K.R.C. Genk (2013-2015, 49 apps)  ->  FC Sion (2015-2015, 0 apps)"
"Imanol Etxeberria",Spain,goalkeeper,7,"Mondragón CF (1992-1994, ? apps)  ->  SCD Durango (1994-1995, ? apps)  ->  Athletic Bilbao B (1995-1996, 35 apps)  ->  Athletic Club (1996-2001, 140 apps)  ->  Rayo Vallecano (2001-2004, 68 apps)  ->  Q582342 (2004-2005, 30 apps)  ->  SD Eibar (2005-2006, 36 apps)"
"Imre Varadi","United Kingdom",forward,16,"Letchworth F.C. (1977-1978, ? apps)  ->  Sheffield United F.C. (1978-1979, 10 apps)  ->  Everton F.C. (1979-1981, 26 apps)  ->  Newcastle United F.C. (1981-1983, 81 apps)  ->  Sheffield Wednesday F.C. (1983-1985, 76 apps)  ->  West Bromwich Albion F.C. (1985-1986, 32 apps)  ->  Manchester City F.C. (1986-1988, 65 apps)  ->  Sheffield Wednesday F.C. (1988-1990, 22 apps)  ->  Leeds United F.C. (1990-1993, 26 apps)  ->  Luton Town F.C. (1992-1992, 6 apps)  ->  Rotherham United F.C. (1993-1995, 67 apps)  ->  Oxford United F.C. (1993-1993, 5 apps)  ->  Mansfield Town F.C. (1995-1995, 1 apps)  ->  Boston United F.C. (1995-1995, 8 apps)  ->  Matlock Town F.C. (1995-1997, ? apps)  ->  Scunthorpe United F.C. (1995-1995, 2 apps)"
"Irune Murua",Spain,forward,1,"Athletic Club (2003-2017, 314 apps)"
"Irving Nattrass","United Kingdom",midfielder,2,"Newcastle United F.C. (1970-1979, 238 apps)  ->  Middlesbrough F.C. (1979-1986, 191 apps)"
"Isaac Hayden","United Kingdom",midfielder,6,"Arsenal F.C. (2013-2016, ? apps)  ->  Hull City A.F.C. (2015-2016, 18 apps)  ->  Newcastle United F.C. (2016-2025, 151 apps)  ->  Norwich City F.C. (2022-2023, 14 apps)  ->  Standard Liège (2023-2024, 11 apps)  ->  Queens Park Rangers F.C. (2024-2024, 17 apps)"
"Isaac Oceja",Spain,defender,3,"Athletic Club (1933-1948, 186 apps)  ->  Barakaldo CF (1938-1939, ? apps)  ->  Real Zaragoza (1948-1949, ? apps)"
"Isacio Calleja",Spain,defender,2,"Atlético Madrid (1958-1972, 300 apps)  ->  Club Deportivo Guadalajara (1958-1958, ? apps)"
Isco,Spain,midfielder,6,"Valencia CF Mestalla (2009-2011, 52 apps)  ->  Valencia CF (2010-2011, 4 apps)  ->  Málaga CF (2011-2013, 69 apps)  ->  Real Madrid Club de Fútbol (2013-2022, 246 apps)  ->  Sevilla FC (2022-2022, 12 apps)  ->  Real Betis Balompié (2023-?, 59 apps)"
"Isidoro San José",Spain,defender,2,"Real Madrid Club de Fútbol (1976-1986, 183 apps)  ->  RCD Mallorca (1986-1987, 17 apps)"
"Isidoro Urra",Spain,midfielder,2,"Athletic Club (1935-1946, 96 apps)  ->  Real Sociedad (1946-1950, 35 apps)"
"Ismael Urzaiz",Spain,centre-forward,9,"Real Madrid Club de Fútbol (1985-1989, ? apps)  ->  Real Madrid Club de Fútbol (1990-1993, 0 apps)  ->  Albacete Balompié (1991-1992, 11 apps)  ->  RC Celta de Vigo (1993-1993, 6 apps)  ->  Rayo Vallecano (1993-1994, 20 apps)  ->  UD Salamanca (1994-1995, 21 apps)  ->  RCD Espanyol de Barcelona (1995-1996, 41 apps)  ->  Athletic Club (1996-2007, 367 apps)  ->  AFC Ajax (2007-2008, 3 apps)"
"István Nyers",France,forward,15,"ŽAK Subotica (1941-1944, ? apps)  ->  Ganz-MÁVAG SE (1944-1944, ? apps)  ->  Budapest Honvéd FC (1944-1944, 3 apps)  ->  Újpest FC (1945-1946, 20 apps)  ->  Budapest Honvéd FC (1945-1945, 3 apps)  ->  FK Viktoria Žižkov (1946-1946, 3 apps)  ->  Inter Milan (1948-1954, 182 apps)  ->  AS Roma (1954-1956, 54 apps)  ->  Servette FC (1954-1954, 0 apps)  ->  Terrassa FC (1957-1957, 0 apps)  ->  Centre d'Esports Sabadell Futbol Club (1957-1958, 0 apps)  ->  Centre d'Esports Sabadell Futbol Club (1958-1958, 0 apps)  ->  Calcio Lecco 1912 (1958-1960, 36 apps)  ->  A.C.D. Trissino-Valdagno (1960-1961, 11 apps)  ->  A.S.D. Boca Ascesa Val Liona (1960-1961, 11 apps)"
"Ivan Perišić",Croatia,"wing half",10,"FC Sochaux-Montbéliard (2007-2009, 36 apps)  ->  K.S.V. Roeselare (2009-2009, 17 apps)  ->  Club Brugge K.V. (2009-2011, 70 apps)  ->  Borussia Dortmund (2011-2013, 42 apps)  ->  VfL Wolfsburg (2013-2015, 70 apps)  ->  Inter Milan (2015-2022, 208 apps)  ->  FC Bayern Munich (2019-2020, 22 apps)  ->  Tottenham Hotspur F.C. (2022-2024, 39 apps)  ->  PSV Eindhoven (2024-?, 38 apps)  ->  HNK Hajduk Split (2024-2024, 7 apps)"
"Ivan Rakitić","Croatia, Switzerland",midfielder,6,"FC Basel (2005-2007, 34 apps)  ->  Schalke 04 (2007-2011, 97 apps)  ->  Sevilla FC (2011-2014, 117 apps)  ->  Sevilla FC (2020-2024, 121 apps)  ->  HNK Hajduk Split (2024-2025, 35 apps)  ->  Al-Shabab Football Club (2024-2024, 8 apps)"
"Ivano Blason","Kingdom of Italy, Italy",defender,5,"A.S. Pro Gorizia (1939-1944, 11 apps)  ->  US Triestina Calcio 1918 (1945-1950, 149 apps)  ->  Inter Milan (1950-1954, 85 apps)  ->  Hellas Verona FC (1954-1955, 15 apps)  ->  Calcio Padova (1955-1958, 84 apps)"
"Ivano Bordon",Italy,goalkeeper,4,"Inter Milan (1970-1983, 281 apps)  ->  U.C. Sampdoria (1983-1986, 90 apps)  ->  A.S.D. Sanremese (1986-1987, 16 apps)  ->  Brescia Calcio (1987-1989, 62 apps)"
"Ivica Dragutinović",Serbia,defender,6,"FK Polimlje (1992-1993, ? apps)  ->  FK Bor (1993-1994, ? apps)  ->  FK Borac Čačak (1994-1996, 53 apps)  ->  KAA Gent (1996-2000, 84 apps)  ->  Standard Liège (2000-2005, 135 apps)  ->  Sevilla FC (2005-2011, 105 apps)"
"Ivor Allchurch","United Kingdom","forward, inside forward",6,"Shrewsbury Town F.C. (1948-1949, 11 apps)  ->  Swansea City A.F.C. (1949-1958, 327 apps)  ->  Newcastle United F.C. (1958-1962, 143 apps)  ->  Cardiff City F.C. (1962-1965, 103 apps)  ->  Swansea City A.F.C. (1965-1968, 118 apps)  ->  Worcester City F.C. (1968-1969, ? apps)"
"Iván Campo",Spain,"centre-back, defensive midfielder",10,"CD Logroñés B (1992-1993, 35 apps)  ->  Deportivo Alavés (1993-1995, 55 apps)  ->  Real Valladolid (1996-1996, 24 apps)  ->  Valencia CF (1996-1997, 9 apps)  ->  RCD Mallorca (1997-1998, 43 apps)  ->  Real Madrid Club de Fútbol (1998-2003, 95 apps)  ->  Bolton Wanderers F.C. (2002-2003, 31 apps)  ->  Bolton Wanderers F.C. (2003-2008, 141 apps)  ->  Ipswich Town F.C. (2008-2009, 18 apps)  ->  AEK Larnaca F.C. (2009-2010, 8 apps)"
"Iván Córdoba",Colombia,"centre-back, defender",3,"Leones F.C. (1993-1995, 42 apps)  ->  Atlético Nacional (1996-1998, 73 apps)  ->  Inter Milan (2000-2012, 324 apps)"
"Iván Helguera",Spain,defender,8,"Rayo Cantabria (1994-1995, ? apps)  ->  CD Revilla (1995-1995, ? apps)  ->  CD Manchego C.Real (1995-1996, 13 apps)  ->  Albacete Balompié (1996-1997, 14 apps)  ->  AS Roma (1997-1998, 8 apps)  ->  RCD Espanyol de Barcelona (1998-1999, 37 apps)  ->  Real Madrid Club de Fútbol (1999-2007, 229 apps)  ->  Valencia CF (2007-2008, 25 apps)"
"Iván Zamorano",Chile,forward,9,"Cobresal (1983-1988, 31 apps)  ->  Trasandino de Los saldes (1985-1986, 29 apps)  ->  Trasandino de Los saldes (1986-1986, 29 apps)  ->  FC St. Gallen (1988-1990, 56 apps)  ->  Sevilla FC (1990-1992, 59 apps)  ->  Real Madrid Club de Fútbol (1992-1996, 137 apps)  ->  Inter Milan (1996-2001, 101 apps)  ->  Club América (2001-2002, 63 apps)  ->  Club Social y Deportivo Colo Colo (2003-2003, 14 apps)"
"Iván de la Peña",Spain,midfielder,5,"FC Barcelona C (1991-1993, ? apps)  ->  FC Barcelona Atlètic (1993-1995, 37 apps)  ->  SS Lazio (1998-2002, 15 apps)  ->  Olympique de Marseille (1999-2000, 12 apps)  ->  RCD Espanyol de Barcelona (2002-2011, 179 apps)"
"Iñaki Lafuente",Spain,goalkeeper,10,"SD Retuerto Sport (1992-1993, ? apps)  ->  Athletic Club (1993-1995, ? apps)  ->  Athletic Bilbao B (1994-1999, 69 apps)  ->  CD Getxo (1995-1995, ? apps)  ->  Sestao Sport Club (1996-1996, 20 apps)  ->  Elche CF (1998-1999, 43 apps)  ->  Athletic Club (1999-2009, 151 apps)  ->  RCD Espanyol de Barcelona (2007-2008, 9 apps)  ->  Club Deportivo Numancia de Soria (2009-2011, 26 apps)  ->  Sporting de Gijón (2009-2009, 13 apps)"
"Iñaki Sáez",Spain,defender,2,"Barakaldo CF (1961-1962, ? apps)  ->  Athletic Club (1962-1974, 263 apps)"
"Iñaki Williams","Ghana, Spain",forward,5,"CD Pamplona (2008-2012, ? apps)  ->  Athletic Club (2012-2013, ? apps)  ->  CD Baskonia (2013-2014, 18 apps)  ->  Athletic Bilbao B (2014-2015, 32 apps)  ->  Athletic Club (2015-?, 510 apps)"
"Iñigo Córdoba",Spain,winger,8,"Athletic Club (2009-2014, ? apps)  ->  CD Baskonia (2014-2015, 34 apps)  ->  Athletic Bilbao B (2015-2017, 53 apps)  ->  Athletic Club (2017-2020, 96 apps)  ->  Go Ahead Eagles (2021-2022, 35 apps)  ->  Deportivo Alavés (2021-2021, 7 apps)  ->  Fortuna Sittard (2022-2024, 68 apps)  ->  Burgos CF (2024-?, 33 apps)"
"Iñigo Larrainzar",Spain,"centre-back, full-back",5,"Club Atlético Osasuna (1984-1990, ? apps)  ->  Osasuna B (1989-1990, 20 apps)  ->  Club Atlético Osasuna (1990-1993, 130 apps)  ->  Athletic Club (1993-2003, 289 apps)  ->  Córdoba CF (2003-2005, 40 apps)"
"Iñigo Lekue",Spain,"full-back, winger",4,"Danok Bat CF (2008-2012, ? apps)  ->  CD Baskonia (2012-2013, 34 apps)  ->  Athletic Bilbao B (2013-2015, 66 apps)  ->  Athletic Club (2015-?, 263 apps)"
"Iñigo Liceranzu",Spain,centre-back,4,"Athletic Bilbao B (1977-1981, 117 apps)  ->  Barakaldo CF (1980-1981, 43 apps)  ->  Athletic Club (1981-1988, 231 apps)  ->  Elche CF (1988-1989, 24 apps)"
"Iñigo Ruiz de Galarreta",Spain,"central midfielder",13,"Athletic Club (2003-2011, ? apps)  ->  CD Baskonia (2010-2011, 1 apps)  ->  Athletic Club (2011-2013, 9 apps)  ->  Athletic Bilbao B (2011-2013, 28 apps)  ->  CD Mirandés (2013-2014, 11 apps)  ->  Real Zaragoza (2014-2015, 41 apps)  ->  CD Leganés (2015-2016, 22 apps)  ->  Club Deportivo Numancia de Soria (2016-2017, 38 apps)  ->  FC Barcelona Atlètic (2017-2018, 27 apps)  ->  UD Las Palmas (2018-2019, 35 apps)  ->  UD Las Palmas (2019-2020, 33 apps)  ->  RCD Mallorca (2019-2023, 88 apps)  ->  Athletic Club (2023-?, 121 apps)"
"Jabez Darnell","United Kingdom of Great Britain and Ireland, United Kingdom","wing half",1,"Tottenham Hotspur F.C. (1908-1915, 150 apps)"
"Jacinto Quincoces",Spain,centre-back,4,"Deportivo Alavés (1925-1931, 127 apps)  ->  Real Madrid Club de Fútbol (1931-1936, 139 apps)  ->  Deportivo Alavés (1938-1939, 16 apps)  ->  Real Madrid Club de Fútbol (1939-1942, 56 apps)"
"Jack Allen","United Kingdom of Great Britain and Ireland, United Kingdom",forward,6,"Leeds United F.C. (1924-1924, 2 apps)  ->  Brentford F.C. (1924-1927, 54 apps)  ->  Sheffield Wednesday F.C. (1927-1931, 104 apps)  ->  Newcastle United F.C. (1931-1934, 81 apps)  ->  Bristol Rovers F.C. (1934-1935, 6 apps)  ->  Gateshead F.C. (1935-1936, 23 apps)"
"Jack Balmer","United Kingdom",forward,1,"Liverpool F.C. (1935-1952, 289 apps)"
"Jack Bell","United Kingdom of Great Britain and Ireland, United Kingdom","wing half",6,"Dumbarton F.C. (1890-1893, 52 apps)  ->  Everton F.C. (1893-1898, 130 apps)  ->  Celtic F.C. (1898-1900, 35 apps)  ->  New Brighton Tower F.C. (1900-1901, 22 apps)  ->  Everton F.C. (1901-1903, 45 apps)  ->  Preston North End F.C. (1903-1908, 108 apps)"
"Jack Butler","United Kingdom of Great Britain and Ireland, United Kingdom","centre-back, defender",3,"Fulham F.C. (1913-1914, 0 apps)  ->  Arsenal F.C. (1914-1930, 267 apps)  ->  Torquay United F.C. (1930-1932, 50 apps)"
"Jack Carr","United Kingdom of Great Britain and Ireland, United Kingdom",full-back,1,"Newcastle United F.C. (1899-1912, 279 apps)"
"Jack Cock","United Kingdom of Great Britain and Ireland, United Kingdom",forward,7,"Brentford F.C. (1914-1914, 3 apps)  ->  Huddersfield Town A.F.C. (1914-1919, 18 apps)  ->  Brentford F.C. (1917-1919, 48 apps)  ->  Chelsea F.C. (1919-1923, 99 apps)  ->  Everton F.C. (1923-1925, 69 apps)  ->  Plymouth Argyle F.C. (1925-1927, 90 apps)  ->  Millwall F.C. (1927-1930, 115 apps)"
"Jack Colback","United Kingdom",midfielder,5,"Sunderland A.F.C. (2008-2014, 115 apps)  ->  Ipswich Town F.C. (2009-2010, 37 apps)  ->  Ipswich Town F.C. (2010-2011, 13 apps)  ->  Newcastle United F.C. (2014-?, 93 apps)  ->  Nottingham Forest F.C. (2018-?, 14 apps)"
"Jack Cox","United Kingdom of Great Britain and Ireland, United Kingdom","wing half",3,"Blackpool F.C. (1897-1898, 17 apps)  ->  Liverpool F.C. (1898-1909, 327 apps)  ->  Blackpool F.C. (1909-1912, 68 apps)"
"Jack Crayston","United Kingdom","wing half",3,"Barrow A.F.C. (1928-1930, 77 apps)  ->  Bradford (Park Avenue) A.F.C. (1930-1934, 97 apps)  ->  Arsenal F.C. (1934-1943, 168 apps)"
"Jack Crompton","United Kingdom of Great Britain and Ireland",goalkeeper,3,"Manchester City F.C. (1944-1944, ? apps)  ->  Stockport County F.C. (1944-1945, ? apps)  ->  Manchester United F.C. (1945-1956, 191 apps)"
"Jack Curtis","United Kingdom of Great Britain and Ireland, United Kingdom",forward,6,"Sunderland A.F.C. (1906-1906, 0 apps)  ->  Gainsborough Trinity F.C. (1908-1909, 30 apps)  ->  Tottenham Hotspur F.C. (1909-1913, 82 apps)  ->  Fulham F.C. (1913-?, ? apps)  ->  Stockport County F.C. (1914-?, ? apps)  ->  Middlesbrough F.C. (1919-?, ? apps)"
"Jack Elkes","United Kingdom of Great Britain and Ireland, United Kingdom",forward,8,"Stalybridge Celtic F.C. (1914-1918, ? apps)  ->  Birmingham City F.C. (1918-1922, 34 apps)  ->  Southampton F.C. (1922-1923, 33 apps)  ->  Tottenham Hotspur F.C. (1923-1929, 190 apps)  ->  Middlesbrough F.C. (1929-1933, 105 apps)  ->  Watford F.C. (1933-1934, 9 apps)  ->  Stafford Rangers F.C. (1934-1935, ? apps)  ->  Oakengates Athletic F.C. (1935-1937, ? apps)"
"Jack Grealish","United Kingdom","winger, attacking midfielder",4,"Aston Villa F.C. (2012-2021, 185 apps)  ->  Notts County F.C. (2013-2014, 37 apps)  ->  Manchester City F.C. (2021-?, 94 apps)  ->  Everton F.C. (2025-?, 11 apps)"
"Jack Greenwell","United Kingdom of Great Britain and Ireland, United Kingdom","wing half",1,"Crook Town A.F.C. (1901-1912, ? apps)"
"Jack Griffiths","United Kingdom of Great Britain and Ireland, United Kingdom",full-back,3,"Wolverhampton Wanderers F.C. (1929-1932, 5 apps)  ->  Bolton Wanderers F.C. (1932-1934, 24 apps)  ->  Manchester United F.C. (1934-1939, 165 apps)"
"Jack Harrow","United Kingdom of Great Britain and Ireland, United Kingdom","defender, full-back",2,"Croydon Common F.C. (1908-1911, 32 apps)  ->  Chelsea F.C. (1911-1926, 305 apps)"
"Jack Hillman","United Kingdom of Great Britain and Ireland, United Kingdom",goalkeeper,6,"Burnley F.C. (1890-1895, 100 apps)  ->  Everton F.C. (1895-1897, 35 apps)  ->  Burnley F.C. (1897-1902, 75 apps)  ->  Dundee F.C. (1897-1897, ? apps)  ->  Manchester City F.C. (1902-1906, 116 apps)  ->  Millwall F.C. (1907-1908, ? apps)"
"Jack Jones","United Kingdom of Great Britain and Ireland, United Kingdom",defender,2,"Everton F.C. (1934-1938, 98 apps)  ->  Sunderland A.F.C. (1938-?, ? apps)"
"Jack Kelsey","United Kingdom",goalkeeper,1,"Arsenal F.C. (1949-1963, 327 apps)"
"Jack Kirwan",Ireland,midfielder,5,"Everton F.C. (1898-1899, 24 apps)  ->  Tottenham Hotspur F.C. (1899-1905, 347 apps)  ->  Chelsea F.C. (1905-1908, 73 apps)  ->  Clyde F.C. (1908-1909, ? apps)  ->  Leyton Orient F.C. (1909-1910, ? apps)"
"Jack L. Jones","United Kingdom of Great Britain and Ireland",forward,7,"Bootle F.C. (1886-1890, ? apps)  ->  Stockton F.C. (1890-1893, ? apps)  ->  Grimsby Town F.C. (1893-1894, 28 apps)  ->  Sheffield United F.C. (1894-1897, 32 apps)  ->  Tottenham Hotspur F.C. (1897-1904, 132 apps)  ->  Watford F.C. (1904-1905, ? apps)  ->  Worcester City F.C. (1905-1907, ? apps)"
"Jack Lambert","United Kingdom of Great Britain and Ireland, United Kingdom",forward,5,"Leeds United F.C. (1922-1925, 1 apps)  ->  Rotherham County F.C. (1922-1922, 1 apps)  ->  Doncaster Rovers F.C. (1925-1926, 44 apps)  ->  Arsenal F.C. (1926-1933, 143 apps)  ->  Fulham F.C. (1933-1935, 34 apps)"
"Jack Mellor","United Kingdom",full-back,2,"Manchester United F.C. (1929-1937, 116 apps)  ->  Cardiff City F.C. (1937-1939, 28 apps)"
"Jack Mew","United Kingdom of Great Britain and Ireland, United Kingdom",goalkeeper,2,"Manchester United F.C. (1912-1926, 186 apps)  ->  Barrow A.F.C. (1926-1927, ? apps)"
"Jack O'Donnell","United Kingdom of Great Britain and Ireland, United Kingdom",defender,4,"Darlington F.C. (1923-1924, 30 apps)  ->  Everton F.C. (1924-1930, 188 apps)  ->  Blackpool F.C. (1930-1932, 55 apps)  ->  Hartlepool United F.C. (1932-1932, 28 apps)"
"Jack Parkinson","United Kingdom of Great Britain and Ireland, United Kingdom",forward,2,"Liverpool F.C. (1903-1914, 220 apps)  ->  Bury F.C. (1914-1915, 4 apps)"
"Jack Peddie","United Kingdom of Great Britain and Ireland",forward,6,"Third Lanark A.C. (1895-1897, ? apps)  ->  Newcastle United F.C. (1897-1902, 135 apps)  ->  Manchester United F.C. (1902-1903, 30 apps)  ->  Plymouth Argyle F.C. (1903-1904, 40 apps)  ->  Manchester United F.C. (1904-1907, 82 apps)  ->  Heart of Midlothian F.C. (1907-1908, ? apps)"
"Jack Percival","United Kingdom of Great Britain and Ireland, United Kingdom","wing half",2,"Manchester City F.C. (1933-1947, 161 apps)  ->  AFC Bournemouth (1947-1949, 52 apps)"
"Jack Picken","United Kingdom of Great Britain and Ireland, United Kingdom",forward,5,"Bolton Wanderers F.C. (1899-1903, 101 apps)  ->  Plymouth Argyle F.C. (1903-1905, 83 apps)  ->  Manchester United F.C. (1905-1911, 113 apps)  ->  Burnley F.C. (1911-1913, 18 apps)  ->  Bristol City F.C. (1913-1915, 51 apps)"
"Jack Rigby","United Kingdom of Great Britain and Ireland, Australia, United Kingdom","centre-back, defender",1,"Manchester City F.C. (1946-1953, 100 apps)"
"Jack Rodwell","United Kingdom",midfielder,7,"Everton F.C. (2007-2012, 85 apps)  ->  Manchester City F.C. (2012-2014, 16 apps)  ->  Sunderland A.F.C. (2014-2018, 67 apps)  ->  Blackburn Rovers F.C. (2018-2019, 21 apps)  ->  Sheffield United F.C. (2020-2021, 1 apps)  ->  Western Sydney Wanderers FC (2021-2022, 14 apps)  ->  Sydney FC (2022-2024, 22 apps)"
"Jack Rowley","United Kingdom",forward,3,"Manchester United F.C. (1937-1954, 380 apps)  ->  AFC Bournemouth (1937-1937, 22 apps)  ->  Plymouth Argyle F.C. (1954-1957, 56 apps)"
"Jack Sharp","United Kingdom of Great Britain and Ireland, United Kingdom","wing half",2,"Aston Villa F.C. (1897-1899, ? apps)  ->  Everton F.C. (1899-1910, 300 apps)"
"Jack Silcock","United Kingdom of Great Britain and Ireland, United Kingdom","defender, full-back",3,"Manchester United F.C. (1919-1934, 423 apps)  ->  Oldham Athletic A.F.C. (1934-1935, 0 apps)  ->  Droylsden F.C. (1936-1936, ? apps)"
"Jack Smith","United Kingdom of Great Britain and Ireland, United Kingdom",forward,6,"Huddersfield Town A.F.C. (1932-1935, 45 apps)  ->  Newcastle United F.C. (1935-1938, 112 apps)  ->  Manchester United F.C. (1938-1947, 36 apps)  ->  Port Vale F.C. (1947-1948, 29 apps)  ->  Congleton Town F.C. (1948-1950, 49 apps)  ->  Macclesfield Town F.C. (1950-1952, 38 apps)"
"Jack Taylor","United Kingdom of Great Britain and Ireland, United Kingdom",,4,"Dumbarton F.C. (1889-1894, 58 apps)  ->  St. Mirren F.C. (1894-1896, 27 apps)  ->  Everton F.C. (1896-1910, 400 apps)  ->  South Liverpool F.C. (1910-?, ? apps)"
"Jack Whitley","United Kingdom of Great Britain and Ireland, United Kingdom",goalkeeper,7,"Darwen F.C. (1899-1900, 14 apps)  ->  Aston Villa F.C. (1900-1901, 11 apps)  ->  Everton F.C. (1902-1904, 11 apps)  ->  Stoke City F.C. (1904-1906, 36 apps)  ->  Leeds City F.C. (1906-1907, 7 apps)  ->  Lincoln City F.C. (1907-1907, 0 apps)  ->  Chelsea F.C. (1908-1913, 127 apps)"
"Jack Wilshere","United Kingdom",midfielder,6,"Arsenal F.C. (2008-2018, 125 apps)  ->  Bolton Wanderers F.C. (2010-2010, 14 apps)  ->  AFC Bournemouth (2016-2017, 27 apps)  ->  West Ham United F.C. (2018-2020, 16 apps)  ->  AFC Bournemouth (2021-2021, 14 apps)  ->  Aarhus Gymnastikforening (2022-2022, 14 apps)"
"Jack Wilson","United Kingdom of Great Britain and Ireland, United Kingdom","wing half",6,"Newcastle United F.C. (1919-1920, 17 apps)  ->  Leadgate Park F.C. (1920-1922, ? apps)  ->  Stockport County F.C. (1922-1926, ? apps)  ->  Durham City A.F.C. (1922-1922, 8 apps)  ->  Manchester United F.C. (1926-1932, 140 apps)  ->  Bristol City F.C. (1932-1933, ? apps)"
"Jackie Bell","United Kingdom","wing half",3,"Newcastle United F.C. (1957-1962, 111 apps)  ->  Norwich City F.C. (1962-1964, 48 apps)  ->  Colchester United F.C. (1965-1966, 7 apps)"
"Jackie Blanchflower","United Kingdom",midfielder,1,"Manchester United F.C. (1951-1958, 105 apps)"
"Jackie Bray","United Kingdom of Great Britain and Ireland, United Kingdom","wing half",1,"Manchester City F.C. (1929-1938, 257 apps)"
"Jackie Crawford","United Kingdom of Great Britain and Ireland, United Kingdom",midfielder,3,"Hull City A.F.C. (1920-1923, ? apps)  ->  Chelsea F.C. (1923-1934, 308 apps)  ->  Queens Park Rangers F.C. (1934-1937, ? apps)"
"Jackie Grant","United Kingdom of Great Britain and Ireland, United Kingdom",defender,1,"Everton F.C. (1946-1954, 121 apps)"
"Jackie Henderson","United Kingdom",forward,4,"Portsmouth F.C. (1949-1958, 217 apps)  ->  Arsenal F.C. (1958-1962, 103 apps)  ->  Wolverhampton Wanderers F.C. (1958-1958, 9 apps)  ->  Fulham F.C. (1962-1964, 45 apps)"
"Jackie Milburn","United Kingdom",forward,3,"Newcastle United F.C. (1943-1957, 353 apps)  ->  Linfield F.C. (1957-1960, 54 apps)  ->  Hillingdon Borough F.C. (1960-1962, ? apps)"
"Jacob Murphy","United Kingdom",winger,8,"Norwich City F.C. (2013-2017, 37 apps)  ->  Southend United F.C. (2014-2014, 7 apps)  ->  Blackpool F.C. (2014-2014, 9 apps)  ->  Swindon Town F.C. (2014-2014, 6 apps)  ->  Colchester United F.C. (2015-2015, 11 apps)  ->  Coventry City F.C. (2015-2016, 40 apps)  ->  Scunthorpe United F.C. (2015-2015, 3 apps)  ->  Newcastle United F.C. (2017-?, 185 apps)"
"Jadon Sancho","United Kingdom",winger,5,"Borussia Dortmund (2017-2021, 104 apps)  ->  Manchester United F.C. (2021-?, 58 apps)  ->  Chelsea F.C. (2024-2025, 31 apps)  ->  Borussia Dortmund (2024-2024, 14 apps)  ->  Aston Villa F.C. (2025-?, 23 apps)"
"Jaime Lazcano Escolá",Spain,midfielder,4,"Club Atlético Osasuna (1925-1928, ? apps)  ->  Real Madrid Club de Fútbol (1928-1935, 81 apps)  ->  Atlético Madrid (1935-1936, 11 apps)  ->  UD Salamanca (1935-1935, ? apps)"
"Jair da Costa",Brazil,forward,5,"Associação Portuguesa de Desportos (1960-1962, ? apps)  ->  Inter Milan (1962-1967, 119 apps)  ->  AS Roma (1967-1968, 23 apps)  ->  Inter Milan (1968-1972, 80 apps)  ->  Santos F.C. (1972-1974, 19 apps)"
"Jakob Drescher",Germany,midfielder,3,"Eintracht Bad Kreuznach (1958-1961, 76 apps)  ->  FC Bayern Munich (1961-1967, 121 apps)  ->  FK Pirmasens (1967-1968, ? apps)"
"Jamaal Lascelles","United Kingdom",centre-back,5,"Nottingham Forest F.C. (2011-2014, 38 apps)  ->  Stevenage F.C. (2012-2012, 9 apps)  ->  Nottingham Forest F.C. (2014-2015, 27 apps)  ->  Newcastle United F.C. (2014-2026, 220 apps)  ->  Leicester City F.C. (2026-?, 0 apps)"
"Jamal Musiala","Germany, United Kingdom","attacking midfielder",1,"FC Bayern Munich (2020-?, 154 apps)"
"James Bradley","United Kingdom of Great Britain and Ireland, United Kingdom","wing half",4,"Stoke City F.C. (1898-1905, 199 apps)  ->  Liverpool F.C. (1905-1911, 169 apps)  ->  Reading F.C. (1911-1913, ? apps)  ->  Stoke City F.C. (1913-1915, 30 apps)"
"James Brown","United Kingdom of Great Britain and Ireland, United Kingdom","wing half",4,"East Fife F.C. (1926-1927, ? apps)  ->  Burnley F.C. (1927-1935, 228 apps)  ->  Manchester United F.C. (1935-1939, 102 apps)  ->  Bradford (Park Avenue) A.F.C. (1939-1940, 14 apps)"
"James Conlin","United Kingdom of Great Britain and Ireland",forward,7,"Falkirk F.C. (1899-1901, 17 apps)  ->  Albion Rovers F.C. (1901-1904, ? apps)  ->  Bradford City A.F.C. (1904-1906, 61 apps)  ->  Manchester City F.C. (1906-1911, 161 apps)  ->  Birmingham City F.C. (1911-1912, 21 apps)  ->  Airdrieonians F.C. (1912-1913, 27 apps)  ->  Broxburn United F.C. (1913-1914, ? apps)"
"James Harrop","United Kingdom of Great Britain and Ireland, United Kingdom",defender,6,"Sheffield Wednesday F.C. (1903-1906, ? apps)  ->  Denaby United F.C. (1906-1907, ? apps)  ->  Rotherham Town F.C. (1907-1908, ? apps)  ->  Liverpool F.C. (1908-1912, 133 apps)  ->  Aston Villa F.C. (1912-1921, ? apps)  ->  Sheffield United F.C. (1921-1922, ? apps)"
"James Jackson, Jr.","United Kingdom of Great Britain and Ireland, United Kingdom",full-back,4,"Queen's Park F.C. (1918-1919, ? apps)  ->  Motherwell F.C. (1919-1923, ? apps)  ->  Aberdeen F.C. (1923-1925, 67 apps)  ->  Liverpool F.C. (1925-1933, 212 apps)"
"James McCarthy","United Kingdom, Ireland",midfielder,5,"Hamilton Academical F.C. (2006-2009, 110 apps)  ->  Wigan Athletic F.C. (2009-2013, 120 apps)  ->  Everton F.C. (2013-2019, 108 apps)  ->  Crystal Palace F.C. (2019-2021, 49 apps)  ->  Celtic F.C. (2021-2024, 12 apps)"
"James McFadden","United Kingdom",forward,9,"Motherwell F.C. (2000-2003, 63 apps)  ->  Everton F.C. (2003-2008, 109 apps)  ->  Birmingham City F.C. (2008-2011, 82 apps)  ->  Everton F.C. (2011-2012, 7 apps)  ->  Sunderland A.F.C. (2012-2013, 3 apps)  ->  Motherwell F.C. (2013-2014, 40 apps)  ->  St Johnstone F.C. (2014-2015, 16 apps)  ->  Motherwell F.C. (2015-2017, 9 apps)  ->  Queen of the South F.C. (2017-2018, 11 apps)"
"James McNaught","United Kingdom of Great Britain and Ireland",midfielder,5,"Dumbarton F.C. (1890-1893, 49 apps)  ->  Manchester United F.C. (1893-1898, 140 apps)  ->  Linfield F.C. (1893-1893, ? apps)  ->  Tottenham Hotspur F.C. (1898-1907, 109 apps)  ->  Maidstone United F.C. (1987) (1907-1909, ? apps)"
"James Milner","United Kingdom","midfielder, full-back",8,"Leeds United F.C. (2002-2004, 48 apps)  ->  Swindon Town F.C. (2003-2003, 6 apps)  ->  Newcastle United F.C. (2004-2008, 94 apps)  ->  Aston Villa F.C. (2005-2006, 27 apps)  ->  Aston Villa F.C. (2008-2010, 73 apps)  ->  Manchester City F.C. (2010-2015, 147 apps)  ->  Liverpool F.C. (2015-2023, 230 apps)  ->  Brighton & Hove Albion F.C. (2023-2026, 39 apps)"
"James Mitchell","United Kingdom of Great Britain and Ireland, United Kingdom",goalkeeper,4,"Blackpool F.C. (1914-1915, 5 apps)  ->  Preston North End F.C. (1920-1922, 21 apps)  ->  Manchester City F.C. (1922-1926, 99 apps)  ->  Leicester City F.C. (1926-1927, 0 apps)"
"James Nelson","United Kingdom of Great Britain and Ireland, United Kingdom",full-back,3,"Cardiff City F.C. (1921-1930, 240 apps)  ->  Newcastle United F.C. (1930-1935, 146 apps)  ->  Southend United F.C. (1935-1939, 73 apps)"
"James Rodríguez","Colombia, Spain","forward, wing half",12,"Envigado Fútbol Club (2006-2008, 30 apps)  ->  Club Atlético Banfield (2008-2010, 42 apps)  ->  FC Porto (2010-2013, 63 apps)  ->  AS Monaco FC (2013-2014, 34 apps)  ->  Real Madrid Club de Fútbol (2014-2020, 85 apps)  ->  FC Bayern Munich (2017-2019, 43 apps)  ->  Everton F.C. (2020-2021, 23 apps)  ->  Al-Rayyan (2021-2022, 13 apps)  ->  São Paulo FC (2023-2024, 18 apps)  ->  Rayo Vallecano (2024-2025, 6 apps)  ->  Club León (2025-2025, 31 apps)  ->  Minnesota United FC (2026-?, 6 apps)"
"James Stewart","United Kingdom of Great Britain and Ireland, United Kingdom","inside forward",3,"Sheffield Wednesday F.C. (1902-1908, 123 apps)  ->  Newcastle United F.C. (1908-1913, 121 apps)  ->  Rangers F.C. (1913-1914, 19 apps)"
"James Stott","United Kingdom of Great Britain and Ireland",midfielder,6,"South Bank F.C. (1887-1891, ? apps)  ->  Middlesbrough F.C. (1891-1893, 0 apps)  ->  Liverpool F.C. (1893-1894, 16 apps)  ->  Grimsby Town F.C. (1894-1895, 29 apps)  ->  Newcastle United F.C. (1895-1899, 117 apps)  ->  Middlesbrough F.C. (1899-1900, 1 apps)"
"Jamie Carragher","United Kingdom",defender,1,"Liverpool F.C. (1996-2013, 508 apps)"
"Jamie Redknapp","United Kingdom",midfielder,4,"AFC Bournemouth (1989-1991, 13 apps)  ->  Liverpool F.C. (1991-2002, 237 apps)  ->  Tottenham Hotspur F.C. (2002-2005, 48 apps)  ->  Southampton F.C. (2005-2005, 16 apps)"
"Jan Koller","Czechoslovakia, Czech Republic",centre-forward,8,"AC Sparta Prague (1994-1996, 29 apps)  ->  K.S.C. Lokeren Oost-Vlaanderen (1996-1999, 97 apps)  ->  R.S.C. Anderlecht (1999-2001, 65 apps)  ->  Borussia Dortmund (2001-2006, 138 apps)  ->  AS Monaco FC (2006-2008, 50 apps)  ->  1. FC Nürnberg (2008-2008, 14 apps)  ->  FC Krylia Sovetov Samara (2008-2009, 46 apps)  ->  AS Cannes (2009-2011, 44 apps)"
"Jan Mølby","Kingdom of Denmark",midfielder,5,"AFC Ajax (1982-1984, 57 apps)  ->  Liverpool F.C. (1984-1996, 218 apps)  ->  Norwich City F.C. (1995-1995, 3 apps)  ->  Barnsley F.C. (1995-1995, 5 apps)  ->  Swansea City A.F.C. (1996-1998, 41 apps)"
"Jan Oblak",Slovenia,goalkeeper,8,"NK Olimpija Ljubljana (2009-2010, 34 apps)  ->  S.L. Benfica (2010-2014, 16 apps)  ->  S.C. Beira-Mar (2010-2010, 0 apps)  ->  U.D. Leiria (2011-2012, 16 apps)  ->  S.C. Olhanense (2011-2011, 0 apps)  ->  Rio Ave F.C. (2012-2013, 28 apps)  ->  S.L. Benfica B (2013-2013, 2 apps)  ->  Atlético Madrid (2014-?, 395 apps)"
"Jan Vertonghen",Belgium,centre-back,5,"AFC Ajax (2006-2012, 155 apps)  ->  RKC Waalwijk (2006-2007, 12 apps)  ->  Tottenham Hotspur F.C. (2012-2020, 232 apps)  ->  S.L. Benfica (2020-2022, 57 apps)  ->  R.S.C. Anderlecht (2022-2025, 64 apps)"
"Jarbas Faustinho",Brazil,forward,4,"Olaria Atlético Clube (1961-1962, ? apps)  ->  SSC Napoli (1962-1969, 166 apps)  ->  SSC Bari (1969-1972, 66 apps)  ->  SSC Napoli (1972-1975, 51 apps)"
"Jason Dozzell","United Kingdom",midfielder,7,"Ipswich Town F.C. (1983-1993, 340 apps)  ->  Tottenham Hotspur F.C. (1993-1997, 84 apps)  ->  Northampton Town F.C. (1997-1998, 22 apps)  ->  Ipswich Town F.C. (1997-1997, 8 apps)  ->  Colchester United F.C. (1998-2002, 91 apps)  ->  Grays Athletic F.C. (2002-2002, 1 apps)  ->  Canvey Island F.C. (2002-2002, 4 apps)"
"Jason McAteer",Ireland,midfielder,5,"Bolton Wanderers F.C. (1992-1995, 114 apps)  ->  Liverpool F.C. (1995-1999, 100 apps)  ->  Blackburn Rovers F.C. (1999-2001, 72 apps)  ->  Sunderland A.F.C. (2001-2004, 53 apps)  ->  Tranmere Rovers F.C. (2004-2007, 81 apps)"
"Jaume Costa",Spain,defender,7,"Valencia CF Mestalla (2007-2010, 71 apps)  ->  Valencia CF (2008-2008, 1 apps)  ->  Cádiz Club de Fútbol (2009-2010, 15 apps)  ->  Villarreal CF B (2010-2012, 65 apps)  ->  Villarreal CF (2012-2021, 260 apps)  ->  Valencia CF (2019-2020, 25 apps)  ->  RCD Mallorca (2021-?, 39 apps)"
"Jaume Elías",Spain,defender,2,"RCD Espanyol de Barcelona (1939-1944, 62 apps)  ->  RCD Espanyol de Barcelona (1940-1943, 62 apps)"
"Javi Gracia",Spain,"defensive midfielder",6,"Athletic Bilbao B (1989-1992, 100 apps)  ->  UE Lleida (1992-1993, 38 apps)  ->  Real Valladolid (1993-1995, 65 apps)  ->  Real Sociedad (1995-1999, 106 apps)  ->  Villarreal CF (1999-2002, 82 apps)  ->  Córdoba CF (2003-2004, 39 apps)"
"Javi Martínez",Spain,"centre-back, defensive midfielder",9,"CD Berceo (1993-1995, ? apps)  ->  CD Logroñés (1995-1997, ? apps)  ->  CD Izarra (2000-2001, ? apps)  ->  Club Atlético Osasuna (2001-2005, ? apps)  ->  Osasuna B (2005-2006, 32 apps)  ->  Athletic Club (2006-2012, 201 apps)  ->  FC Bayern Munich (2012-2021, 165 apps)  ->  Qatar SC (2021-2025, 71 apps)  ->  Al Bidaa SC (2025-?, 2 apps)"
"Javi Navarro",Spain,midfielder,5,"Valencia CF Mestalla (1993-2000, 51 apps)  ->  CD Logroñés (1994-1995, 15 apps)  ->  Valencia CF (1994-2000, 41 apps)  ->  Elche CF (2000-2001, 33 apps)  ->  Sevilla FC (2001-2009, 168 apps)"
"Javi Venta",Spain,defender,10,"Real Oviedo (1995-1996, ? apps)  ->  Club Marino de Luanco (1996-1997, 20 apps)  ->  Gimnástica de Torrelavega (1997-1999, 66 apps)  ->  Villarreal CF (1999-2010, 182 apps)  ->  CD Onda (1999-2000, ? apps)  ->  Racing Club de Ferrol (2000-2001, 39 apps)  ->  C.D. Tenerife (2001-2002, 29 apps)  ->  Levante UD (2010-2012, 59 apps)  ->  Villarreal CF (2012-2013, 15 apps)  ->  Brentford F.C. (2013-2013, 1 apps)"
"Javier Calleja",Spain,midfielder,7,"Real Madrid C (1996-1998, 60 apps)  ->  RSD Alcalá (1998-1999, ? apps)  ->  Unión Deportiva Almería (1998-1998, 3 apps)  ->  CD Onda (1999-2000, 29 apps)  ->  Villarreal CF (1999-2006, 124 apps)  ->  Málaga CF (2006-2009, 104 apps)  ->  Club Atlético Osasuna (2009-2012, 46 apps)"
"Javier Casquero",Spain,midfielder,9,"CD Toledo (1994-1999, 93 apps)  ->  Q582342 (1996-1997, 8 apps)  ->  Q582342 (1997-1997, 17 apps)  ->  Atlético Madrid B (1999-2000, 38 apps)  ->  Sevilla FC (2000-2005, 144 apps)  ->  Racing de Santander (2005-2006, 26 apps)  ->  Getafe CF (2006-2012, 190 apps)  ->  Unión Deportiva Almería (2012-2013, 14 apps)  ->  Sporting de Gijón (2013-2014, 21 apps)"
"Javier Escalza",Spain,full-back,6,"CD Laudio (1970-1971, ? apps)  ->  Barakaldo CF (1972-1973, 28 apps)  ->  Athletic Club (1973-1980, 206 apps)  ->  RCD Espanyol de Barcelona (1980-1983, 114 apps)  ->  Centre d'Esports Sabadell Futbol Club (1983-1984, 42 apps)  ->  Sestao Sport Club (1984-1987, 92 apps)"
"Javier Farinós",Spain,midfielder,9,"Valencia CF Mestalla (1996-1997, 17 apps)  ->  Valencia CF (1997-2000, 115 apps)  ->  Inter Milan (2000-2005, 49 apps)  ->  Villarreal CF (2003-2003, 22 apps)  ->  RCD Mallorca (2004-2005, 29 apps)  ->  RCD Mallorca (2005-2006, 17 apps)  ->  Hércules CF (2006-2011, 146 apps)  ->  Levante UD (2011-2012, 30 apps)  ->  Villarreal CF (2012-2014, 11 apps)"
"Javier Hernánde",Mexico,forward,8,"C.D. Guadalajara (2006-2010, 64 apps)  ->  Manchester United F.C. (2010-2014, 103 apps)  ->  Real Madrid Club de Fútbol (2014-2015, 23 apps)  ->  Bayer 04 Leverkusen (2015-2017, 54 apps)  ->  West Ham United F.C. (2017-2019, 55 apps)  ->  Sevilla FC (2019-2020, 9 apps)  ->  LA Galaxy (2020-2023, 74 apps)  ->  C.D. Guadalajara (2024-2025, 35 apps)"
"Javier Irureta",Spain,forward,3,"Real Unión (1965-1967, 48 apps)  ->  Atlético Madrid (1967-1975, 208 apps)  ->  Athletic Club (1975-1980, 136 apps)"
"Javier López Vallejo",Spain,goalkeeper,6,"Osasuna B (1992-1995, 79 apps)  ->  Club Atlético Osasuna (1994-1999, 165 apps)  ->  Villarreal CF (1999-2007, 143 apps)  ->  Recreativo de Huelva (2006-2007, 30 apps)  ->  Real Zaragoza (2007-2010, 44 apps)  ->  Levadiakos F.C. (2010-2010, 10 apps)"
"Javier Mascherano","Argentina, Italy","midfielder, centre-back",6,"Club Atlético River Plate (2003-2005, 46 apps)  ->  S.C. Corinthians Paulista (2005-2006, 25 apps)  ->  West Ham United F.C. (2006-2007, 5 apps)  ->  Liverpool F.C. (2007-2010, 94 apps)  ->  Hebei F.C. (2018-2019, 53 apps)  ->  Estudiantes de La Plata (2019-2020, 10 apps)"
"Javier Saviola","Argentina, Spain",forward,8,"Club Atlético River Plate (1998-2001, 86 apps)  ->  AS Monaco FC (2004-2005, 29 apps)  ->  Sevilla FC (2005-2006, 29 apps)  ->  Real Madrid Club de Fútbol (2007-2009, 17 apps)  ->  S.L. Benfica (2009-2012, 69 apps)  ->  Málaga CF (2012-2013, 27 apps)  ->  Hellas Verona FC (2014-2015, 15 apps)  ->  Club Atlético River Plate (2015-2016, 13 apps)"
"Javier Subirats",Spain,midfielder,5,"Valencia CF Mestalla (1976-1978, ? apps)  ->  Valencia CF (1978-1990, 291 apps)  ->  Girona FC (1978-1979, ? apps)  ->  Orihuela Deportiva CF (1990-1991, 27 apps)  ->  CF Gandía (1991-1992, ? apps)"
"Javier Urruticoechea",Spain,goalkeeper,3,"Real Sociedad B (1969-1972, ? apps)  ->  Real Sociedad (1972-1977, 66 apps)  ->  RCD Espanyol de Barcelona (1977-1981, 120 apps)"
"Javier Zanetti",Argentina,"midfielder, full-back",3,"Club Atlético Talleres de Remedios de Escalada (1992-1993, 33 apps)  ->  Club Atlético Banfield (1993-1995, 66 apps)  ->  Inter Milan (1995-2014, 615 apps)"
"Jean-Marie Pfaff",Belgium,goalkeeper,4,"K.S.K. Beveren (1973-1982, 276 apps)  ->  FC Bayern Munich (1982-1988, 156 apps)  ->  Lierse S.K. (1988-1989, 23 apps)  ->  Trabzonspor (1989-1990, 22 apps)"
"Jeff Clarke","United Kingdom",defender,6,"Manchester City F.C. (1974-1975, 13 apps)  ->  Sunderland A.F.C. (1975-1982, 181 apps)  ->  Newcastle United F.C. (1982-1987, 124 apps)  ->  MKE Ankaragücü (1984-1984, ? apps)  ->  Brighton & Hove Albion F.C. (1984-1984, 4 apps)  ->  Darlington F.C. (1985-1985, ? apps)"
"Jeff Whitefoot","United Kingdom",midfielder,3,"Manchester United F.C. (1950-1957, 93 apps)  ->  Grimsby Town F.C. (1957-1958, 26 apps)  ->  Nottingham Forest F.C. (1958-1967, 255 apps)"
"Jeff Whitley","United Kingdom",midfielder,11,"Manchester City F.C. (1996-2003, 116 apps)  ->  Wrexham A.F.C. (1999-1999, 9 apps)  ->  Notts County F.C. (2002-2003, 12 apps)  ->  Sunderland A.F.C. (2003-2005, 68 apps)  ->  Cardiff City F.C. (2005-2007, 34 apps)  ->  Stoke City F.C. (2006-2006, 3 apps)  ->  Wrexham A.F.C. (2007-2007, 11 apps)  ->  Wrexham A.F.C. (2008-2008, 11 apps)  ->  Stockport Sports F.C. (2009-2009, 7 apps)  ->  Northwich Victoria F.C. (2009-2010, 2 apps)  ->  Droylsden F.C. (2013-2013, ? apps)"
"Jens Jeremies",Germany,midfielder,3,"Dynamo Dresden (1993-1995, 10 apps)  ->  TSV 1860 München (1995-1998, 78 apps)  ->  FC Bayern Munich (1998-2006, 160 apps)"
"Jens Lehmann",Germany,goalkeeper,6,"Schalke 04 (1988-1998, 274 apps)  ->  AC Milan (1998-1999, 5 apps)  ->  Borussia Dortmund (1999-2003, 129 apps)  ->  Arsenal F.C. (2003-2008, 148 apps)  ->  VfB Stuttgart (2008-2010, 65 apps)  ->  Arsenal F.C. (2011-2011, 1 apps)"
"Jenő Vinyei",Hungary,defender,3,"Aurora Pro Patria 1919 (1949-1951, 68 apps)  ->  SSC Napoli (1951-1955, 124 apps)  ->  SPAL (1955-1957, 51 apps)"
"Jermain Defoe","United Kingdom",forward,11,"West Ham United F.C. (1999-2004, 93 apps)  ->  AFC Bournemouth (2000-2001, 29 apps)  ->  Tottenham Hotspur F.C. (2004-2008, 139 apps)  ->  Portsmouth F.C. (2008-2008, 1 apps)  ->  Tottenham Hotspur F.C. (2009-2014, 135 apps)  ->  Toronto FC (2014-2014, 19 apps)  ->  Tottenham Hotspur F.C. (2014-2014, 2 apps)  ->  Sunderland A.F.C. (2015-2017, 87 apps)  ->  Rangers F.C. (2019-2020, 37 apps)  ->  Rangers F.C. (2020-2022, 17 apps)  ->  Sunderland A.F.C. (2022-2022, 7 apps)"
"Jermaine Jenas","United Kingdom",midfielder,6,"Nottingham Forest F.C. (2000-2002, 29 apps)  ->  Newcastle United F.C. (2002-2005, 110 apps)  ->  Tottenham Hotspur F.C. (2005-2013, 155 apps)  ->  Aston Villa F.C. (2011-2012, 3 apps)  ->  Nottingham Forest F.C. (2012-2012, 6 apps)  ->  Queens Park Rangers F.C. (2013-2014, 38 apps)"
"Jerzy Dudek",Poland,goalkeeper,5,"Concordia Knurów (1991-1995, 119 apps)  ->  GKS Tychy (1995-1996, 15 apps)  ->  Feyenoord Rotterdam (1996-2001, 139 apps)  ->  Liverpool F.C. (2001-2007, 127 apps)  ->  Real Madrid Club de Fútbol (2007-2011, 2 apps)"
"Jesper Grønkjær","Kingdom of Denmark","wing half",6,"AFC Ajax (1998-2000, 55 apps)  ->  Chelsea F.C. (2000-2004, 88 apps)  ->  Birmingham City F.C. (2004-2004, 16 apps)  ->  VfB Stuttgart (2005-2006, 25 apps)  ->  Brøndby IF (2005-2005, 16 apps)  ->  F.C. Copenhagen (2006-2011, 114 apps)"
"Jesper Olsen","Kingdom of Denmark",midfielder,6,"Næstved BK (1977-1981, 64 apps)  ->  AFC Ajax (1981-1984, 85 apps)  ->  Manchester United F.C. (1984-1988, 139 apps)  ->  Næstved BK (1988-1988, 2 apps)  ->  FC Girondins de Bordeaux (1988-1990, 54 apps)  ->  Stade Malherbe Caen (1990-1992, 58 apps)"
"Jesse Lingard","United Kingdom","winger, attacking midfielder",9,"Manchester United F.C. (2011-2022, 149 apps)  ->  Leicester City F.C. (2012-2013, 5 apps)  ->  Birmingham City F.C. (2013-2014, 13 apps)  ->  Brighton & Hove Albion F.C. (2014-2014, 15 apps)  ->  Derby County F.C. (2015-2015, 14 apps)  ->  West Ham United F.C. (2021-2021, 16 apps)  ->  Nottingham Forest F.C. (2022-2023, 17 apps)  ->  FC Seoul (2024-2025, 60 apps)  ->  S.C. Corinthians Paulista (2026-?, ? apps)"
"Jesús Aranguren",Spain,defender,1,"Athletic Club (1962-1975, 247 apps)"
"Jesús Galván Carrillo",Spain,defender,7,"Sevilla FC (1996-1997, 32 apps)  ->  Recreativo de Huelva (1998-1999, 33 apps)  ->  Córdoba CF (1998-1998, 15 apps)  ->  Villarreal CF (1999-2003, 88 apps)  ->  Deportivo Alavés (2003-2004, 31 apps)  ->  Recreativo de Huelva (2004-2006, 37 apps)  ->  UE Lleida (2006-2008, 68 apps)"
"Jesús Garay",Spain,"midfielder, defender",3,"SD Erandio Club (1949-1950, ? apps)  ->  Athletic Club (1950-1960, 236 apps)  ->  Málaga CF (1965-1966, 16 apps)"
"Jesús Glaría",Spain,midfielder,2,"Atlético Madrid (1960-1968, 187 apps)  ->  RCD Espanyol de Barcelona (1968-1975, 182 apps)"
"Jesús Landáburu",Spain,midfielder,3,"Real Valladolid (1972-1977, 146 apps)  ->  Rayo Vallecano (1977-1979, 66 apps)  ->  Atlético Madrid (1982-1988, 205 apps)"
"Jesús María Lacruz",Spain,"centre-back, full-back",5,"Osasuna B (1994-1995, 34 apps)  ->  Club Atlético Osasuna (1995-1997, 48 apps)  ->  Athletic Club (1997-2006, 224 apps)  ->  RCD Espanyol de Barcelona (2006-2009, 48 apps)  ->  Real Unión (2010-2012, 56 apps)"
"Jesús María Pereda",Spain,midfielder,6,"SD Indautxu (1956-1958, 49 apps)  ->  Real Valladolid (1958-1959, 27 apps)  ->  Real Madrid Club de Fútbol (1958-1958, 2 apps)  ->  Sevilla FC (1959-1961, 56 apps)  ->  Centre d'Esports Sabadell Futbol Club (1969-1970, 5 apps)  ->  RCD Mallorca (1970-1972, 53 apps)"
"Jesús Navas",Spain,"wing half, full-back",4,"Sevilla FC (2003-2013, 285 apps)  ->  Sevilla Atlético (2003-2004, 33 apps)  ->  Manchester City F.C. (2013-2017, 123 apps)  ->  Sevilla FC (2017-2023, 231 apps)"
"Jesús Ángel Solana",Spain,defender,2,"Real Madrid Club de Fútbol (1986-1991, 128 apps)  ->  Real Zaragoza (1991-2000, 233 apps)"
"Jim Beglin",Ireland,full-back,6,"Shamrock Rovers F.C. (1980-1983, 58 apps)  ->  Liverpool F.C. (1983-1989, 98 apps)  ->  Leeds United F.C. (1989-1991, 19 apps)  ->  Plymouth Argyle F.C. (1989-1990, 5 apps)  ->  Blackburn Rovers F.C. (1990-1991, 6 apps)  ->  Plymouth Argyle F.C. (1990-1990, 5 apps)"
"Jim Furnell","United Kingdom",goalkeeper,5,"Burnley F.C. (1954-1962, 2 apps)  ->  Liverpool F.C. (1962-1963, 28 apps)  ->  Arsenal F.C. (1963-1968, 141 apps)  ->  Rotherham United F.C. (1968-1970, 76 apps)  ->  Plymouth Argyle F.C. (1970-1976, 183 apps)"
"Jim Goodchild","United Kingdom of Great Britain and Ireland, United Kingdom",goalkeeper,3,"Southampton F.C. (1909-1911, 5 apps)  ->  Manchester City F.C. (1911-1927, 204 apps)  ->  Guildford City F.C. (1927-1929, ? apps)"
"Jim Lewis","United Kingdom",forward,5,"Walthamstow Avenue F.C. (1945-1950, ? apps)  ->  Leyton Orient F.C. (1950-1950, 4 apps)  ->  Walthamstow Avenue F.C. (1950-1952, ? apps)  ->  Chelsea F.C. (1952-1958, 90 apps)  ->  Walthamstow Avenue F.C. (1958-1968, ? apps)"
"Jim Pearson","United Kingdom",forward,5,"St Johnstone F.C. (1970-1974, 105 apps)  ->  Everton F.C. (1974-1978, 93 apps)  ->  Newcastle United F.C. (1978-1980, 11 apps)  ->  Barrow A.F.C. (1980-1981, ? apps)  ->  Gateshead F.C. (1981-1985, ? apps)"
"Jimmy Argue","United Kingdom of Great Britain and Ireland, United Kingdom","inside forward",3,"Birmingham City F.C. (1931-1933, 0 apps)  ->  Chelsea F.C. (1933-1947, 118 apps)  ->  Shrewsbury Town F.C. (1947-?, ? apps)"
"Jimmy Ashcroft","United Kingdom of Great Britain and Ireland, United Kingdom",goalkeeper,5,"Everton F.C. (1897-1899, 0 apps)  ->  Gravesend United F.C. (1899-1900, ? apps)  ->  Arsenal F.C. (1900-1908, 273 apps)  ->  Blackburn Rovers F.C. (1908-1913, 114 apps)  ->  Tranmere Rovers F.C. (1913-1915, ? apps)"
"Jimmy Bloomfield","United Kingdom",midfielder,7,"Brentford F.C. (1952-1954, 42 apps)  ->  Arsenal F.C. (1954-1960, 210 apps)  ->  Birmingham City F.C. (1960-1964, 123 apps)  ->  Brentford F.C. (1964-1965, 44 apps)  ->  West Ham United F.C. (1965-1966, 10 apps)  ->  Plymouth Argyle F.C. (1966-1968, 25 apps)  ->  Leyton Orient F.C. (1968-1970, 45 apps)"
"Jimmy Brain","United Kingdom of Great Britain and Ireland, United Kingdom",forward,5,"Arsenal F.C. (1923-1931, 204 apps)  ->  Tottenham Hotspur F.C. (1931-1934, 45 apps)  ->  Swansea City A.F.C. (1934-1937, 51 apps)  ->  Bristol City F.C. (1937-1939, 32 apps)  ->  Cheltenham Town F.C. (1939-1940, ? apps)"
"Jimmy Cantrell","United Kingdom of Great Britain and Ireland, United Kingdom",forward,4,"Aston Villa F.C. (1904-1907, 48 apps)  ->  Notts County F.C. (1907-1912, 131 apps)  ->  Tottenham Hotspur F.C. (1912-1922, 160 apps)  ->  Sutton United F.C. (1922-1925, ? apps)"
"Jimmy Case","United Kingdom",midfielder,10,"Liverpool F.C. (1973-1981, 186 apps)  ->  Brighton & Hove Albion F.C. (1981-1985, 127 apps)  ->  Southampton F.C. (1985-1991, 216 apps)  ->  AFC Bournemouth (1991-1992, 40 apps)  ->  Halifax Town A.F.C. (1992-1993, 21 apps)  ->  FC Halifax Town (1992-1993, 21 apps)  ->  Wrexham A.F.C. (1993-1993, 4 apps)  ->  Brighton & Hove Albion F.C. (1993-1996, 32 apps)  ->  Darlington F.C. (1993-1993, 1 apps)  ->  Sittingbourne F.C. (1993-1993, 5 apps)"
"Jimmy Croal","United Kingdom of Great Britain and Ireland, United Kingdom","inside forward",5,"Rangers F.C. (1905-1910, 3 apps)  ->  Falkirk F.C. (1910-1914, 97 apps)  ->  Chelsea F.C. (1914-1921, 113 apps)  ->  Falkirk F.C. (1919-1919, 10 apps)  ->  Fulham F.C. (1921-1923, 36 apps)"
"Jimmy Cunliffe","United Kingdom of Great Britain and Ireland, United Kingdom","inside forward",1,"Everton F.C. (1933-1939, 174 apps)"
"Jimmy Delaney","United Kingdom","wing half",7,"Celtic F.C. (1933-1946, 143 apps)  ->  Manchester United F.C. (1946-1950, 164 apps)  ->  Aberdeen F.C. (1950-1951, 31 apps)  ->  Falkirk F.C. (1951-1954, 40 apps)  ->  Derry City F.C. (1954-1955, ? apps)  ->  Cork Athletic F.C. (1955-1956, 14 apps)  ->  Elgin City F.C. (1956-1957, ? apps)"
"Jimmy Dimmock","United Kingdom of Great Britain and Ireland, United Kingdom",forward,4,"Tottenham Hotspur F.C. (1919-1930, 400 apps)  ->  Thames A.F.C. (1931-1931, 37 apps)  ->  Leyton Orient F.C. (1932-?, ? apps)  ->  Ashford United F.C. (1934-?, ? apps)"
"Jimmy Floyd Hasselbaink","Kingdom of the Netherlands",forward,10,"SC Telstar (1990-1991, 4 apps)  ->  AZ Alkmaar (1991-1993, 46 apps)  ->  S.C. Campomaiorense (1995-1996, 31 apps)  ->  Boavista F.C. (1996-1997, 29 apps)  ->  Leeds United F.C. (1997-1999, 69 apps)  ->  Atlético Madrid (1999-2000, 34 apps)  ->  Chelsea F.C. (2000-2004, 136 apps)  ->  Middlesbrough F.C. (2004-2006, 58 apps)  ->  Charlton Athletic F.C. (2006-2007, 25 apps)  ->  Cardiff City F.C. (2007-2008, 36 apps)"
"Jimmy Gabriel","United Kingdom",midfielder,9,"Dundee F.C. (1957-1960, 55 apps)  ->  Dundee United F.C. (1957-1960, 55 apps)  ->  Everton F.C. (1960-1967, 256 apps)  ->  Southampton F.C. (1967-1972, 191 apps)  ->  AFC Bournemouth (1972-1974, 53 apps)  ->  Swindon Town F.C. (1973-1973, 6 apps)  ->  Brentford F.C. (1974-1974, 9 apps)  ->  Seattle Sounders (1974-1979, 53 apps)  ->  San Jose Earthquakes (1981-1982, 7 apps)"
"Jimmy Gordon","United Kingdom of Great Britain and Ireland, United Kingdom","wing half",2,"Newcastle United F.C. (1935-1945, 144 apps)  ->  Middlesbrough F.C. (1945-1954, 253 apps)"
"Jimmy Greaves","United Kingdom",forward,8,"Chelsea F.C. (1957-1961, 157 apps)  ->  AC Milan (1961-1961, 12 apps)  ->  Tottenham Hotspur F.C. (1961-1970, 321 apps)  ->  West Ham United F.C. (1970-1971, 38 apps)  ->  Brentwood Town F.C. (1975-1976, ? apps)  ->  Chelmsford City F.C. (1976-1977, ? apps)  ->  Barnet F.C. (1977-1979, ? apps)  ->  Bush Hill Rangers F.C. (1979-1980, ? apps)"
"Jimmy Greenhoff","United Kingdom",forward,8,"Leeds United F.C. (1963-1968, 94 apps)  ->  Birmingham City F.C. (1968-1969, 31 apps)  ->  Stoke City F.C. (1969-1976, 274 apps)  ->  Manchester United F.C. (1976-1980, 97 apps)  ->  Crewe Alexandra F.C. (1980-1981, 11 apps)  ->  Port Vale F.C. (1981-1983, 48 apps)  ->  Toronto Blizzard (1981-1981, 24 apps)  ->  Rochdale A.F.C. (1983-1984, 16 apps)"
"Jimmy Harris","United Kingdom",forward,4,"Everton F.C. (1951-1960, 191 apps)  ->  Birmingham City F.C. (1960-1964, 93 apps)  ->  Oldham Athletic A.F.C. (1964-1966, 29 apps)  ->  St Patrick's Athletic F.C. (1966-1967, 6 apps)"
"Jimmy Harrower","United Kingdom","forward, inside forward",6,"Hibernian F.C. (1954-1958, 36 apps)  ->  Liverpool F.C. (1958-1961, 96 apps)  ->  Newcastle United F.C. (1961-1962, 5 apps)  ->  Falkirk F.C. (1962-1963, 20 apps)  ->  St Johnstone F.C. (1963-1965, 42 apps)  ->  Albion Rovers F.C. (1965-1966, 22 apps)"
"Jimmy Hay","United Kingdom of Great Britain and Ireland, United Kingdom","wing half",4,"Ayr F.C. (1902-1903, ? apps)  ->  Celtic F.C. (1903-1911, 214 apps)  ->  Newcastle United F.C. (1911-1915, 217 apps)  ->  Ayr United F.C. (1915-?, ? apps)"
"Jimmy Heale","United Kingdom of Great Britain and Ireland, United Kingdom","inside forward",2,"Bristol City F.C. (1931-1933, 26 apps)  ->  Manchester City F.C. (1933-1940, 86 apps)"
"Jimmy Holmes",Ireland,"defender, full-back",13,"Coventry City F.C. (1970-1977, 128 apps)  ->  Tottenham Hotspur F.C. (1977-1981, 81 apps)  ->  Vancouver Whitecaps FC (1981-1982, 17 apps)  ->  Vancouver Whitecaps (1981-1982, 17 apps)  ->  Leicester City F.C. (1982-1983, 2 apps)  ->  Brentford F.C. (1983-1983, ? apps)  ->  Peterborough United F.C. (1983-1986, 49 apps)  ->  Torquay United F.C. (1983-1983, 25 apps)  ->  Nuneaton Town F.C. (1985-1987, 32 apps)  ->  Leicester United F.C. (1987-1987, ? apps)  ->  Hitchin Town F.C. (1987-1989, ? apps)  ->  Bedworth United F.C. (1989-1990, ? apps)  ->  Nuneaton Town F.C. (1990-1990, ? apps)"
"Jimmy Husband","United Kingdom","wing half",5,"Everton F.C. (1964-1973, 165 apps)  ->  Luton Town F.C. (1973-1978, 143 apps)  ->  Memphis Rogues (1978-1980, 80 apps)  ->  Cleveland Force (1981-1982, 33 apps)  ->  Oklahoma City Slickers (1982-1983, ? apps)"
"Jimmy Jackson","United Kingdom of Great Britain and Ireland, Australia",full-back,7,"Rangers F.C. (1894-1897, ? apps)  ->  Newcastle United F.C. (1897-1899, 58 apps)  ->  Arsenal F.C. (1899-1905, 183 apps)  ->  West Ham United F.C. (1905-1906, ? apps)  ->  Leyton F.C. (1905-1905, ? apps)  ->  Rangers F.C. (1906-?, ? apps)  ->  Greenock Morton F.C. (1911-1911, ? apps)"
"Jimmy Lawrence","United Kingdom of Great Britain and Ireland, United Kingdom",goalkeeper,1,"Newcastle United F.C. (1904-1922, 432 apps)"
"Jimmy Logie","United Kingdom of Great Britain and Ireland, United Kingdom","inside forward",2,"Arsenal F.C. (1939-1955, 296 apps)  ->  Ebbsfleet United F.C. (1955-1960, ? apps)"
"Jimmy McCormick","United Kingdom of Great Britain and Ireland, United Kingdom","wing half",5,"Chesterfield F.C. (1932-1933, 15 apps)  ->  Tottenham Hotspur F.C. (1933-1946, 137 apps)  ->  Fulham F.C. (1946-1947, 9 apps)  ->  Lincoln City F.C. (1947-1949, 64 apps)  ->  Crystal Palace F.C. (1949-1949, 13 apps)"
"Jimmy McMullan","United Kingdom of Great Britain and Ireland, United Kingdom","wing half",4,"Third Lanark A.C. (1912-1913, ? apps)  ->  Partick Thistle F.C. (1913-1926, ? apps)  ->  Manchester City F.C. (1926-1933, 220 apps)  ->  Oldham Athletic A.F.C. (1933-1934, ? apps)"
"Jimmy Meadows","United Kingdom","wing half",2,"Southport F.C. (1948-1951, 60 apps)  ->  Manchester City F.C. (1951-1955, 130 apps)"
"Jimmy Melia","United Kingdom",forward,5,"Liverpool F.C. (1954-1964, 269 apps)  ->  Southampton F.C. (1964-1968, 139 apps)  ->  Wolverhampton Wanderers F.C. (1964-1964, 24 apps)  ->  Aldershot F.C. (1968-1972, 135 apps)  ->  Crewe Alexandra F.C. (1972-1972, 4 apps)"
"Jimmy Neighbour","United Kingdom","wing half",6,"Tottenham Hotspur F.C. (1966-1976, 119 apps)  ->  Norwich City F.C. (1976-1979, 106 apps)  ->  West Ham United F.C. (1979-1983, 73 apps)  ->  Seattle Sounders (1979-1979, 21 apps)  ->  AFC Bournemouth (1983-1983, 6 apps)  ->  Cheshunt F.C. (1984-1985, 2 apps)"
"Jimmy Nicholl","United Kingdom",defender,10,"Manchester United F.C. (1974-1982, 197 apps)  ->  Sunderland A.F.C. (1982-1983, 29 apps)  ->  Toronto Blizzard (1982-1982, 16 apps)  ->  Toronto Blizzard (1983-1984, 49 apps)  ->  Rangers F.C. (1983-1984, 17 apps)  ->  West Bromwich Albion F.C. (1984-1986, 56 apps)  ->  Rangers F.C. (1986-1989, 58 apps)  ->  Dunfermline Athletic F.C. (1989-1990, 24 apps)  ->  Raith Rovers F.C. (1990-1996, 128 apps)  ->  Bath City F.C. (1996-1996, 1 apps)"
"Jimmy O'Neill",Ireland,goalkeeper,6,"Everton F.C. (1949-1960, 201 apps)  ->  Stoke City F.C. (1960-1964, 130 apps)  ->  Darlington F.C. (1964-1965, 32 apps)  ->  Port Vale F.C. (1965-1966, 42 apps)  ->  Cork Celtic F.C. (1966-1967, 16 apps)  ->  Cork Celtic F.C. (1967-1968, 2 apps)"
"Jimmy Pearce","United Kingdom","midfielder, wing half",1,"Tottenham Hotspur F.C. (1965-1973, 108 apps)"
"Jimmy Richardson","United Kingdom of Great Britain and Ireland, United Kingdom",forward,4,"Newcastle United F.C. (1929-1934, 136 apps)  ->  Huddersfield Town A.F.C. (1934-1937, 120 apps)  ->  Millwall F.C. (1937-1946, 55 apps)  ->  Leyton Orient F.C. (1947-1947, 15 apps)"
"Jimmy Rimmer","United Kingdom",goalkeeper,7,"Manchester United F.C. (1965-1974, 34 apps)  ->  Swansea City A.F.C. (1973-1973, 17 apps)  ->  Arsenal F.C. (1974-1977, 124 apps)  ->  Aston Villa F.C. (1977-1983, 229 apps)  ->  Swansea City A.F.C. (1983-1986, 66 apps)  ->  Ħamrun Spartans F.C. (1986-1987, ? apps)  ->  Luton Town F.C. (1986-1986, 0 apps)"
"Jimmy Robertson","United Kingdom","wing half",9,"Cowdenbeath F.C. (1961-1962, 0 apps)  ->  St. Mirren F.C. (1962-1964, 54 apps)  ->  Tottenham Hotspur F.C. (1963-1969, 157 apps)  ->  Arsenal F.C. (1968-1970, 46 apps)  ->  Ipswich Town F.C. (1969-1972, 87 apps)  ->  Stoke City F.C. (1972-1977, 114 apps)  ->  Seattle Sounders (1976-1977, 29 apps)  ->  Walsall F.C. (1977-1978, 16 apps)  ->  Crewe Alexandra F.C. (1978-1979, 33 apps)"
"Jimmy Scoular","United Kingdom of Great Britain and Ireland, United Kingdom","wing half",3,"Portsmouth F.C. (1945-1953, 247 apps)  ->  Newcastle United F.C. (1953-1960, 247 apps)  ->  Bradford (Park Avenue) A.F.C. (1960-1964, 108 apps)"
"Jimmy Seed","United Kingdom of Great Britain and Ireland, United Kingdom","inside forward",3,"Mid Rhondda F.C. (1919-1920, ? apps)  ->  Tottenham Hotspur F.C. (1920-1927, 229 apps)  ->  Sheffield Wednesday F.C. (1926-1931, 134 apps)"
"Jimmy Settle","United Kingdom of Great Britain and Ireland, United Kingdom",forward,5,"Bolton Wanderers F.C. (1894-1895, 13 apps)  ->  Halliwell F.C. (1895-1896, ? apps)  ->  Bury F.C. (1896-1899, 63 apps)  ->  Everton F.C. (1899-1908, 237 apps)  ->  Stockport County F.C. (1908-1909, 26 apps)"
"Jimmy Sharp","United Kingdom of Great Britain and Ireland, United Kingdom",full-back,7,"Dundee F.C. (1899-1904, ? apps)  ->  Fulham F.C. (1904-1905, ? apps)  ->  Arsenal F.C. (1905-1908, 103 apps)  ->  Rangers F.C. (1908-1909, ? apps)  ->  Fulham F.C. (1909-1912, ? apps)  ->  Chelsea F.C. (1912-1915, ? apps)  ->  Fulham F.C. (1920-1920, 1 apps)"
"Jimmy Skinner","United Kingdom of Great Britain and Ireland, United Kingdom","wing half",1,"Tottenham Hotspur F.C. (1919-1925, 89 apps)"
"Jimmy Smith","United Kingdom",midfielder,3,"Aberdeen F.C. (1965-1969, 103 apps)  ->  Newcastle United F.C. (1969-1975, 129 apps)  ->  Celtic F.C. (1975-1975, 0 apps)"
"Jimmy Stein","United Kingdom","wing half",4,"Dunfermline Athletic F.C. (1925-1928, ? apps)  ->  Everton F.C. (1928-1936, 199 apps)  ->  Burnley F.C. (1936-1938, 42 apps)  ->  New Brighton A.F.C. (1938-1940, 39 apps)"
"Jimmy Tansey","United Kingdom",full-back,2,"Everton F.C. (1953-1960, 133 apps)  ->  Crewe Alexandra F.C. (1960-1961, 9 apps)"
"Jimmy Windridge","United Kingdom of Great Britain and Ireland, United Kingdom","forward, inside forward",4,"Birmingham City F.C. (1901-1905, 26 apps)  ->  Chelsea F.C. (1905-1911, 143 apps)  ->  Middlesbrough F.C. (1911-1914, 68 apps)  ->  Birmingham City F.C. (1914-1916, 29 apps)"
"Joan Capdevila",Spain,full-back,11,"UE Tàrrega (1996-1997, 34 apps)  ->  RCD Espanyol B (1997-1998, 45 apps)  ->  RCD Espanyol de Barcelona (1998-1999, 29 apps)  ->  Atlético Madrid (1999-2000, 31 apps)  ->  Deportivo de La Coruña (2000-2007, 179 apps)  ->  Villarreal CF (2007-2011, 140 apps)  ->  S.L. Benfica (2011-2012, 5 apps)  ->  RCD Espanyol de Barcelona (2012-2014, 31 apps)  ->  NorthEast United FC (2014-2014, 12 apps)  ->  Lierse S.K. (2015-2015, 4 apps)  ->  FC Santa Coloma (2016-2017, 2 apps)"
"Joaquim Rifé",Spain,forward,1,"Gimnàstic de Tarragona (1962-1963, ? apps)"
"Joaquín Navarro Perona",Spain,defender,3,"CF Gavà (1939-1941, ? apps)  ->  Centre d'Esports Sabadell Futbol Club (1942-1949, ? apps)  ->  Real Madrid Club de Fútbol (1949-1957, 179 apps)"
"Joaquín Peiró",Spain,forward,6,"Atlético Madrid (1954-1962, 166 apps)  ->  Real Murcia (1954-1955, 22 apps)  ->  Torino FC (1962-1964, 46 apps)  ->  Inter Milan (1964-1966, 25 apps)  ->  AS Roma (1966-1970, 103 apps)  ->  Atlético Madrid (1970-1971, 0 apps)"
"Jocelyn Angloma",France,full-back,8,"Stade Rennais F.C. (1985-1987, 37 apps)  ->  Lille OSC (1987-1990, 92 apps)  ->  Paris Saint-Germain FC (1990-1991, 36 apps)  ->  Olympique de Marseille (1991-1994, 85 apps)  ->  Torino FC (1994-1996, 60 apps)  ->  Inter Milan (1996-1997, 30 apps)  ->  Valencia CF (1997-2002, 120 apps)  ->  L'Etoile de Morne-à-l'Eau (2006-2007, ? apps)"
"Jock Cameron","United Kingdom of Great Britain and Ireland",defender,4,"Blackburn Rovers F.C. (1904-1907, 64 apps)  ->  Chelsea F.C. (1907-1913, 179 apps)  ->  Port Vale F.C. (1913-1914, 32 apps)  ->  Port Vale F.C. (1916-1919, 46 apps)"
"Jock Robson","United Kingdom of Great Britain and Ireland, United Kingdom",goalkeeper,2,"Arsenal F.C. (1921-1926, 97 apps)  ->  AFC Bournemouth (1926-?, ? apps)"
"Jock Rutherford","United Kingdom of Great Britain and Ireland, United Kingdom","wing half",6,"Newcastle United F.C. (1902-1913, 290 apps)  ->  Arsenal F.C. (1913-1923, 177 apps)  ->  Stoke City F.C. (1923-1923, 0 apps)  ->  Arsenal F.C. (1923-1926, 45 apps)  ->  Leyton Orient F.C. (1926-1927, 9 apps)  ->  Tunbridge Wells F.C. (1928-1928, ? apps)"
"Jody Morris","United Kingdom",midfielder,6,"Chelsea F.C. (1996-2003, 124 apps)  ->  Leeds United F.C. (2003-2004, 12 apps)  ->  Millwall F.C. (2004-2007, 65 apps)  ->  Rotherham United F.C. (2004-2004, 10 apps)  ->  St Johnstone F.C. (2008-2012, 104 apps)  ->  Bristol City F.C. (2012-2013, 4 apps)"
"Joe Allen","United Kingdom",midfielder,5,"Swansea City A.F.C. (2007-2012, 127 apps)  ->  Wrexham A.F.C. (2008-2008, 2 apps)  ->  Liverpool F.C. (2012-2016, 91 apps)  ->  Stoke City F.C. (2016-2022, 212 apps)  ->  Swansea City A.F.C. (2022-2025, 69 apps)"
"Joe Baker","United Kingdom",forward,7,"Hibernian F.C. (1957-1961, 117 apps)  ->  Torino FC (1961-1962, 19 apps)  ->  Arsenal F.C. (1962-1966, 144 apps)  ->  Nottingham Forest F.C. (1966-1969, 118 apps)  ->  Sunderland A.F.C. (1969-1971, 40 apps)  ->  Hibernian F.C. (1971-1972, 20 apps)  ->  Raith Rovers F.C. (1972-1974, 49 apps)"
"Joe Cassidy","United Kingdom of Great Britain and Ireland",forward,6,"Manchester United F.C. (1893-1893, 4 apps)  ->  Celtic F.C. (1893-1895, 28 apps)  ->  Manchester United F.C. (1895-1900, 148 apps)  ->  Manchester City F.C. (1900-1901, 31 apps)  ->  Middlesbrough F.C. (1901-1906, 126 apps)  ->  Workington A.F.C. (1906-?, ? apps)"
"Joe Cole","United Kingdom","midfielder, wing half",9,"West Ham United F.C. (1998-2003, 126 apps)  ->  Chelsea F.C. (2003-2010, 182 apps)  ->  Liverpool F.C. (2010-2013, 26 apps)  ->  Lille OSC (2011-2012, 32 apps)  ->  West Ham United F.C. (2013-2014, 31 apps)  ->  Aston Villa F.C. (2014-2016, 12 apps)  ->  Coventry City F.C. (2015-2016, 7 apps)  ->  Coventry City F.C. (2016-2016, 15 apps)  ->  Tampa Bay Rowdies (2016-2018, 82 apps)"
"Joe Corrigan","United Kingdom",goalkeeper,5,"Manchester City F.C. (1967-1983, 476 apps)  ->  Seattle Sounders (1983-1983, 29 apps)  ->  Brighton & Hove Albion F.C. (1983-1984, 36 apps)  ->  Norwich City F.C. (1984-1984, 3 apps)  ->  Stoke City F.C. (1984-1984, 9 apps)"
"Joe Dorsett","United Kingdom of Great Britain and Ireland, United Kingdom",forward,5,"West Bromwich Albion F.C. (1908-1910, 18 apps)  ->  Manchester City F.C. (1910-1920, 132 apps)  ->  Colne F.C. (1920-1920, ? apps)  ->  Southend United F.C. (1920-1921, 35 apps)  ->  Millwall F.C. (1921-?, ? apps)"
"Joe Fagan","United Kingdom",defender,5,"Manchester City F.C. (1938-1951, 158 apps)  ->  Hyde United F.C. (1939-1940, 26 apps)  ->  Nelson F.C. (1951-1953, 45 apps)  ->  Bradford (Park Avenue) A.F.C. (1953-1954, 3 apps)  ->  Altrincham F.C. (1954-1955, 30 apps)"
"Joe Gomez","United Kingdom",centre-back,2,"Charlton Athletic F.C. (2014-2015, 21 apps)  ->  Liverpool F.C. (2015-?, 165 apps)"
"Joe Harris","United Kingdom of Great Britain and Ireland, United Kingdom",midfielder,4,"Partick Thistle F.C. (1913-1923, 216 apps)  ->  Middlesbrough F.C. (1923-1925, 56 apps)  ->  Newcastle United F.C. (1925-1931, 149 apps)  ->  York City F.C. (1931-1933, 62 apps)"
"Joe Hart","United Kingdom",goalkeeper,10,"Shrewsbury Town F.C. (2003-2006, 54 apps)  ->  Manchester City F.C. (2006-2018, 266 apps)  ->  Tranmere Rovers F.C. (2007-2007, 6 apps)  ->  Blackpool F.C. (2007-2007, 5 apps)  ->  Birmingham City F.C. (2009-2010, 36 apps)  ->  Torino FC (2016-2017, 36 apps)  ->  West Ham United F.C. (2017-2018, 19 apps)  ->  Burnley F.C. (2018-2020, 19 apps)  ->  Tottenham Hotspur F.C. (2020-2021, 0 apps)  ->  Celtic F.C. (2021-2024, 109 apps)"
"Joe Harvey","United Kingdom of Great Britain and Ireland, United Kingdom","wing half",4,"Wolverhampton Wanderers F.C. (1936-1936, 0 apps)  ->  AFC Bournemouth (1936-1938, 1 apps)  ->  Bradford City A.F.C. (1939-1945, 0 apps)  ->  Newcastle United F.C. (1945-1953, 224 apps)"
"Joe Haverty",Ireland,"wing half",13,"St Patrick's Athletic F.C. (1953-1954, 9 apps)  ->  Arsenal F.C. (1954-1961, 114 apps)  ->  Blackburn Rovers F.C. (1961-1962, 27 apps)  ->  Millwall F.C. (1962-1964, 68 apps)  ->  Celtic F.C. (1964-1964, 1 apps)  ->  Bristol Rovers F.C. (1964-1965, 13 apps)  ->  Shelbourne F.C. (1965-1966, 26 apps)  ->  Kansas City Spurs (1967-1967, ? apps)  ->  Chicago Spurs (1967-1967, 16 apps)  ->  Kansas City Spurs (1968-1968, 22 apps)  ->  Drumcondra F.C. (1969-1969, 6 apps)  ->  Shamrock Rovers F.C. (1969-1971, 7 apps)  ->  Drogheda United F.C. (1971-1972, 6 apps)"
"Joe Hayes","United Kingdom",forward,3,"Manchester City F.C. (1953-1965, 331 apps)  ->  Barnsley F.C. (1965-1966, 26 apps)  ->  Wigan Athletic F.C. (1966-1967, 32 apps)"
"Joe Hewitt","United Kingdom of Great Britain and Ireland, United Kingdom",forward,3,"Sunderland A.F.C. (1901-1904, ? apps)  ->  Liverpool F.C. (1904-1910, 152 apps)  ->  Bolton Wanderers F.C. (1910-1911, ? apps)"
"Joe Hulme","United Kingdom of Great Britain and Ireland, United Kingdom","wing half",4,"York City F.C. (1922-1924, 28 apps)  ->  Blackburn Rovers F.C. (1924-1926, 73 apps)  ->  Arsenal F.C. (1926-1938, 333 apps)  ->  Huddersfield Town A.F.C. (1938-1938, 8 apps)"
"Joe Jordan","United Kingdom",forward,7,"Greenock Morton F.C. (1968-1970, 8 apps)  ->  Leeds United F.C. (1970-1978, 170 apps)  ->  Manchester United F.C. (1978-1981, 109 apps)  ->  AC Milan (1981-1983, 52 apps)  ->  Hellas Verona FC (1983-1984, 12 apps)  ->  Southampton F.C. (1984-1987, 48 apps)  ->  Bristol City F.C. (1987-1988, 57 apps)"
"Joe Kinnear",Ireland,defender,2,"Tottenham Hotspur F.C. (1965-1975, 196 apps)  ->  Brighton & Hove Albion F.C. (1975-1976, 16 apps)"
"Joe McLaughlin","United Kingdom",defender,8,"Greenock Morton F.C. (1977-1983, 134 apps)  ->  Chelsea F.C. (1983-1989, 220 apps)  ->  Charlton Athletic F.C. (1989-1990, 31 apps)  ->  Watford F.C. (1990-1992, 46 apps)  ->  Falkirk F.C. (1992-1996, 87 apps)  ->  Hibernian F.C. (1996-1997, 18 apps)  ->  Clydebank F.C. (1997-2000, 76 apps)  ->  St. Mirren F.C. (2000-2000, 3 apps)"
"Joe Mercer","United Kingdom of Great Britain and Ireland, United Kingdom","wing half",2,"Everton F.C. (1932-1946, 186 apps)  ->  Arsenal F.C. (1946-1955, 247 apps)"
"Joe Nicholls","United Kingdom of Great Britain and Ireland, United Kingdom",goalkeeper,2,"Tottenham Hotspur F.C. (1927-1936, 124 apps)  ->  Bristol Rovers F.C. (1936-1939, 112 apps)"
"Joe Parkinson","United Kingdom",midfielder,3,"Wigan Athletic F.C. (1989-1993, 119 apps)  ->  AFC Bournemouth (1993-1993, 30 apps)  ->  Everton F.C. (1993-1999, 90 apps)"
"Joe Richardson","United Kingdom of Great Britain and Ireland, United Kingdom",full-back,1,"Newcastle United F.C. (1929-1938, 208 apps)"
"Joe Royle","United Kingdom",forward,4,"Everton F.C. (1966-1974, 232 apps)  ->  Manchester City F.C. (1974-1977, 99 apps)  ->  Bristol City F.C. (1977-1980, 101 apps)  ->  Norwich City F.C. (1980-1982, 42 apps)"
"Joe Shaw","United Kingdom of Great Britain and Ireland, United Kingdom",defender,1,"Arsenal F.C. (1907-1922, 309 apps)"
"Joe Spence","United Kingdom of Great Britain and Ireland, United Kingdom","inside forward",3,"Manchester United F.C. (1919-1933, 481 apps)  ->  Bradford City A.F.C. (1933-1935, 75 apps)  ->  Chesterfield F.C. (1935-1938, 58 apps)"
"Joe Toner","United Kingdom","wing half",2,"Arsenal F.C. (1919-1926, 89 apps)  ->  St Johnstone F.C. (1926-1927, 29 apps)"
"Joe Wade","United Kingdom of Great Britain and Ireland, United Kingdom","defender, full-back",1,"Arsenal F.C. (1946-1955, 86 apps)"
"Joe Willock","United Kingdom",midfielder,2,"Arsenal F.C. (2017-2021, 40 apps)  ->  Newcastle United F.C. (2021-?, 124 apps)"
Joelinton,Brazil,forward,4,"Sport Club do Recife (2014-2015, 34 apps)  ->  TSG 1899 Hoffenheim (2015-2019, 41 apps)  ->  SK Rapid Wien (2016-2018, 77 apps)  ->  Newcastle United F.C. (2019-?, 185 apps)"
"Joey Barton","United Kingdom",midfielder,6,"Manchester City F.C. (2002-2007, 130 apps)  ->  Newcastle United F.C. (2007-2011, 81 apps)  ->  Queens Park Rangers F.C. (2011-2015, 93 apps)  ->  Olympique de Marseille (2012-2013, 25 apps)  ->  Burnley F.C. (2015-2016, 38 apps)  ->  Rangers F.C. (2016-2016, ? apps)"
"Johan Cruyff","Kingdom of the Netherlands","midfielder, forward",6,"AFC Ajax (1964-1973, 240 apps)  ->  Los Angeles Aztecs (1979-1979, 23 apps)  ->  Washington Diplomats (1980-1981, 30 apps)  ->  Levante UD (1981-1981, 10 apps)  ->  AFC Ajax (1981-1983, 36 apps)  ->  Feyenoord Rotterdam (1983-1984, 33 apps)"
"Johan Djourou",Switzerland,"centre-back, defender",11,"Étoile Carouge FC (2002-2003, 10 apps)  ->  Arsenal F.C. (2003-2014, 86 apps)  ->  Birmingham City F.C. (2007-2008, 13 apps)  ->  Hannover 96 (2013-2013, 14 apps)  ->  Hamburger SV (2013-2014, 24 apps)  ->  Hamburger SV (2014-2017, 74 apps)  ->  Antalyaspor (2017-2018, 18 apps)  ->  SPAL (2018-2019, 5 apps)  ->  FC Sion (2020-2020, 2 apps)  ->  Neuchâtel Xamax FCS (2020-2020, 5 apps)  ->  FC Nordsjælland (2020-2021, 11 apps)"
"Johan Neeskens","Kingdom of the Netherlands",midfielder,7,"RCH (1968-1970, 68 apps)  ->  AFC Ajax (1970-1974, 124 apps)  ->  New York Cosmos (1979-1984, 94 apps)  ->  FC Groningen (1984-1985, 7 apps)  ->  Kansas City Comets (1985-1986, 23 apps)  ->  Fort Lauderdale Sun (1985-1985, 1 apps)  ->  Zug 94 (1990-1991, 1 apps)"
"John Aldridge",Ireland,forward,6,"South Liverpool F.C. (1978-1979, ? apps)  ->  Newport County A.F.C. (1979-1984, 170 apps)  ->  Oxford United F.C. (1984-1987, 114 apps)  ->  Liverpool F.C. (1987-1989, 83 apps)  ->  Real Sociedad (1989-1991, 63 apps)  ->  Tranmere Rovers F.C. (1991-1998, 243 apps)"
"John Anderson",Ireland,defender,3,"West Bromwich Albion F.C. (1976-1979, 0 apps)  ->  Preston North End F.C. (1979-1982, 51 apps)  ->  Newcastle United F.C. (1982-1992, 299 apps)"
"John Anderson","United Kingdom of Great Britain and Ireland, United Kingdom","wing half",2,"Arsenal F.C. (1896-1903, 144 apps)  ->  Portsmouth F.C. (1903-1904, 8 apps)"
"John Arne Riise",Norway,full-back,8,"Aalesunds FK (1997-1998, 25 apps)  ->  AS Monaco FC (1998-2001, 44 apps)  ->  Liverpool F.C. (2001-2008, 234 apps)  ->  AS Roma (2008-2011, 99 apps)  ->  Fulham F.C. (2011-2014, 87 apps)  ->  Odisha FC (2015-2016, 15 apps)  ->  Aalesunds FK (2016-2016, 10 apps)  ->  Chennaiyin FC (2016-2017, 10 apps)"
"John Aston, Jr.","United Kingdom","wing half",4,"Manchester United F.C. (1965-1972, 155 apps)  ->  Luton Town F.C. (1972-1977, 174 apps)  ->  Mansfield Town F.C. (1977-1978, 31 apps)  ->  Blackburn Rovers F.C. (1978-1979, 15 apps)"
"John Aston, Sr.","United Kingdom",full-back,1,"Manchester United F.C. (1946-1954, 253 apps)"
"John Bailey","United Kingdom",full-back,4,"Blackburn Rovers F.C. (1975-1979, 120 apps)  ->  Everton F.C. (1979-1986, 171 apps)  ->  Newcastle United F.C. (1986-1988, 40 apps)  ->  Bristol City F.C. (1988-1991, 80 apps)"
"John Barnes","Jamaica, United Kingdom","midfielder, wing half",4,"Watford F.C. (1981-1987, 233 apps)  ->  Liverpool F.C. (1987-1997, 314 apps)  ->  Newcastle United F.C. (1997-1999, 27 apps)  ->  Charlton Athletic F.C. (1999-1999, 12 apps)"
"John Barnwell","United Kingdom",midfielder,3,"Arsenal F.C. (1957-1964, 151 apps)  ->  Nottingham Forest F.C. (1964-1970, 186 apps)  ->  Sheffield United F.C. (1970-1970, 9 apps)"
"John Beresford","United Kingdom",full-back,10,"Manchester City F.C. (1983-1986, 0 apps)  ->  Finn Harps F.C. (1983-1984, 0 apps)  ->  Barnsley F.C. (1986-1989, 88 apps)  ->  Portsmouth F.C. (1989-1992, 107 apps)  ->  Newcastle United F.C. (1992-1998, 179 apps)  ->  Southampton F.C. (1998-2001, 17 apps)  ->  Birmingham City F.C. (1999-1999, 1 apps)  ->  Ossett Town F.C. (2001-2002, ? apps)  ->  Alfreton Town F.C. (2002-2002, ? apps)  ->  FC Halifax Town (2002-2002, ? apps)"
"John Bird","United Kingdom",defender,4,"Doncaster Rovers F.C. (1967-1971, 50 apps)  ->  Preston North End F.C. (1971-1975, 166 apps)  ->  Newcastle United F.C. (1975-1980, 87 apps)  ->  Hartlepool United F.C. (1980-1985, 151 apps)"
"John Boyle","United Kingdom",midfielder,4,"Chelsea F.C. (1964-1973, 198 apps)  ->  Brighton & Hove Albion F.C. (1973-1974, 10 apps)  ->  Leyton Orient F.C. (1974-1975, 18 apps)  ->  Tampa Bay Rowdies (1975-1975, 21 apps)"
"John Brownlie","United Kingdom",defender,6,"Hibernian F.C. (1970-1978, 211 apps)  ->  Newcastle United F.C. (1978-1982, 124 apps)  ->  Middlesbrough F.C. (1982-1984, 12 apps)  ->  Hartlepool United F.C. (1984-1985, 19 apps)  ->  Berwick Rangers F.C. (1985-1986, 15 apps)  ->  Blyth Spartans A.F.C. (1986-1987, 0 apps)"
"John Bumstead","United Kingdom",midfielder,2,"Chelsea F.C. (1978-1991, 339 apps)  ->  Charlton Athletic F.C. (1991-1993, 56 apps)"
"John Cameron","United Kingdom of Great Britain and Ireland, United Kingdom",forward,2,"Everton F.C. (1896-1898, 42 apps)  ->  Tottenham Hotspur F.C. (1898-1907, 111 apps)"
"John Carew",Norway,forward,9,"Vålerenga Fotball (1997-1999, 43 apps)  ->  Rosenborg BK (1999-2000, 17 apps)  ->  Valencia CF (2000-2004, 84 apps)  ->  AS Roma (2003-2004, 20 apps)  ->  Beşiktaş J.K. (Football) (2004-2005, 24 apps)  ->  Olympique Lyonnais (2005-2007, 35 apps)  ->  Aston Villa F.C. (2007-2011, 113 apps)  ->  West Ham United F.C. (2011-2012, 19 apps)  ->  Stoke City F.C. (2011-2011, 10 apps)"
"John Charles","United Kingdom",forward,7,"Leeds United F.C. (1948-1957, 297 apps)  ->  Juventus FC (1957-1962, 155 apps)  ->  Leeds United F.C. (1962-1962, 11 apps)  ->  AS Roma (1962-1963, 10 apps)  ->  Cardiff City F.C. (1963-1966, 69 apps)  ->  Hereford United F.C. (1966-1971, 173 apps)  ->  Merthyr Tydfil F.C. (1972-1974, 173 apps)"
"John Connelly","United Kingdom","wing half",4,"Burnley F.C. (1956-1964, 265 apps)  ->  Manchester United F.C. (1964-1966, 80 apps)  ->  Blackburn Rovers F.C. (1966-1970, 149 apps)  ->  Bury F.C. (1970-1973, 128 apps)"
"John Connolly","United Kingdom","wing half",8,"St Johnstone F.C. (1968-1972, 96 apps)  ->  Everton F.C. (1972-1976, 108 apps)  ->  Birmingham City F.C. (1976-1978, 57 apps)  ->  Newcastle United F.C. (1978-1980, 49 apps)  ->  Hibernian F.C. (1980-1982, 34 apps)  ->  Gateshead F.C. (1982-1982, ? apps)  ->  Blyth Spartans A.F.C. (1982-1983, ? apps)  ->  Gateshead F.C. (1983-1984, ? apps)"
"John Dempsey",Ireland,defender,6,"Fulham F.C. (1964-1969, ? apps)  ->  Chelsea F.C. (1969-1978, 166 apps)  ->  Philadelphia Fury (1978-1980, 81 apps)  ->  Philadelphia Fury (1978-1980, 81 apps)  ->  Dundalk F.C. (1983-1984, 8 apps)  ->  Falkirk F.C. (1983-1984, 8 apps)"
"John Devine",Ireland,full-back,5,"Arsenal F.C. (1978-1983, 112 apps)  ->  Norwich City F.C. (1983-1985, 53 apps)  ->  Stoke City F.C. (1985-1986, 15 apps)  ->  IK Start (1988-1989, 6 apps)  ->  Shamrock Rovers F.C. (1989-1991, 41 apps)"
"John Dick","United Kingdom of Great Britain and Ireland","forward, centre-back",2,"Arsenal F.C. (1898-1912, 266 apps)  ->  Crystal Palace F.C. (1906-1906, 1 apps)"
"John Downie","United Kingdom","forward, inside forward",10,"Bradford (Park Avenue) A.F.C. (1942-1949, 86 apps)  ->  Manchester United F.C. (1949-1953, 110 apps)  ->  Luton Town F.C. (1953-1954, 26 apps)  ->  Hull City A.F.C. (1954-1955, 27 apps)  ->  King's Lynn F.C. (1955-?, ? apps)  ->  Mansfield Town F.C. (1958-1959, 18 apps)  ->  Darlington F.C. (1959-1960, 15 apps)  ->  Hyde United F.C. (1960-1961, ? apps)  ->  Stalybridge Celtic F.C. (1961-1962, ? apps)  ->  Mossley A.F.C. (1961-1961, ? apps)"
"John Ebbrell","United Kingdom",midfielder,2,"Everton F.C. (1986-1997, 207 apps)  ->  Sheffield United F.C. (1997-1999, 1 apps)"
"John Evans","United Kingdom",forward,5,"Charlton Athletic F.C. (1949-1953, 90 apps)  ->  Liverpool F.C. (1953-1957, 96 apps)  ->  Colchester United F.C. (1957-1960, 56 apps)  ->  Romford F.C. (1960-1962, ? apps)  ->  Redbridge F.C. (1962-1965, ? apps)"
"John Fitzpatrick","United Kingdom",defender,1,"Manchester United F.C. (1963-1973, 117 apps)"
"John Gidman","United Kingdom",defender,6,"Aston Villa F.C. (1971-1979, 197 apps)  ->  Everton F.C. (1979-1981, 64 apps)  ->  Manchester United F.C. (1981-1986, 95 apps)  ->  Manchester City F.C. (1986-1988, 53 apps)  ->  Stoke City F.C. (1988-1989, 10 apps)  ->  Darlington F.C. (1989-1989, 13 apps)"
"John Grimwood","United Kingdom of Great Britain and Ireland",midfielder,4,"Manchester United F.C. (1919-1927, 196 apps)  ->  Blackpool F.C. (1927-1928, 9 apps)  ->  Aldershot F.C. (1927-1927, ? apps)  ->  Altrincham F.C. (1928-1932, ? apps)"
"John Hansen","Kingdom of Denmark",forward,4,"Boldklubben Frem (1943-1948, 86 apps)  ->  Juventus FC (1948-1954, 187 apps)  ->  SS Lazio (1954-1955, 27 apps)  ->  Boldklubben Frem (1957-1960, 28 apps)"
"John Harris","United Kingdom of Great Britain and Ireland, United Kingdom",defender,6,"Swindon Town F.C. (1932-1934, 0 apps)  ->  Swansea City A.F.C. (1934-1939, 28 apps)  ->  Wolverhampton Wanderers F.C. (1939-1945, 0 apps)  ->  Tottenham Hotspur F.C. (1939-1939, 0 apps)  ->  Chelsea F.C. (1945-1956, 326 apps)  ->  Chester City F.C. (1956-1957, 27 apps)"
"John Heitinga","Kingdom of the Netherlands",centre-back,6,"AFC Ajax (2001-2008, 152 apps)  ->  Atlético Madrid (2008-2009, 28 apps)  ->  Everton F.C. (2009-2014, 115 apps)  ->  Fulham F.C. (2014-2014, 14 apps)  ->  Hertha BSC (2014-2015, 13 apps)  ->  AFC Ajax (2015-2016, 2 apps)"
"John Hollins","United Kingdom",midfielder,5,"Chelsea F.C. (1963-1975, 436 apps)  ->  Queens Park Rangers F.C. (1975-1979, 151 apps)  ->  Arsenal F.C. (1979-1983, 127 apps)  ->  Chelsea F.C. (1983-1984, 29 apps)  ->  Cobh Ramblers F.C. (1989-1989, 1 apps)"
"John Hurst","United Kingdom",centre-back,2,"Everton F.C. (1964-1976, 347 apps)  ->  Oldham Athletic A.F.C. (1976-1981, 170 apps)"
"John Jensen","Kingdom of Denmark",midfielder,6,"Brøndby IF (1983-1988, 116 apps)  ->  Hamburger SV (1988-1990, 47 apps)  ->  Brøndby IF (1990-1992, 44 apps)  ->  Arsenal F.C. (1992-1996, 99 apps)  ->  Brøndby IF (1996-1999, 90 apps)  ->  Herfølge Boldklub (1999-2001, 40 apps)"
"John Lacy","United Kingdom",defender,4,"Kingstonian F.C. (1970-1971, 19 apps)  ->  Fulham F.C. (1971-1978, 168 apps)  ->  Tottenham Hotspur F.C. (1978-1983, 104 apps)  ->  Crystal Palace F.C. (1983-1984, 27 apps)"
"John Lindsay","United Kingdom of Great Britain and Ireland, United Kingdom",full-back,5,"Rangers F.C. (1946-1951, 17 apps)  ->  Everton F.C. (1951-1954, 105 apps)  ->  Worcester City F.C. (1954-1956, ? apps)  ->  Bury F.C. (1956-1957, 7 apps)  ->  South Liverpool F.C. (1957-1958, ? apps)"
"John Lukic","United Kingdom",goalkeeper,4,"Leeds United F.C. (1978-1983, 165 apps)  ->  Arsenal F.C. (1983-1990, 223 apps)  ->  Leeds United F.C. (1990-1996, 265 apps)  ->  Arsenal F.C. (1996-2001, 15 apps)"
"John Maconnachie","United Kingdom of Great Britain and Ireland, United Kingdom",defender,4,"Hibernian F.C. (1903-1907, 78 apps)  ->  Everton F.C. (1907-1920, 245 apps)  ->  Hibernian F.C. (1914-1914, 1 apps)  ->  Swindon Town F.C. (1920-1922, 56 apps)"
"John McGrath","United Kingdom",defender,4,"Bury F.C. (1955-1961, 148 apps)  ->  Newcastle United F.C. (1961-1968, 170 apps)  ->  Southampton F.C. (1968-1974, 168 apps)  ->  Brighton & Hove Albion F.C. (1973-1973, 3 apps)"
"John McNamee","United Kingdom","centre-back, defender",7,"Celtic F.C. (1960-1963, 27 apps)  ->  Hibernian F.C. (1963-1966, 77 apps)  ->  Newcastle United F.C. (1966-1971, 117 apps)  ->  Blackburn Rovers F.C. (1971-1973, 56 apps)  ->  Hartlepool United F.C. (1973-1974, 2 apps)  ->  Lancaster City F.C. (1974-1975, 0 apps)  ->  Workington A.F.C. (1975-1976, 2 apps)"
"John McTavish","United Kingdom",centre-back,3,"Manchester City F.C. (1953-1960, 93 apps)  ->  St. Mirren F.C. (1960-1964, 91 apps)  ->  Stranraer F.C. (1964-1965, 7 apps)"
"John Mortimore","United Kingdom",defender,2,"Chelsea F.C. (1956-1965, 249 apps)  ->  Queens Park Rangers F.C. (1965-1966, 10 apps)"
"John O'Shea",Ireland,centre-back,5,"Manchester United F.C. (1999-2011, 256 apps)  ->  AFC Bournemouth (2000-2000, 10 apps)  ->  Royal Antwerp F.C. (2001-2001, 14 apps)  ->  Sunderland A.F.C. (2011-2018, 226 apps)  ->  Reading F.C. (2018-2019, 9 apps)"
"John Pratt","United Kingdom",midfielder,2,"Tottenham Hotspur F.C. (1965-1979, 331 apps)  ->  Portland Timbers (1980-1982, 84 apps)"
"John Priestley","United Kingdom of Great Britain and Ireland, United Kingdom",defender,2,"Chelsea F.C. (1920-1928, 204 apps)  ->  Grimsby Town F.C. (1928-1931, 139 apps)"
"John Radford","United Kingdom",midfielder,4,"Arsenal F.C. (1964-1976, 481 apps)  ->  West Ham United F.C. (1976-1977, 28 apps)  ->  Blackburn Rovers F.C. (1977-1978, 38 apps)  ->  Bishop's Stortford F.C. (1978-?, ? apps)"
"John Sillett","United Kingdom",full-back,3,"Chelsea F.C. (1954-1962, 93 apps)  ->  Coventry City F.C. (1962-1966, 109 apps)  ->  Plymouth Argyle F.C. (1966-1968, 20 apps)"
"John Snedden","United Kingdom",defender,6,"Arsenal F.C. (1959-1965, 83 apps)  ->  Charlton Athletic F.C. (1965-1966, 20 apps)  ->  Leyton Orient F.C. (1966-1968, 27 apps)  ->  Halifax Town A.F.C. (1967-1967, 5 apps)  ->  Addington F.C. (1968-1968, ? apps)  ->  Sportfreunde Siegen (1969-?, ? apps)"
"John Spencer","United Kingdom",forward,10,"Greenock Morton F.C. (1988-1989, 4 apps)  ->  Rangers F.C. (1988-1992, 13 apps)  ->  Lai Sun F.C. (1989-1990, 24 apps)  ->  Chelsea F.C. (1992-1997, 103 apps)  ->  Queens Park Rangers F.C. (1996-1997, 25 apps)  ->  Queens Park Rangers F.C. (1997-1998, 23 apps)  ->  Motherwell F.C. (1998-1999, 21 apps)  ->  Everton F.C. (1998-1999, 6 apps)  ->  Motherwell F.C. (1999-2000, 33 apps)  ->  Colorado Rapids (2001-2004, 88 apps)"
"John Stones","United Kingdom","centre-back, defensive midfielder",3,"Barnsley F.C. (2011-2013, 24 apps)  ->  Everton F.C. (2013-2016, 77 apps)  ->  Manchester City F.C. (2016-?, 178 apps)"
"John Terry","United Kingdom",centre-back,3,"Chelsea F.C. (1998-2017, 492 apps)  ->  Nottingham Forest F.C. (2000-2000, 6 apps)  ->  Aston Villa F.C. (2017-2018, 32 apps)"
"John Toshack","United Kingdom",forward,3,"Cardiff City F.C. (1965-1970, 162 apps)  ->  Liverpool F.C. (1970-1978, 246 apps)  ->  Swansea City A.F.C. (1978-1984, 63 apps)"
"John Townrow","United Kingdom of Great Britain and Ireland, United Kingdom",defender,3,"Leyton Orient F.C. (1918-1927, 253 apps)  ->  Chelsea F.C. (1927-1932, 130 apps)  ->  Bristol Rovers F.C. (1932-1933, 10 apps)"
"John Tudor","United Kingdom",forward,6,"Ilkeston Town F.C. (1964-1966, 13 apps)  ->  Coventry City F.C. (1966-1969, 69 apps)  ->  Sheffield United F.C. (1968-1970, 71 apps)  ->  Newcastle United F.C. (1970-1976, 164 apps)  ->  Stoke City F.C. (1976-1977, 30 apps)  ->  KAA Gent (1977-1979, 40 apps)"
"John White","United Kingdom","midfielder, inside forward",3,"Alloa Athletic F.C. (1955-1958, 68 apps)  ->  Falkirk F.C. (1958-1959, 30 apps)  ->  Tottenham Hotspur F.C. (1959-1964, 183 apps)"
"John Willie Parker","United Kingdom","inside forward",2,"Everton F.C. (1947-1956, 167 apps)  ->  Bury F.C. (1956-1959, 82 apps)"
"Johnny Berry","United Kingdom","wing half",2,"Birmingham City F.C. (1946-1951, 104 apps)  ->  Manchester United F.C. (1951-1958, 247 apps)"
"Johnny Brooks","United Kingdom","inside forward",9,"Reading F.C. (1949-1953, 46 apps)  ->  Tottenham Hotspur F.C. (1953-1959, 166 apps)  ->  Chelsea F.C. (1959-1961, 46 apps)  ->  Brentford F.C. (1961-1963, 83 apps)  ->  Toronto City (1964-1964, ? apps)  ->  Stevenage Town F.C. (1964-1967, ? apps)  ->  Crystal Palace F.C. (1964-1964, 7 apps)  ->  Cambridge City F.C. (1967-1968, ? apps)  ->  Cleveland Stokers (1968-1968, 22 apps)"
"Johnny Carey",Ireland,centre-back,7,"Manchester United F.C. (1936-1953, 304 apps)  ->  St James's Gate F.C. (1936-1936, ? apps)  ->  Manchester City F.C. (1941-1942, 1 apps)  ->  Cardiff City F.C. (1941-1942, 1 apps)  ->  Shamrock Rovers F.C. (1941-1945, 2 apps)  ->  Everton F.C. (1942-1943, 2 apps)  ->  Middlesbrough F.C. (1942-1943, 1 apps)"
"Johnny Crossan","United Kingdom",forward,9,"Derry City F.C. (1954-1958, ? apps)  ->  Bristol City F.C. (1958-1959, 0 apps)  ->  Coleraine F.C. (1958-1958, 0 apps)  ->  Sparta Rotterdam (1959-1961, 20 apps)  ->  Standard Liège (1961-1962, 33 apps)  ->  Sunderland A.F.C. (1962-1965, 82 apps)  ->  Manchester City F.C. (1965-1967, 94 apps)  ->  Middlesbrough F.C. (1967-1970, 56 apps)  ->  K.S.K. Tongeren (1970-1975, 105 apps)"
"Johnny Giles",Ireland,midfielder,6,"Manchester United F.C. (1957-1963, 93 apps)  ->  Leeds United F.C. (1963-1975, 383 apps)  ->  West Bromwich Albion F.C. (1975-1977, 75 apps)  ->  Shamrock Rovers F.C. (1977-1983, 42 apps)  ->  Philadelphia Fury (1978-1978, 21 apps)  ->  Philadelphia Fury (1978-1978, 20 apps)"
"Johnny Hansen","Kingdom of Denmark",defender,4,"Vejle Boldklub (1962-1968, 150 apps)  ->  1. FC Nürnberg (1968-1970, 55 apps)  ->  FC Bayern Munich (1970-1976, 164 apps)  ->  Vejle Boldklub (1976-1978, 64 apps)"
"Johnny Holt","United Kingdom of Great Britain and Ireland, United Kingdom","midfielder, centre-back",1,"Everton F.C. (1888-1898, 225 apps)"
"Johnny MacLeod","United Kingdom","wing half",6,"Hibernian F.C. (1957-1961, 101 apps)  ->  Arsenal F.C. (1961-1964, 130 apps)  ->  Aston Villa F.C. (1964-1968, 125 apps)  ->  KV Mechelen (1968-1971, 116 apps)  ->  Raith Rovers F.C. (1971-1972, 15 apps)  ->  Newtongrange Star F.C. (1972-1975, 6 apps)"
"Johnny McNichol","United Kingdom of Great Britain and Ireland, United Kingdom","inside forward",5,"Newcastle United F.C. (1946-1948, 0 apps)  ->  Brighton & Hove Albion F.C. (1948-1952, 158 apps)  ->  Chelsea F.C. (1952-1958, 181 apps)  ->  Crystal Palace F.C. (1958-1963, 189 apps)  ->  Tunbridge Wells F.C. (1963-1967, ? apps)"
"Johnny Morris","United Kingdom","forward, inside forward",5,"Manchester United F.C. (1941-1949, 83 apps)  ->  Derby County F.C. (1949-1952, 130 apps)  ->  Leicester City F.C. (1952-1958, 206 apps)  ->  Corby Town F.C. (1958-1961, ? apps)  ->  Kettering Town F.C. (1961-1962, 37 apps)"
"Johnny Morrison","United Kingdom of Great Britain and Ireland, United Kingdom",forward,3,"Tottenham Hotspur F.C. (1931-1931, 0 apps)  ->  Northfleet United F.C. (1931-1932, ? apps)  ->  Tottenham Hotspur F.C. (1932-1939, 133 apps)"
"Johnny Morrissey","United Kingdom","wing half",3,"Liverpool F.C. (1957-1962, 36 apps)  ->  Everton F.C. (1962-1972, 259 apps)  ->  Oldham Athletic A.F.C. (1972-1973, 6 apps)"
"Johnny Wheeler","United Kingdom","wing half",4,"Tranmere Rovers F.C. (1946-1951, 101 apps)  ->  Bolton Wanderers F.C. (1951-1956, 189 apps)  ->  Liverpool F.C. (1956-1963, 164 apps)  ->  New Brighton A.F.C. (1963-?, ? apps)"
"Joleon Lescott","United Kingdom",centre-back,6,"Wolverhampton Wanderers F.C. (2000-2006, 212 apps)  ->  Everton F.C. (2006-2009, 113 apps)  ->  Manchester City F.C. (2009-2014, 107 apps)  ->  West Bromwich Albion F.C. (2014-2015, 36 apps)  ->  Aston Villa F.C. (2015-2016, 30 apps)  ->  Sunderland A.F.C. (2017-2017, 2 apps)"
"Jon Andoni Goikoetxea",Spain,forward,6,"Osasuna B (1982-1986, 46 apps)  ->  Club Atlético Osasuna (1985-1988, 119 apps)  ->  Real Sociedad (1988-1990, 94 apps)  ->  Athletic Club (1994-1997, 112 apps)  ->  Club Atlético Osasuna (1998-1999, 17 apps)  ->  Yokohama F. Marinos (1998-1998, 23 apps)"
"Jon Aurtenetxe",Spain,"centre-back, full-back",16,"SD Amorebieta (2001-2002, ? apps)  ->  Athletic Club (2002-2011, ? apps)  ->  Athletic Club (2009-2015, 105 apps)  ->  Athletic Bilbao B (2009-2011, 3 apps)  ->  RC Celta de Vigo (2013-2014, 20 apps)  ->  C.D. Tenerife (2015-2016, 24 apps)  ->  CD Mirandés (2016-2017, 18 apps)  ->  Dundee F.C. (2017-2018, 18 apps)  ->  SD Amorebieta (2017-2017, 2 apps)  ->  SD Amorebieta (2018-2018, 16 apps)  ->  CD Atlético Baleares (2019-2020, 23 apps)  ->  Adelaide Comets (2019-2019, 17 apps)  ->  Las Rozas CF (2021-2021, 16 apps)  ->  Miedź Legnica (2021-2023, 41 apps)  ->  SD Logroñés (2023-2024, 30 apps)  ->  SD Amorebieta (2024-2025, 5 apps)"
"Jon Sammels","United Kingdom",midfielder,4,"Arsenal F.C. (1963-1971, 215 apps)  ->  Leicester City F.C. (1971-1977, 241 apps)  ->  Vancouver Whitecaps (1978-1979, 54 apps)  ->  Nuneaton Town F.C. (1979-1980, ? apps)"
Jonas,"Brazil, Italy","wing half",6,"Guarani Futebol Clube (2005-2006, 25 apps)  ->  Santos F.C. (2006-2007, 20 apps)  ->  Grêmio FBPA (2007-2011, 74 apps)  ->  Associação Portuguesa de Desportos (2008-2009, 25 apps)  ->  Valencia CF (2011-2014, 112 apps)  ->  S.L. Benfica (2014-2019, 132 apps)"
"Jonathan Zebina",France,"centre-back, full-back",8,"AS Cannes (1997-1998, ? apps)  ->  Cagliari Calcio (1998-2000, 48 apps)  ->  AS Roma (2000-2004, 88 apps)  ->  Juventus FC (2004-2010, 98 apps)  ->  Brescia Calcio (2010-2011, 28 apps)  ->  Stade Brestois 29 (2011-2012, 28 apps)  ->  Toulouse FC (2012-2014, 27 apps)  ->  AC Arles (2014-2014, 6 apps)"
"Jonjo Shelvey","United Kingdom",midfielder,10,"Charlton Athletic F.C. (2008-2010, 42 apps)  ->  Liverpool F.C. (2010-2013, 47 apps)  ->  Blackpool F.C. (2011-2011, 10 apps)  ->  Swansea City A.F.C. (2013-2016, 79 apps)  ->  Newcastle United F.C. (2016-2023, 186 apps)  ->  Nottingham Forest F.C. (2023-2024, 8 apps)  ->  Çaykur Rizespor (2023-2024, 32 apps)  ->  Eyüpspor (2024-2025, 6 apps)  ->  Burnley F.C. (2025-2025, 2 apps)  ->  Arabian Falcons FC (2025-?, 1 apps)"
"Jonny Evans","United Kingdom, Ireland",centre-back,8,"Manchester United F.C. (2006-2015, 131 apps)  ->  Deportes Temuco (2006-2007, 18 apps)  ->  Royal Antwerp F.C. (2006-2006, 11 apps)  ->  Sunderland A.F.C. (2007-2007, 18 apps)  ->  Sunderland A.F.C. (2008-2008, 15 apps)  ->  West Bromwich Albion F.C. (2015-2018, 89 apps)  ->  Leicester City F.C. (2018-2023, 121 apps)  ->  Manchester United F.C. (2023-2025, 30 apps)"
"Jonás Gutiérrez",Argentina,"wing half",10,"Club Atlético Vélez Sarsfield (2001-2005, 110 apps)  ->  RCD Mallorca (2005-2008, 104 apps)  ->  Newcastle United F.C. (2008-2015, 205 apps)  ->  Norwich City F.C. (2014-2014, 4 apps)  ->  Deportivo de La Coruña (2015-2016, 17 apps)  ->  Defensa y Justicia (2016-2017, 29 apps)  ->  Club Atlético Independiente (2017-2018, 24 apps)  ->  Defensa y Justicia (2018-2019, 6 apps)  ->  Club Atlético Banfield (2019-2021, 21 apps)  ->  Club Almagro (2021-2021, 7 apps)"
"Jordan Henderson","United Kingdom",midfielder,6,"Sunderland A.F.C. (2008-2011, 71 apps)  ->  Coventry City F.C. (2009-2009, 10 apps)  ->  Liverpool F.C. (2011-2023, 360 apps)  ->  Al-Ettifaq FC (2023-2024, 17 apps)  ->  AFC Ajax (2024-2025, 37 apps)  ->  Brentford F.C. (2025-?, 32 apps)"
"Jordan Pickford","United Kingdom",goalkeeper,8,"Sunderland A.F.C. (2011-2017, 31 apps)  ->  Darlington F.C. (2012-2012, 17 apps)  ->  Burton Albion F.C. (2013-2013, 12 apps)  ->  Alfreton Town F.C. (2013-2013, 12 apps)  ->  Bradford City A.F.C. (2014-2015, 33 apps)  ->  Carlisle United F.C. (2014-2014, 18 apps)  ->  Preston North End F.C. (2015-2016, 24 apps)  ->  Everton F.C. (2017-?, 304 apps)"
"Jordi Alba",Spain,full-back,4,"Valencia CF Mestalla (2007-2008, ? apps)  ->  Gimnàstic de Tarragona (2008-2009, 35 apps)  ->  Valencia CF (2008-2012, 74 apps)  ->  Inter Miami CF (2023-2025, 65 apps)"
"Jorge Alberto Mendonça",Portugal,forward,4,"S.C. Braga (1956-1958, ? apps)  ->  Deportivo de La Coruña (1958-1958, 5 apps)  ->  Atlético Madrid (1958-1967, 167 apps)  ->  RCD Mallorca (1969-1970, 5 apps)"
"Jorge Campos",Mexico,"goalkeeper, forward",13,"Real Madrid Club de Fútbol (1988-1995, 183 apps)  ->  Atlante F.C. (1995-1996, 38 apps)  ->  LA Galaxy (1996-1997, 43 apps)  ->  Cruz Azul (1997-1997, 1 apps)  ->  Atlante F.C. (1997-1997, 6 apps)  ->  Pumas UNAM (1998-1999, 56 apps)  ->  Chicago Fire FC (1998-1998, 8 apps)  ->  Tigres UANL (1999-2000, 17 apps)  ->  Tigres UANL (2000-2000, 17 apps)  ->  Pumas UNAM (2000-2001, 33 apps)  ->  Atlante F.C. (2001-2001, 26 apps)  ->  Pumas UNAM (2001-2002, 33 apps)  ->  Puebla F.C. (2002-2004, 28 apps)"
"Jorge Griffa",Argentina,defender,3,"Newell's Old Boys (1954-1959, 92 apps)  ->  Atlético Madrid (1959-1969, 227 apps)  ->  RCD Espanyol de Barcelona (1969-1971, 24 apps)"
"Jorge Larena",Spain,midfielder,8,"UD Las Palmas Atlético (1997-2000, ? apps)  ->  UD Las Palmas (2000-2002, 69 apps)  ->  Atlético Madrid (2002-2005, 83 apps)  ->  RC Celta de Vigo (2005-2008, 78 apps)  ->  UD Las Palmas (2008-2011, 81 apps)  ->  Sociedad Deportiva Huesca (2012-2013, 55 apps)  ->  Recreativo de Huelva (2013-2014, 29 apps)  ->  AEK Larnaca F.C. (2014-?, ? apps)"
"Jorge López Montaña",Spain,midfielder,9,"CD Logroñés (1996-1999, ? apps)  ->  Las Rozas CF (1998-1998, ? apps)  ->  Villarreal CF (1999-2003, 134 apps)  ->  Valencia CF (2003-2007, 45 apps)  ->  RCD Mallorca (2004-2005, 29 apps)  ->  Racing de Santander (2007-2008, 36 apps)  ->  Real Zaragoza (2008-2011, 94 apps)  ->  KAA Gent (2013-2013, 15 apps)  ->  Cádiz Club de Fútbol (2014-2014, 11 apps)"
"Jorge Otero",Spain,defender,6,"RC Celta Fortuna (1986-1987, ? apps)  ->  RC Celta de Vigo (1987-1994, 222 apps)  ->  Valencia CF (1994-1997, 84 apps)  ->  Real Betis Balompié (1997-2001, 82 apps)  ->  Atlético Madrid (2001-2003, 32 apps)  ->  Elche CF (2003-2005, 46 apps)"
"Jorge Valdano","Argentina, Spain",forward,4,"Newell's Old Boys (1973-1975, 49 apps)  ->  Deportivo Alavés (1975-1979, 63 apps)  ->  Real Zaragoza (1979-1984, 143 apps)  ->  Real Madrid Club de Fútbol (1984-1987, 85 apps)"
Jorginho,"Brazil, Italy",midfielder,6,"A.C. Sambonifacese (2010-2011, 31 apps)  ->  Hellas Verona FC (2010-2014, 89 apps)  ->  SSC Napoli (2014-2018, 133 apps)  ->  Chelsea F.C. (2018-2023, 143 apps)  ->  Arsenal F.C. (2023-2025, 53 apps)  ->  Clube de Regatas do Flamengo (2025-?, 16 apps)"
"Joseba Etxeberria",Spain,forward,5,"CD Elgoibar (1986-1990, ? apps)  ->  Real Sociedad (1990-1993, ? apps)  ->  Real Sociedad B (1993-1995, 29 apps)  ->  Real Sociedad (1994-1995, 7 apps)  ->  Athletic Club (1995-2010, 514 apps)"
"Joseba Llorente",Spain,centre-forward,9,"Real Sociedad B (1998-2002, 64 apps)  ->  Real Sociedad (1999-2003, 24 apps)  ->  SD Eibar (2000-2000, 8 apps)  ->  SD Eibar (2003-2004, 34 apps)  ->  SD Eibar (2004-2005, 38 apps)  ->  Real Valladolid (2005-2008, 108 apps)  ->  Villarreal CF (2008-2010, 80 apps)  ->  Real Sociedad (2010-2013, 40 apps)  ->  Club Atlético Osasuna (2012-2013, 27 apps)"
"Josep Balaguer Berga",Spain,goalkeeper,1,"Valencia CF (1972-1981, 94 apps)"
"Josep Escolà",Spain,forward,3,"UE Sants (1932-1934, ? apps)  ->  RCD Espanyol de Barcelona (1933-1934, 2 apps)  ->  SC Sétois (1937-1939, 26 apps)"
"Josep Maria Fusté",Spain,midfielder,4,"FC Barcelona Atlètic (1953-1961, ? apps)  ->  CD Condal (1959-1961, ? apps)  ->  Club Atlético Osasuna (1960-1962, 26 apps)  ->  Hércules CF (1972-1973, 27 apps)"
"Josep Moratalla",Spain,defender,2,"Deportivo de La Coruña (1979-1980, 13 apps)  ->  FC Barcelona Atlètic (1980-1981, ? apps)"
"Josep Raich",Spain,midfielder,2,"SC Sétois (1937-1938, ? apps)  ->  AS Troyes (1938-1939, ? apps)"
"Josep Samitier",Spain,midfielder,4,"Futbol Club Internacional (1914-1917, ? apps)  ->  Futbol Club Internacional (1917-1919, ? apps)  ->  Real Madrid Club de Fútbol (1932-1934, 8 apps)  ->  OGC Nice (1936-1939, ? apps)"
"Josep Seguer",Spain,defender,3,"EC Granollers (1942-1943, ? apps)  ->  Real Betis Balompié (1957-1959, 18 apps)  ->  CE Manresa (1959-1961, ? apps)"
"Joseph Yobo",Nigeria,centre-back,8,"Standard Liège (1998-2001, 46 apps)  ->  Olympique de Marseille (2001-2003, 23 apps)  ->  C.D. Tenerife (2001-2002, 0 apps)  ->  Everton F.C. (2002-2003, 24 apps)  ->  Everton F.C. (2003-2012, 196 apps)  ->  Fenerbahçe Istanbul (2010-2012, 69 apps)  ->  Fenerbahçe Istanbul (2012-2014, 21 apps)  ->  Norwich City F.C. (2014-2014, 8 apps)"
"Joshua Kimmich",Germany,"midfielder, defender",2,"RB Leipzig (2013-2015, 53 apps)  ->  FC Bayern Munich (2015-?, 317 apps)"
Josico,Spain,midfielder,6,"Hellín CF (1994-1995, ? apps)  ->  Albacete Balompié (1995-1998, 97 apps)  ->  UD Las Palmas (1998-2002, 129 apps)  ->  Villarreal CF (2002-2008, 152 apps)  ->  Fenerbahçe Istanbul (2008-2009, 14 apps)  ->  UD Las Palmas (2009-2011, 37 apps)"
"Josu Urrutia",Spain,"defensive midfielder",3,"Athletic Club (1977-1986, ? apps)  ->  Athletic Bilbao B (1984-1990, 116 apps)  ->  Athletic Club (1988-2003, 401 apps)"
"José Altafini","Brazil, Italy",forward,7,"Esporte Clube XV de Novembro (1954-1956, 30 apps)  ->  Sociedade Esportiva Palmeiras (1956-1958, 114 apps)  ->  AC Milan (1958-1965, 205 apps)  ->  SSC Napoli (1965-1972, 180 apps)  ->  Juventus FC (1972-1976, 74 apps)  ->  FC Chiasso (1976-1979, 60 apps)  ->  FC Mendrisio (1979-1980, 20 apps)"
"José Antonio Camacho",Spain,"full-back, defender",2,"Albacete Balompié (1972-1973, ? apps)  ->  Real Madrid Club de Fútbol (1974-1989, 414 apps)"
"José Antonio García Calvo",Spain,defender,5,"Real Madrid C (1994-1995, 7 apps)  ->  Real Madrid Club de Fútbol (1996-1997, 16 apps)  ->  Real Valladolid (1997-2001, 128 apps)  ->  Atlético Madrid (2001-2006, 106 apps)  ->  Real Valladolid (2006-2009, 67 apps)"
"José Antonio Grande",Spain,midfielder,5,"Real Madrid Club de Fútbol (1967-1974, 83 apps)  ->  Rayo Vallecano (1967-1968, 30 apps)  ->  Racing de Santander (1973-1974, 33 apps)  ->  Granada CF (1974-1977, 92 apps)  ->  Palencia CF (1977-1978, ? apps)"
"José Antonio Ramos Huete",Spain,defender,3,"CE Mataró (1969-1971, ? apps)  ->  RCD Espanyol de Barcelona (1971-1976, 125 apps)  ->  FC Cartagena (1983-1983, 18 apps)"
"José Antonio Reyes",Spain,"wing half",12,"Sevilla Atlético (1999-2001, 32 apps)  ->  Sevilla FC (2000-2004, 86 apps)  ->  Arsenal F.C. (2004-2007, 69 apps)  ->  Real Madrid Club de Fútbol (2006-2007, 30 apps)  ->  Atlético Madrid (2007-2008, 103 apps)  ->  S.L. Benfica (2008-2009, 26 apps)  ->  Atlético Madrid (2009-2008, 103 apps)  ->  Sevilla FC (2012-2016, 109 apps)  ->  RCD Espanyol de Barcelona (2016-2017, 21 apps)  ->  Xinjiang Tianshan Leopard F.C. (2018-2018, 14 apps)  ->  Córdoba CF (2018-2018, 17 apps)  ->  Extremadura UD (2019-2019, 9 apps)"
"José Antonio Zaldúa",Spain,forward,3,"Real Valladolid (1960-1961, 34 apps)  ->  Club Atlético Osasuna (1964-1965, 8 apps)  ->  Centre d'Esports Sabadell Futbol Club (1971-1975, 128 apps)"
"José Argoitia",Spain,forward,5,"CD Baskonia (1957-1960, 46 apps)  ->  Athletic Club (1960-1972, 231 apps)  ->  SD Indautxu (1962-1962, 9 apps)  ->  Sestao Sport Club (1972-1973, ? apps)  ->  Racing de Santander (1973-1973, 5 apps)"
"José Artetxe",Spain,forward,2,"CD Getxo (1949-1950, ? apps)  ->  Athletic Club (1950-1965, 274 apps)"
"José Bosingwa",Portugal,full-back,7,"S.C. Freamunde (2000-2001, 11 apps)  ->  Boavista F.C. (2000-2003, 41 apps)  ->  FC Porto (2003-2008, 107 apps)  ->  Chelsea F.C. (2008-2012, 89 apps)  ->  Queens Park Rangers F.C. (2012-2013, 23 apps)  ->  Trabzonspor (2013-2015, 51 apps)  ->  Trabzonspor (2016-?, ? apps)"
"José Bravo",Spain,"wing half",2,"Gimnàstic de Tarragona (1949-1951, 41 apps)  ->  AD Ceuta (1951-1952, ? apps)"
"José Callejón",Spain,"wing half",7,"Real Madrid C (2006-2007, ? apps)  ->  RCD Espanyol de Barcelona (2008-2011, 97 apps)  ->  Real Madrid Club de Fútbol (2011-2013, 55 apps)  ->  SSC Napoli (2013-2020, 255 apps)  ->  ACF Fiorentina (2020-2022, 50 apps)  ->  Granada CF (2022-2024, 67 apps)  ->  UD Marbella (2024-2025, 38 apps)"
"José Carrete de Julián",Spain,defender,3,"Caudal Deportivo (1969-1971, ? apps)  ->  Real Oviedo (1971-1976, 146 apps)  ->  Valencia CF (1976-1983, 208 apps)"
"José Claramunt",Spain,midfielder,2,"Valencia CF Mestalla (1965-1966, 30 apps)  ->  Valencia CF (1966-1978, 294 apps)"
"José Emilio Amavisca",Spain,"midfielder, wing half",7,"SD Laredo (1988-1989, ? apps)  ->  Real Valladolid (1989-1994, 74 apps)  ->  UE Lleida (1991-1992, 37 apps)  ->  Real Madrid Club de Fútbol (1994-1998, 113 apps)  ->  Racing de Santander (1999-2001, 84 apps)  ->  Deportivo de La Coruña (2001-2004, 51 apps)  ->  RCD Espanyol de Barcelona (2004-2005, 22 apps)"
"José Enrique",Spain,full-back,8,"Atlético Levante UD (2004-2005, 19 apps)  ->  Levante UD (2004-2005, 19 apps)  ->  Valencia CF (2005-2006, 0 apps)  ->  RC Celta de Vigo (2005-2006, 14 apps)  ->  Villarreal CF (2006-2007, 23 apps)  ->  Newcastle United F.C. (2007-2011, 119 apps)  ->  Liverpool F.C. (2011-2016, 76 apps)  ->  Real Zaragoza (2016-2017, 27 apps)"
"José Eulogio Gárate","Argentina, Spain",forward,3,"SD Eibar (1963-1965, ? apps)  ->  SD Indautxu (1965-1966, 23 apps)  ->  Atlético Madrid (1966-1977, 241 apps)"
"José Francisco Molina",Spain,goalkeeper,8,"Valencia CF Mestalla (1989-1993, 18 apps)  ->  UD Alzira (1990-1991, 29 apps)  ->  Valencia CF (1993-1994, 0 apps)  ->  Villarreal CF (1993-1994, 18 apps)  ->  Albacete Balompié (1994-1995, 23 apps)  ->  Atlético Madrid (1995-2000, 189 apps)  ->  Deportivo de La Coruña (2000-2006, 169 apps)  ->  Levante UD (2006-2007, 34 apps)"
"José Francisco Rojo",Spain,forward,2,"Athletic Bilbao B (1965-1965, 3 apps)  ->  Athletic Club (1965-1982, 541 apps)"
"José García Castro",Spain,forward,5,"Sevilla FC (1953-1959, 101 apps)  ->  Real Madrid Club de Fútbol (1959-1961, 22 apps)  ->  Club Atlético River Plate (1961-1962, 18 apps)  ->  RCD Mallorca (1962-1963, 26 apps)  ->  Málaga CF (1964-1967, 65 apps)"
"José Gonzalvo",Spain,midfielder,3,"AD Ceuta FC (1941-1943, ? apps)  ->  Centre d'Esports Sabadell Futbol Club (1943-1944, 25 apps)  ->  Real Zaragoza (1952-1953, 35 apps)"
"José Gálvez Estévez",Spain,forward,5,"RCD Mallorca (1991-1993, 59 apps)  ->  Valencia CF (1993-1998, 88 apps)  ->  RCD Mallorca (1997-1998, 32 apps)  ->  Real Betis Balompié (1998-2002, 58 apps)  ->  Burgos CF (2001-2002, 26 apps)"
"José Iglesias Fernández",Spain,"wing half",7,"Zamora CF (1943-1944, ? apps)  ->  Real Valladolid (1944-1947, ? apps)  ->  UD Salamanca (1947-1949, ? apps)  ->  Racing de Santander (1949-1951, 32 apps)  ->  Real Madrid Club de Fútbol (1951-1959, 124 apps)  ->  Levante UD (1959-1960, 25 apps)  ->  Rayo Vallecano (1960-1961, 23 apps)"
"José Iraragorri",Spain,forward,3,"Athletic Club (1929-1936, 113 apps)  ->  Real Club España (1943-1946, ? apps)  ->  Athletic Club (1946-1949, 28 apps)"
"José Juncosa",Spain,forward,3,"CF Reus Deportiu (1941-1942, ? apps)  ->  RCD Espanyol de Barcelona (1942-1944, 44 apps)  ->  Atlético Madrid (1944-1955, 188 apps)"
"José Llopis Corona",Spain,defender,6,"Alicante CF (1939-1941, ? apps)  ->  Hércules CF (1941-1943, 17 apps)  ->  Real Madrid Club de Fútbol (1943-1948, 116 apps)  ->  Gimnàstic de Tarragona (1948-1949, 17 apps)  ->  RCD Mallorca (1949-1950, ? apps)  ->  CF Gandía (1950-1951, ? apps)"
"José Luis Caminero",Spain,midfielder,3,"Real Valladolid (1989-1993, 134 apps)  ->  Atlético Madrid (1993-1998, 149 apps)  ->  Real Valladolid (1998-2004, 155 apps)"
"José Luis Capón",Spain,"midfielder, defender",3,"Atlético Madrid (1970-1980, 200 apps)  ->  Burgos CF (1971-1972, 32 apps)  ->  Elche CF (1980-1981, 32 apps)"
"José Luis Gayà",Spain,full-back,2,"Valencia CF Mestalla (2012-2014, 65 apps)  ->  Valencia CF (2012-?, 321 apps)"
"José Luis Ispizua",Spain,goalkeeper,2,"Athletic Club (1928-1936, 81 apps)  ->  Real Valladolid (1940-1945, ? apps)"
"José Luis Martí",Spain,midfielder,5,"RCD Mallorca (1999-2000, 1 apps)  ->  C.D. Tenerife (2000-2003, 113 apps)  ->  Sevilla FC (2003-2008, 140 apps)  ->  RCD Mallorca (2008-2015, 191 apps)  ->  Real Sociedad (2008-2008, 22 apps)"
"José Luis Panizo",Spain,forward,2,"Athletic Club (1939-1955, 326 apps)  ->  SD Indautxu (1955-1956, ? apps)"
"José Luís Vidigal",Portugal,midfielder,8,"O Elvas C.A.D. (1992-1994, 60 apps)  ->  G.D. Estoril Praia (1994-1995, 27 apps)  ->  Sporting CP (1995-2000, 110 apps)  ->  SSC Napoli (2000-2004, 86 apps)  ->  US Livorno 1915 (2004-2005, 30 apps)  ->  Udinese Calcio (2005-2006, 23 apps)  ->  US Livorno 1915 (2006-2008, 18 apps)  ->  C.F. Estrela da Amadora (2008-2009, 15 apps)"
"José Manuel Jurado",Spain,midfielder,11,"Real Madrid Club de Fútbol (2005-2006, 6 apps)  ->  Atlético Madrid (2006-2010, 129 apps)  ->  RCD Mallorca (2008-2009, 41 apps)  ->  Schalke 04 (2010-2013, 65 apps)  ->  Spartak Moscow (2012-2013, 24 apps)  ->  Spartak Moscow (2013-2015, 53 apps)  ->  Watford F.C. (2015-2016, 30 apps)  ->  RCD Espanyol de Barcelona (2016-2018, 63 apps)  ->  Al Ahli FC (2018-2019, 18 apps)  ->  Cádiz Club de Fútbol (2019-2020, 15 apps)  ->  Changchun Yatai F.C. (2019-2019, 8 apps)"
"José Manuel Martínez Toral",Spain,defender,4,"FC Barcelona Atlètic (1978-1980, 51 apps)  ->  Real Murcia (1988-1991, 75 apps)  ->  Granada CF (1991-1992, 31 apps)  ->  CE Premià (1992-1993, ? apps)"
"José Manuel Ochotorena",Spain,goalkeeper,6,"Real Madrid Club de Fútbol (1982-1988, 29 apps)  ->  Valencia CF (1988-1992, 105 apps)  ->  C.D. Tenerife (1992-1994, 12 apps)  ->  CD Logroñés (1994-1995, 20 apps)  ->  Racing de Santander (1995-1997, 1 apps)  ->  CD Logroñés (1997-1998, 0 apps)"
"José Manuel Sempere",Spain,goalkeeper,3,"Valencia CF Mestalla (1977-1979, ? apps)  ->  RCD Espanyol de Barcelona (1979-1980, 0 apps)  ->  Valencia CF (1979-1995, 301 apps)"
"José Mari",Spain,forward,10,"Sevilla FC (1995-1997, 28 apps)  ->  Sevilla Atlético (1996-1997, 25 apps)  ->  Sevilla FC (1997-1997, 21 apps)  ->  Atlético Madrid (1997-1999, 84 apps)  ->  AC Milan (2000-2003, 52 apps)  ->  Atlético Madrid (2002-2003, 31 apps)  ->  Villarreal CF (2003-2007, 113 apps)  ->  Real Betis Balompié (2007-2008, 21 apps)  ->  Gimnàstic de Tarragona (2009-2010, 49 apps)  ->  Xerez C.D. (2010-2013, 80 apps)"
"José Mari Bakero",Spain,midfielder,2,"Real Sociedad (1980-1988, 223 apps)  ->  Tiburones Rojos de Veracruz (1997-1997, 17 apps)"
"José Maria Castellanos Ledo",Spain,defender,1,"Athletic Club (1928-1934, 147 apps)"
"José María Amorrortu",Spain,forward,4,"SD Indautxu (1971-1972, ? apps)  ->  CD Getxo (1972-1973, ? apps)  ->  Athletic Club (1973-1978, 99 apps)  ->  Real Zaragoza (1978-1983, 122 apps)"
"José María Belauste",Spain,midfielder,1,"Athletic Club (1906-1924, 300 apps)"
"José María Giménez",Uruguay,defender,2,"Danubio F.C. (2012-2013, 16 apps)  ->  Atlético Madrid (2013-?, 265 apps)"
"José María Igartua",Spain,defender,3,"Athletic Club (1968-1975, 118 apps)  ->  RC Celta de Vigo (1975-1977, 50 apps)  ->  Deportivo Alavés (1977-1981, 110 apps)"
"José María Lasa",Spain,"wing half",6,"CD Logroñés (1967-1968, ? apps)  ->  Real Valladolid (1968-1970, 57 apps)  ->  Granada CF (1970-1972, 58 apps)  ->  Athletic Club (1972-1978, 177 apps)  ->  Real Zaragoza (1978-1980, 52 apps)  ->  SCD Durango (1981-1983, ? apps)"
"José María Maguregui",Spain,midfielder,7,"CD Laudio (1950-1951, ? apps)  ->  Arenas Club de Getxo (1951-1952, ? apps)  ->  CD Getxo (1952-1952, ? apps)  ->  Athletic Club (1952-1961, 198 apps)  ->  Sevilla FC (1961-1963, 19 apps)  ->  RCD Espanyol de Barcelona (1963-1964, 14 apps)  ->  Recreativo de Huelva (1964-1965, 8 apps)"
"José María Noriega",Spain,forward,3,"Athletic Bilbao B (1977-1980, 108 apps)  ->  Athletic Club (1980-1987, 245 apps)  ->  C.D. Tenerife (1987-1989, 47 apps)"
"José María Núñez",Spain,full-back,4,"Athletic Bilbao B (1971-1973, 52 apps)  ->  Athletic Club (1973-1986, 252 apps)  ->  Sporting de Gijón (1976-1978, 67 apps)  ->  Sestao Sport Club (1986-1988, 71 apps)"
"José María Zárraga",Spain,midfielder,2,"Arenas Club de Getxo (1948-1949, ? apps)  ->  Real Madrid Club de Fútbol (1951-1962, 217 apps)"
"José Miguel Prieto",Spain,defender,3,"Albacete Balompié (1988-1989, 18 apps)  ->  Sevilla Atlético (1989-1990, ? apps)  ->  Sevilla FC (1990-2003, 251 apps)"
"José Muguerza",Spain,midfielder,2,"Athletic Club (1928-1936, 129 apps)  ->  Real Club España (1939-1942, ? apps)"
"José Orúe",Spain,defender,4,"CD Getxo (1949-1950, ? apps)  ->  Athletic Club (1950-1951, 1 apps)  ->  Barakaldo CF (1951-1952, ? apps)  ->  Athletic Club (1952-1968, 391 apps)"
"José Ramón Alexanko",Spain,centre-back,4,"CD Laudio (1972-1973, 23 apps)  ->  Athletic Bilbao B (1973-1976, 107 apps)  ->  Athletic Club (1976-1980, 116 apps)  ->  Deportivo Alavés (1976-1976, 5 apps)"
"José Ramón Gallego",Spain,"defensive midfielder",5,"SCD Durango (1978-1979, ? apps)  ->  Athletic Bilbao B (1979-1980, 34 apps)  ->  Athletic Club (1980-1991, 338 apps)  ->  Córdoba CF (1980-1981, 37 apps)  ->  Deportivo Alavés (1991-1992, 29 apps)"
"José Ramón Martínez Larrauri",Spain,defender,2,"SD Indautxu (1960-1965, 101 apps)  ->  Athletic Club (1965-1974, 200 apps)"
"José Ramón Sauto",Mexico,midfielder,1,"Real Madrid Club de Fútbol (1933-1944, 97 apps)"
"José Santamaría","Uruguay, Spain",defender,2,"Club Nacional de Football (1948-1957, ? apps)  ->  Real Madrid Club de Fútbol (1957-1966, 227 apps)"
"José Ufarte",Spain,"wing half",5,"Clube de Regatas do Flamengo (1958-1960, 5 apps)  ->  S.C. Corinthians Paulista (1961-1961, ? apps)  ->  Clube de Regatas do Flamengo (1961-1964, 106 apps)  ->  Atlético Madrid (1964-1974, 247 apps)  ->  Racing de Santander (1974-1976, 55 apps)"
"José Vicente Forment",Spain,forward,3,"Valencia CF Mestalla (1966-1969, 46 apps)  ->  CD Castellón (1969-1970, 31 apps)  ->  Valencia CF (1970-1974, 86 apps)"
"José Vicente Sánchez",Spain,midfielder,3,"FC Barcelona Atlètic (1975-1976, 20 apps)  ->  Real Murcia (1986-1988, 70 apps)  ->  Centre d'Esports Sabadell Futbol Club (1988-1990, 51 apps)"
"José Ángel Iribar",Spain,goalkeeper,3,"Zarautz KE (1958-1961, ? apps)  ->  CD Baskonia (1961-1962, 34 apps)  ->  Athletic Club (1962-1980, 614 apps)"
"José Ángel Rojo",Spain,midfielder,4,"SD Indautxu (1968-1969, 33 apps)  ->  Athletic Bilbao B (1969-1970, 29 apps)  ->  Athletic Club (1970-1977, 143 apps)  ->  Racing de Santander (1977-1980, 70 apps)"
"José Ángel Ziganda",Spain,centre-forward,4,"Osasuna B (1985-1987, 47 apps)  ->  Club Atlético Osasuna (1987-1991, 131 apps)  ->  Athletic Club (1991-1998, 291 apps)  ->  Club Atlético Osasuna (1998-2001, 89 apps)"
"João Cancelo",Portugal,full-back,9,"S.L. Benfica B (2012-2014, 51 apps)  ->  S.L. Benfica (2014-2015, 1 apps)  ->  Valencia CF (2014-2015, 10 apps)  ->  Valencia CF (2015-2018, 64 apps)  ->  Inter Milan (2017-2018, 26 apps)  ->  Juventus FC (2018-2019, 25 apps)  ->  Manchester City F.C. (2019-2024, 98 apps)  ->  FC Bayern Munich (2023-2023, 15 apps)  ->  Al Hilal SFC (2024-?, 24 apps)"
"João Félix",Portugal,forward,7,"S.L. Benfica B (2016-2018, 30 apps)  ->  S.L. Benfica (2018-2019, 26 apps)  ->  Atlético Madrid (2019-2024, 96 apps)  ->  Chelsea F.C. (2023-2023, 16 apps)  ->  Chelsea F.C. (2024-2025, 12 apps)  ->  AC Milan (2025-2025, 15 apps)  ->  Al-Nassr (2025-?, 30 apps)"
"Joël Matip","Cameroon, Germany","centre-back, full-back",2,"Schalke 04 (2009-2016, 194 apps)  ->  Liverpool F.C. (2016-2024, 150 apps)"
"Joško Gvardiol",Croatia,defender,4,"GNK Dinamo Zagreb (2019-2020, 13 apps)  ->  RB Leipzig (2020-2023, 59 apps)  ->  GNK Dinamo Zagreb (2020-2021, 23 apps)  ->  Manchester City F.C. (2023-?, 81 apps)"
Juan,Brazil,"centre-back, defender",5,"Clube de Regatas do Flamengo (1996-2002, 75 apps)  ->  Bayer 04 Leverkusen (2002-2007, 139 apps)  ->  AS Roma (2007-2012, 117 apps)  ->  S.C. Internacional (2012-2015, 67 apps)  ->  Clube de Regatas do Flamengo (2016-2019, 27 apps)"
"Juan Alberto Schiaffino",Uruguay,midfielder,3,"Club Atlético Peñarol (1943-1954, 227 apps)  ->  AC Milan (1954-1960, 149 apps)  ->  AS Roma (1960-1962, 39 apps)"
"Juan Alonso",Spain,goalkeeper,3,"CD Logroñés (1946-1947, ? apps)  ->  Racing Club de Ferrol (1947-1949, ? apps)  ->  Real Madrid Club de Fútbol (1949-1960, 225 apps)"
"Juan Araújo Pino",Spain,forward,4,"Xerez C.D. (1943-1945, ? apps)  ->  Sevilla FC (1945-1956, 207 apps)  ->  Córdoba CF (1956-1957, ? apps)  ->  Xerez C.D. (1957-1958, ? apps)"
"Juan Arza",Spain,forward,5,"CD Málaga (1942-1943, ? apps)  ->  Málaga CF (1942-1943, ? apps)  ->  Sevilla FC (1943-1959, 349 apps)  ->  Unión Deportiva Almería (1959-1960, ? apps)  ->  CA Almería (1959-1960, 19 apps)"
"Juan Bautista Agüero",Paraguay,forward,4,"Club Olimpia (1955-1958, ? apps)  ->  Sevilla FC (1958-1965, 116 apps)  ->  Real Madrid Club de Fútbol (1965-1966, 5 apps)  ->  Granada CF (1966-1967, 13 apps)"
"Juan Camilo Zúñiga",Colombia,full-back,6,"Atlético Nacional (2002-2008, 121 apps)  ->  Siena FC (2008-2009, 28 apps)  ->  SSC Napoli (2009-2018, 125 apps)  ->  Bologna F.C. 1909 (2016-2016, 9 apps)  ->  Watford F.C. (2016-2017, 21 apps)  ->  Atlético Nacional (2018-2018, 4 apps)"
"Juan Carlos Arteche",Spain,defender,3,"Racing de Santander (1975-1978, 48 apps)  ->  Gimnástica de Torrelavega (1975-1976, 25 apps)  ->  Atlético Madrid (1978-1989, 308 apps)"
"Juan Carlos Pérez López",Spain,midfielder,4,"Rayo Cantabria (1964-1966, ? apps)  ->  Gimnástica de Torrelavega (1965-1966, ? apps)  ->  Racing de Santander (1966-1968, 34 apps)  ->  Racing de Santander (1975-1978, 75 apps)"
"Juan Carlos Tacchi",Argentina,midfielder,6,"Newell's Old Boys (1953-1953, 15 apps)  ->  Club Atlético Lanús (1954-1954, 27 apps)  ->  Ferro Carril Oeste (1955-1955, 20 apps)  ->  Torino FC (1956-1958, 48 apps)  ->  US Alessandria Calcio 1912 (1958-1960, 57 apps)  ->  SSC Napoli (1960-1966, 127 apps)"
"Juan Carlos Touriño",Argentina,defender,4,"Quilmes Atlético Club (1966-1970, ? apps)  ->  Real Madrid Club de Fútbol (1970-1976, 106 apps)  ->  Quilmes Atlético Club (1977-1977, 112 apps)  ->  Deportivo Independiente Medellín (1977-1977, 17 apps)"
"Juan Carlos Unzué",Spain,goaltender,6,"Osasuna B (1984-1986, 2 apps)  ->  Club Atlético Osasuna (1986-1988, 26 apps)  ->  Sevilla FC (1990-1997, 257 apps)  ->  C.D. Tenerife (1997-1999, 35 apps)  ->  Real Oviedo (1999-2001, 7 apps)  ->  Club Atlético Osasuna (2001-2003, 48 apps)"
"Juan Carlos Álvarez",Spain,midfielder,5,"Unión Popular de Langreo (1971-1974, ? apps)  ->  Hércules CF (1974-1976, 62 apps)  ->  Valencia CF (1976-1978, 45 apps)  ->  Sevilla FC (1978-1985, 221 apps)  ->  Hércules CF (1985-1987, 46 apps)"
"Juan Cruz Sol",Spain,defender,3,"Valencia CF (1965-1975, 229 apps)  ->  Real Madrid Club de Fútbol (1975-1979, 110 apps)  ->  Valencia CF (1979-1981, 8 apps)"
"Juan Cuadrado",Colombia,full-back,10,"Deportivo Independiente Medellín (2008-2009, 30 apps)  ->  Udinese Calcio (2009-2012, 20 apps)  ->  US Lecce (2011-2012, 33 apps)  ->  ACF Fiorentina (2012-2015, 85 apps)  ->  Chelsea F.C. (2015-2017, 14 apps)  ->  Juventus FC (2015-2017, 58 apps)  ->  Juventus FC (2017-2023, 166 apps)  ->  Inter Milan (2023-2024, 10 apps)  ->  Atalanta BC (2024-2025, 23 apps)  ->  Pisa SC (2025-?, 19 apps)"
"Juan Francisco Rodríguez Herrera",Spain,defender,5,"UD Las Palmas (1984-1987, 100 apps)  ->  Real Zaragoza (1987-1990, 95 apps)  ->  Atlético Madrid (1990-1994, 120 apps)  ->  Sevilla FC (1994-1996, 42 apps)  ->  CF Extremadura (1996-2000, 105 apps)"
"Juan José Nogués",Spain,goalkeeper,2,"Real Zaragoza (1928-1930, ? apps)  ->  Real Zaragoza (1930-1930, ? apps)"
"Juan José Valencia",Spain,goalkeeper,9,"Antiguoko (1986-1990, ? apps)  ->  Athletic Club (1990-1991, ? apps)  ->  Barakaldo CF (1991-1991, 7 apps)  ->  Athletic Bilbao B (1991-1992, 23 apps)  ->  Athletic Club (1992-1999, 195 apps)  ->  Sevilla FC (1999-2000, 18 apps)  ->  Sporting de Gijón (2000-2004, 120 apps)  ->  Gimnàstic de Tarragona (2004-2006, 38 apps)  ->  Racing de Santander (2006-2006, 1 apps)"
"Juan Manuel Asensi",Spain,midfielder,4,"Elche CF Ilicitano (1966-1967, ? apps)  ->  Elche CF (1967-1970, 80 apps)  ->  Puebla F.C. (1980-1982, 69 apps)  ->  Club de Fútbol Oaxtepec (1982-1983, 29 apps)"
"Juan Manuel López",Spain,defender,2,"Atlético Madrid B (1988-1991, 15 apps)  ->  Atlético Madrid (1991-2001, 156 apps)"
"Juan María Zorriketa",Spain,defender,4,"Athletic Club (1958-1970, 116 apps)  ->  Barakaldo CF (1959-1960, ? apps)  ->  SD Indautxu (1962-1963, ? apps)  ->  Sestao Sport Club (1970-1971, ? apps)"
"Juan Mata",Spain,"forward, wing half",7,"Valencia CF (2007-2011, 129 apps)  ->  Chelsea F.C. (2011-2014, 82 apps)  ->  Manchester United F.C. (2014-2022, 196 apps)  ->  Galatasaray S.K. (2022-2023, 16 apps)  ->  Vissel Kobe (2023-2024, 1 apps)  ->  Western Sydney Wanderers FC (2024-2025, 23 apps)  ->  Melbourne Victory FC (2025-?, 0 apps)"
"Juan Santisteban",Spain,midfielder,5,"Real Madrid Club de Fútbol (1956-1961, 83 apps)  ->  Venezia F.C. (1961-1963, 39 apps)  ->  Real Madrid Club de Fútbol (1963-1964, 3 apps)  ->  Real Betis Balompié (1965-1966, 5 apps)  ->  Baltimore Bays (1967-1968, 39 apps)"
"Juan Sánchez Romero",Spain,forward,6,"Valencia CF Mestalla (1991-1993, 20 apps)  ->  Valencia CF (1992-1994, 17 apps)  ->  RCD Mallorca (1993-1994, 37 apps)  ->  RC Celta de Vigo (1994-1999, 159 apps)  ->  Valencia CF (1999-2004, 125 apps)  ->  RC Celta de Vigo (2004-2006, 23 apps)"
"Juan Vizcaíno",Spain,midfielder,7,"Gimnàstic de Tarragona (1983-1986, ? apps)  ->  Deportivo Aragón (1986-1988, ? apps)  ->  Real Zaragoza (1988-1990, 86 apps)  ->  Atlético Madrid (1990-1998, 255 apps)  ->  Real Valladolid (1998-2000, 55 apps)  ->  Elche CF (2000-2001, 20 apps)  ->  Gimnàstic de Tarragona (2001-2002, 26 apps)"
"Juan Zambudio Velasco",Spain,goalkeeper,3,"Centre d'Esports Sabadell Futbol Club (1954-1954, ? apps)  ->  Centre d'Esports Sabadell Futbol Club (1955-1956, 168 apps)  ->  Centre d'Esports Sabadell Futbol Club (1958-1958, 168 apps)"
"Juanfran Torres",Spain,full-back,6,"Real Madrid C (2002-2005, 56 apps)  ->  Real Madrid Club de Fútbol (2004-2006, 6 apps)  ->  RCD Espanyol de Barcelona (2005-2006, 30 apps)  ->  Club Atlético Osasuna (2006-2011, 148 apps)  ->  Atlético Madrid (2011-2019, 243 apps)  ->  São Paulo FC (2019-2021, 37 apps)"
Juanito,Spain,forward,8,"Atlético Madrid (1972-1974, 0 apps)  ->  Burgos CF (1973-1974, 26 apps)  ->  Burgos CF (1973-1977, 104 apps)  ->  Burgos CF (1974-1977, 78 apps)  ->  Real Madrid Club de Fútbol (1977-1987, 284 apps)  ->  Málaga CF (1987-1989, 71 apps)  ->  CD Málaga (1987-1989, 71 apps)  ->  Real Jaén (1989-1990, ? apps)"
"Jude Bellingham","United Kingdom",midfielder,3,"Birmingham City F.C. (2019-2020, 41 apps)  ->  Borussia Dortmund (2020-2023, 92 apps)  ->  Real Madrid Club de Fútbol (2023-?, 86 apps)"
"Julen Guerrero",Spain,"inside forward",3,"Athletic Club (1982-1991, ? apps)  ->  Athletic Bilbao B (1992-1992, 12 apps)  ->  Athletic Club (1992-2006, 372 apps)"
"Jules Koundé",France,defender,2,"FC Girondins de Bordeaux (2017-2019, 55 apps)  ->  Sevilla FC (2019-2022, 95 apps)"
"Julian Brandt",Germany,"wing half, attacking midfielder",3,"Bayer 04 Leverkusen II (2014-2014, 1 apps)  ->  Bayer 04 Leverkusen (2014-2019, 165 apps)  ->  Borussia Dortmund (2019-?, 197 apps)"
"Julian Weigl",Germany,"defensive midfielder",6,"TSV 1860 München (2014-2015, 38 apps)  ->  Borussia Dortmund (2015-2019, 116 apps)  ->  S.L. Benfica (2020-2023, 77 apps)  ->  Borussia Mönchengladbach (2022-2023, 23 apps)  ->  Borussia Mönchengladbach (2023-2025, 64 apps)  ->  Al Qadsiah FC (2025-?, ? apps)"
"Julien Escudé",France,defender,5,"AS Cannes (1998-1999, 21 apps)  ->  Stade Rennais F.C. (1999-2003, 111 apps)  ->  AFC Ajax (2003-2006, 61 apps)  ->  Sevilla FC (2006-2012, 164 apps)  ->  Beşiktaş J.K. (Football) (2012-2014, ? apps)"
"Julio Alberto",Spain,defender,2,"Atlético Madrid (1977-1982, 67 apps)  ->  Recreativo de Huelva (1979-1980, 8 apps)"
"Julio César Benítez",Uruguay,"defender, full-back",3,"Racing Club de Montevideo (1955-1959, ? apps)  ->  Real Valladolid (1959-1960, 26 apps)  ->  Real Zaragoza (1960-1961, 30 apps)"
"Julio Prieto Martín",Spain,midfielder,8,"Atlético Madrid B (1979-1981, 27 apps)  ->  CD Castellón (1981-1982, 20 apps)  ->  Atlético Madrid (1981-1987, 166 apps)  ->  RC Celta de Vigo (1987-1990, 107 apps)  ->  Atlético Madrid (1990-1991, 12 apps)  ->  CP Mérida (1991-1993, 52 apps)  ->  Mérida UD (1991-1993, 52 apps)  ->  Talavera CF (1993-1995, 63 apps)"
"Julio Ricardo Cruz",Argentina,forward,7,"Club Atlético Banfield (1993-1996, 65 apps)  ->  Club Atlético River Plate (1996-1997, 29 apps)  ->  Feyenoord Rotterdam (1997-2000, 86 apps)  ->  Bologna F.C. 1909 (2000-2003, 88 apps)  ->  Inter Milan (2003-2009, 125 apps)  ->  SS Lazio (2009-2010, 25 apps)  ->  Unión de Santa Fe (2026-2026, 1 apps)"
"Julio Salinas",Spain,forward,7,"Athletic Bilbao B (1981-1984, 97 apps)  ->  Athletic Club (1982-1986, 104 apps)  ->  Atlético Madrid (1986-1988, 89 apps)  ->  Deportivo de La Coruña (1994-1995, 32 apps)  ->  Sporting de Gijón (1995-1996, 60 apps)  ->  Yokohama F. Marinos (1997-1998, 57 apps)  ->  Deportivo Alavés (1998-2000, 52 apps)"
"Julián Rubio",Spain,midfielder,4,"Albacete Balompié (1968-1969, ? apps)  ->  Ontinyent CF (1969-1972, ? apps)  ->  Sevilla FC (1972-1979, 161 apps)  ->  Albacete Balompié (1981-1984, ? apps)"
"Jupp Kapellmann",Germany,"midfielder, forward",4,"Alemannia Aachen (1968-1970, 42 apps)  ->  1. FC Köln (1970-1973, 91 apps)  ->  FC Bayern Munich (1973-1979, 165 apps)  ->  TSV 1860 München (1979-1981, 40 apps)"
"Justin Edinburgh","United Kingdom",defender,4,"Southend United F.C. (1988-1990, 37 apps)  ->  Tottenham Hotspur F.C. (1990-2000, 215 apps)  ->  Portsmouth F.C. (2000-2003, 34 apps)  ->  Billericay Town F.C. (2003-2006, ? apps)"
"Justo Tejada",Spain,forward,6,"CD Condal (1951-1952, ? apps)  ->  FC Barcelona Atlètic (1951-1952, ? apps)  ->  Real Murcia (1952-1953, ? apps)  ->  CD Condal (1952-1953, ? apps)  ->  Real Madrid Club de Fútbol (1961-1963, 33 apps)  ->  RCD Espanyol de Barcelona (1963-1965, 16 apps)"
"Jérémy Doku",Belgium,forward,3,"R.S.C. Anderlecht (2019-2020, 34 apps)  ->  Stade Rennais F.C. (2020-2023, 75 apps)  ->  Manchester City F.C. (2023-?, 86 apps)"
"Jérémy Mathieu",France,"centre-back, full-back",4,"FC Sochaux-Montbéliard (2002-2005, 86 apps)  ->  Toulouse FC (2005-2009, 86 apps)  ->  Valencia CF (2009-2014, 126 apps)  ->  Sporting CP (2017-2020, 71 apps)"
"Jérémy Ménez",France,"wing half",11,"FC Sochaux-Montbéliard (2004-2006, 55 apps)  ->  AS Monaco FC (2006-2008, 57 apps)  ->  AS Roma (2008-2011, 84 apps)  ->  Paris Saint-Germain FC (2011-2014, 79 apps)  ->  AC Milan (2014-2016, 43 apps)  ->  FC Girondins de Bordeaux (2016-2017, 26 apps)  ->  Antalyaspor (2017-2017, 7 apps)  ->  Club América (2018-2019, 18 apps)  ->  Paris FC (2019-2020, 17 apps)  ->  AS Reggina 1914 (2020-2023, 67 apps)  ->  SSC Bari (2023-2024, 10 apps)"
"Jérôme Boateng",Germany,"centre-back, defender",7,"Hertha BSC (2007-2007, 10 apps)  ->  Hamburger SV (2007-2010, 75 apps)  ->  Manchester City F.C. (2010-2011, 16 apps)  ->  FC Bayern Munich (2011-2021, 229 apps)  ->  Olympique Lyonnais (2021-2023, 32 apps)  ->  U.S. Salernitana 1919 (2024-2024, 7 apps)  ->  LASK Linz (2024-2025, 9 apps)"
"Jörg Heinrich","German Democratic Republic, Germany",midfielder,12,"FSV Optik Rathenow (1988-1989, 11 apps)  ->  FSV Velten (1989-1990, 34 apps)  ->  Kickers Emden (1990-1994, 80 apps)  ->  SC Freiburg (1994-1996, 41 apps)  ->  Borussia Dortmund (1996-1998, 81 apps)  ->  ACF Fiorentina (1998-2000, 57 apps)  ->  Borussia Dortmund (2000-2003, 63 apps)  ->  1. FC Köln (2003-2004, 20 apps)  ->  Ludwigsfelder FC (2004-2005, 25 apps)  ->  1. FC Union Berlin (2005-2006, 15 apps)  ->  TSV Chemie Premnitz (2006-2007, 12 apps)  ->  FSV Velten (2007-2008, ? apps)"
"Júlio César",Brazil,goalkeeper,7,"Clube de Regatas do Flamengo (1998-2005, 130 apps)  ->  Inter Milan (2005-2012, 228 apps)  ->  AC ChievoVerona (2005-2005, 0 apps)  ->  Queens Park Rangers F.C. (2012-2014, 24 apps)  ->  Toronto FC (2014-2014, 7 apps)  ->  S.L. Benfica (2014-2017, 57 apps)  ->  Clube de Regatas do Flamengo (2018-2018, 1 apps)"
"Júlio César",Brazil,"centre-back, defender",9,"Guarani Futebol Clube (1979-1986, 54 apps)  ->  Stade Brestois 29 (1986-1987, 32 apps)  ->  Montpellier Hérault Sport Club (1987-1990, 93 apps)  ->  Juventus FC (1990-1994, 91 apps)  ->  Borussia Dortmund (1994-1999, 80 apps)  ->  Botafogo F.R. (1998-1998, 16 apps)  ->  Panathinaikos F.C. (1999-1999, 3 apps)  ->  SV Werder Bremen (1999-2000, 12 apps)  ->  Rio Branco Esporte Clube (2001-2001, 12 apps)"
"Jürgen Klinsmann",Germany,forward,9,"Stuttgarter Kickers (1981-1984, 61 apps)  ->  VfB Stuttgart (1984-1989, 156 apps)  ->  Inter Milan (1989-1992, 95 apps)  ->  AS Monaco FC (1992-1994, 65 apps)  ->  Tottenham Hotspur F.C. (1994-1995, 41 apps)  ->  FC Bayern Munich (1995-1997, 65 apps)  ->  U.C. Sampdoria (1997-1998, 8 apps)  ->  Tottenham Hotspur F.C. (1998-1998, 15 apps)  ->  Orange County Blue Star (2003-2003, 8 apps)"
"Jürgen Kohler",Germany,defender,5,"SV Waldhof Mannheim (1983-1987, 95 apps)  ->  1. FC Köln (1987-1989, 57 apps)  ->  FC Bayern Munich (1989-1991, 55 apps)  ->  Juventus FC (1991-1995, 102 apps)  ->  Borussia Dortmund (1995-2002, 191 apps)"
"Jürgen Rynio",Germany,goalkeeper,7,"Eintracht Gelsenkirchen (1966-1967, 11 apps)  ->  Karlsruher SC (1967-1968, 21 apps)  ->  1. FC Nürnberg (1968-1969, 25 apps)  ->  Borussia Dortmund (1969-1974, 92 apps)  ->  Rot-Weiss Essen (1974-1976, 26 apps)  ->  FC St. Pauli (1976-1979, 106 apps)  ->  Hannover 96 (1979-1986, 196 apps)"
"Jürgen Schütz",Germany,midfielder,10,"Borussia Dortmund (1959-1963, 85 apps)  ->  AS Roma (1963-1964, 15 apps)  ->  A.C.R. Messina (1964-1965, 6 apps)  ->  Torino FC (1965-1966, 14 apps)  ->  AS Roma (1966-1967, 6 apps)  ->  Brescia Calcio (1967-1968, 20 apps)  ->  TSV 1860 München (1968-1969, 20 apps)  ->  Borussia Dortmund (1969-1972, 73 apps)  ->  Rot-Weiss Essen (1972-1974, ? apps)  ->  Rot-Weiß Lüdenscheid (1972-1973, ? apps)"
"Kai Havertz",Germany,"forward, attacking midfielder",3,"Bayer 04 Leverkusen (2016-2020, 118 apps)  ->  Chelsea F.C. (2020-2023, 91 apps)  ->  Arsenal F.C. (2023-?, 72 apps)"
"Kakha Kaladze",Georgia,defender,5,"FC Dinamo Tbilisi (1993-1998, 82 apps)  ->  FC Samtredia (1993-1993, 3 apps)  ->  FC Dynamo Kyiv (1998-2001, 71 apps)  ->  AC Milan (2001-2010, 194 apps)  ->  Genoa CFC (2010-2012, 53 apps)"
"Kaká","Brazil, Italy",midfielder,6,"São Paulo FC (2001-2003, 59 apps)  ->  AC Milan (2003-2009, 193 apps)  ->  Real Madrid Club de Fútbol (2009-2013, 85 apps)  ->  AC Milan (2013-2014, 30 apps)  ->  Orlando City SC (2014-2017, 75 apps)  ->  São Paulo FC (2014-2014, 19 apps)"
"Kalidou Koulibaly","Senegal, France",centre-back,5,"FC Metz (2010-2012, 41 apps)  ->  K.R.C. Genk (2012-2014, 64 apps)  ->  SSC Napoli (2014-2022, 236 apps)  ->  Chelsea F.C. (2022-2023, 23 apps)  ->  Al Hilal SFC (2023-?, 78 apps)"
"Karim Benzema",France,forward,4,"Olympique Lyonnais (2004-2009, 112 apps)  ->  Real Madrid Club de Fútbol (2009-2023, 439 apps)  ->  Al Ittihad FC (2023-2026, 64 apps)  ->  Al Hilal SFC (2026-?, 7 apps)"
"Karl Aage Hansen","Kingdom of Denmark",midfielder,6,"Akademisk Boldklub (1941-1948, ? apps)  ->  Huddersfield Town A.F.C. (1948-1949, 15 apps)  ->  Atalanta BC (1949-1950, 37 apps)  ->  Juventus FC (1950-1953, 86 apps)  ->  U.C. Sampdoria (1953-1954, 29 apps)  ->  Catania FC (1954-1957, 79 apps)"
"Karl Aage Præst","Kingdom of Denmark",forward,3,"Østerbros Boldklub (1940-1949, ? apps)  ->  Juventus FC (1949-1956, 232 apps)  ->  SS Lazio (1956-1957, 7 apps)"
"Karl Köhle",Germany,,2,"TSV 1860 München (1945-1946, 17 apps)  ->  FC Bayern Munich (1946-1951, 91 apps)"
"Karl-Heinz Borutta",Germany,midfielder,2,"Schalke 04 (1954-1960, 121 apps)  ->  FC Bayern Munich (1960-1967, 150 apps)"
"Karl-Heinz Riedle",Germany,forward,8,"FC Augsburg (1983-1986, 80 apps)  ->  SV Blau Weiss Berlin (1986-1987, 34 apps)  ->  SpVgg Blau-Weiß 1890 Berlin (1986-1987, 34 apps)  ->  SV Werder Bremen (1987-1990, 86 apps)  ->  SS Lazio (1990-1993, 84 apps)  ->  Borussia Dortmund (1993-1997, 87 apps)  ->  Liverpool F.C. (1997-1999, 60 apps)  ->  Fulham F.C. (1999-2001, 34 apps)"
"Karl-Heinz Rummenigge",Germany,forward,3,"FC Bayern Munich (1974-1984, 310 apps)  ->  Inter Milan (1984-1987, 64 apps)  ->  Servette FC (1987-1989, 50 apps)"
"Karl-Heinz Schnellinger",Germany,defender,6,"SG Düren 99 (1956-1958, ? apps)  ->  1. FC Köln (1958-1963, 84 apps)  ->  AS Roma (1963-1965, 29 apps)  ->  Mantova 1911 (1963-1964, 33 apps)  ->  AC Milan (1965-1974, 222 apps)  ->  Tennis Borussia Berlin (1974-1975, 19 apps)"
"Kasey Keller","United States",goalkeeper,11,"Portland Timbers (1989-1989, 10 apps)  ->  Portland Timbers (1989-1990, 10 apps)  ->  Portland Timbers (1989-1990, 10 apps)  ->  Millwall F.C. (1992-1996, 176 apps)  ->  Leicester City F.C. (1996-1999, 99 apps)  ->  Rayo Vallecano (1999-2001, 51 apps)  ->  Tottenham Hotspur F.C. (2001-2005, 85 apps)  ->  Southampton F.C. (2004-2004, 4 apps)  ->  Borussia Mönchengladbach (2005-2007, 78 apps)  ->  Fulham F.C. (2007-2008, 13 apps)  ->  Seattle Sounders FC (2009-2011, 93 apps)"
"Keisuke Honda",Japan,"midfielder, forward",11,"Nagoya Grampus (2004-2007, 90 apps)  ->  VVV-Venlo (2007-2009, 68 apps)  ->  PFC CSKA Moscow (2009-2013, 94 apps)  ->  AC Milan (2014-2017, 82 apps)  ->  CF Pachuca (2017-2018, 29 apps)  ->  Melbourne Victory FC (2018-2019, 20 apps)  ->  SBV Vitesse (2019-2019, 4 apps)  ->  Botafogo F.R. (2020-2020, 22 apps)  ->  Neftchi Baku PFC (2021-2021, 8 apps)  ->  FK Sūduva (2021-2022, 6 apps)  ->  Paro FC (2024-2024, 6 apps)"
"Keith Curle","United Kingdom","centre-back, defender",10,"Bristol Rovers F.C. (1981-1983, 32 apps)  ->  Torquay United F.C. (1983-1984, 16 apps)  ->  Bristol City F.C. (1984-1987, 121 apps)  ->  Reading F.C. (1987-1988, 40 apps)  ->  Wimbledon F.C. (1988-1991, 93 apps)  ->  Manchester City F.C. (1991-1996, 174 apps)  ->  Wolverhampton Wanderers F.C. (1996-2000, 150 apps)  ->  Sheffield United F.C. (2000-2002, 57 apps)  ->  Mansfield Town F.C. (2002-2005, 14 apps)  ->  Barnsley F.C. (2002-2002, 11 apps)"
"Keith Gillespie","United Kingdom","wing half",12,"Manchester United F.C. (1993-1995, 9 apps)  ->  Wigan Athletic F.C. (1993-1993, 8 apps)  ->  Newcastle United F.C. (1995-1998, 113 apps)  ->  Blackburn Rovers F.C. (1998-2003, 115 apps)  ->  Wigan Athletic F.C. (2000-2001, 5 apps)  ->  Leicester City F.C. (2003-2005, 42 apps)  ->  Sheffield United F.C. (2005-2009, 97 apps)  ->  Charlton Athletic F.C. (2008-2008, 6 apps)  ->  Glentoran F.C. (2009-2010, 33 apps)  ->  Bradford City A.F.C. (2009-2009, 3 apps)  ->  Darlington F.C. (2010-2010, 3 apps)  ->  Longford Town F.C. (2011-2013, 61 apps)"
"Keith Osgood","United Kingdom",defender,6,"Tottenham Hotspur F.C. (1972-1977, 113 apps)  ->  Coventry City F.C. (1978-1979, 24 apps)  ->  Derby County F.C. (1979-1981, 69 apps)  ->  Leyton Orient F.C. (1981-1983, 36 apps)  ->  Cambridge United F.C. (1984-1985, 35 apps)  ->  Helsingin Jalkapalloklubi (1984-1984, 10 apps)"
"Ken Armstrong","United Kingdom of Great Britain and Ireland, United Kingdom","wing half",6,"Chelsea F.C. (1946-1957, 362 apps)  ->  Gisborne City AFC (1957-1958, ? apps)  ->  North Shore United AFC (1959-1964, ? apps)  ->  Eastern Suburbs AFC (1965-1966, ? apps)  ->  North Shore United AFC (1967-1970, ? apps)  ->  University-Mount Wellington (1970-1971, 1 apps)"
"Ken Barnes","United Kingdom",defender,3,"Stafford Rangers F.C. (1947-1950, ? apps)  ->  Manchester City F.C. (1950-1961, 258 apps)  ->  Wrexham A.F.C. (1961-1965, 132 apps)"
"Ken Branagan","United Kingdom",defender,2,"Manchester City F.C. (1950-1959, 197 apps)  ->  Oldham Athletic A.F.C. (1959-1966, 176 apps)"
"Ken Campbell","United Kingdom of Great Britain and Ireland, United Kingdom",goalkeeper,6,"Liverpool F.C. (1911-1920, 125 apps)  ->  Partick Thistle F.C. (1920-1922, ? apps)  ->  New Brighton A.F.C. (1922-1923, ? apps)  ->  Stoke City F.C. (1923-1925, 35 apps)  ->  Leicester City F.C. (1925-1929, 79 apps)  ->  New Brighton A.F.C. (1929-1931, 55 apps)"
"Ken Monkou","Kingdom of the Netherlands",centre-back,4,"Feyenoord Rotterdam (1985-1988, 43 apps)  ->  Chelsea F.C. (1989-1992, 94 apps)  ->  Southampton F.C. (1992-1999, 198 apps)  ->  Huddersfield Town A.F.C. (1999-2000, 21 apps)"
"Kenny Clements","United Kingdom",defender,6,"Manchester City F.C. (1972-1979, 119 apps)  ->  Oldham Athletic A.F.C. (1979-1985, 206 apps)  ->  Manchester City F.C. (1985-1988, 106 apps)  ->  Bury F.C. (1988-1990, 81 apps)  ->  Limerick F.C. (1990-1990, 8 apps)  ->  Shrewsbury Town F.C. (1990-1991, 20 apps)"
"Kenny Dalglish","United Kingdom",forward,2,"Celtic F.C. (1969-1977, 204 apps)  ->  Liverpool F.C. (1977-1990, 355 apps)"
"Kenny Sansom","United Kingdom",full-back,8,"Crystal Palace F.C. (1975-1980, 172 apps)  ->  Arsenal F.C. (1980-1988, 314 apps)  ->  Newcastle United F.C. (1988-1989, 20 apps)  ->  Queens Park Rangers F.C. (1989-1991, 64 apps)  ->  Coventry City F.C. (1991-1993, 51 apps)  ->  Brentford F.C. (1993-1993, 8 apps)  ->  Everton F.C. (1993-1993, 6 apps)  ->  Watford F.C. (1994-1994, 1 apps)"
"Kenny Swain","United Kingdom",midfielder,7,"Wycombe Wanderers F.C. (1973-1973, 6 apps)  ->  Chelsea F.C. (1973-1978, 119 apps)  ->  Aston Villa F.C. (1978-1983, 148 apps)  ->  Nottingham Forest F.C. (1983-1985, 112 apps)  ->  Portsmouth F.C. (1985-1988, 113 apps)  ->  West Bromwich Albion F.C. (1987-1988, 7 apps)  ->  Crewe Alexandra F.C. (1988-1992, 126 apps)"
"Kenny Wharton","United Kingdom",full-back,4,"Newcastle United F.C. (1978-1989, 290 apps)  ->  Bradford City A.F.C. (1989-1990, 5 apps)  ->  Carlisle United F.C. (1989-1990, 1 apps)  ->  Berwick Rangers F.C. (1989-1990, 2 apps)"
"Kepa Arrizabalaga",Spain,goalkeeper,10,"Athletic Club (2004-2012, ? apps)  ->  CD Baskonia (2011-2013, 31 apps)  ->  Athletic Bilbao B (2012-2016, 50 apps)  ->  Sociedad Deportiva Ponferradina (2015-2015, 20 apps)  ->  Real Valladolid (2015-2016, 39 apps)  ->  Athletic Club (2016-2018, 53 apps)  ->  Chelsea F.C. (2018-2025, 109 apps)  ->  Real Madrid Club de Fútbol (2023-2024, 14 apps)  ->  AFC Bournemouth (2024-2025, 31 apps)  ->  Arsenal F.C. (2025-?, ? apps)"
"Kerry Dixon","United Kingdom",forward,9,"Oxford United F.C. (1979-1980, ? apps)  ->  Reading F.C. (1980-1983, 116 apps)  ->  Chelsea F.C. (1983-1992, 335 apps)  ->  Southampton F.C. (1992-1993, 9 apps)  ->  Luton Town F.C. (1993-1995, 75 apps)  ->  Millwall F.C. (1995-1996, 31 apps)  ->  Watford F.C. (1996-1996, 11 apps)  ->  Doncaster Rovers F.C. (1996-1997, 16 apps)  ->  Basildon United F.C. (1997-1997, ? apps)"
"Kevin Baron","United Kingdom of Great Britain and Ireland, United Kingdom",forward,9,"Liverpool F.C. (1945-1954, 140 apps)  ->  Southend United F.C. (1954-1958, 138 apps)  ->  Northampton Town F.C. (1958-1959, 25 apps)  ->  Wisbech Town F.C. (1959-1960, ? apps)  ->  Ebbsfleet United F.C. (1959-1959, ? apps)  ->  Aldershot F.C. (1960-1961, 6 apps)  ->  Cambridge City F.C. (1961-1961, ? apps)  ->  Bedford Town F.C. (1961-1962, ? apps)  ->  Maldon & Tiptree football club (1962-1963, ? apps)"
"Kevin Bond","United Kingdom",defender,8,"Norwich City F.C. (1974-1981, 142 apps)  ->  Seattle Sounders (1981-1981, 30 apps)  ->  Manchester City F.C. (1981-1984, 110 apps)  ->  Southampton F.C. (1984-1988, 140 apps)  ->  AFC Bournemouth (1988-1992, 126 apps)  ->  Exeter City F.C. (1992-1994, 19 apps)  ->  Sittingbourne F.C. (1994-1995, 2 apps)  ->  Dover Athletic F.C. (1995-1996, ? apps)"
"Kevin Brock","United Kingdom",midfielder,5,"Oxford United F.C. (1979-1987, 246 apps)  ->  Queens Park Rangers F.C. (1987-1989, 40 apps)  ->  Newcastle United F.C. (1989-1994, 145 apps)  ->  Cardiff City F.C. (1994-1994, 14 apps)  ->  Oxford City F.C. (1996-1998, 54 apps)"
"Kevin Campbell","United Kingdom",forward,8,"Arsenal F.C. (1988-1995, 166 apps)  ->  Leicester City F.C. (1989-1989, 11 apps)  ->  Leyton Orient F.C. (1989-1989, 16 apps)  ->  Nottingham Forest F.C. (1995-1998, 80 apps)  ->  Trabzonspor (1996-1999, 17 apps)  ->  Everton F.C. (1999-2005, 137 apps)  ->  West Bromwich Albion F.C. (2005-2006, 45 apps)  ->  Cardiff City F.C. (2006-2009, 19 apps)"
"Kevin Carr","United Kingdom",goalkeeper,5,"Newcastle United F.C. (1976-1985, 173 apps)  ->  Carlisle United F.C. (1985-1987, 17 apps)  ->  Darlington F.C. (1986-1986, 3 apps)  ->  Hartlepool United F.C. (1987-1988, 31 apps)  ->  Blyth Spartans A.F.C. (1988-?, ? apps)"
"Kevin De Bruyne",Belgium,midfielder,6,"K.R.C. Genk (2008-2012, 97 apps)  ->  Chelsea F.C. (2012-2014, 3 apps)  ->  SV Werder Bremen (2012-2013, 33 apps)  ->  VfL Wolfsburg (2014-2015, 52 apps)  ->  Manchester City F.C. (2015-2025, 285 apps)  ->  SSC Napoli (2025-?, 18 apps)"
"Kevin Großkreutz",Germany,full-back,8,"Rot Weiss Ahlen (2006-2007, 2 apps)  ->  Borussia Dortmund (2009-2015, 176 apps)  ->  Galatasaray S.K. (2015-2016, 0 apps)  ->  VfB Stuttgart (2016-2017, 26 apps)  ->  Galatasaray S.K. (2016-2016, 0 apps)  ->  SV Darmstadt 98 (2017-2018, 27 apps)  ->  KFC Uerdingen 05 (2018-2020, 45 apps)  ->  TuS Bövinghausen (2021-2023, 54 apps)"
"Kevin Hitchcock","United Kingdom",goalkeeper,6,"Nottingham Forest F.C. (1983-1984, 0 apps)  ->  Mansfield Town F.C. (1984-1984, 14 apps)  ->  Chelsea F.C. (1988-2001, 96 apps)  ->  Northampton Town F.C. (1990-1990, 17 apps)  ->  West Ham United F.C. (1993-1993, 0 apps)  ->  Watford F.C. (2001-2004, 0 apps)"
"Kevin Horlock","United Kingdom",midfielder,9,"West Ham United F.C. (1991-1992, 0 apps)  ->  Swindon Town F.C. (1992-1997, 164 apps)  ->  Manchester City F.C. (1997-2003, 206 apps)  ->  West Ham United F.C. (2003-2004, 27 apps)  ->  Ipswich Town F.C. (2004-2006, 58 apps)  ->  Doncaster Rovers F.C. (2006-2006, 13 apps)  ->  Needham Market F.C. (2008-2015, 16 apps)  ->  Scunthorpe United F.C. (2008-2008, 0 apps)  ->  Mansfield Town F.C. (2008-2008, 5 apps)"
"Kevin Keegan","United Kingdom",forward,6,"Scunthorpe United F.C. (1968-1971, 124 apps)  ->  Liverpool F.C. (1971-1977, 230 apps)  ->  Hamburger SV (1977-1980, 90 apps)  ->  Southampton F.C. (1980-1982, 68 apps)  ->  Newcastle United F.C. (1982-1984, 78 apps)  ->  Blacktown City FC (1985-1985, 2 apps)"
"Kevin Kilbane","United Kingdom",defender,9,"Preston North End F.C. (1995-1997, 48 apps)  ->  West Bromwich Albion F.C. (1997-1999, 106 apps)  ->  Sunderland A.F.C. (1999-2003, 113 apps)  ->  Everton F.C. (2003-2006, 104 apps)  ->  Wigan Athletic F.C. (2006-2009, 76 apps)  ->  Hull City A.F.C. (2009-2012, 51 apps)  ->  Huddersfield Town A.F.C. (2011-2011, 24 apps)  ->  Derby County F.C. (2011-2011, 9 apps)  ->  Coventry City F.C. (2012-2012, 6 apps)"
"Kevin McAllister","United Kingdom","wing half",7,"Falkirk F.C. (1983-1985, 64 apps)  ->  Chelsea F.C. (1985-1991, 106 apps)  ->  Falkirk F.C. (1987-1988, 6 apps)  ->  Falkirk F.C. (1991-1993, 82 apps)  ->  Hibernian F.C. (1993-1997, 109 apps)  ->  Falkirk F.C. (1997-2002, 150 apps)  ->  Albion Rovers F.C. (2002-2004, 48 apps)"
"Kevin Moran",Ireland,defender,5,"Bohemian F.C. (1974-1975, 1 apps)  ->  Bohemian F.C. (1975-1976, ? apps)  ->  Manchester United F.C. (1978-1988, 231 apps)  ->  Sporting de Gijón (1988-1990, 33 apps)  ->  Blackburn Rovers F.C. (1990-1994, 147 apps)"
"Kevin Nolan","United Kingdom",midfielder,4,"Bolton Wanderers F.C. (1999-2009, 296 apps)  ->  Newcastle United F.C. (2009-2011, 85 apps)  ->  West Ham United F.C. (2011-2015, 141 apps)  ->  Leyton Orient F.C. (2016-?, ? apps)"
"Kevin Ratcliffe","United Kingdom",centre-back,6,"Everton F.C. (1980-1992, 348 apps)  ->  Cardiff City F.C. (1992-1993, 25 apps)  ->  Dundee F.C. (1992-1992, 4 apps)  ->  Nottingham Forest F.C. (1993-1993, 0 apps)  ->  Derby County F.C. (1994-1994, 6 apps)  ->  Chester City F.C. (1994-1995, 23 apps)"
"Kevin Reeves","United Kingdom",forward,4,"AFC Bournemouth (1974-1977, 63 apps)  ->  Norwich City F.C. (1977-1980, 119 apps)  ->  Manchester City F.C. (1980-1983, 130 apps)  ->  Burnley F.C. (1983-1984, 31 apps)"
"Kevin Richardson","United Kingdom",midfielder,9,"Everton F.C. (1980-1986, 109 apps)  ->  Watford F.C. (1986-1987, 39 apps)  ->  Arsenal F.C. (1987-1990, 96 apps)  ->  Real Sociedad (1990-1991, 37 apps)  ->  Aston Villa F.C. (1991-1995, 141 apps)  ->  Coventry City F.C. (1995-1997, 78 apps)  ->  Southampton F.C. (1997-1998, 28 apps)  ->  Barnsley F.C. (1998-2000, 30 apps)  ->  Blackpool F.C. (2000-2000, 11 apps)"
"Kevin Scott","United Kingdom",defender,8,"Newcastle United F.C. (1984-1994, 227 apps)  ->  Tottenham Hotspur F.C. (1994-1997, 18 apps)  ->  Port Vale F.C. (1995-1995, 17 apps)  ->  Charlton Athletic F.C. (1996-1997, 4 apps)  ->  Norwich City F.C. (1997-1997, 5 apps)  ->  Darlington F.C. (1999-1999, 4 apps)  ->  Guisborough Town F.C. (1999-2001, ? apps)  ->  Crook Town A.F.C. (2001-?, ? apps)"
"Kevin Sheedy","United Kingdom, Ireland",midfielder,5,"Hereford United F.C. (1975-1978, 51 apps)  ->  Liverpool F.C. (1978-1982, 3 apps)  ->  Everton F.C. (1982-1992, 274 apps)  ->  Newcastle United F.C. (1992-1993, 37 apps)  ->  Blackpool F.C. (1993-1994, 26 apps)"
"Kevin Strootman","Kingdom of the Netherlands",midfielder,9,"Sparta Rotterdam (2008-2011, 72 apps)  ->  PSV Eindhoven (2011-2013, 62 apps)  ->  FC Utrecht (2011-2011, 14 apps)  ->  AS Roma (2013-2018, 102 apps)  ->  Olympique de Marseille (2018-2023, 62 apps)  ->  Genoa CFC (2021-2021, 18 apps)  ->  Cagliari Calcio (2021-2022, 10 apps)  ->  Genoa CFC (2022-2023, 30 apps)  ->  Genoa CFC (2023-2024, 27 apps)"
"Kevin Wilson","United Kingdom",forward,7,"Derby County F.C. (1979-1985, 124 apps)  ->  Ipswich Town F.C. (1985-1987, 98 apps)  ->  Chelsea F.C. (1987-1992, 152 apps)  ->  Notts County F.C. (1992-1994, 69 apps)  ->  Walsall F.C. (1994-1997, 125 apps)  ->  Bradford City A.F.C. (1994-1994, 5 apps)  ->  Northampton Town F.C. (1997-2001, 31 apps)"
"Kevin-Prince Boateng","Germany, Ghana","midfielder, forward",15,"Hertha BSC (2005-2007, 42 apps)  ->  Tottenham Hotspur F.C. (2007-2009, 14 apps)  ->  Portsmouth F.C. (2009-2010, 22 apps)  ->  Borussia Dortmund (2009-2009, 10 apps)  ->  Genoa CFC (2010-2010, 0 apps)  ->  AC Milan (2010-2013, 100 apps)  ->  Schalke 04 (2013-2015, 46 apps)  ->  AC Milan (2016-2016, 14 apps)  ->  UD Las Palmas (2016-2017, 28 apps)  ->  Eintracht Frankfurt (2017-2018, 31 apps)  ->  US Sassuolo Calcio (2018-2019, 13 apps)  ->  ACF Fiorentina (2019-2020, 15 apps)  ->  Beşiktaş J.K. (Football) (2020-2020, 11 apps)  ->  AC Monza (2020-2021, 25 apps)  ->  Hertha BSC (2021-2023, 38 apps)"
"Keylor Navas","Costa Rica, Spain",goalkeeper,9,"Deportivo Saprissa (2005-2010, 73 apps)  ->  Albacete Balompié (2010-2012, 36 apps)  ->  Levante UD (2011-2012, 1 apps)  ->  Levante UD (2012-2014, 46 apps)  ->  Real Madrid Club de Fútbol (2014-2019, 104 apps)  ->  Paris Saint-Germain FC (2019-2024, 75 apps)  ->  Nottingham Forest F.C. (2023-2023, 17 apps)  ->  Newell's Old Boys (2025-2025, 14 apps)  ->  Pumas UNAM (2025-?, 16 apps)"
"Khvicha Kvaratskhelia",Georgia,"midfielder, forward",7,"FC Dinamo Tbilisi (2017-2018, 4 apps)  ->  FC Rustavi (2018-2019, 18 apps)  ->  FC Lokomotiv Moscow (2019-2019, 7 apps)  ->  Rubin Kazan (2019-2022, 69 apps)  ->  SSC Napoli (2022-2025, 85 apps)  ->  FC Dinamo Batumi (2022-2022, 11 apps)  ->  Paris Saint-Germain FC (2025-?, 39 apps)"
"Kieran Gibbs","United Kingdom",full-back,4,"Arsenal F.C. (2004-2017, 137 apps)  ->  Norwich City F.C. (2008-2008, 7 apps)  ->  West Bromwich Albion F.C. (2017-2021, 93 apps)  ->  Inter Miami CF (2021-2022, 27 apps)"
"Kieran Tierney","United Kingdom","centre-back, full-back",2,"Celtic F.C. (2015-2019, 102 apps)  ->  Arsenal F.C. (2019-?, 91 apps)"
"Kieran Trippier","United Kingdom",full-back,8,"Manchester City F.C. (2009-2012, 0 apps)  ->  Barnsley F.C. (2010-2010, 3 apps)  ->  Burnley F.C. (2011-2012, 25 apps)  ->  Burnley F.C. (2012-2015, 145 apps)  ->  Tottenham Hotspur F.C. (2015-2019, 69 apps)  ->  Atlético Madrid (2019-2022, 68 apps)  ->  Newcastle United F.C. (2022-?, 114 apps)  ->  Wolverhampton Wanderers F.C. (2026-?, 0 apps)"
"Kieron Dyer","United Kingdom",midfielder,6,"Ipswich Town F.C. (1996-1999, 90 apps)  ->  Newcastle United F.C. (1999-2007, 190 apps)  ->  West Ham United F.C. (2007-2011, 30 apps)  ->  Queens Park Rangers F.C. (2011-2013, 5 apps)  ->  Ipswich Town F.C. (2011-2011, 4 apps)  ->  Middlesbrough F.C. (2013-2013, 9 apps)"
Kiko,Spain,forward,4,"Cádiz CF B (1990-1991, ? apps)  ->  Cádiz Club de Fútbol (1991-1993, 78 apps)  ->  Atlético Madrid (1993-2001, 225 apps)  ->  CF Extremadura (2002-2002, 11 apps)"
"Kily González",Argentina,"wing half",6,"Club Atlético Rosario Central (1993-1995, 51 apps)  ->  Real Zaragoza (1996-1999, 90 apps)  ->  Valencia CF (1999-2003, 92 apps)  ->  Inter Milan (2003-2006, 51 apps)  ->  Club Atlético Rosario Central (2006-2009, 76 apps)  ->  Club Atlético Rosario Central (2010-2011, 17 apps)"
"Kingsley Coman",France,winger,5,"Paris Saint-Germain FC (2013-2014, 3 apps)  ->  Juventus FC (2014-2017, 15 apps)  ->  FC Bayern Munich (2015-2017, 42 apps)  ->  FC Bayern Munich (2017-2025, 185 apps)  ->  Al-Nassr (2025-?, 0 apps)"
"Kit Symons","United Kingdom",defender,4,"Portsmouth F.C. (1988-1995, 160 apps)  ->  Manchester City F.C. (1995-1998, 124 apps)  ->  Fulham F.C. (1998-2001, 102 apps)  ->  Crystal Palace F.C. (2001-2005, 49 apps)"
"Klaus Ackermann",Germany,forward,5,"SC Preußen Münster (1964-1967, 71 apps)  ->  Borussia Mönchengladbach (1967-1969, 60 apps)  ->  1. FC Kaiserslautern (1969-1974, 157 apps)  ->  Borussia Dortmund (1974-1979, 101 apps)  ->  SC Herford (1979-1980, 17 apps)"
"Klaus Augenthaler",Germany,defender,1,"FC Bayern Munich (1976-1991, 404 apps)"
"Knut Reinhardt",Germany,midfielder,3,"Bayer 04 Leverkusen (1986-1991, 118 apps)  ->  Borussia Dortmund (1991-1999, 170 apps)  ->  1. FC Nürnberg (1999-2000, 14 apps)"
"Koikili Lertxundi",Spain,full-back,8,"CD Aurrerá de Vitoria (1998-1999, 12 apps)  ->  Osasuna B (1999-2001, 37 apps)  ->  Gernika Club (2001-2003, 55 apps)  ->  SD Beasain (2003-2004, ? apps)  ->  Gernika Club (2004-2005, ? apps)  ->  Sestao River Club (2005-2007, 65 apps)  ->  Athletic Club (2007-2012, 98 apps)  ->  CD Mirandés (2012-2014, 53 apps)"
Koke,Spain,midfielder,2,"Atlético Madrid B (2008-2011, 66 apps)  ->  Atlético Madrid (2009-?, 511 apps)"
"Koldo Aguirre",Spain,midfielder,3,"Athletic Club (1957-1969, 231 apps)  ->  Centre d'Esports Sabadell Futbol Club (1969-1970, 3 apps)  ->  Alicante CF (1970-1970, ? apps)"
"Kolo Touré","Ivory Coast","centre-back, full-back",5,"ASEC Mimosas (1999-2002, ? apps)  ->  Arsenal F.C. (2002-2009, 225 apps)  ->  Manchester City F.C. (2009-2013, 82 apps)  ->  Liverpool F.C. (2013-2016, 71 apps)  ->  Celtic F.C. (2016-2017, 9 apps)"
"Kostas Manolas",Greece,centre-back,6,"Thrasyvoulos F.C. (2008-2009, 6 apps)  ->  AS Roma (2014-2019, 206 apps)  ->  SSC Napoli (2019-2022, 60 apps)  ->  Sharjah FC (2022-2024, 26 apps)  ->  Pannaxiakos F.C. (2024-?, ? apps)  ->  U.S. Salernitana 1919 (2024-2024, 8 apps)"
"Kurt Niedermayer",Germany,defender,5,"Karlsruher SC (1974-1977, 30 apps)  ->  FC Bayern Munich (1977-1982, 145 apps)  ->  VfB Stuttgart (1982-1985, 73 apps)  ->  FC Locarno (1985-1987, ? apps)  ->  SC Pfullendorf (1987-1988, ? apps)"
"Kurt Zouma",France,centre-back,9,"AS Saint-Étienne (2011-2014, 52 apps)  ->  Chelsea F.C. (2014-2021, 99 apps)  ->  AS Saint-Étienne (2014-2014, 12 apps)  ->  Stoke City F.C. (2017-2018, 34 apps)  ->  Everton F.C. (2018-2019, 32 apps)  ->  West Ham United F.C. (2021-2025, 82 apps)  ->  Al-Orobah F.C. (2024-2025, 19 apps)  ->  CFR Cluj (2025-2026, 3 apps)  ->  Al Wasl FC (2026-?, 0 apps)"
"Kwadwo Asamoah",Ghana,midfielder,7,"Liberty Professionals F.C. (2006-2007, ? apps)  ->  AC Bellinzona (2007-2008, ? apps)  ->  Torino FC (2008-2008, 0 apps)  ->  Udinese Calcio (2008-2012, 114 apps)  ->  Juventus FC (2012-2018, 116 apps)  ->  Inter Milan (2018-2020, 40 apps)  ->  Cagliari Calcio (2021-2021, 9 apps)"
"Kyle Walker","United Kingdom",full-back,9,"Northampton Town F.C. (2008-2008, 9 apps)  ->  Sheffield United F.C. (2008-2009, 2 apps)  ->  Sheffield United F.C. (2009-2010, 26 apps)  ->  Tottenham Hotspur F.C. (2009-2017, 183 apps)  ->  Queens Park Rangers F.C. (2010-2011, 20 apps)  ->  Aston Villa F.C. (2011-2011, 15 apps)  ->  Manchester City F.C. (2017-2025, 212 apps)  ->  AC Milan (2025-2025, 11 apps)  ->  Burnley F.C. (2025-?, 35 apps)"
"Lal Hilditch","United Kingdom of Great Britain and Ireland, United Kingdom",midfielder,2,"Altrincham F.C. (1915-1916, 17 apps)  ->  Manchester United F.C. (1916-1932, 301 apps)"
"Larbi Benbarek",Morocco,midfielder,7,"US Marocaine Casablanca (1935-1936, ? apps)  ->  US Marocaine Casablanca (1936-1938, ? apps)  ->  Olympique de Marseille (1938-1939, 30 apps)  ->  US Marocaine Casablanca (1940-1945, ? apps)  ->  Atlético Madrid (1948-1953, 113 apps)  ->  Olympique de Marseille (1953-1955, 32 apps)  ->  USM Bel-Abbès (1955-1956, ? apps)"
"Larry Lloyd","United Kingdom","centre-back, defender",5,"Bristol Rovers F.C. (1967-1969, 43 apps)  ->  Liverpool F.C. (1969-1974, 150 apps)  ->  Coventry City F.C. (1974-1976, 50 apps)  ->  Nottingham Forest F.C. (1976-1981, 148 apps)  ->  Wigan Athletic F.C. (1981-1983, 52 apps)"
"Lars Ricken",Germany,midfielder,1,"Borussia Dortmund (1993-2007, 301 apps)"
"Lassana Diarra",France,midfielder,8,"Le Havre AC (2004-2005, 29 apps)  ->  Chelsea F.C. (2005-2007, 13 apps)  ->  Arsenal F.C. (2007-2007, 7 apps)  ->  Portsmouth F.C. (2008-2009, 24 apps)  ->  Real Madrid Club de Fútbol (2009-2012, 87 apps)  ->  FC Anzhi Makhachkala (2012-2013, 18 apps)  ->  FC Lokomotiv Moscow (2013-2015, ? apps)  ->  Olympique de Marseille (2015-?, ? apps)"
Lauren,"Cameroon, Equatorial Guinea, Spain","defender, full-back",7,"CD Utrera (1995-1996, 30 apps)  ->  Sevilla Atlético (1996-1997, 17 apps)  ->  Levante UD (1997-1998, 34 apps)  ->  RCD Mallorca (1998-2000, 63 apps)  ->  Arsenal F.C. (2000-2006, 159 apps)  ->  Portsmouth F.C. (2006-2009, 25 apps)  ->  Córdoba CF (2010-2010, 5 apps)"
"Laurent Koscielny",France,centre-back,5,"En Avant de Guingamp (2004-2007, 41 apps)  ->  Tours FC. (2007-2009, 67 apps)  ->  F.C. Lorient (2009-2010, 35 apps)  ->  Arsenal F.C. (2010-2019, 255 apps)  ->  FC Girondins de Bordeaux (2019-2022, 62 apps)"
"Laurent Robert",France,"wing half",9,"Montpellier Hérault Sport Club (1994-1999, 124 apps)  ->  Paris Saint-Germain FC (1999-2001, 61 apps)  ->  Newcastle United F.C. (2001-2006, 129 apps)  ->  Portsmouth F.C. (2005-2006, 17 apps)  ->  Levante UD (2006-2007, 13 apps)  ->  S.L. Benfica (2006-2006, 13 apps)  ->  Athlitiki Enosi Larissa F.C. (2008-2009, 6 apps)  ->  Toronto FC (2008-2008, 17 apps)  ->  Derby County F.C. (2008-2008, 4 apps)"
"Laurie Barnett","United Kingdom of Great Britain and Ireland, United Kingdom",full-back,4,"Bradford (Park Avenue) A.F.C. (1920-?, ? apps)  ->  Barnsley F.C. (1924-1925, 28 apps)  ->  Blackpool F.C. (1926-1928, 46 apps)  ->  Manchester City F.C. (1930-1934, 84 apps)"
"Laurie Brown","United Kingdom",centre-back,6,"Darlington F.C. (1959-1959, 3 apps)  ->  Northampton Town F.C. (1960-1961, 33 apps)  ->  Arsenal F.C. (1961-1964, 109 apps)  ->  Tottenham Hotspur F.C. (1964-1966, 62 apps)  ->  Norwich City F.C. (1966-1968, 81 apps)  ->  Bradford (Park Avenue) A.F.C. (1968-1970, 36 apps)"
"Laurie Hughes","United Kingdom",defender,1,"Liverpool F.C. (1943-1960, 303 apps)"
"Laurie Scott","United Kingdom",full-back,3,"Bradford City A.F.C. (1935-1937, 39 apps)  ->  Arsenal F.C. (1937-1951, 115 apps)  ->  Crystal Palace F.C. (1951-1952, 28 apps)"
"Lautaro Martínez",Argentina,forward,2,"Racing Club (2015-2018, 48 apps)  ->  Inter Milan (2018-?, 266 apps)"
"Leandro Castán",Brazil,centre-back,10,"Clube Atlético Mineiro (2005-2007, 27 apps)  ->  Helsingborgs IF (2007-2008, 4 apps)  ->  Grêmio Barueri Futebol (2008-2009, 66 apps)  ->  S.C. Corinthians Paulista (2010-2012, 49 apps)  ->  AS Roma (2012-2018, 81 apps)  ->  U.C. Sampdoria (2016-2016, 0 apps)  ->  Torino FC (2016-2017, 14 apps)  ->  CR Vasco da Gama (2018-2021, 145 apps)  ->  Cagliari Calcio (2018-2018, 14 apps)  ->  Guarani Futebol Clube (2022-2022, 8 apps)"
"Leandro Remondini","Kingdom of Italy, Italy",midfielder,10,"Hellas Verona FC (1935-1937, 41 apps)  ->  AC Milan (1937-1942, 84 apps)  ->  Modena F.C. (1942-1943, 27 apps)  ->  Varese Calcio (1944-1944, 20 apps)  ->  Casale FBC (1945-1946, 21 apps)  ->  Modena F.C. (1946-1947, 34 apps)  ->  SS Lazio (1947-1950, 96 apps)  ->  SSC Napoli (1950-1951, 28 apps)  ->  Lucchese 1905 (1951-1952, 3 apps)  ->  Hellas Verona FC (1953-1955, ? apps)"
"Ledley King","United Kingdom",full-back,1,"Tottenham Hotspur F.C. (1999-2012, 268 apps)"
"Lee Carsley",Ireland,midfielder,6,"Derby County F.C. (1994-1999, 138 apps)  ->  Blackburn Rovers F.C. (1999-2000, 47 apps)  ->  Coventry City F.C. (2000-2002, 47 apps)  ->  Everton F.C. (2002-2008, 166 apps)  ->  Birmingham City F.C. (2008-2010, 48 apps)  ->  Coventry City F.C. (2010-2011, 25 apps)"
"Lee Clark","United Kingdom",midfielder,4,"Newcastle United F.C. (1990-1997, 195 apps)  ->  Sunderland A.F.C. (1997-1999, 74 apps)  ->  Fulham F.C. (1999-2005, 149 apps)  ->  Newcastle United F.C. (2005-2006, 22 apps)"
"Lee Dixon","United Kingdom",full-back,5,"Burnley F.C. (1982-1984, 4 apps)  ->  Chester City F.C. (1984-1985, 57 apps)  ->  Bury F.C. (1985-1986, 45 apps)  ->  Stoke City F.C. (1986-1988, 71 apps)  ->  Arsenal F.C. (1988-2002, 458 apps)"
"Lee Sharpe","United Kingdom",midfielder,9,"Manchester United F.C. (1988-1996, 193 apps)  ->  Torquay United F.C. (1988-1988, 14 apps)  ->  Leeds United F.C. (1996-1999, 30 apps)  ->  U.C. Sampdoria (1998-1999, 3 apps)  ->  Bradford City A.F.C. (1999-2002, 47 apps)  ->  Portsmouth F.C. (2001-2001, 17 apps)  ->  Exeter City F.C. (2002-2002, 4 apps)  ->  Knattspyrnudeild UMFG (2003-2003, 7 apps)  ->  Garforth Town A.F.C. (2004-2004, 21 apps)"
"Leighton Baines","United Kingdom",full-back,2,"Wigan Athletic F.C. (2002-2007, 145 apps)  ->  Everton F.C. (2007-2020, 348 apps)"
Leivinha,Brazil,forward,4,"Associação Portuguesa de Desportos (1966-1970, 177 apps)  ->  Sociedade Esportiva Palmeiras (1971-1975, 88 apps)  ->  Atlético Madrid (1975-1979, 82 apps)  ->  São Paulo FC (1979-1979, 11 apps)"
"Len Duquemin","United Kingdom of Great Britain and Ireland, United Kingdom",forward,5,"Colchester United F.C. (1946-1946, 1 apps)  ->  Tottenham Hotspur F.C. (1946-1957, 274 apps)  ->  Bedford Town F.C. (1958-1960, 64 apps)  ->  Hastings United F.C. (1960-1961, ? apps)  ->  Romford F.C. (1961-1962, ? apps)"
"Len Goulden","United Kingdom","inside forward",4,"Leyton F.C. (1931-1932, ? apps)  ->  Chelmsford City F.C. (1931-1932, ? apps)  ->  West Ham United F.C. (1932-1940, 242 apps)  ->  Chelsea F.C. (1945-1950, 99 apps)"
"Len White","United Kingdom",forward,4,"Rotherham United F.C. (1950-1952, 43 apps)  ->  Newcastle United F.C. (1952-1962, 269 apps)  ->  Huddersfield Town A.F.C. (1962-1964, 102 apps)  ->  Stockport County F.C. (1964-1966, 53 apps)"
"Len Wills","United Kingdom",full-back,1,"Arsenal F.C. (1949-1962, 195 apps)"
"Lennart Skoglund",Sweden,"wing half",7,"Hammarby Fotboll (1946-1949, ? apps)  ->  AIK Fotboll (1949-1950, 5 apps)  ->  Inter Milan (1950-1959, 241 apps)  ->  AIK Fotboll (1950-1950, 5 apps)  ->  U.C. Sampdoria (1959-1962, 78 apps)  ->  Palermo F.C. (1962-1963, 6 apps)  ->  Hammarby Fotboll (1964-1967, 53 apps)"
"Leo Franco","Argentina, Italy",goalkeeper,8,"Club Atlético Independiente (1995-1997, 2 apps)  ->  CP Mérida (1997-1998, 0 apps)  ->  Mérida UD (1997-1998, 0 apps)  ->  RCD Mallorca (1999-2004, 148 apps)  ->  Atlético Madrid (2004-2009, 153 apps)  ->  Galatasaray S.K. (2009-2010, 26 apps)  ->  Real Zaragoza (2010-2014, 67 apps)  ->  Sociedad Deportiva Huesca (2015-2016, 28 apps)"
"Leon Goretzka",Germany,midfielder,4,"VfL Bochum (2012-2013, 32 apps)  ->  Schalke 04 (2013-2018, 116 apps)  ->  FC Schalke 04 II (2015-2015, 1 apps)  ->  FC Bayern Munich (2018-?, 203 apps)"
"Leon Osman","United Kingdom",midfielder,3,"Everton F.C. (2000-2016, 352 apps)  ->  Carlisle United F.C. (2002-2003, 12 apps)  ->  Derby County F.C. (2004-2004, 17 apps)"
"Leonardo Araújo",Brazil,midfielder,10,"Clube de Regatas do Flamengo (1987-1990, 52 apps)  ->  São Paulo FC (1990-1991, 44 apps)  ->  Valencia CF (1991-1993, 70 apps)  ->  São Paulo FC (1993-1994, 12 apps)  ->  Kashima Antlers (1994-1996, 49 apps)  ->  Paris Saint-Germain FC (1996-1997, 34 apps)  ->  AC Milan (1997-2001, 96 apps)  ->  São Paulo FC (2001-2001, 13 apps)  ->  AC Milan (2002-2003, 1 apps)  ->  Clube de Regatas do Flamengo (2002-2002, 0 apps)"
"Leonardo Bonucci",Italy,"centre-back, defender, full-back",10,"Inter Milan (2005-2009, 1 apps)  ->  Treviso F.B.C. 1993 (2007-2009, 40 apps)  ->  SSC Bari (2009-2010, 38 apps)  ->  Pisa SC (2009-2009, 18 apps)  ->  Genoa CFC (2009-2009, 0 apps)  ->  Juventus FC (2010-2017, 227 apps)  ->  AC Milan (2017-2018, 35 apps)  ->  Juventus FC (2018-2023, 130 apps)  ->  1. FC Union Berlin (2023-2024, 7 apps)  ->  Fenerbahçe Istanbul (2024-2024, 8 apps)"
"Leonardo Spinazzola",Italy,"midfielder, defender",10,"Empoli FC (2012-2013, 7 apps)  ->  Juventus FC (2012-2019, 10 apps)  ->  Siena FC (2013-2014, 24 apps)  ->  Lanciano Calcio 1920 (2013-2013, 3 apps)  ->  Atalanta BC (2014-2015, 2 apps)  ->  A.C. Perugia Calcio (2015-2016, 34 apps)  ->  LR Vicenza (2015-2015, 10 apps)  ->  Atalanta BC (2016-2018, 48 apps)  ->  AS Roma (2019-2024, 104 apps)  ->  SSC Napoli (2024-?, 59 apps)"
"Leopoldo Conti",Italy,forward,4,"Inter Milan (1918-1920, 30 apps)  ->  Calcio Padova (1920-1921, 15 apps)  ->  Inter Milan (1922-1931, 196 apps)  ->  Aurora Pro Patria 1919 (1931-1933, 37 apps)"
"Leroy Sané","Senegal, Germany",winger,4,"Schalke 04 (2014-2016, 47 apps)  ->  Manchester City F.C. (2016-2020, 90 apps)  ->  FC Bayern Munich (2020-2025, 153 apps)  ->  Galatasaray S.K. (2025-?, 21 apps)"
"Les Allen","United Kingdom","inside forward",3,"Chelsea F.C. (1954-1959, 44 apps)  ->  Tottenham Hotspur F.C. (1959-1965, 119 apps)  ->  Queens Park Rangers F.C. (1965-1969, 128 apps)"
"Les Bennett","United Kingdom","inside forward",4,"Tottenham Hotspur F.C. (1946-1954, 272 apps)  ->  West Ham United F.C. (1954-1955, 26 apps)  ->  F.C. Clacton (1956-1956, ? apps)  ->  Romford F.C. (1959-1960, ? apps)"
"Les Ferdinand","United Kingdom",forward,13,"Brentford F.C. (1986-1987, 3 apps)  ->  Hayes F.C. (1986-1987, 33 apps)  ->  Queens Park Rangers F.C. (1987-1995, 163 apps)  ->  Beşiktaş J.K. (Football) (1988-1989, 24 apps)  ->  Brentford F.C. (1988-1988, 3 apps)  ->  Beşiktaş J.K. (Football) (1989-1989, 24 apps)  ->  Newcastle United F.C. (1995-1997, 68 apps)  ->  Tottenham Hotspur F.C. (1997-2003, 118 apps)  ->  Leicester City F.C. (2003-2004, 29 apps)  ->  West Ham United F.C. (2003-2003, 14 apps)  ->  Bolton Wanderers F.C. (2004-2005, 12 apps)  ->  Reading F.C. (2005-2005, 12 apps)  ->  Watford F.C. (2005-2006, 0 apps)"
"Les Howe","United Kingdom of Great Britain and Ireland, United Kingdom",midfielder,1,"Tottenham Hotspur F.C. (1930-1939, 165 apps)"
"Les McDowall","United Kingdom of Great Britain and Ireland, United Kingdom","wing half",3,"Sunderland A.F.C. (1934-1937, 13 apps)  ->  Manchester City F.C. (1937-1949, 117 apps)  ->  Wrexham A.F.C. (1949-1950, 3 apps)"
"Les Medley","United Kingdom",midfielder,1,"Tottenham Hotspur F.C. (1939-1953, 164 apps)"
"Les Stubbs","United Kingdom","inside forward",4,"Southend United F.C. (1948-1952, 83 apps)  ->  Chelsea F.C. (1952-1958, 112 apps)  ->  Southend United F.C. (1958-1960, 22 apps)  ->  Bedford Town F.C. (1960-1961, 36 apps)"
"Leslie Compton","United Kingdom of Great Britain and Ireland, United Kingdom","centre-back, wicket-keeper",1,"Arsenal F.C. (1930-1952, 253 apps)"
"Liam Brady",Ireland,midfielder,6,"Arsenal F.C. (1973-1980, 235 apps)  ->  Juventus FC (1980-1982, 76 apps)  ->  U.C. Sampdoria (1982-1984, 57 apps)  ->  Inter Milan (1984-1986, 58 apps)  ->  Ascoli Calcio 1898 FC (1986-1987, 17 apps)  ->  West Ham United F.C. (1987-1990, 89 apps)"
"Liam O'Brien",Ireland,midfielder,7,"Bohemian F.C. (1982-1983, 5 apps)  ->  Shamrock Rovers F.C. (1983-1986, 70 apps)  ->  Manchester United F.C. (1986-1988, 31 apps)  ->  Newcastle United F.C. (1988-1994, 151 apps)  ->  Tranmere Rovers F.C. (1994-1999, 181 apps)  ->  Cork City F.C. (1999-2000, 27 apps)  ->  Bohemian F.C. (2000-2002, 7 apps)"
"Lido Vieri",Italy,goalkeeper,4,"Vigevano Calcio (1957-1958, 31 apps)  ->  Torino FC (1958-1969, 265 apps)  ->  Inter Milan (1969-1976, 140 apps)  ->  Pistoiese FC (1976-1980, 63 apps)"
"Lilian Thuram",France,"centre-back, full-back",3,"AS Monaco FC (1991-1996, 155 apps)  ->  Parma Calcio 1913 (1996-2001, 163 apps)  ->  Juventus FC (2001-2006, 144 apps)"
"Lionel Messi","Argentina, Italy, Spain","midfielder, forward",5,"Newell's Old Boys (1995-2000, 176 apps)  ->  FC Barcelona C (2003-2004, 10 apps)  ->  FC Barcelona Atlètic (2004-2005, 22 apps)  ->  Paris Saint-Germain FC (2021-2023, 58 apps)  ->  Inter Miami CF (2023-?, 67 apps)"
"Lionel Smith","United Kingdom of Great Britain and Ireland, United Kingdom",full-back,2,"Arsenal F.C. (1939-1954, 162 apps)  ->  Watford F.C. (1954-1955, 7 apps)"
"Livio Fongaro","Kingdom of Italy, Italy",midfielder,3,"A.C.D. Trissino-Valdagno (1950-1955, 131 apps)  ->  Inter Milan (1955-1961, 157 apps)  ->  Genoa CFC (1961-1964, 68 apps)"
"Lobo Carrasco",Spain,"wing half",6,"Terrassa FC (1976-1977, 6 apps)  ->  FC Barcelona Atlètic (1977-1978, 14 apps)  ->  FC Barcelona Atlètic (1978-1978, 14 apps)  ->  Terrassa FC (1978-1978, 6 apps)  ->  FC Sochaux-Montbéliard (1989-1992, 71 apps)  ->  UE Figueres (1992-1992, 5 apps)"
"Lorena Sánchez",Spain,midfielder,1,"Athletic Club (2002-2008, 91 apps)"
"Lorenzo Buffon",Italy,goalkeeper,6,"Calcio Portogruaro Summaga (1948-1949, 34 apps)  ->  AC Milan (1949-1959, 277 apps)  ->  Genoa CFC (1959-1960, 20 apps)  ->  Inter Milan (1960-1963, 79 apps)  ->  ACF Fiorentina (1963-1964, 1 apps)  ->  A.S.D. Calcio Ivrea (1964-1965, 11 apps)"
"Lorenzo Insigne",Italy,"midfielder, wing half",6,"SSC Napoli (2009-2022, 337 apps)  ->  Calcio Foggia 1920 (2010-2011, 33 apps)  ->  Cavese 1919 (2010-2010, 10 apps)  ->  Delfino Pescara 1936 (2011-2012, 37 apps)  ->  Toronto FC (2022-2025, 66 apps)  ->  Delfino Pescara 1936 (2026-?, 13 apps)"
"Lorenzo Pellegrini",Italy,midfielder,3,"AS Roma (2014-2015, 1 apps)  ->  US Sassuolo Calcio (2015-2017, 47 apps)  ->  AS Roma (2017-?, 248 apps)"
"Loris Boni",Italy,midfielder,8,"A.S.D. Solbiatese Calcio 1911 (1969-1971, 37 apps)  ->  U.C. Sampdoria (1971-1975, 99 apps)  ->  AS Roma (1975-1979, 80 apps)  ->  Delfino Pescara 1936 (1979-1981, 46 apps)  ->  US Cremonese (1981-1983, 40 apps)  ->  Novara Calcio (1983-1984, 21 apps)  ->  A.C. Legnano (1984-1987, 77 apps)  ->  A.C. Fanfulla 1874 (1987-1990, ? apps)"
"Lot Jones","United Kingdom of Great Britain and Ireland, United Kingdom","inside forward",3,"Manchester City F.C. (1903-1919, 281 apps)  ->  Aberdare Athletic F.C. (1921-1921, 18 apps)  ->  Wrexham A.F.C. (1921-1921, 7 apps)"
"Lothar Emmerich",Germany,forward,9,"Borussia Dortmund (1960-1969, 215 apps)  ->  K. Beerschot V.A.C. (1969-1972, 68 apps)  ->  Beerschot A.C. (1969-1972, 68 apps)  ->  FC Kärnten (1972-1974, 58 apps)  ->  Würzburger FV (1976-1977, 42 apps)  ->  Würzburger Kickers (1977-1978, 25 apps)  ->  Würzburger Kickers (1978-1978, 25 apps)  ->  Q1654823 (1978-1979, 20 apps)  ->  FVgg Kastel 06 (1979-1981, ? apps)"
"Lothar Geisler",Germany,defender,2,"VfL Bochum (1957-1959, 51 apps)  ->  Borussia Dortmund (1960-1967, 117 apps)"
"Lothar Huber",Germany,defender,2,"1. FC Kaiserslautern (1970-1974, 63 apps)  ->  Borussia Dortmund (1974-1987, 329 apps)"
"Lothar Matthäus",Germany,"midfielder, sweeper",5,"Borussia Mönchengladbach (1979-1984, 162 apps)  ->  FC Bayern Munich (1984-1988, 113 apps)  ->  Inter Milan (1988-1992, 115 apps)  ->  FC Bayern Munich (1992-2000, 189 apps)  ->  Red Bull New York (2000-2000, 16 apps)"
"Lou Macari","United Kingdom",midfielder,3,"Celtic F.C. (1967-1973, 58 apps)  ->  Manchester United F.C. (1973-1984, 329 apps)  ->  Swindon Town F.C. (1984-1986, 33 apps)"
"Louis Bimpson","United Kingdom",forward,6,"Burscough F.C. (1951-1953, ? apps)  ->  Liverpool F.C. (1953-1959, 93 apps)  ->  Blackburn Rovers F.C. (1959-1961, 22 apps)  ->  AFC Bournemouth (1961-1961, 11 apps)  ->  Rochdale A.F.C. (1961-1963, 54 apps)  ->  Wigan Athletic F.C. (1963-1964, 5 apps)"
"Louis Saha",France,forward,9,"FC Metz (1997-2000, 47 apps)  ->  Newcastle United F.C. (1998-1999, 11 apps)  ->  Newcastle United F.C. (1999-1999, 11 apps)  ->  Fulham F.C. (2000-2004, 117 apps)  ->  Manchester United F.C. (2004-2008, 86 apps)  ->  Everton F.C. (2008-2012, 97 apps)  ->  Sunderland A.F.C. (2012-2013, 11 apps)  ->  Tottenham Hotspur F.C. (2012-2012, 10 apps)  ->  SS Lazio (2013-2013, 6 apps)"
"Louis Van Hege",Belgium,forward,3,"Royale Union Saint-Gilloise (1907-1910, 42 apps)  ->  AC Milan (1910-1910, 88 apps)  ->  Royale Union Saint-Gilloise (1919-1924, 104 apps)"
"Luca Antonini",Italy,full-back,15,"Calcio Padova (2001-2001, 1 apps)  ->  A.C. Prato (2001-2002, 26 apps)  ->  AC Milan (2001-2003, 0 apps)  ->  SSC Ancona (2002-2003, 17 apps)  ->  A.C. Prato (2002-2002, 26 apps)  ->  U.C. Sampdoria (2003-2007, 3 apps)  ->  Modena F.C. (2004-2004, 15 apps)  ->  S.S. Arezzo (2005-2006, 39 apps)  ->  Delfino Pescara 1936 (2005-2005, 22 apps)  ->  Siena FC (2006-2007, 32 apps)  ->  Empoli FC (2007-2008, 32 apps)  ->  AC Milan (2008-2013, 81 apps)  ->  Genoa CFC (2013-2015, 33 apps)  ->  Ascoli Calcio 1898 FC (2015-2015, 14 apps)  ->  US Livorno 1915 (2016-2016, 1 apps)"
"Lucas Barrios","Paraguay, Argentina, Mexico",forward,19,"Club Atlético Tigre (2003-2004, 16 apps)  ->  Argentinos Juniors (2003-2004, 15 apps)  ->  Deportes Temuco (2005-2005, 28 apps)  ->  Tiro Federal (2005-2006, 12 apps)  ->  Cobreloa (2006-2007, 39 apps)  ->  Atlas F.C. (2007-2007, 14 apps)  ->  Club Social y Deportivo Colo Colo (2008-2009, 53 apps)  ->  Borussia Dortmund (2009-2012, 82 apps)  ->  Guangzhou F.C. (2012-2013, 17 apps)  ->  Spartak Moscow (2013-2015, 16 apps)  ->  Montpellier Hérault Sport Club (2014-2015, 33 apps)  ->  Sociedade Esportiva Palmeiras (2015-2017, 22 apps)  ->  Grêmio FBPA (2017-2017, 17 apps)  ->  Argentinos Juniors (2018-2018, 12 apps)  ->  Club Social y Deportivo Colo Colo (2018-2018, 18 apps)  ->  Club Atlético Huracán (2019-2019, 23 apps)  ->  Defensa y Justicia (2021-2021, 12 apps)  ->  Sportivo Trinidense (2023-2023, 19 apps)  ->  Sportivo Luqueño (2023-2024, 30 apps)"
"Lucas Digne",France,full-back,5,"Lille OSC (2011-2013, 49 apps)  ->  Paris Saint-Germain FC (2013-2015, 30 apps)  ->  AS Roma (2015-2016, 33 apps)  ->  Everton F.C. (2018-2022, 113 apps)  ->  Aston Villa F.C. (2022-?, 134 apps)"
"Lucas Leiva","Brazil, Italy",midfielder,4,"Grêmio FBPA (2005-2007, 38 apps)  ->  Liverpool F.C. (2007-2017, 247 apps)  ->  SS Lazio (2017-2022, 155 apps)  ->  Grêmio FBPA (2022-2023, 18 apps)"
"Lucas Moura",Brazil,"wing half",4,"São Paulo FC (2010-2013, 74 apps)  ->  Paris Saint-Germain FC (2013-2018, 153 apps)  ->  Tottenham Hotspur F.C. (2018-2023, 152 apps)  ->  São Paulo FC (2023-?, 62 apps)"
"Lucas Ocampos",Argentina,"wing half",8,"Club Atlético River Plate (2011-2012, 39 apps)  ->  AS Monaco FC (2012-2015, 80 apps)  ->  Olympique de Marseille (2015-2019, 96 apps)  ->  Genoa CFC (2016-2017, 14 apps)  ->  AC Milan (2017-2017, 12 apps)  ->  Sevilla FC (2019-2024, 153 apps)  ->  AFC Ajax (2022-2023, 4 apps)  ->  Club de Fútbol Monterrey (2024-?, 41 apps)"
"Lucas Vázquez",Spain,"wing half",5,"Real Madrid Club de Fútbol (2007-2010, ? apps)  ->  Real Madrid C (2010-2011, 14 apps)  ->  RCD Espanyol de Barcelona (2014-2015, 33 apps)  ->  Real Madrid Club de Fútbol (2015-2025, 277 apps)  ->  Bayer 04 Leverkusen (2025-?, 9 apps)"
"Luciano Castellini",Italy,goalkeeper,3,"AC Monza (1965-1970, 60 apps)  ->  Torino FC (1970-1978, 201 apps)  ->  SSC Napoli (1978-1985, 202 apps)"
"Luciano Chiarugi",Italy,forward,8,"ACF Fiorentina (1965-1972, 139 apps)  ->  AC Milan (1972-1976, 104 apps)  ->  SSC Napoli (1976-1978, 42 apps)  ->  U.C. Sampdoria (1978-1979, 30 apps)  ->  Bologna F.C. 1909 (1979-1980, 13 apps)  ->  Rimini FC (1980-1982, 13 apps)  ->  San Frediano Rondinella S.S. (1982-1983, ? apps)  ->  S.S.D. Massese (1983-1985, 38 apps)"
"Luciano Comaschi","Kingdom of Italy, Italy",full-back,3,"Brescia Calcio (1948-1949, 1 apps)  ->  F.C. Crotone (1950-1951, 23 apps)  ->  SSC Napoli (1951-1960, 302 apps)"
"Luciano Favero",Italy,defender,8,"A.C.R. Messina (1976-1977, 37 apps)  ->  U.S. Salernitana 1919 (1977-1978, 17 apps)  ->  Associazione Sportiva Siracusa (1978-1980, 67 apps)  ->  Rimini FC (1980-1981, 38 apps)  ->  U.S. Avellino 1912 (1981-1984, 78 apps)  ->  Juventus FC (1984-1989, 133 apps)  ->  Hellas Verona FC (1989-1991, 65 apps)  ->  Q4005296 (1992-1996, 104 apps)"
"Luciano Panetti","Kingdom of Italy, Italy",goalkeeper,5,"S.S.D. Jesina Calcio (1949-1952, ? apps)  ->  Modena F.C. (1952-1955, 88 apps)  ->  AS Roma (1955-1961, 147 apps)  ->  Torino FC (1961-1962, 21 apps)  ->  Lucchese 1905 (1964-1965, 8 apps)"
"Luciano Spinosi",Italy,defender,6,"AS Roma (1967-1970, 37 apps)  ->  Juventus FC (1970-1978, 138 apps)  ->  AS Roma (1978-1982, 77 apps)  ->  Hellas Verona FC (1982-1983, 30 apps)  ->  AC Milan (1983-1984, 18 apps)  ->  AC Cesena (1984-1985, 22 apps)"
"Lucidio Sentimenti","Kingdom of Italy, Italy",goalkeeper,5,"Modena F.C. (1940-1942, 49 apps)  ->  Juventus FC (1942-1949, 186 apps)  ->  SS Lazio (1949-1954, 170 apps)  ->  Vicenza Calcio (1954-1957, 82 apps)  ->  Torino FC (1959-1959, 3 apps)"
"Ludovic Giuly",France,"wing half",7,"Olympique Lyonnais (1994-1998, 100 apps)  ->  AS Monaco FC (1998-2004, 184 apps)  ->  AS Roma (2007-2008, 32 apps)  ->  Paris Saint-Germain FC (2008-2011, 100 apps)  ->  AS Monaco FC (2011-2012, 27 apps)  ->  F.C. Lorient (2012-2013, 17 apps)  ->  Grand Ouest Association Lyonnaise Football Club (2013-2016, 36 apps)"
"Ludwig Kögl",Germany,forward,5,"TSV 1860 München (1983-1984, 12 apps)  ->  FC Bayern Munich (1984-1990, 149 apps)  ->  VfB Stuttgart (1990-1996, 139 apps)  ->  FC Luzern (1996-1999, 94 apps)  ->  SpVgg Unterhaching (1999-2001, 21 apps)"
"Ludwig Landerer",Germany,midfielder,4,"FC Bayern Munich (1954-1960, 130 apps)  ->  SSV Ulm 1846 Fußball (1960-1961, 0 apps)  ->  Eintracht Frankfurt (1961-1966, 52 apps)  ->  FSV Frankfurt (1966-1967, 4 apps)"
"Luigi Albani",Italy,goalkeeper,3,"A.S. Ostia Mare 1945 (1947-1948, ? apps)  ->  AS Roma (1948-1955, 130 apps)  ->  Foligno Calcio (1955-1956, ? apps)"
"Luigi Barbieri","Kingdom of Italy",goalkeeper,1,"AC Milan (1908-1916, 95 apps)"
"Luigi Bertolini","Kingdom of Italy, Italy",midfielder,4,"Savona F.B.C. (1925-1926, 19 apps)  ->  US Alessandria Calcio 1912 (1926-1931, 119 apps)  ->  Juventus FC (1931-1937, 137 apps)  ->  Associazione Calcistica Dilettantistica Rapallo Ruentes 1914 (1937-1940, ? apps)"
"Luigi Brunella","Kingdom of Italy, Italy",defender,6,"Vigevano Calcio (1932-1935, 66 apps)  ->  Torino FC (1935-1939, 86 apps)  ->  AS Roma (1939-1943, 92 apps)  ->  Juventus FC (1944-1944, 24 apps)  ->  Vigevano Calcio (1944-1945, ? apps)  ->  AS Roma (1945-1948, 66 apps)"
"Luigi Caffarelli",Italy,midfielder,7,"SSC Napoli (1981-1982, ? apps)  ->  Cavese 1919 (1982-1983, 23 apps)  ->  SSC Napoli (1983-1987, 101 apps)  ->  Udinese Calcio (1987-1988, 28 apps)  ->  Delfino Pescara 1936 (1988-1991, 63 apps)  ->  Giulianova Calcio (1991-1992, 19 apps)  ->  Forza e Coraggio Avezzano (1992-1993, 13 apps)"
"Luigi Castello",Italy,defender,4,"F.S. Sestrese Calcio 1919 (1926-1929, ? apps)  ->  Associazione Calcio La Dominante (1929-1930, 32 apps)  ->  SSC Napoli (1930-1940, 175 apps)  ->  U.S.D. Novese (1941-1942, ? apps)"
"Luigi Cevenini","Kingdom of Italy, Italy",midfielder,13,"AC Milan (1911-1912, 1 apps)  ->  Inter Milan (1912-1915, 55 apps)  ->  AC Milan (1915-1919, ? apps)  ->  Inter Milan (1919-1921, 40 apps)  ->  U.S.D. Novese (1921-1922, 19 apps)  ->  Inter Milan (1922-1927, 95 apps)  ->  Juventus FC (1927-1930, 67 apps)  ->  A.C.R. Messina (1930-1932, 53 apps)  ->  Novara Calcio (1933-1934, 5 apps)  ->  Como 1907 (1934-1935, 15 apps)  ->  Varese Calcio (1935-1936, ? apps)  ->  S.S. Arezzo (1938-1939, 4 apps)  ->  S.S. Arezzo (1939-1939, 4 apps)"
"Luigi De Agostini",Italy,centre-back,8,"Udinese Calcio (1978-1982, 7 apps)  ->  Trento Calcio 1921 (1981-1981, 28 apps)  ->  Unione Sportiva Catanzaro (1982-1983, 24 apps)  ->  Udinese Calcio (1983-1986, 80 apps)  ->  Hellas Verona FC (1986-1987, 30 apps)  ->  Juventus FC (1987-1992, 146 apps)  ->  Inter Milan (1992-1993, 31 apps)  ->  A.C. Reggiana 1919 (1993-1995, 61 apps)"
"Luigi Di Biagio",Italy,midfielder,7,"SS Lazio (1988-1989, 1 apps)  ->  AC Monza (1989-1992, 62 apps)  ->  Calcio Foggia 1920 (1992-1995, 87 apps)  ->  AS Roma (1995-1999, 114 apps)  ->  Inter Milan (1999-2003, 117 apps)  ->  Brescia Calcio (2003-2006, 93 apps)  ->  Ascoli Calcio 1898 FC (2007-2007, 7 apps)"
"Luigi Giuliano","Kingdom of Italy, Italy",midfielder,3,"F.C. Pro Vercelli 1892 (1945-1948, 5 apps)  ->  Torino FC (1948-1954, 125 apps)  ->  AS Roma (1954-1962, 142 apps)"
"Luigi Milano","Kingdom of Italy, Italy",midfielder,6,"US Alessandria Calcio 1912 (1932-1936, 95 apps)  ->  SS Lazio (1936-1940, 108 apps)  ->  SSC Napoli (1940-1943, 90 apps)  ->  AS Roma (1944-1944, 16 apps)  ->  SSC Napoli (1945-1946, 1 apps)  ->  AC Cesena (1946-1947, 32 apps)"
"Luigi Oscar Moroni","Kingdom of Italy, Italy",midfielder,4,"US Cremonese (1925-1929, 62 apps)  ->  AC Milan (1929-1933, 96 apps)  ->  Lucchese 1905 (1933-1935, 33 apps)  ->  Como 1907 (1935-1936, ? apps)"
"Luigi Perversi","Kingdom of Italy, Italy",defender,2,"AC Milan (1925-1940, 318 apps)  ->  Modena F.C. (1926-1927, ? apps)"
"Luigi Poggia","Kingdom of Italy, Italy",forward,4,"Novara Calcio (1918-1919, ? apps)  ->  AC Milan (1921-1926, 82 apps)  ->  Atalanta BC (1926-1929, 66 apps)  ->  Varese Calcio (1929-1930, ? apps)"
"Luigi Pogliana",Italy,defender,3,"A.C. Legnano (1962-1965, 66 apps)  ->  Novara Calcio (1965-1967, 52 apps)  ->  SSC Napoli (1967-1977, 196 apps)"
"Luigi Rosellini","Kingdom of Italy, Italy",midfielder,6,"Lucchese 1905 (1937-1939, 46 apps)  ->  SSC Napoli (1939-1941, 49 apps)  ->  AC Milan (1941-1946, 88 apps)  ->  Lucchese 1905 (1946-1950, 123 apps)  ->  US Lecce (1950-1952, ? apps)  ->  S.S. Arezzo (1952-1953, 3 apps)"
"Luis Amaranto Perea",Colombia,defender,3,"Deportivo Independiente Medellín (1999-2003, 117 apps)  ->  Atlético Madrid (2004-2012, 224 apps)  ->  Cruz Azul (2012-2014, 70 apps)"
"Luis Aragonés",Spain,forward,8,"Getafe CF (1957-1958, 12 apps)  ->  Getafe Deportivo (1957-1958, ? apps)  ->  Real Madrid Club de Fútbol (1958-1960, 0 apps)  ->  Recreativo de Huelva (1958-1959, 19 apps)  ->  Hércules CF (1959-1960, 24 apps)  ->  Real Oviedo (1960-1961, 13 apps)  ->  Real Betis Balompié (1961-1964, 86 apps)  ->  Atlético Madrid (1964-1974, 265 apps)"
"Luis Díaz",Colombia,"left winger",5,"Barranquilla F.C. (2016-2017, 34 apps)  ->  Junior de Barranquilla (2017-2019, 67 apps)  ->  FC Porto (2019-2022, 77 apps)  ->  Liverpool F.C. (2022-2025, 103 apps)  ->  FC Bayern Munich (2025-?, 25 apps)"
"Luis Enrique",Spain,"midfielder, forward",3,"Sporting de Gijón B (1988-1990, 27 apps)  ->  Sporting de Gijón (1989-1991, 36 apps)  ->  Real Madrid Club de Fútbol (1991-1996, 157 apps)"
"Luis Fernando Fernández",Spain,midfielder,5,"Athletic Club (1981-1983, ? apps)  ->  Athletic Bilbao B (1983-1988, 93 apps)  ->  Athletic Club (1984-1992, 186 apps)  ->  Real Burgos CF (1992-1994, 38 apps)  ->  Gernika Club (1994-1995, 32 apps)"
"Luis Hurtado",Spain,defender,1,"Athletic Club (1906-1924, 83 apps)"
"Luis María Echeberría",Spain,defender,4,"CD Getxo (1958-1960, ? apps)  ->  CD Baskonia (1960-1961, 38 apps)  ->  Athletic Club (1961-1972, 259 apps)  ->  Barakaldo CF (1972-1973, 9 apps)"
"Luis Milla",Spain,midfielder,3,"FC Barcelona Atlètic (1985-1988, 40 apps)  ->  Real Madrid Club de Fútbol (1990-1997, 165 apps)  ->  Valencia CF (1997-2001, 79 apps)"
"Luis Molowny",Spain,forward,4,"C.D. Tenerife (1943-1944, ? apps)  ->  CD Mariño (1944-1946, ? apps)  ->  Real Madrid Club de Fútbol (1946-1957, 172 apps)  ->  UD Las Palmas (1957-1957, 3 apps)"
"Luis Monti",Argentina,midfielder,4,"Club Atlético Huracán (1921-1921, 4 apps)  ->  Club Atlético Alvear (1923-1923, 1 apps)  ->  Juventus FC (1930-1939, 225 apps)  ->  Club Sportivo Palermo (1931-1931, ? apps)"
"Luis Prieto Zalbidegoitia",Spain,centre-back,8,"CD Baskonia (1997-1998, 34 apps)  ->  Barakaldo CF (1998-1999, 34 apps)  ->  Athletic Bilbao B (1999-2000, 34 apps)  ->  SD Eibar (2000-2002, 64 apps)  ->  Athletic Club (2002-2008, 153 apps)  ->  Real Valladolid (2008-2010, 50 apps)  ->  Sociedad Deportiva Ponferradina (2010-2011, 19 apps)  ->  Deportivo Alavés (2011-2012, 25 apps)"
"Luis Regueiro",Spain,midfielder,5,"Real Unión (1924-1931, 53 apps)  ->  Real Madrid Club de Fútbol (1931-1936, 92 apps)  ->  Club Deportivo Euzkadi (1938-1939, ? apps)  ->  Asturias F.C. (1939-1942, 92 apps)  ->  Club América (1942-1944, 92 apps)"
"Luis Suárez",Uruguay,forward,8,"Club Nacional de Football (2005-2006, 27 apps)  ->  FC Groningen (2006-2007, 29 apps)  ->  AFC Ajax (2007-2011, 110 apps)  ->  Liverpool F.C. (2011-2014, 110 apps)  ->  Atlético Madrid (2020-2022, 67 apps)  ->  Club Nacional de Football (2022-2022, 14 apps)  ->  Grêmio FBPA (2023-2023, 45 apps)  ->  Inter Miami CF (2024-?, 55 apps)"
"Luis Suárez",Spain,midfielder,4,"Deportivo de La Coruña (1953-1954, 17 apps)  ->  CD Condal (1954-1955, 21 apps)  ->  Inter Milan (1961-1970, 256 apps)  ->  U.C. Sampdoria (1970-1973, 63 apps)"
"Luis de la Fuente",Spain,full-back,6,"Athletic Club (1977-1979, ? apps)  ->  Athletic Bilbao B (1978-1982, 58 apps)  ->  Athletic Club (1981-1987, 206 apps)  ->  Sevilla FC (1987-1991, 92 apps)  ->  Athletic Club (1991-1993, 28 apps)  ->  Deportivo Alavés (1993-1994, 35 apps)"
"Luis del Sol",Spain,midfielder,6,"Real Betis Balompié (1953-1959, 101 apps)  ->  CD Utrera (1953-1954, ? apps)  ->  Real Madrid Club de Fútbol (1960-1962, 55 apps)  ->  Juventus FC (1962-1970, 228 apps)  ->  AS Roma (1970-1972, 50 apps)  ->  Real Betis Balompié (1972-1973, 17 apps)"
"Luka Modrić",Croatia,"central midfielder, attacking midfielder",6,"GNK Dinamo Zagreb (2003-2008, 94 apps)  ->  HŠK Zrinjski Mostar (2003-2004, 22 apps)  ->  NK Inter Zaprešić (2004-2005, 18 apps)  ->  Tottenham Hotspur F.C. (2008-2012, 127 apps)  ->  Real Madrid Club de Fútbol (2012-2025, 394 apps)  ->  AC Milan (2025-?, 34 apps)"
"Luke Shaw","United Kingdom",full-back,2,"Southampton F.C. (2011-2014, 60 apps)  ->  Manchester United F.C. (2014-?, 211 apps)"
"Luís Fabiano",Brazil,forward,9,"Associação Atlética Ponte Preta (1997-2000, 12 apps)  ->  Stade Rennais F.C. (2000-2002, 11 apps)  ->  São Paulo FC (2001-2001, 22 apps)  ->  São Paulo FC (2002-2004, 65 apps)  ->  FC Porto (2004-2005, 22 apps)  ->  Sevilla FC (2005-2011, 149 apps)  ->  São Paulo FC (2011-2015, 101 apps)  ->  Tianjin Jinmen Tiger F.C. (2016-2017, 29 apps)  ->  CR Vasco da Gama (2017-2017, 12 apps)"
"Luís Figo",Portugal,"wing half",3,"Sporting CP (1989-1995, 137 apps)  ->  Real Madrid Club de Fútbol (2000-2005, 164 apps)  ->  Inter Milan (2005-2009, 105 apps)"
"Luís Pereira",Brazil,defender,13,"Esporte Clube São Bento (1967-1968, ? apps)  ->  Sociedade Esportiva Palmeiras (1968-1974, 93 apps)  ->  Atlético Madrid (1974-1980, 143 apps)  ->  Clube de Regatas do Flamengo (1980-1981, 16 apps)  ->  Sociedade Esportiva Palmeiras (1981-1984, 71 apps)  ->  Associação Portuguesa de Desportos (1985-1986, 19 apps)  ->  S.C. Corinthians Paulista (1986-1987, 24 apps)  ->  Esporte Clube Santo André (1986-1987, ? apps)  ->  Esporte Clube Santo André (1988-1988, ? apps)  ->  Associação Desportiva São Caetano (1990-1992, ? apps)  ->  São Bernardo Futebol Clube (1993-1993, ? apps)  ->  Esporte Clube São Bento (1994-1994, ? apps)  ->  Associação Desportiva São Caetano (1997-1997, ? apps)"
"Luís Vinício",Brazil,forward,7,"Botafogo F.R. (1951-1954, ? apps)  ->  SSC Napoli (1955-1960, 152 apps)  ->  Botafogo F.R. (1955-1955, ? apps)  ->  Bologna F.C. 1909 (1960-1962, 47 apps)  ->  Vicenza Calcio (1962-1966, 116 apps)  ->  Inter Milan (1966-1967, 8 apps)  ->  Vicenza Calcio (1967-1968, 25 apps)"
"Lyuboslav Penev",Bulgaria,forward,7,"PFC CSKA Sofia (1984-1989, 101 apps)  ->  Valencia CF (1989-1995, 167 apps)  ->  Atlético Madrid (1995-1996, 37 apps)  ->  SD Compostela (1996-1998, 69 apps)  ->  RC Celta de Vigo (1998-1999, 32 apps)  ->  PFC CSKA Sofia (2000-2001, 22 apps)  ->  PFC Lokomotiv Plovdiv (2002-2002, 4 apps)"
"László Kubala","Czechoslovakia, Poland, Hungary, Spain",midfielder,15,"Ganz-MÁVAG SE (1944-1944, 10 apps)  ->  Ferencvárosi TC (1945-1946, 49 apps)  ->  ŠK Slovan Bratislava (1946-1948, 33 apps)  ->  Vasas FC (1948-1949, 20 apps)  ->  Aurora Pro Patria 1919 (1949-1950, 16 apps)  ->  Hungaria (1950-1950, ? apps)  ->  RCD Espanyol de Barcelona (1963-1965, 29 apps)  ->  FC Zürich (1966-1967, 12 apps)  ->  FC Dinamo Bucharest (1967-1967, 19 apps)  ->  Toronto Falcons (1968-1968, ? apps)  ->  Córdoba CF (1968-1969, ? apps)  ->  Al Hilal SFC (1982-1986, ? apps)  ->  Real Murcia (1986-1987, ? apps)  ->  CD Málaga (1987-1988, ? apps)  ->  Elche CF (1988-1989, ? apps)"
"Lúcio",Brazil,centre-back,12,"Clube de Regatas Guará (1997-1997, 0 apps)  ->  S.C. Internacional (1998-2000, 50 apps)  ->  Bayer 04 Leverkusen (2001-2004, 92 apps)  ->  Bayer 04 Leverkusen II (2003-2003, ? apps)  ->  FC Bayern Munich (2004-2009, 144 apps)  ->  Inter Milan (2009-2012, 96 apps)  ->  Juventus FC (2012-2012, 1 apps)  ->  São Paulo FC (2013-2013, 10 apps)  ->  Sociedade Esportiva Palmeiras (2014-2015, 25 apps)  ->  FC Goa (2015-2016, 19 apps)  ->  Sociedade Esportiva do Gama (2018-2018, 7 apps)  ->  Brasiliense Futebol Clube (2018-2019, 17 apps)"
"Mahamadou Diarra",Mali,midfielder,5,"SBV Vitesse (1999-2002, 69 apps)  ->  Olympique Lyonnais (2002-2006, 123 apps)  ->  Real Madrid Club de Fútbol (2006-2011, 90 apps)  ->  AS Monaco FC (2011-2011, 9 apps)  ->  Fulham F.C. (2011-2014, ? apps)"
"Mahmoud Dahoud",Germany,midfielder,4,"Borussia Mönchengladbach (2014-2017, 61 apps)  ->  Borussia Dortmund (2017-2023, 101 apps)  ->  Brighton & Hove Albion F.C. (2023-2024, 9 apps)  ->  Eintracht Frankfurt (2024-?, ? apps)"
Maicon,Brazil,full-back,9,"Cruzeiro E.C. (2001-2004, 56 apps)  ->  AS Monaco FC (2004-2006, 58 apps)  ->  Inter Milan (2006-2012, 177 apps)  ->  Manchester City F.C. (2012-2013, 9 apps)  ->  AS Roma (2013-2016, 57 apps)  ->  Avaí Futebol Clube (2017-2017, 9 apps)  ->  Criciúma Esporte Clube (2019-2019, 14 apps)  ->  Villa Nova Atlético Clube (2020-2020, 8 apps)  ->  gil paja (2021-2021, 1 apps)"
"Maino Neri","Kingdom of Italy, Italy",midfielder,3,"Modena F.C. (1941-1951, 250 apps)  ->  Inter Milan (1951-1955, 109 apps)  ->  Brescia Calcio (1955-1958, 80 apps)"
"Mal Donaghy","United Kingdom",defender,5,"Larne F.C. (1977-1978, 20 apps)  ->  Luton Town F.C. (1978-1988, 408 apps)  ->  Manchester United F.C. (1988-1992, 89 apps)  ->  Luton Town F.C. (1989-1990, 5 apps)  ->  Chelsea F.C. (1992-1994, 68 apps)"
"Malcolm Macdonald","United Kingdom",forward,6,"Tonbridge Angels F.C. (1967-1968, 40 apps)  ->  Fulham F.C. (1968-1969, 13 apps)  ->  Luton Town F.C. (1969-1971, 88 apps)  ->  Newcastle United F.C. (1971-1976, 187 apps)  ->  Arsenal F.C. (1976-1979, 84 apps)  ->  Djurgårdens IF Fotboll (1979-1980, 9 apps)"
"Malcolm McVean","United Kingdom of Great Britain and Ireland","wing half",2,"Liverpool F.C. (1892-1897, 89 apps)  ->  Burnley F.C. (1897-1897, 4 apps)"
"Malo Gusto",France,midfielder,2,"Olympique Lyonnais (2021-2023, 53 apps)  ->  Chelsea F.C. (2023-?, 86 apps)"
Mancini,Brazil,"wing half",14,"Clube Atlético Mineiro (1999-2002, 122 apps)  ->  Associação Portuguesa de Desportos (2000-2001, 35 apps)  ->  Associação Desportiva São Caetano (2001-2001, 16 apps)  ->  Associação Portuguesa de Desportos (2001-2001, 0 apps)  ->  Venezia F.C. (2002-2003, 13 apps)  ->  Venezia F.C. (2003-2003, 13 apps)  ->  AS Roma (2003-2008, 154 apps)  ->  Inter Milan (2008-2010, 26 apps)  ->  AC Milan (2010-2010, 7 apps)  ->  Clube Atlético Mineiro (2011-2013, 19 apps)  ->  Esporte Clube Bahia (2012-2012, 15 apps)  ->  Villa Nova Atlético Clube (2014-2014, 8 apps)  ->  América Futebol Clube (2014-2015, 56 apps)  ->  Villa Nova Atlético Clube (2016-2016, 9 apps)"
"Manfred Burgsmüller",Germany,"midfielder, forward",8,"Rot-Weiss Essen (1968-1971, 12 apps)  ->  KFC Uerdingen 05 (1971-1974, 101 apps)  ->  Rot-Weiss Essen (1974-1976, 64 apps)  ->  Borussia Dortmund (1976-1983, 224 apps)  ->  KFC Uerdingen 05 (1976-1976, 7 apps)  ->  1. FC Nürnberg (1983-1984, 34 apps)  ->  Rot-Weiß Oberhausen (1984-1985, 50 apps)  ->  SV Werder Bremen (1985-1990, 115 apps)"
"Manfred Schwabl",Germany,midfielder,7,"FC Bayern Munich (1985-1986, 7 apps)  ->  1. FC Nürnberg (1986-1989, 88 apps)  ->  FC Bayern Munich (1989-1993, 80 apps)  ->  1. FC Nürnberg (1993-1994, 45 apps)  ->  FC Tirol Innsbruck (1994-1994, 7 apps)  ->  FC Swarovski Tirol (1994-1994, 7 apps)  ->  TSV 1860 München (1994-1997, 83 apps)"
Manolo,Spain,forward,6,"CP Cacereño (1982-1983, ? apps)  ->  Centre d'Esports Sabadell Futbol Club (1983-1985, 36 apps)  ->  Real Murcia (1985-1988, 107 apps)  ->  Atlético Madrid (1988-1995, 219 apps)  ->  Mérida UD (1995-1997, 219 apps)  ->  CP Mérida (1995-1997, 0 apps)"
"Manu Trigueros",Spain,midfielder,4,"Villarreal CF B (2010-2012, 26 apps)  ->  Villarreal CF C (2010-2011, 36 apps)  ->  Villarreal CF (2012-2024, 366 apps)  ->  Granada CF (2024-?, 39 apps)"
"Manuel Akanji","Nigeria, Switzerland",defender,5,"FC Winterthur (2014-2015, 35 apps)  ->  FC Basel (2015-2018, 42 apps)  ->  Borussia Dortmund (2018-2022, 119 apps)  ->  Manchester City F.C. (2022-?, 85 apps)  ->  Inter Milan (2025-?, 0 apps)"
"Manuel Alday Marticorena",Spain,forward,1,"Real Madrid Club de Fútbol (1939-1944, 80 apps)"
"Manuel Almunia",Spain,goalkeeper,11,"Osasuna B (1996-1999, 46 apps)  ->  Club Atlético Osasuna (1998-1999, 4 apps)  ->  FC Cartagena (1999-2000, 3 apps)  ->  Centre d'Esports Sabadell Futbol Club (2000-2001, 29 apps)  ->  SD Eibar (2001-2002, 35 apps)  ->  RC Celta de Vigo (2001-2004, 0 apps)  ->  Recreativo de Huelva (2002-2003, 3 apps)  ->  Albacete Balompié (2003-2004, 25 apps)  ->  Arsenal F.C. (2004-2012, 175 apps)  ->  West Ham United F.C. (2011-2011, 4 apps)  ->  Watford F.C. (2012-2014, 81 apps)"
"Manuel Badenes",Spain,forward,6,"CD Castellón (1946-1947, 11 apps)  ->  Real Zaragoza (1949-1950, 24 apps)  ->  Valencia CF (1950-1956, 97 apps)  ->  Real Valladolid (1956-1958, 59 apps)  ->  Sporting de Gijón (1958-1960, 21 apps)  ->  CD Castellón (1960-1961, 24 apps)"
"Manuel Clares",Spain,forward,6,"Getafe Deportivo (1965-1966, ? apps)  ->  CF Gandía (1966-1971, ? apps)  ->  CD Castellón (1970-1974, 110 apps)  ->  Rayo Vallecano (1978-1980, 47 apps)  ->  CF Gandía (1980-1981, ? apps)  ->  Villarreal CF (1981-1982, ? apps)"
"Manuel Díaz Gil",Spain,forward,4,"Sevilla FC (1952-1956, 86 apps)  ->  Deportivo de La Coruña (1956-1957, 11 apps)  ->  Sevilla FC (1957-1958, 5 apps)  ->  AD Almería (1958-1960, 32 apps)"
"Manuel Etura",Spain,defender,3,"CD Getxo (1952-1953, ? apps)  ->  Athletic Club (1953-1966, 205 apps)  ->  SD Indautxu (1966-1967, 26 apps)"
"Manuel Gerolin",Italy,midfielder,5,"Conegliano Calcio (1976-1980, 36 apps)  ->  FCD Conegliano Calcio 1907 (1978-1980, 35 apps)  ->  Udinese Calcio (1980-1985, 122 apps)  ->  AS Roma (1985-1991, 138 apps)  ->  Bologna F.C. 1909 (1991-1993, 24 apps)"
"Manuel Jiménez Jiménez",Spain,defender,3,"Sevilla Atlético (1981-1984, ? apps)  ->  Sevilla FC (1984-1997, 354 apps)  ->  Real Jaén (1997-1998, 9 apps)"
"Manuel Locatelli",Italy,midfielder,5,"AC Milan (2016-2019, 48 apps)  ->  US Sassuolo Calcio (2018-2019, 29 apps)  ->  US Sassuolo Calcio (2019-2023, 67 apps)  ->  Juventus FC (2021-2023, 63 apps)  ->  Juventus FC (2023-?, 108 apps)"
"Manuel Martínez Canales",Spain,midfielder,10,"CD Getxo (1944-1946, ? apps)  ->  Arenas Club de Getxo (1946-1947, ? apps)  ->  Athletic Bilbao B (1947-1948, ? apps)  ->  Racing Club de Ferrol (1948-1949, ? apps)  ->  Athletic Club (1949-1955, 160 apps)  ->  Real Madrid Club de Fútbol (1955-1956, 9 apps)  ->  Real Zaragoza (1956-1959, 41 apps)  ->  Recreativo de Huelva (1959-1960, 8 apps)  ->  SD Indautxu (1960-1960, 0 apps)  ->  SD Indautxu (1961-1962, ? apps)"
"Manuel Neuer",Germany,goalkeeper,3,"FC Schalke 04 II (2004-2008, 26 apps)  ->  Schalke 04 (2006-2011, 156 apps)  ->  FC Bayern Munich (2011-?, 386 apps)"
"Manuel Ruiz Sosa",Spain,midfielder,4,"Sevilla FC (1955-1964, 153 apps)  ->  Coria CF (1955-1956, ? apps)  ->  Atlético Madrid (1964-1968, 37 apps)  ->  Granada CF (1968-1969, 3 apps)"
"Manuel Sanchís Hontiyuelo",Spain,defender,1,"Real Madrid Club de Fútbol (1983-2001, 523 apps)"
"Manuel Sanchís Martínez",Spain,defender,5,"FC Barcelona Atlètic (1955-1957, ? apps)  ->  CD Condal (1957-1961, 113 apps)  ->  Real Valladolid (1961-1964, 87 apps)  ->  Real Madrid Club de Fútbol (1965-1971, 143 apps)  ->  Córdoba CF (1971-1972, 14 apps)"
"Manuel Sarabia",Spain,forward,5,"Athletic Club (1974-1975, ? apps)  ->  Athletic Bilbao B (1974-1976, 56 apps)  ->  Athletic Club (1976-1988, 383 apps)  ->  Barakaldo CF (1977-1978, 37 apps)  ->  CD Logroñés (1988-1991, 87 apps)"
"Manuel Velázquez",Spain,midfielder,6,"Real Madrid Club de Fútbol (1962-1977, 301 apps)  ->  Rayo Vallecano (1962-1963, ? apps)  ->  Málaga CF (1963-1965, 46 apps)  ->  CD Málaga (1963-1965, 48 apps)  ->  Toronto Blizzard (1978-1978, 16 apps)  ->  Toronto Blizzard (1978-1978, 16 apps)"
"Marc Cucurella",Spain,defender,6,"FC Barcelona Atlètic (2016-2018, 48 apps)  ->  SD Eibar (2018-2019, 31 apps)  ->  Getafe CF (2019-2020, 37 apps)  ->  Getafe CF (2020-2021, 38 apps)  ->  Brighton & Hove Albion F.C. (2021-2022, 35 apps)  ->  Chelsea F.C. (2022-?, 113 apps)"
"Marc Overmars","Kingdom of the Netherlands","midfielder, wing half",5,"Go Ahead Eagles (1990-1991, 11 apps)  ->  Willem II (1991-1992, 31 apps)  ->  AFC Ajax (1992-1997, 136 apps)  ->  Arsenal F.C. (1997-2000, 100 apps)  ->  Go Ahead Eagles (2008-2009, 24 apps)"
"Marc-André Kruska",Germany,midfielder,4,"Borussia Dortmund (2004-2008, 98 apps)  ->  Club Brugge K.V. (2009-2009, 15 apps)  ->  FC Energie Cottbus (2009-2014, 143 apps)  ->  FSV Frankfurt (2014-?, ? apps)"
"Marc-André ter Stegen",Germany,goalkeeper,3,"Borussia Mönchengladbach (1996-2010, ? apps)  ->  Borussia Mönchengladbach (2011-2014, 108 apps)  ->  Girona FC (2026-?, 0 apps)"
"Marcel Desailly","France, Ghana",centre-back,6,"FC Nantes (1986-1992, 162 apps)  ->  Olympique de Marseille (1992-1993, 47 apps)  ->  AC Milan (1993-1998, 137 apps)  ->  Chelsea F.C. (1998-2004, 158 apps)  ->  Al-Gharafa SC (2004-2005, 28 apps)  ->  Qatar SC (2005-2006, 7 apps)"
"Marcel Răducanu",Romania,midfielder,2,"Borussia Dortmund (1982-1988, 163 apps)  ->  FC Zürich (1988-1990, 47 apps)"
"Marcel Schmelzer","German Democratic Republic, Germany",full-back,1,"Borussia Dortmund (2008-2022, 258 apps)"
"Marcel Witeczek","Germany, Poland","forward, defender",6,"KFC Uerdingen 05 (1986-1991, 142 apps)  ->  1. FC Kaiserslautern (1991-1993, 68 apps)  ->  FC Bayern Munich (1993-1997, 97 apps)  ->  Borussia Mönchengladbach (1997-2003, 167 apps)  ->  SG Wattenscheid 09 (2003-2005, 62 apps)  ->  FC 07 Albstadt (2005-2007, ? apps)"
"Marcelino Pérez",Spain,defender,5,"Centre d'Esports Sabadell Futbol Club (1972-1974, 54 apps)  ->  Atlético Madrid (1974-1984, 190 apps)  ->  UD Salamanca (1984-1986, ? apps)  ->  UB Conquense (1985-1985, ? apps)  ->  UE Lleida (1987-1988, 22 apps)"
"Marcelino Vaquero González del Río",Spain,defender,2,"Sevilla FC (1950-1966, 349 apps)  ->  Deportivo de La Coruña (1966-1967, 16 apps)"
"Marcello Mihalich","Kingdom of Italy, Italy",midfielder,7,"U.S. Fiumana (1926-1929, 61 apps)  ->  SSC Napoli (1929-1932, 94 apps)  ->  Inter Milan (1932-1933, 11 apps)  ->  Juventus FC (1933-1934, 6 apps)  ->  Pistoiese FC (1934-1935, 29 apps)  ->  Catania FC (1935-1938, 67 apps)  ->  U.S. Fiumana (1937-1938, 19 apps)"
"Marcelo Brozović",Croatia,midfielder,5,"NK Hrvatski Dragovoljac (2010-2011, 22 apps)  ->  NK Lokomotiva (2011-2012, 33 apps)  ->  GNK Dinamo Zagreb (2012-2015, 64 apps)  ->  Inter Milan (2015-2023, 261 apps)  ->  Al-Nassr (2023-?, 58 apps)"
"Marcelo Vieira","Brazil, Spain",full-back,3,"Fluminense F.C. (2005-2006, 30 apps)  ->  Real Madrid Club de Fútbol (2007-2022, 386 apps)  ->  Fluminense F.C. (2023-2025, 43 apps)"
"Marcelo Zalayeta",Uruguay,forward,10,"Danubio F.C. (1996-1996, 32 apps)  ->  Juventus FC (1997-2007, 101 apps)  ->  Club Atlético Peñarol (1997-1997, 32 apps)  ->  Empoli FC (1998-1999, 17 apps)  ->  Sevilla FC (1999-2001, 50 apps)  ->  A.C. Perugia Calcio (2004-2004, 5 apps)  ->  SSC Napoli (2007-2010, 49 apps)  ->  Bologna F.C. 1909 (2009-2010, 29 apps)  ->  Kayserispor (2010-2011, 14 apps)  ->  Club Atlético Peñarol (2011-2016, 125 apps)"
"Marcial Pina",Spain,midfielder,4,"Elche CF Ilicitano (1963-1964, ? apps)  ->  Elche CF (1964-1966, 48 apps)  ->  RCD Espanyol de Barcelona (1966-1969, 58 apps)  ->  Atlético Madrid (1977-1980, 63 apps)"
"Marco Asensio",Spain,"forward, winger",9,"CF Platges de Calvià (2003-2006, ? apps)  ->  RCD Mallorca (2006-2013, ? apps)  ->  RCD Mallorca (2013-2014, 37 apps)  ->  RCD Mallorca (2014-2015, 19 apps)  ->  Real Madrid Club de Fútbol (2014-2023, 191 apps)  ->  RCD Espanyol de Barcelona (2015-2016, 34 apps)  ->  Paris Saint-Germain FC (2023-2025, 31 apps)  ->  Aston Villa F.C. (2025-2025, 21 apps)  ->  Fenerbahçe Istanbul (2025-?, 25 apps)"
"Marco Cassetti",Italy,defender,9,"Football Club Atletico Montichiari (1996-1998, 30 apps)  ->  A.C. Lumezzane (1998-2000, 50 apps)  ->  Hellas Verona FC (2000-2003, 61 apps)  ->  US Lecce (2003-2006, 98 apps)  ->  AS Roma (2006-2012, 198 apps)  ->  Udinese Calcio (2012-2013, 0 apps)  ->  Watford F.C. (2012-2013, 38 apps)  ->  Watford F.C. (2013-2014, 38 apps)  ->  Como 1907 (2015-2016, 38 apps)"
"Marco Delvecchio",Italy,forward,8,"Inter Milan (1991-1992, 4 apps)  ->  Venezia F.C. (1992-1993, 20 apps)  ->  Udinese Calcio (1993-1994, 7 apps)  ->  Inter Milan (1994-1995, 33 apps)  ->  AS Roma (1995-2005, 269 apps)  ->  Parma Calcio 1913 (2005-2006, 8 apps)  ->  Brescia Calcio (2005-2005, 5 apps)  ->  Ascoli Calcio 1898 FC (2006-2007, 10 apps)"
"Marco Lanna",Italy,defender,5,"U.C. Sampdoria (1987-1993, 124 apps)  ->  AS Roma (1993-1997, 113 apps)  ->  UD Salamanca (1997-1999, 60 apps)  ->  Real Zaragoza (1999-2001, 27 apps)  ->  U.C. Sampdoria (2001-2002, 9 apps)"
"Marco Materazzi",Italy,"centre-back, defender",9,"A.C.R. Messina (1990-1991, 1 apps)  ->  Marsala Football Club (1993-1994, 25 apps)  ->  F.C. Trapani 1905 (1994-1995, 13 apps)  ->  A.C. Perugia Calcio (1995-1998, 47 apps)  ->  A.C. Carpi (1996-1996, 18 apps)  ->  Everton F.C. (1998-1999, 25 apps)  ->  A.C. Perugia Calcio (1999-2001, 51 apps)  ->  Inter Milan (2001-2011, 209 apps)  ->  Chennaiyin FC (2014-2014, 6 apps)"
"Marco Reus",Germany,"wing half, attacking midfielder",4,"Rot Weiss Ahlen (2007-2009, 43 apps)  ->  Borussia Mönchengladbach (2009-2012, 97 apps)  ->  Borussia Dortmund (2012-2024, 294 apps)  ->  LA Galaxy (2024-?, 14 apps)"
"Marco Sala","Kingdom of Italy, Italy",defender,2,"AC Milan (1908-1920, 90 apps)  ->  Inter Milan (1921-1922, 18 apps)"
"Marco Simone",Italy,"wing half",9,"F.C. AlzanoCene 1909 (1987-1988, 33 apps)  ->  Centro Giovanile Virescit Boccaleone (1987-1988, 33 apps)  ->  Como 1907 (1987-1989, ? apps)  ->  AC Milan (1989-1997, 168 apps)  ->  Paris Saint-Germain FC (1997-1999, 58 apps)  ->  AS Monaco FC (1999-2003, ? apps)  ->  AC Milan (2001-2002, 9 apps)  ->  OGC Nice (2004-2004, 7 apps)  ->  A.C. Legnano (2005-2006, 1 apps)"
"Marco Tardelli",Italy,midfielder,5,"Pisa SC (1972-1974, 41 apps)  ->  Como 1907 (1974-1975, 36 apps)  ->  Juventus FC (1975-1985, 259 apps)  ->  Inter Milan (1985-1987, 43 apps)  ->  FC St. Gallen (1987-1988, 14 apps)"
"Marco van Basten","Kingdom of the Netherlands",forward,2,"AFC Ajax (1981-1987, 133 apps)  ->  AC Milan (1987-1995, 147 apps)"
"Marcos Alonso Mendoza",Spain,full-back,6,"Real Madrid Club de Fútbol (2010-2010, 1 apps)  ->  Bolton Wanderers F.C. (2010-2013, 35 apps)  ->  ACF Fiorentina (2013-2016, 58 apps)  ->  Sunderland A.F.C. (2014-2014, 16 apps)  ->  Chelsea F.C. (2016-2022, 154 apps)  ->  RC Celta de Vigo (2024-?, 55 apps)"
"Marcos Alonso Peña",Spain,"wing half",5,"Racing de Santander (1977-1979, 51 apps)  ->  Atlético Madrid (1979-1982, 90 apps)  ->  Atlético Madrid (1987-1989, 29 apps)  ->  CD Logroñés (1989-1990, 8 apps)  ->  Racing de Santander (1990-1991, 1 apps)"
"Marcos Llorente",Spain,midfielder,3,"Real Madrid Club de Fútbol (2015-2019, 22 apps)  ->  Deportivo Alavés (2016-2017, 32 apps)  ->  Atlético Madrid (2019-?, 212 apps)"
"Marcos Martín de la Fuente",Spain,midfielder,4,"RCD Mallorca (1988-1991, 36 apps)  ->  Sevilla FC (1991-1997, 209 apps)  ->  CP Mérida (1997-2000, 98 apps)  ->  RCD Mallorca (2000-2005, 139 apps)"
"Marcos Senna","Brazil, Spain",midfielder,10,"Rio Branco Esporte Clube (1997-1997, ? apps)  ->  América Futebol Clube (1998-1998, 4 apps)  ->  S.C. Corinthians Paulista (1999-2000, 16 apps)  ->  América Futebol Clube (1999-2000, 4 apps)  ->  S.C. Corinthians Paulista (2000-2001, 16 apps)  ->  Esporte Clube Juventude (2001-2001, 12 apps)  ->  Associação Desportiva São Caetano (2002-2002, 14 apps)  ->  Villarreal CF (2002-2013, 292 apps)  ->  New York Cosmos (2013-2015, 55 apps)  ->  New York Cosmos (2013-2015, 43 apps)"
"Marcus Rashford","United Kingdom",forward,2,"Manchester United F.C. (2015-?, 287 apps)  ->  Aston Villa F.C. (2025-2025, 10 apps)"
"Marcus Thuram",France,forward,4,"FC Sochaux-Montbéliard (2015-2017, 37 apps)  ->  En Avant de Guingamp (2017-2019, 64 apps)  ->  Borussia Mönchengladbach (2019-2023, 111 apps)  ->  Inter Milan (2023-?, 96 apps)"
"Marek Hamšík",Slovakia,midfielder,6,"ŠK Slovan Bratislava (2002-2004, 6 apps)  ->  Brescia Calcio (2004-2007, 65 apps)  ->  SSC Napoli (2007-2019, 408 apps)  ->  Dalian Professional F.C. (2019-2021, 42 apps)  ->  Trabzonspor (2021-2023, 49 apps)  ->  IFK Göteborg (2021-2021, 6 apps)"
"Marek Jankulovski","Czechoslovakia, Czech Republic",full-back,5,"FC Baník Ostrava (1994-2000, 110 apps)  ->  SSC Napoli (2000-2002, 51 apps)  ->  Udinese Calcio (2002-2005, 91 apps)  ->  AC Milan (2005-2011, 113 apps)  ->  FC Baník Ostrava (2011-2012, 1 apps)"
"Mariano Bogliacino",Uruguay,midfielder,12,"C.S.D. Villa Española (1999-1999, ? apps)  ->  Plaza Colonia (2000-2002, 41 apps)  ->  Plaza Colonia (2002-2002, 41 apps)  ->  Club Atlético Peñarol (2003-2003, 8 apps)  ->  UD Las Palmas (2003-2004, 25 apps)  ->  S.S. Sambenedettese Calcio (2004-2005, 31 apps)  ->  SSC Napoli (2005-2011, 139 apps)  ->  AC ChievoVerona (2010-2011, 34 apps)  ->  SSC Bari (2011-2012, 28 apps)  ->  US Lecce (2012-2015, 61 apps)  ->  A.S. Martina Franca 1947 (2015-2016, 16 apps)  ->  Plaza Colonia (2016-?, ? apps)"
"Mariano García Remón",Spain,goalkeeper,4,"Real Oviedo (1970-1971, 24 apps)  ->  Talavera CF (1970-1970, ? apps)  ->  Real Madrid Club de Fútbol (1970-1986, 177 apps)  ->  Real Oviedo (1971-1971, 24 apps)"
"Mariano Gonzalvo",Spain,midfielder,4,"Real Zaragoza (1941-1942, 20 apps)  ->  UE Lleida (1955-1956, 13 apps)  ->  CD Condal (1956-1957, 16 apps)  ->  FC Barcelona Atlètic (1956-1957, 16 apps)"
"Mariano Martín",Spain,forward,3,"UE Sant Andreu (1936-1939, ? apps)  ->  Gimnàstic de Tarragona (1948-1950, 18 apps)  ->  UE Sant Andreu (1950-1952, 47 apps)"
"Mariano Pernía","Argentina, Spain",defender,6,"Club Atlético Independiente (1999-2002, 46 apps)  ->  Recreativo de Huelva (2003-2004, 59 apps)  ->  Getafe CF (2004-2006, ? apps)  ->  Atlético Madrid (2006-2010, 80 apps)  ->  Club Nacional de Football (2010-2010, 7 apps)  ->  Club Atlético Tigre (2011-2012, 9 apps)"
"Mariano Tansini","Kingdom of Italy, Italy",forward,8,"Associazione Calcio Codogno 1908 (1921-1922, ? apps)  ->  US Cremonese (1922-1923, 1 apps)  ->  Piacenza Calcio (1923-1924, 14 apps)  ->  US Cremonese (1924-1927, 57 apps)  ->  AC Milan (1927-1930, 82 apps)  ->  SSC Napoli (1930-1932, 54 apps)  ->  Calcio Padova (1932-1933, 32 apps)  ->  AC Milan (1933-1934, 13 apps)"
"Mario Ardizzon","Kingdom of Italy, Italy",defender,3,"Venezia F.C. (1957-1963, 142 apps)  ->  AS Roma (1963-1966, 92 apps)  ->  Bologna F.C. 1909 (1966-1971, 97 apps)"
"Mario Astorri","Kingdom of Italy, Italy",midfielder,9,"A.S.D. Mestrina 1929 (1939-1941, 26 apps)  ->  Calcio Schio 1905 (1941-1942, 26 apps)  ->  SPAL (1942-1943, 21 apps)  ->  Venezia F.C. (1943-1945, 29 apps)  ->  SPAL (1945-1946, 19 apps)  ->  Juventus FC (1946-1947, 23 apps)  ->  Atalanta BC (1947-1949, 53 apps)  ->  SSC Napoli (1949-1953, 88 apps)  ->  AC Monza (1953-1954, 19 apps)"
"Mario Bergamaschi",Italy,midfielder,4,"A.C. Crema 1908 (1947-1950, ? apps)  ->  Como 1907 (1950-1953, 96 apps)  ->  AC Milan (1953-1958, 132 apps)  ->  U.C. Sampdoria (1958-1964, 164 apps)"
"Mario Bertini",Italy,midfielder,5,"A.C. Prato (1962-1963, 3 apps)  ->  Empoli FC (1963-1964, 31 apps)  ->  ACF Fiorentina (1964-1968, 97 apps)  ->  Inter Milan (1968-1977, 211 apps)  ->  Rimini FC (1977-1978, 22 apps)"
"Mario Cabrera",Argentina,forward,5,"Club Atlético Huracán (1975-1978, 61 apps)  ->  CD Castellón (1978-1980, 73 apps)  ->  Atlético Madrid (1980-1986, 111 apps)  ->  Cádiz Club de Fútbol (1986-1988, 73 apps)  ->  CD Castellón (1988-1990, 55 apps)"
"Mario Corso",Italy,"wing half",3,"Associazione Calcio Audace (1956-1957, 15 apps)  ->  Inter Milan (1957-1973, 413 apps)  ->  Genoa CFC (1973-1975, 26 apps)"
"Mario David","Kingdom of Italy, Italy",defender,6,"US Livorno 1915 (1950-1953, 26 apps)  ->  Vicenza Calcio (1953-1958, 117 apps)  ->  AS Roma (1958-1960, 43 apps)  ->  AC Milan (1960-1965, 114 apps)  ->  U.C. Sampdoria (1965-1966, 14 apps)  ->  US Alessandria Calcio 1912 (1966-1967, 3 apps)"
"Mario Ferrero","Kingdom of Italy, Italy",defender,3,"Football Club Pastore (1921-1922, ? apps)  ->  Juventus FC (1926-1934, 93 apps)  ->  U.C. Sampdoria (1934-1935, 14 apps)"
"Mario Foglia","Kingdom of Italy, Italy",defender,6,"US Alessandria Calcio 1912 (1939-1944, 94 apps)  ->  AC Pavia 1911 (1944-1945, 0 apps)  ->  A.S.D. Biellese 1902 (1945-1946, 19 apps)  ->  AC Milan (1946-1951, 127 apps)  ->  Brescia Calcio (1946-1946, 0 apps)  ->  Palermo F.C. (1951-1953, 48 apps)"
"Mario Giubertoni",Italy,defender,3,"Palermo F.C. (1964-1970, 199 apps)  ->  Inter Milan (1970-1976, 154 apps)  ->  Hellas Verona FC (1976-1977, 7 apps)"
"Mario Gómez",Germany,forward,6,"VfB Stuttgart (2003-2009, 121 apps)  ->  FC Bayern Munich (2009-2013, 115 apps)  ->  ACF Fiorentina (2013-2015, 29 apps)  ->  Beşiktaş J.K. (Football) (2015-2016, 33 apps)  ->  VfL Wolfsburg (2016-2017, 45 apps)  ->  VfB Stuttgart (2018-2020, 70 apps)"
"Mario Götze",Germany,"wing half",5,"Borussia Dortmund (2009-2013, 83 apps)  ->  FC Bayern Munich (2013-2016, 73 apps)  ->  Borussia Dortmund (2016-2020, 75 apps)  ->  PSV Eindhoven (2020-2022, 47 apps)  ->  Eintracht Frankfurt (2022-?, 93 apps)"
"Mario Kempes",Argentina,forward,14,"Club Sport Emelec (1970-1973, 13 apps)  ->  Club Atlético Rosario Central (1974-1976, 107 apps)  ->  Valencia CF (1976-1981, 142 apps)  ->  Club Atlético River Plate (1981-1982, 29 apps)  ->  Valencia CF (1982-1984, 42 apps)  ->  Hércules CF (1984-1986, 38 apps)  ->  First Vienna FC (1986-1987, 20 apps)  ->  SKN St. Pölten (1987-1990, 96 apps)  ->  VSE St. Pölten (1987-1990, 96 apps)  ->  Kremser SC (1990-1992, 39 apps)  ->  Madura United F.C. (1995-1996, 15 apps)  ->  C.C.D. Arturo Fernández Vial (1995-1995, 11 apps)  ->  Madura United F.C. (1996-1996, 11 apps)  ->  Madura United F.C. (1999-1999, 15 apps)"
"Mario Magnozzi","Kingdom of Italy, Italy",forward,3,"US Livorno 1915 (1921-1930, ? apps)  ->  AC Milan (1930-1933, 97 apps)  ->  US Livorno 1915 (1933-1936, 57 apps)"
"Mario Mandžukić",Croatia,forward,9,"NK Marsonia (2004-2005, 23 apps)  ->  N.K. Zagreb (2005-2007, 51 apps)  ->  GNK Dinamo Zagreb (2007-2010, 81 apps)  ->  VfL Wolfsburg (2010-2012, 56 apps)  ->  FC Bayern Munich (2012-2014, 54 apps)  ->  Atlético Madrid (2014-2015, 28 apps)  ->  Juventus FC (2015-2020, 118 apps)  ->  Al-Duhail SC (2020-2020, 8 apps)  ->  AC Milan (2021-2021, 10 apps)"
"Mario Melchiot","Kingdom of the Netherlands",full-back,6,"AFC Ajax (1996-1999, 73 apps)  ->  Chelsea F.C. (1999-2004, 130 apps)  ->  Birmingham City F.C. (2004-2006, 56 apps)  ->  Stade Rennais F.C. (2006-2007, 30 apps)  ->  Wigan Athletic F.C. (2007-2010, 97 apps)  ->  Umm Salal SC (2010-2011, 20 apps)"
"Mario Pretto","Kingdom of Italy, Italy",defender,2,"Calcio Schio 1905 (1936-1937, ? apps)  ->  SSC Napoli (1937-1949, 223 apps)"
"Mario Romani","Kingdom of Italy, Italy",forward,4,"SPAL (1925-1932, 169 apps)  ->  AC Milan (1932-1936, 80 apps)  ->  Palermo F.C. (1936-1937, 8 apps)  ->  SPAL (1937-1938, 20 apps)"
"Mario Rosi",Italy,midfielder,2,"SSC Napoli (1945-1949, 149 apps)  ->  S.S.D. Ischia Isolaverde (1956-1957, 12 apps)"
"Mario Suárez",Spain,midfielder,11,"Atlético Madrid B (2004-2006, 38 apps)  ->  Atlético Madrid (2005-2008, 6 apps)  ->  Real Valladolid (2006-2007, 30 apps)  ->  RC Celta de Vigo (2007-2008, 27 apps)  ->  RCD Mallorca (2008-2010, 70 apps)  ->  Atlético Madrid (2010-2015, 180 apps)  ->  ACF Fiorentina (2015-2016, 13 apps)  ->  Valencia CF (2016-2017, 24 apps)  ->  Watford F.C. (2016-2017, 17 apps)  ->  Guizhou F.C. (2017-2019, 30 apps)  ->  Rayo Vallecano (2019-2023, 108 apps)"
"Mario Tontodonati","Kingdom of Italy, Italy",forward,7,"Delfino Pescara 1936 (1940-1943, 90 apps)  ->  Delfino Pescara 1936 (1945-1946, 20 apps)  ->  SSC Bari (1946-1948, 77 apps)  ->  AS Roma (1948-1951, 90 apps)  ->  Lucchese 1905 (1951-1952, 30 apps)  ->  Torino FC (1952-1953, 9 apps)  ->  Delfino Pescara 1936 (1953-1959, ? apps)"
"Mario Trebbi","Kingdom of Italy, Italy",defender,3,"AC Milan (1959-1966, 122 apps)  ->  Torino FC (1966-1969, 35 apps)  ->  AC Monza (1969-1973, 125 apps)"
"Mario Varglien","Kingdom of Italy, Italy",defender,5,"U.S. Fiumana (1920-1927, ? apps)  ->  Aurora Pro Patria 1919 (1927-1928, 20 apps)  ->  Juventus FC (1928-1942, 357 apps)  ->  A.S.D. Sanremese (1942-1943, ? apps)  ->  US Triestina Calcio 1918 (1943-1944, 11 apps)"
"Mario Zorzan","Kingdom of Italy, Italy",goalkeeper,3,"Vicenza Calcio (1929-1935, 108 apps)  ->  AC Milan (1935-1942, 147 apps)  ->  Associazione Sportiva Dilettantistica Abbiategrasso (1942-1943, ? apps)"
"Mario Zurlini",Italy,defender,3,"Parma Calcio 1913 (1961-1964, 56 apps)  ->  SSC Napoli (1964-1974, 197 apps)  ->  FC Matera (1975-1977, 64 apps)"
"Marius Wolf",Germany,"winger, full-back",7,"TSV 1860 München (2014-2016, 39 apps)  ->  Hannover 96 (2016-2018, 2 apps)  ->  Eintracht Frankfurt (2017-2018, 31 apps)  ->  Borussia Dortmund (2018-2024, 90 apps)  ->  Hertha BSC (2019-2020, 21 apps)  ->  1. FC Köln (2020-2021, 31 apps)  ->  FC Augsburg (2024-?, 40 apps)"
"Mark Falco","United Kingdom",forward,6,"Tottenham Hotspur F.C. (1978-1987, 174 apps)  ->  Chelsea F.C. (1982-1982, 3 apps)  ->  Watford F.C. (1986-1987, 33 apps)  ->  Rangers F.C. (1987-1988, 19 apps)  ->  Queens Park Rangers F.C. (1988-1991, 87 apps)  ->  Millwall F.C. (1991-1992, 21 apps)"
"Mark Higgins","United Kingdom",defender,4,"Everton F.C. (1976-1985, 152 apps)  ->  Manchester United F.C. (1985-1987, 6 apps)  ->  Bury F.C. (1987-1988, 68 apps)  ->  Stoke City F.C. (1988-1990, 39 apps)"
"Mark Hughes","United Kingdom",forward,7,"Manchester United F.C. (1980-1986, 89 apps)  ->  FC Bayern Munich (1987-1988, 18 apps)  ->  Manchester United F.C. (1988-1995, 256 apps)  ->  Chelsea F.C. (1995-1998, 95 apps)  ->  Southampton F.C. (1998-2000, 52 apps)  ->  Everton F.C. (2000-2000, 18 apps)  ->  Blackburn Rovers F.C. (2000-2002, 50 apps)"
"Mark Iuliano",Italy,defender,8,"U.S. Salernitana 1919 (1990-1996, 83 apps)  ->  Bologna F.C. 1909 (1992-1993, 24 apps)  ->  AC Monza (1993-1994, 16 apps)  ->  Juventus FC (1996-2004, 187 apps)  ->  RCD Mallorca (2005-2005, 29 apps)  ->  U.C. Sampdoria (2006-2006, 4 apps)  ->  A.C.R. Messina (2006-2007, 21 apps)  ->  S.C. Ravenna Sport (2008-2008, 10 apps)"
"Mark Jones","United Kingdom",centre-back,1,"Manchester United F.C. (1950-1958, 103 apps)"
"Mark Lawrenson","United Kingdom, Ireland",defender,7,"Preston North End F.C. (1974-1977, 73 apps)  ->  Brighton & Hove Albion F.C. (1977-1981, 152 apps)  ->  Liverpool F.C. (1981-1988, 241 apps)  ->  Barnet F.C. (1988-1989, 2 apps)  ->  Tampa Bay Rowdies (1989-1989, 20 apps)  ->  Corby Town F.C. (1990-1991, ? apps)  ->  Chesham United F.C. (1992-1992, ? apps)"
"Mark Pembridge","United Kingdom",midfielder,6,"Luton Town F.C. (1989-1992, 70 apps)  ->  Derby County F.C. (1992-1995, 140 apps)  ->  Sheffield Wednesday F.C. (1995-1998, 108 apps)  ->  S.L. Benfica (1998-1999, 19 apps)  ->  Everton F.C. (1999-2003, 101 apps)  ->  Fulham F.C. (2003-2007, 54 apps)"
"Mark Stimson","United Kingdom",defender,11,"Tottenham Hotspur F.C. (1985-1989, 2 apps)  ->  Leyton Orient F.C. (1988-1988, 10 apps)  ->  Newcastle United F.C. (1989-1993, 86 apps)  ->  Gillingham F.C. (1989-1989, 18 apps)  ->  Portsmouth F.C. (1992-1992, 4 apps)  ->  Portsmouth F.C. (1993-1996, 58 apps)  ->  Barnet F.C. (1995-1995, 5 apps)  ->  Southend United F.C. (1996-1999, 57 apps)  ->  Canvey Island F.C. (1999-2002, ? apps)  ->  Leyton Orient F.C. (1999-1999, 2 apps)  ->  Grays Athletic F.C. (2002-2004, ? apps)"
"Mark Walters","United Kingdom",midfielder,8,"Aston Villa F.C. (1981-1987, 181 apps)  ->  Rangers F.C. (1987-1991, 106 apps)  ->  Liverpool F.C. (1991-1996, 94 apps)  ->  Stoke City F.C. (1993-1994, 9 apps)  ->  Wolverhampton Wanderers F.C. (1994-1995, 11 apps)  ->  Southampton F.C. (1996-1996, 5 apps)  ->  Swindon Town F.C. (1996-1999, 112 apps)  ->  Bristol Rovers F.C. (1999-2002, 82 apps)"
"Mark Ward","United Kingdom","wing half",13,"Everton F.C. (1980-1981, 0 apps)  ->  Northwich Victoria F.C. (1981-1983, ? apps)  ->  Oldham Athletic A.F.C. (1983-1985, 84 apps)  ->  West Ham United F.C. (1985-1990, 165 apps)  ->  Manchester City F.C. (1990-1991, 55 apps)  ->  Everton F.C. (1991-1994, 83 apps)  ->  Birmingham City F.C. (1994-1996, 63 apps)  ->  Ayr United F.C. (1996-1996, 1 apps)  ->  Huddersfield Town A.F.C. (1996-1996, 8 apps)  ->  Dundee F.C. (1997-1997, 1 apps)  ->  Wigan Athletic F.C. (1997-1997, 5 apps)  ->  Valur (1998-1998, 5 apps)  ->  Leigh Genesis F.C. (1999-1999, ? apps)"
"Mark Wright","United Kingdom",centre-back,4,"Oxford United F.C. (1980-1982, 10 apps)  ->  Southampton F.C. (1982-1987, 170 apps)  ->  Derby County F.C. (1987-1991, 144 apps)  ->  Liverpool F.C. (1991-1998, 160 apps)"
"Mark van Bommel","Kingdom of the Netherlands",midfielder,5,"Fortuna Sittard (1992-1999, 153 apps)  ->  PSV Eindhoven (1999-2005, 169 apps)  ->  FC Bayern Munich (2006-2011, 123 apps)  ->  AC Milan (2011-2012, 39 apps)  ->  PSV Eindhoven (2012-2013, 28 apps)"
"Markel Susaeta",Spain,"inside forward, winger",7,"Athletic Club (1997-2005, ? apps)  ->  CD Baskonia (2005-2006, 36 apps)  ->  Athletic Bilbao B (2006-2008, 41 apps)  ->  Athletic Club (2007-2019, 507 apps)  ->  Gamba Osaka (2019-2019, 7 apps)  ->  Melbourne City FC (2020-2020, 10 apps)  ->  Macarthur FC (2020-2021, 23 apps)"
"Markus Babbel",Germany,centre-back,6,"FC Bayern Munich (1991-1992, 12 apps)  ->  Hamburger SV (1992-1994, 60 apps)  ->  FC Bayern Munich (1994-2000, 170 apps)  ->  Liverpool F.C. (2000-2004, 42 apps)  ->  Blackburn Rovers F.C. (2003-2004, 25 apps)  ->  VfB Stuttgart (2004-2007, 46 apps)"
"Markus Brzenska","Germany, Poland",centre-back,4,"Borussia Dortmund (2003-2009, 86 apps)  ->  MSV Duisburg (2008-2009, 33 apps)  ->  FC Energie Cottbus (2009-2014, 63 apps)  ->  FC Viktoria Köln (2014-?, ? apps)"
"Markus Schupp",Germany,midfielder,7,"1. FC Kaiserslautern (1984-1991, 177 apps)  ->  SG Wattenscheid 09 (1991-1992, 37 apps)  ->  FC Bayern Munich (1992-1995, 91 apps)  ->  Eintracht Frankfurt (1995-1996, 30 apps)  ->  Hamburger SV (1996-1997, 16 apps)  ->  SK Sturm Graz (1997-2001, 128 apps)  ->  FC Basel (1997-1997, 6 apps)"
"Marouane Fellaini",Belgium,midfielder,4,"Standard Liège (2006-2008, 64 apps)  ->  Everton F.C. (2008-2013, 141 apps)  ->  Manchester United F.C. (2013-2019, 119 apps)  ->  Shandong Taishan F.C. (2019-2023, 108 apps)"
Marquitos,Spain,defender,5,"Racing de Santander (1951-1954, 42 apps)  ->  Real Madrid Club de Fútbol (1954-1962, 158 apps)  ->  Hércules CF (1962-1963, 18 apps)  ->  Real Murcia (1963-1964, 24 apps)  ->  CD Puertollano (1964-1966, 30 apps)"
"Marta Moreno",Spain,defender,1,"Athletic Club (2004-2012, 171 apps)"
"Martin Buchan","United Kingdom","centre-back, defender",4,"Aberdeen F.C. (1965-1972, 134 apps)  ->  Washington Whips (1967-1967, 8 apps)  ->  Manchester United F.C. (1972-1983, 456 apps)  ->  Oldham Athletic A.F.C. (1983-1985, 28 apps)"
"Martin Dobson","United Kingdom",midfielder,5,"Bolton Wanderers F.C. (1966-1966, 0 apps)  ->  Burnley F.C. (1967-1974, 224 apps)  ->  Everton F.C. (1974-1978, 190 apps)  ->  Burnley F.C. (1978-1983, 186 apps)  ->  Bury F.C. (1983-1985, 61 apps)"
"Martin Dúbravka",Slovakia,goalkeeper,7,"MŠK Žilina (2008-2014, 115 apps)  ->  Esbjerg fB (2014-2016, 70 apps)  ->  FC Slovan Liberec (2016-2017, 38 apps)  ->  AC Sparta Prague (2017-2018, 17 apps)  ->  Newcastle United F.C. (2018-2025, 162 apps)  ->  Manchester United F.C. (2022-2023, 0 apps)  ->  Burnley F.C. (2025-?, 0 apps)"
"Martin Hayes","United Kingdom","wing half",13,"Arsenal F.C. (1983-1990, 102 apps)  ->  Celtic F.C. (1990-1993, 7 apps)  ->  Coventry City F.C. (1991-1991, 0 apps)  ->  Wimbledon F.C. (1992-1992, 2 apps)  ->  Swansea City A.F.C. (1993-1995, 61 apps)  ->  Cliftonville F.C. (1994-1995, 3 apps)  ->  Dover Athletic F.C. (1995-1995, 18 apps)  ->  Southend United F.C. (1995-1995, 0 apps)  ->  Romford F.C. (1996-1998, ? apps)  ->  Crawley Town F.C. (1996-1996, ? apps)  ->  Thurrock F.C. (1998-1998, ? apps)  ->  Romford F.C. (1999-1999, ? apps)  ->  Bishop's Stortford F.C. (1999-2001, ? apps)"
"Martin Keown","United Kingdom",centre-back,8,"Arsenal F.C. (1984-1986, 22 apps)  ->  Brighton & Hove Albion F.C. (1985-1985, 23 apps)  ->  Aston Villa F.C. (1986-1989, 112 apps)  ->  Everton F.C. (1989-1993, 96 apps)  ->  Arsenal F.C. (1993-2004, 311 apps)  ->  Leicester City F.C. (2004-2005, 17 apps)  ->  Reading F.C. (2005-2005, 5 apps)  ->  Wembley F.C. (2012-2012, 0 apps)"
"Martin Kree",Germany,centre-back,3,"VfL Bochum (1983-1989, 164 apps)  ->  Bayer 04 Leverkusen (1989-1994, 156 apps)  ->  Borussia Dortmund (1994-1998, 81 apps)"
"Martin Peters","United Kingdom",midfielder,5,"West Ham United F.C. (1959-1970, 302 apps)  ->  Tottenham Hotspur F.C. (1970-1975, 189 apps)  ->  Norwich City F.C. (1975-1980, 206 apps)  ->  Sheffield United F.C. (1980-1981, 24 apps)  ->  Gorleston F.C. (1982-1983, ? apps)"
"Martin Thomas","United Kingdom",goalkeeper,8,"Bristol Rovers F.C. (1977-1983, 162 apps)  ->  Cardiff City F.C. (1982-1982, 15 apps)  ->  Southend United F.C. (1983-1983, 6 apps)  ->  Newcastle United F.C. (1983-1983, 3 apps)  ->  Middlesbrough F.C. (1984-1984, 4 apps)  ->  Birmingham City F.C. (1988-1993, 144 apps)  ->  Crystal Palace F.C. (1993-1993, 0 apps)  ->  Cheltenham Town F.C. (1993-1995, 80 apps)"
"Martin Ødegaard",Norway,midfielder,6,"Strømsgodset TF (2014-2015, 23 apps)  ->  Real Madrid Club de Fútbol (2015-2021, 8 apps)  ->  SC Heerenveen (2017-2018, 38 apps)  ->  SBV Vitesse (2018-2019, 31 apps)  ->  Real Sociedad (2019-2020, 31 apps)  ->  Arsenal F.C. (2021-?, 162 apps)"
"Martin Škrtel",Slovakia,centre-back,7,"FK AS Trenčín (2001-2004, 44 apps)  ->  FC Zenit Saint Petersburg (2004-2008, 74 apps)  ->  Liverpool F.C. (2008-2016, 242 apps)  ->  Fenerbahçe Istanbul (2016-2019, 79 apps)  ->  Atalanta BC (2019-2019, 0 apps)  ->  İstanbul Başakşehir F.K. (2019-2021, 30 apps)  ->  FC Spartak Trnava (2021-2022, 18 apps)"
"Martí Vergés",Spain,midfielder,1,"CD Condal (1954-1956, ? apps)"
"Martín Demichelis","Argentina, Italy",centre-back,7,"Club Atlético River Plate (2000-2003, 52 apps)  ->  FC Bayern Munich (2003-2011, 174 apps)  ->  Málaga CF (2011-2013, 84 apps)  ->  Atlético Madrid (2013-2013, 0 apps)  ->  Manchester City F.C. (2013-2016, 78 apps)  ->  RCD Espanyol de Barcelona (2016-2017, 2 apps)  ->  Málaga CF (2017-2017, 10 apps)"
"Marvin Hinton","United Kingdom",defender,2,"Charlton Athletic F.C. (1957-1963, 131 apps)  ->  Chelsea F.C. (1963-1976, 265 apps)"
"Mason Greenwood","United Kingdom",forward,3,"Manchester United F.C. (2018-2024, 83 apps)  ->  Getafe CF (2023-2024, 33 apps)  ->  Olympique de Marseille (2024-?, 66 apps)"
"Mason Holgate","United Kingdom","centre-back, full-back",4,"Barnsley F.C. (2014-2015, 20 apps)  ->  Everton F.C. (2015-2025, 127 apps)  ->  West Bromwich Albion F.C. (2024-2025, 26 apps)  ->  Al-Gharafa SC (2025-?, ? apps)"
"Mason Mount","United Kingdom","central midfielder, attacking midfielder",4,"Chelsea F.C. (2017-2023, 129 apps)  ->  SBV Vitesse (2017-2018, 29 apps)  ->  Derby County F.C. (2018-2019, 35 apps)  ->  Manchester United F.C. (2023-?, ? apps)"
"Massimiliano Cappioli",Italy,midfielder,9,"AS Roma (1987-1988, ? apps)  ->  Cagliari Calcio (1988-1993, 144 apps)  ->  AS Roma (1993-1996, 90 apps)  ->  Udinese Calcio (1996-1998, 24 apps)  ->  Atalanta BC (1998-1998, 11 apps)  ->  Bologna F.C. 1909 (1998-1999, 22 apps)  ->  A.C. Perugia Calcio (1999-2000, 13 apps)  ->  Palermo F.C. (2000-2002, 57 apps)  ->  Taranto Sport (2003-2003, 9 apps)"
"Massimo Ambrosini",Italy,midfielder,4,"AC Cesena (1994-1995, 25 apps)  ->  AC Milan (1995-2013, 344 apps)  ->  Vicenza Calcio (1997-1998, 27 apps)  ->  ACF Fiorentina (2013-2014, 21 apps)"
"Massimo Bonini","San Marino",midfielder,8,"A.C. Bellaria Igea Marina (1977-1978, 33 apps)  ->  Forlì F.C. (1978-1979, 23 apps)  ->  AC Cesena (1979-1981, 60 apps)  ->  Juventus FC (1981-1988, 192 apps)  ->  Bologna F.C. 1909 (1988-1992, 112 apps)  ->  S.S. Juvenes (1994-1994, ? apps)  ->  S.S. Juvenes (1995-1997, ? apps)  ->  San Marino Calcio (1995-1995, ? apps)"
"Massimo Carrera",Italy,defender,10,"Pro Sesto 1913 (1982-1983, 30 apps)  ->  U.S. Russi (1983-1984, 28 apps)  ->  US Alessandria Calcio 1912 (1984-1985, 31 apps)  ->  Delfino Pescara 1936 (1985-1986, 19 apps)  ->  SSC Bari (1986-1991, 156 apps)  ->  Juventus FC (1991-1996, 114 apps)  ->  Atalanta BC (1996-2003, 207 apps)  ->  SSC Napoli (2003-2004, 26 apps)  ->  Treviso F.B.C. 1993 (2004-2005, 12 apps)  ->  F.C. Pro Vercelli 1892 (2005-2008, 63 apps)"
"Massimo Crippa",Italy,midfielder,9,"ASD FBC Saronno 1910 (1983-1985, ? apps)  ->  U.S.D. 1913 Seregno Calcio (1985-1986, 30 apps)  ->  AC Pavia 1911 (1986-1987, 31 apps)  ->  Torino FC (1987-1988, 29 apps)  ->  SSC Napoli (1988-1993, 150 apps)  ->  Parma Calcio 1913 (1993-1998, 147 apps)  ->  Torino FC (1998-2000, 10 apps)  ->  U.S. Canzese (2000-2002, ? apps)  ->  U.S.D. 1913 Seregno Calcio (2003-2003, ? apps)"
"Massimo Mauro",Italy,midfielder,4,"Unione Sportiva Catanzaro (1979-1982, 58 apps)  ->  Udinese Calcio (1982-1985, 83 apps)  ->  Juventus FC (1985-1989, 102 apps)  ->  SSC Napoli (1989-1993, 64 apps)"
"Massimo Tarantino",Italy,defender,9,"Catania FC (1986-1989, 33 apps)  ->  AC Monza (1989-1990, 12 apps)  ->  SSC Napoli (1989-1996, 100 apps)  ->  A.S.D. Barletta 1922 (1990-1991, 34 apps)  ->  Inter Milan (1996-1997, 0 apps)  ->  Bologna F.C. 1909 (1997-2002, 89 apps)  ->  Como 1907 (2002-2004, 34 apps)  ->  US Triestina Calcio 1918 (2004-2005, 24 apps)  ->  AC Pavia 1911 (2005-2006, 17 apps)"
"Mateo Félix Zubiaga",Spain,defender,5,"Athletic Club (1964-1965, 4 apps)  ->  Athletic Bilbao B (1964-1969, 102 apps)  ->  Athletic Club (1969-1975, 102 apps)  ->  CD Puertollano (1975-1976, 18 apps)  ->  Arenas Club de Getxo (1976-1978, ? apps)"
"Mateo Kovačić",Croatia,midfielder,6,"GNK Dinamo Zagreb (2010-2013, 43 apps)  ->  Inter Milan (2013-2015, 80 apps)  ->  Real Madrid Club de Fútbol (2015-2019, 73 apps)  ->  Chelsea F.C. (2018-2019, 32 apps)  ->  Chelsea F.C. (2019-2023, 110 apps)  ->  Manchester City F.C. (2023-?, 62 apps)"
"Mathieu Flamini",France,midfielder,6,"Olympique de Marseille (2003-2004, 14 apps)  ->  Arsenal F.C. (2004-2008, 102 apps)  ->  AC Milan (2008-2013, 97 apps)  ->  Arsenal F.C. (2013-2016, ? apps)  ->  Crystal Palace F.C. (2016-2017, 10 apps)  ->  Getafe CF (2018-2019, 10 apps)"
"Mats Hummels",Germany,"centre-back, defender",6,"FC Bayern Munich (2007-2009, 1 apps)  ->  Borussia Dortmund (2008-2009, 25 apps)  ->  Borussia Dortmund (2009-2016, 199 apps)  ->  FC Bayern Munich (2016-2019, 74 apps)  ->  Borussia Dortmund (2019-2024, 142 apps)  ->  AS Roma (2024-2025, 14 apps)"
"Matt Barrass","United Kingdom of Great Britain and Ireland, United Kingdom","wing half",3,"Blackpool F.C. (1919-1925, 168 apps)  ->  Sheffield Wednesday F.C. (1925-1926, 48 apps)  ->  Manchester City F.C. (1926-1932, 162 apps)"
"Matt Busby","United Kingdom of Great Britain and Ireland, United Kingdom","midfielder, forward, defender",3,"Manchester City F.C. (1928-1936, 204 apps)  ->  Liverpool F.C. (1936-1941, 115 apps)  ->  Hibernian F.C. (1941-1943, 0 apps)"
"Matt Forster","United Kingdom of Great Britain and Ireland, United Kingdom",full-back,3,"Tottenham Hotspur F.C. (1920-1929, 236 apps)  ->  Reading F.C. (1930-1932, 70 apps)  ->  Charlton Athletic F.C. (1933-?, ? apps)"
"Matt Gray","United Kingdom","forward, inside forward",4,"Stirling Albion F.C. (1957-1957, 1 apps)  ->  Third Lanark A.C. (1957-1963, 166 apps)  ->  Manchester City F.C. (1963-1967, 91 apps)  ->  Highlands Park F.C. (1968-1968, 17 apps)"
"Matt Jackson","United Kingdom",defender,10,"Luton Town F.C. (1990-1991, 9 apps)  ->  Preston North End F.C. (1991-1991, 4 apps)  ->  Everton F.C. (1991-1996, 138 apps)  ->  Norwich City F.C. (1996-2001, 161 apps)  ->  Birmingham City F.C. (1996-1996, 10 apps)  ->  Queens Park Rangers F.C. (1996-1996, 7 apps)  ->  Charlton Athletic F.C. (1996-1996, 8 apps)  ->  Wigan Athletic F.C. (2001-2007, 160 apps)  ->  Blackpool F.C. (2007-2007, 3 apps)  ->  Watford F.C. (2007-2008, 6 apps)"
"Matt Ritchie","United Kingdom","midfielder, wing half",7,"Portsmouth F.C. (2008-2011, 7 apps)  ->  Dagenham & Redbridge F.C. (2008-2009, 37 apps)  ->  Notts County F.C. (2009-2010, 16 apps)  ->  Swindon Town F.C. (2010-2011, 16 apps)  ->  Swindon Town F.C. (2011-2013, 91 apps)  ->  AFC Bournemouth (2013-2016, 130 apps)  ->  Newcastle United F.C. (2016-2024, 187 apps)"
"Matteo Brighi",Italy,midfielder,14,"Rimini FC (1998-2000, 44 apps)  ->  Juventus FC (2000-2002, 11 apps)  ->  Bologna F.C. 1909 (2001-2002, 32 apps)  ->  Parma Calcio 1913 (2002-2004, 22 apps)  ->  Juventus FC (2003-2003, ? apps)  ->  Brescia Calcio (2003-2004, 29 apps)  ->  AC ChievoVerona (2004-2007, 89 apps)  ->  AS Roma (2004-2012, 108 apps)  ->  Atalanta BC (2011-2012, 11 apps)  ->  Torino FC (2012-2014, 39 apps)  ->  US Sassuolo Calcio (2014-2015, 31 apps)  ->  Bologna F.C. 1909 (2015-2016, 14 apps)  ->  A.C. Perugia Calcio (2016-2018, 48 apps)  ->  Empoli FC (2018-2019, 24 apps)"
"Matteo Darmian",Italy,"centre-back, full-back",8,"AC Milan (2006-2010, 4 apps)  ->  Calcio Padova (2009-2010, 20 apps)  ->  Palermo F.C. (2010-2011, 11 apps)  ->  Torino FC (2011-2015, 133 apps)  ->  Manchester United F.C. (2015-2019, 60 apps)  ->  Parma Calcio 1913 (2019-2021, 36 apps)  ->  Inter Milan (2020-2021, 26 apps)  ->  Inter Milan (2021-?, 119 apps)"
"Matteo Politano",Italy,forward,7,"AS Roma (2012-2013, 0 apps)  ->  A.C. Perugia Calcio (2012-2013, 28 apps)  ->  Delfino Pescara 1936 (2013-2015, 72 apps)  ->  US Sassuolo Calcio (2015-2018, 96 apps)  ->  Inter Milan (2018-2021, 47 apps)  ->  SSC Napoli (2020-2021, 52 apps)  ->  SSC Napoli (2021-?, 145 apps)"
"Matthias Sammer","German Democratic Republic, Germany","midfielder, sweeper",4,"Dynamo Dresden (1985-1990, 102 apps)  ->  VfB Stuttgart (1990-1992, 63 apps)  ->  Inter Milan (1992-1993, 11 apps)  ->  Borussia Dortmund (1993-1999, 115 apps)"
"Matthijs de Ligt","Kingdom of the Netherlands",centre-back,4,"AFC Ajax (2016-2019, 117 apps)  ->  Juventus FC (2019-2022, 117 apps)  ->  FC Bayern Munich (2022-2024, 53 apps)  ->  Manchester United F.C. (2024-?, 42 apps)"
"Mattia De Sciglio",Italy,full-back,4,"AC Milan (2011-2017, 110 apps)  ->  Juventus FC (2017-2025, 82 apps)  ->  Olympique Lyonnais (2020-2021, 29 apps)  ->  Empoli FC (2024-2025, 16 apps)"
"Matías Vecino","Uruguay, Italy",midfielder,8,"Central Español (2010-2011, 32 apps)  ->  Club Nacional de Football (2011-2013, 18 apps)  ->  ACF Fiorentina (2013-2017, 67 apps)  ->  Empoli FC (2014-2015, 36 apps)  ->  Cagliari Calcio (2014-2014, 9 apps)  ->  Inter Milan (2017-2022, 104 apps)  ->  SS Lazio (2022-2026, 96 apps)  ->  RC Celta de Vigo (2026-?, 3 apps)"
"Maurice Norman","United Kingdom",centre-back,2,"Norwich City F.C. (1952-1955, 35 apps)  ->  Tottenham Hotspur F.C. (1955-1966, 357 apps)"
"Maurice Setters","United Kingdom","wing half",7,"Exeter City F.C. (1954-1955, 10 apps)  ->  West Bromwich Albion F.C. (1955-1960, 120 apps)  ->  Manchester United F.C. (1960-1965, 159 apps)  ->  Stoke City F.C. (1965-1967, 86 apps)  ->  Coventry City F.C. (1967-1970, 51 apps)  ->  Cleveland Stokers (1967-1967, 9 apps)  ->  Charlton Athletic F.C. (1970-1971, 8 apps)"
"Mauricio Lauzirika",Spain,midfielder,6,"CD Getxo (1952-1953, ? apps)  ->  Arenas Club de Getxo (1952-1953, ? apps)  ->  Athletic Club (1953-1964, 246 apps)  ->  Recreativo de Huelva (1964-1966, 3 apps)  ->  Real Avilés CF (1966-1967, ? apps)  ->  Centre d'Esports Sabadell Futbol Club (1966-1966, 10 apps)"
"Mauricio Pellegrino",Argentina,defender,5,"Club Atlético Vélez Sarsfield (1990-1998, 186 apps)  ->  Club Atlético Vélez Sarsfield (1999-1999, 2 apps)  ->  Valencia CF (1999-2005, 140 apps)  ->  Deportivo Alavés (2005-2006, 13 apps)  ->  Liverpool F.C. (2005-2005, 12 apps)"
"Mauricio Taricco",Argentina,full-back,5,"Argentinos Juniors (1993-1994, 21 apps)  ->  Ipswich Town F.C. (1994-1999, 189 apps)  ->  Tottenham Hotspur F.C. (1999-2004, 158 apps)  ->  West Ham United F.C. (2004-2004, 1 apps)  ->  Brighton & Hove Albion F.C. (2010-2012, 15 apps)"
"Maurizio Turone",Italy,defender,8,"Savona F.B.C. (1966-1967, 0 apps)  ->  Genoa CFC (1967-1972, 100 apps)  ->  AC Milan (1972-1978, 136 apps)  ->  Unione Sportiva Catanzaro (1978-1979, 17 apps)  ->  AS Roma (1979-1982, 74 apps)  ->  Bologna F.C. 1909 (1982-1983, 20 apps)  ->  Savona F.B.C. (1983-1985, 35 apps)  ->  Associazione Sportiva Dilettantistica Cairese (1985-1986, 10 apps)"
"Mauro Bellugi",Italy,defender,4,"Inter Milan (1969-1974, 90 apps)  ->  Bologna F.C. 1909 (1974-1979, 91 apps)  ->  SSC Napoli (1979-1980, 26 apps)  ->  Pistoiese FC (1980-1981, 20 apps)"
"Mauro Bicicli","Kingdom of Italy, Italy",midfielder,10,"A.C. Crema 1908 (1952-1953, 27 apps)  ->  Inter Milan (1953-1955, 1 apps)  ->  Parma Calcio 1913 (1955-1956, 32 apps)  ->  Catania FC (1956-1957, 32 apps)  ->  Inter Milan (1957-1962, 159 apps)  ->  Catania FC (1962-1962, ? apps)  ->  Genoa CFC (1963-1966, 77 apps)  ->  Inter Milan (1966-1967, 11 apps)  ->  Vicenza Calcio (1967-1968, 21 apps)  ->  Brescia Calcio (1968-1969, 26 apps)"
"Mauro Bonomi",Italy,defender,9,"US Cremonese (1990-1992, 49 apps)  ->  SS Lazio (1992-1995, 38 apps)  ->  Cagliari Calcio (1995-1996, 12 apps)  ->  AC Cesena (1996-1997, 34 apps)  ->  Torino FC (1997-2001, 103 apps)  ->  Bologna F.C. 1909 (1997-1997, 1 apps)  ->  SSC Napoli (2001-2004, 97 apps)  ->  Unione Sportiva Catanzaro (2004-2005, 18 apps)  ->  S.C. Ravenna Sport (2005-2006, 20 apps)"
"Mauro Camoranesi","Argentina, Italy","wing half",10,"Club Atlético Aldosivi (1995-1996, 31 apps)  ->  Santos Laguna (1996-1996, 13 apps)  ->  Montevideo Wanderers Fútbol Club (1997-1997, 6 apps)  ->  Club Atlético Banfield (1997-1998, 38 apps)  ->  Cruz Azul (1998-2000, 75 apps)  ->  Hellas Verona FC (2000-2002, 54 apps)  ->  Juventus FC (2002-2010, 224 apps)  ->  VfB Stuttgart (2010-2011, 7 apps)  ->  Club Atlético Lanús (2011-2012, 35 apps)  ->  Racing Club (2012-2014, 39 apps)"
"Mauro Gatti",Italy,defender,5,"A.C. Fanfulla 1874 (1957-1958, ? apps)  ->  A.C. Reggiana 1919 (1958-1959, 38 apps)  ->  Inter Milan (1959-1961, 43 apps)  ->  SSC Napoli (1961-1966, 118 apps)  ->  Calcio Padova (1966-1973, 187 apps)"
"Mauro Icardi","Argentina, Italy",forward,6,"U.C. Sampdoria (2012-2013, 33 apps)  ->  Inter Milan (2013-2020, 188 apps)  ->  Paris Saint-Germain FC (2019-2020, 20 apps)  ->  Paris Saint-Germain FC (2020-2023, 44 apps)  ->  Galatasaray S.K. (2022-2023, 24 apps)  ->  Galatasaray S.K. (2023-?, 65 apps)"
"Mauro Tassotti",Italy,centre-back,2,"SS Lazio (1978-1980, 41 apps)  ->  AC Milan (1980-1997, 429 apps)"
"Max Tonetto",Italy,full-back,10,"San Giovanni Trieste (1990-1992, 13 apps)  ->  A.C. Reggiana 1919 (1992-1997, 28 apps)  ->  Alma Juventus Fano 1906 (1993-1994, 30 apps)  ->  S.C. Ravenna Sport (1994-1995, 38 apps)  ->  Empoli FC (1997-1999, 61 apps)  ->  AC Milan (1999-1999, 1 apps)  ->  Bologna F.C. 1909 (2000-2000, 17 apps)  ->  US Lecce (2000-2004, 131 apps)  ->  U.C. Sampdoria (2004-2006, 66 apps)  ->  AS Roma (2006-2010, 84 apps)"
"Max Woosnam","United Kingdom of Great Britain and Ireland, United Kingdom",defender,6,"Corinthian Casuals F.C. (1914-1919, ? apps)  ->  Chelsea F.C. (1914-1914, ? apps)  ->  Corinthian F.C. (1914-1919, 17 apps)  ->  Manchester City F.C. (1919-1925, 96 apps)  ->  Chelsea F.C. (1919-1923, ? apps)  ->  Northwich Victoria F.C. (1924-1926, ? apps)"
"Maxi Rodriguez",Argentina,"wing half",7,"Newell's Old Boys (1999-2002, 57 apps)  ->  RCD Espanyol de Barcelona (2002-2005, 111 apps)  ->  Atlético Madrid (2005-2010, 121 apps)  ->  Liverpool F.C. (2010-2012, 57 apps)  ->  Newell's Old Boys (2012-2017, 138 apps)  ->  Club Atlético Peñarol (2017-2018, 39 apps)  ->  Newell's Old Boys (2019-2021, 33 apps)"
"Mehmet Scholl",Germany,midfielder,2,"Karlsruher SC (1989-1992, 58 apps)  ->  FC Bayern Munich (1992-2007, 334 apps)"
"Meinolf Koch",Germany,defender,1,"Borussia Dortmund (1979-1986, 140 apps)"
"Mel Hopkins","United Kingdom",full-back,4,"Tottenham Hotspur F.C. (1952-1964, 219 apps)  ->  Brighton & Hove Albion F.C. (1964-1967, 58 apps)  ->  Canterbury City F.C. (1967-1969, ? apps)  ->  Bradford (Park Avenue) A.F.C. (1969-1970, 30 apps)"
"Mel Scott","United Kingdom",centre-back,3,"Chelsea F.C. (1957-1962, 97 apps)  ->  Brentford F.C. (1962-1967, 157 apps)  ->  Oakland Clippers (1967-1968, 39 apps)"
"Mesut Özil","Germany, Turkey","midfielder, attacking midfielder",6,"Schalke 04 (2006-2008, 30 apps)  ->  SV Werder Bremen (2008-2010, 71 apps)  ->  Real Madrid Club de Fútbol (2009-2013, 105 apps)  ->  Arsenal F.C. (2013-2021, 184 apps)  ->  Fenerbahçe Istanbul (2021-2022, 32 apps)  ->  İstanbul Başakşehir F.K. (2022-2023, 4 apps)"
"Micah Richards","United Kingdom","centre-back, full-back",3,"Manchester City F.C. (2005-2015, 179 apps)  ->  ACF Fiorentina (2014-2015, 10 apps)  ->  Aston Villa F.C. (2015-2019, 26 apps)"
"Michael Ball","United Kingdom",full-back,5,"Everton F.C. (1996-2001, 121 apps)  ->  Rangers F.C. (2001-2005, 55 apps)  ->  PSV Eindhoven (2005-2007, 11 apps)  ->  Manchester City F.C. (2007-2009, 48 apps)  ->  Leicester City F.C. (2011-2012, 0 apps)"
"Michael Ballack",Germany,midfielder,6,"Chemnitzer FC (1995-1997, 18 apps)  ->  1. FC Kaiserslautern (1997-1999, 46 apps)  ->  Bayer 04 Leverkusen (1999-2002, 79 apps)  ->  FC Bayern Munich (2002-2006, 107 apps)  ->  Chelsea F.C. (2006-2010, 105 apps)  ->  Bayer 04 Leverkusen (2010-2012, 35 apps)"
"Michael Brown","United Kingdom",midfielder,11,"Manchester City F.C. (1995-1999, 88 apps)  ->  Hartlepool United F.C. (1997-1997, 6 apps)  ->  Portsmouth F.C. (1999-1999, 4 apps)  ->  Sheffield United F.C. (1999-2000, 4 apps)  ->  Sheffield United F.C. (2000-2004, 147 apps)  ->  Tottenham Hotspur F.C. (2004-2006, 50 apps)  ->  Fulham F.C. (2006-2007, 41 apps)  ->  Wigan Athletic F.C. (2007-2009, 58 apps)  ->  Portsmouth F.C. (2009-2011, 45 apps)  ->  Leeds United F.C. (2011-2014, 66 apps)  ->  Port Vale F.C. (2014-?, ? apps)"
"Michael Carrick","United Kingdom",midfielder,5,"Swindon Town F.C. (1999-1999, 6 apps)  ->  West Ham United F.C. (1999-2004, 136 apps)  ->  Birmingham City F.C. (2000-2000, 2 apps)  ->  Tottenham Hotspur F.C. (2004-2006, 64 apps)  ->  Manchester United F.C. (2006-2018, 316 apps)"
"Michael Dawson","United Kingdom",centre-back,4,"Nottingham Forest F.C. (2001-2005, 83 apps)  ->  Tottenham Hotspur F.C. (2005-2014, 236 apps)  ->  Hull City A.F.C. (2014-2018, 122 apps)  ->  Nottingham Forest F.C. (2018-2021, 28 apps)"
"Michael Duberry","United Kingdom",defender,10,"Chelsea F.C. (1993-1999, 87 apps)  ->  AFC Bournemouth (1995-1995, 7 apps)  ->  Leeds United F.C. (1999-2005, 57 apps)  ->  Stoke City F.C. (2004-2005, 15 apps)  ->  Stoke City F.C. (2005-2007, 80 apps)  ->  Reading F.C. (2007-2009, 48 apps)  ->  Wycombe Wanderers F.C. (2009-2010, 18 apps)  ->  St Johnstone F.C. (2010-2011, 50 apps)  ->  Oxford United F.C. (2011-2013, 47 apps)  ->  Hendon F.C. (2013-2013, 4 apps)"
"Michael Essien",Ghana,midfielder,8,"SC Bastia (2000-2003, 66 apps)  ->  Olympique Lyonnais (2003-2005, 71 apps)  ->  Chelsea F.C. (2005-2014, 168 apps)  ->  Real Madrid Club de Fútbol (2012-2013, 21 apps)  ->  AC Milan (2014-2015, 20 apps)  ->  Panathinaikos F.C. (2015-2016, 16 apps)  ->  Persib Bandung (2017-2018, 29 apps)  ->  Səbail FK (2019-2020, 14 apps)"
"Michael Laudrup","Kingdom of Denmark",midfielder,7,"Brøndby IF (1982-1983, 38 apps)  ->  Juventus FC (1983-1983, ? apps)  ->  SS Lazio (1983-1985, 60 apps)  ->  Juventus FC (1985-1989, 102 apps)  ->  Real Madrid Club de Fútbol (1994-1996, 62 apps)  ->  Vissel Kobe (1996-1997, 15 apps)  ->  AFC Ajax (1997-1998, 21 apps)"
"Michael Lusch",Germany,midfielder,5,"Borussia Dortmund (1982-1993, 203 apps)  ->  1. FC Kaiserslautern (1993-1995, 44 apps)  ->  KFC Uerdingen 05 (1995-1996, 20 apps)  ->  Schwarz-Weiß Essen (1996-1998, 20 apps)  ->  Rot-Weiss Essen (1998-2000, 20 apps)"
"Michael Owen","United Kingdom",forward,5,"Liverpool F.C. (1995-2004, 216 apps)  ->  Real Madrid Club de Fútbol (2004-2005, 36 apps)  ->  Newcastle United F.C. (2005-2009, 71 apps)  ->  Manchester United F.C. (2009-2012, 31 apps)  ->  Stoke City F.C. (2012-2013, 8 apps)"
"Michael Reiziger","Kingdom of the Netherlands",full-back,6,"AFC Ajax (1990-1996, 83 apps)  ->  FC Volendam (1992-1993, 10 apps)  ->  FC Groningen (1993-1994, 34 apps)  ->  AC Milan (1996-1997, 10 apps)  ->  Middlesbrough F.C. (2004-2005, 22 apps)  ->  PSV Eindhoven (2005-2007, 24 apps)"
"Michael Rummenigge",Germany,midfielder,3,"FC Bayern Munich (1982-1988, 152 apps)  ->  Borussia Dortmund (1988-1993, 157 apps)  ->  Urawa Red Diamonds (1993-1995, 42 apps)"
"Michael Schulz",Germany,defender,4,"VfB Oldenburg (1984-1987, 92 apps)  ->  1. FC Kaiserslautern (1987-1989, 51 apps)  ->  Borussia Dortmund (1989-1994, 133 apps)  ->  SV Werder Bremen (1994-1997, 59 apps)"
"Michael Sternkopf",Germany,"wing half",7,"Karlsruher SC (1988-1990, 33 apps)  ->  FC Bayern Munich (1990-1995, 94 apps)  ->  Borussia Mönchengladbach (1995-1996, 34 apps)  ->  SC Freiburg (1996-1997, 16 apps)  ->  Arminia Bielefeld (1997-2003, 80 apps)  ->  SC Freiburg (1997-1997, 16 apps)  ->  Kickers Offenbach (2004-2004, 1 apps)"
"Michael Tarnat",Germany,"left back",5,"MSV Duisburg (1990-1994, 134 apps)  ->  Karlsruher SC (1994-1997, 81 apps)  ->  FC Bayern Munich (1997-2003, 122 apps)  ->  Manchester City F.C. (2003-2004, 32 apps)  ->  Hannover 96 (2004-2009, 102 apps)"
"Michael Thomas","United Kingdom",midfielder,8,"Arsenal F.C. (1984-1991, 163 apps)  ->  Portsmouth F.C. (1986-1986, 3 apps)  ->  Portsmouth F.C. (1987-1987, 3 apps)  ->  Liverpool F.C. (1991-1998, 124 apps)  ->  Middlesbrough F.C. (1998-1998, 10 apps)  ->  S.L. Benfica (1998-1999, 18 apps)  ->  Liverpool F.C. (1999-2000, 0 apps)  ->  Wimbledon F.C. (2000-2001, 8 apps)"
"Michael Zorc",Germany,midfielder,1,"Borussia Dortmund (1981-1998, 463 apps)"
"Michel Platini",France,midfielder,3,"A.S. Nancy-Lorraine (1972-1979, 181 apps)  ->  AS Saint-Étienne (1979-1982, 104 apps)  ->  Juventus FC (1982-1987, 147 apps)"
"Michel Vonk","Kingdom of the Netherlands",defender,6,"AZ Alkmaar (1986-1991, 111 apps)  ->  FC Dordrecht (1991-1992, 51 apps)  ->  Manchester City F.C. (1992-1995, 91 apps)  ->  Sheffield United F.C. (1995-1998, 37 apps)  ->  Oldham Athletic A.F.C. (1995-1995, 5 apps)  ->  MVV Maastricht (1998-2001, 47 apps)"
"Michele Andreolo","Uruguay, Italy",midfielder,7,"Club Nacional de Football (1932-1935, 35 apps)  ->  Bologna F.C. 1909 (1935-1943, 165 apps)  ->  SS Lazio (1943-1944, 14 apps)  ->  SS Lazio (1944-1944, 14 apps)  ->  SSC Napoli (1945-1948, 93 apps)  ->  Catania FC (1948-1949, 8 apps)  ->  Forlì F.C. (1949-1950, ? apps)"
"Michele De Nadai",Italy,defender,8,"AC Milan (1972-1973, 0 apps)  ->  Calcio Lecco 1912 (1973-1975, 69 apps)  ->  AC Milan (1975-1976, 1 apps)  ->  AC Monza (1976-1977, 30 apps)  ->  AS Roma (1977-1981, 82 apps)  ->  SS Lazio (1981-1983, 48 apps)  ->  Pistoiese FC (1983-1984, 25 apps)  ->  U.S. Salernitana 1919 (1984-1986, 51 apps)"
"Michele Pazienza",Italy,midfielder,10,"Calcio Foggia 1920 (2000-2003, 88 apps)  ->  Udinese Calcio (2003-2007, 52 apps)  ->  ACF Fiorentina (2005-2007, 44 apps)  ->  ACF Fiorentina (2007-2008, 8 apps)  ->  SSC Napoli (2008-2011, 106 apps)  ->  Juventus FC (2011-2012, 8 apps)  ->  Bologna F.C. 1909 (2012-2015, 37 apps)  ->  Udinese Calcio (2012-2012, 15 apps)  ->  Vicenza Calcio (2015-2016, 6 apps)  ->  A.C. Reggiana 1919 (2016-?, 1 apps)"
"Mick Buckley","United Kingdom",midfielder,5,"Everton F.C. (1971-1978, 135 apps)  ->  Sunderland A.F.C. (1978-1983, 121 apps)  ->  Carlisle United F.C. (1983-1984, 25 apps)  ->  Hartlepool United F.C. (1983-1983, 6 apps)  ->  Middlesbrough F.C. (1984-1985, 27 apps)"
"Mick Lyons","United Kingdom",defender,3,"Everton F.C. (1971-1982, 390 apps)  ->  Sheffield Wednesday F.C. (1982-1985, 129 apps)  ->  Grimsby Town F.C. (1985-1987, 50 apps)"
"Mick Martin",Ireland,midfielder,11,"Bohemian F.C. (1968-1973, ? apps)  ->  Manchester United F.C. (1973-1975, 40 apps)  ->  West Bromwich Albion F.C. (1975-1978, 89 apps)  ->  Newcastle United F.C. (1978-1984, 147 apps)  ->  Willington A.F.C. (1984-1984, ? apps)  ->  Cardiff City F.C. (1984-1985, 7 apps)  ->  Vancouver Whitecaps (1984-1984, 2 apps)  ->  Vancouver Whitecaps FC (1984-1984, 2 apps)  ->  Peterborough United F.C. (1985-1985, 13 apps)  ->  Preston North End F.C. (1985-1987, 35 apps)  ->  Rotherham United F.C. (1985-1985, 5 apps)"
"Mick McCarthy",Ireland,centre-back,5,"Barnsley F.C. (1977-1983, 272 apps)  ->  Manchester City F.C. (1983-1987, 140 apps)  ->  Celtic F.C. (1987-1989, 48 apps)  ->  Olympique Lyonnais (1989-1990, 10 apps)  ->  Millwall F.C. (1990-1992, 29 apps)"
"Mick Meagan",Ireland,defender,6,"Everton F.C. (1952-1964, 165 apps)  ->  Huddersfield Town A.F.C. (1964-1968, 119 apps)  ->  Halifax Town A.F.C. (1968-1969, 23 apps)  ->  Drogheda United F.C. (1969-1973, 78 apps)  ->  Bray Wanderers A.F.C. (1973-1974, 23 apps)  ->  Shamrock Rovers F.C. (1974-1976, 23 apps)"
"Mickey Burns","United Kingdom",forward,6,"Preston North End F.C. (1964-1965, 0 apps)  ->  Skelmersdale United F.C. (1965-1969, ? apps)  ->  Blackpool F.C. (1969-1974, 179 apps)  ->  Newcastle United F.C. (1974-1978, 145 apps)  ->  Cardiff City F.C. (1978-1979, 6 apps)  ->  Middlesbrough F.C. (1979-1981, 61 apps)"
"Mickey Hamill",Ireland,"wing half",9,"Belfast Celtic F.C. (1909-1910, ? apps)  ->  Manchester United F.C. (1910-1914, 57 apps)  ->  Belfast Celtic F.C. (1914-1920, ? apps)  ->  Celtic F.C. (1916-1917, 7 apps)  ->  Manchester City F.C. (1920-1924, 118 apps)  ->  Fall River F.C. (1924-1924, 0 apps)  ->  Boston Soccer Club (1924-1926, 64 apps)  ->  Belfast Celtic F.C. (1926-1930, ? apps)  ->  New York Giants (1926-1926, 1 apps)"
"Mickey Thomas","United Kingdom","wing half",14,"Wrexham A.F.C. (1972-1978, 230 apps)  ->  Manchester United F.C. (1978-1981, 90 apps)  ->  Brighton & Hove Albion F.C. (1981-1982, 20 apps)  ->  Everton F.C. (1981-1981, 10 apps)  ->  Stoke City F.C. (1982-1984, 57 apps)  ->  Chelsea F.C. (1984-1985, 44 apps)  ->  West Bromwich Albion F.C. (1985-1986, 20 apps)  ->  Derby County F.C. (1986-1986, 9 apps)  ->  Wichita Wings (1986-1988, ? apps)  ->  Shrewsbury Town F.C. (1988-1989, 40 apps)  ->  Leeds United F.C. (1989-1990, 3 apps)  ->  Stoke City F.C. (1990-1991, 46 apps)  ->  Wrexham A.F.C. (1991-1993, 34 apps)  ->  Porthmadog F.C. (1994-1994, ? apps)"
"Micky Droy","United Kingdom",centre-back,6,"Chelsea F.C. (1970-1984, 272 apps)  ->  Luton Town F.C. (1984-1984, 2 apps)  ->  Crystal Palace F.C. (1984-1986, 49 apps)  ->  Brentford F.C. (1986-1987, 19 apps)  ->  Dulwich Hamlet F.C. (1987-1988, ? apps)  ->  Kingstonian F.C. (1988-1991, ? apps)"
"Micky Hazard","United Kingdom",midfielder,5,"Tottenham Hotspur F.C. (1978-1985, 91 apps)  ->  Chelsea F.C. (1985-1990, 81 apps)  ->  Portsmouth F.C. (1990-1990, 8 apps)  ->  Swindon Town F.C. (1990-1993, 121 apps)  ->  Tottenham Hotspur F.C. (1993-1995, 11 apps)"
"Micky Nutton","United Kingdom",defender,3,"Chelsea F.C. (1978-1983, 81 apps)  ->  Reading F.C. (1982-1982, 6 apps)  ->  Millwall F.C. (1983-1987, 105 apps)"
"Micky Quinn","United Kingdom",forward,8,"Wigan Athletic F.C. (1979-1981, 69 apps)  ->  Stockport County F.C. (1982-1983, 63 apps)  ->  Oldham Athletic A.F.C. (1983-1985, 80 apps)  ->  Portsmouth F.C. (1985-1988, 121 apps)  ->  Newcastle United F.C. (1989-1992, 115 apps)  ->  Coventry City F.C. (1992-1995, 64 apps)  ->  Plymouth Argyle F.C. (1994-1994, 3 apps)  ->  Watford F.C. (1995-1995, 5 apps)"
"Miguel Almirón",Paraguay,midfielder,5,"Cerro Porteño (2013-2015, 39 apps)  ->  Club Atlético Lanús (2015-2016, 35 apps)  ->  Atlanta United FC (2017-2019, 62 apps)  ->  Newcastle United F.C. (2019-2025, 186 apps)  ->  Atlanta United FC (2025-?, 22 apps)"
"Miguel Bossio",Uruguay,midfielder,7,"Racing Club de Montevideo (1974-1977, ? apps)  ->  Sud america Uruguay (1978-1979, ? apps)  ->  Club Atlético Peñarol (1980-1985, ? apps)  ->  Valencia CF (1986-1990, 96 apps)  ->  Centre d'Esports Sabadell Futbol Club (1990-1992, 32 apps)  ->  Albacete Balompié (1992-1993, 10 apps)  ->  Albacete Balompié (1993-1993, 10 apps)"
"Miguel González Pérez",Spain,forward,5,"Atlético Madrid (1949-1951, 7 apps)  ->  Real Oviedo (1951-1952, ? apps)  ->  Atlético Madrid (1952-1960, 207 apps)  ->  Real Zaragoza (1960-1963, 73 apps)  ->  Real Murcia (1963-1964, 18 apps)"
"Miguel Jones",Spain,midfielder,4,"Barakaldo CF (1956-1956, ? apps)  ->  SD Indautxu (1956-1959, ? apps)  ->  Atlético Madrid (1959-1967, 80 apps)  ->  Club Atlético Osasuna (1967-1968, ? apps)"
"Miguel Monteiro",Portugal,defender,3,"C.F. Estrela da Amadora (1999-2000, 32 apps)  ->  S.L. Benfica (2000-2005, 131 apps)  ->  Valencia CF (2005-2012, 175 apps)"
"Miguel Muñoz",Spain,midfielder,4,"CD Logroñés (1943-1944, ? apps)  ->  Racing de Santander (1944-1946, ? apps)  ->  RC Celta de Vigo (1946-1948, 36 apps)  ->  Real Madrid Club de Fútbol (1948-1958, 223 apps)"
"Miguel Reina",Spain,goalkeeper,2,"Córdoba CF (1964-1966, 46 apps)  ->  Atlético Madrid (1973-1980, 155 apps)"
"Miguel Tendillo",Spain,defender,6,"Valencia CF Mestalla (1977-1979, ? apps)  ->  Valencia CF (1979-1986, 208 apps)  ->  Real Murcia (1986-1987, 41 apps)  ->  Real Madrid Club de Fútbol (1987-1992, 98 apps)  ->  Burgos CF (1992-1993, 23 apps)  ->  Real Burgos CF (1992-1993, 23 apps)"
"Miguel de Andrés",Spain,midfielder,5,"CD Pamplona (1971-1974, ? apps)  ->  Athletic Club (1974-1976, ? apps)  ->  Athletic Bilbao B (1976-1979, 62 apps)  ->  CD Castellón (1978-1979, 31 apps)  ->  Athletic Club (1979-1988, 268 apps)"
"Miguel Ángel Angulo",Spain,"midfielder, forward",4,"Valencia CF Mestalla (1995-1996, 15 apps)  ->  Valencia CF (1996-2009, 313 apps)  ->  Villarreal CF (1996-1997, 32 apps)  ->  Sporting CP (2009-2009, 4 apps)"
"Miguel Ángel González Suárez",Spain,goalkeeper,3,"CD Ourense (1966-1967, ? apps)  ->  CD Castellón (1967-1968, 26 apps)  ->  Real Madrid Club de Fútbol (1967-1986, 247 apps)"
"Miguel Ángel Nadal",Spain,centre-back,4,"CD Manacor (1980-1983, ? apps)  ->  CD Manacor (1983-1986, ? apps)  ->  RCD Mallorca (1987-1991, 130 apps)  ->  RCD Mallorca (1999-2005, 149 apps)"
"Miguel Ángel Pantó",Argentina,forward,1,"AS Roma (1939-1943, 119 apps)"
"Miguel Ángel Ruiz García",Spain,defender,5,"Atlético Madrid B (1975-1977, ? apps)  ->  Atlético Madrid (1977-1987, 264 apps)  ->  Málaga CF (1987-1990, 93 apps)  ->  CD Málaga (1987-1990, 93 apps)  ->  Albacete Balompié (1990-1991, 1 apps)"
"Miguel Ángel Sola",Spain,midfielder,6,"Athletic Club (1975-1976, ? apps)  ->  Athletic Bilbao B (1976-1980, 106 apps)  ->  Arosa SC (1978-1979, 12 apps)  ->  Athletic Club (1980-1985, 177 apps)  ->  Deportivo Alavés (1980-1980, 7 apps)  ->  Club Atlético Osasuna (1985-1992, 216 apps)"
Migueli,Spain,centre-back,1,"Cádiz Club de Fútbol (1970-1973, 77 apps)"
"Mikaël Silvestre",France,"centre-back, full-back",7,"Stade Rennais F.C. (1995-1998, 49 apps)  ->  Inter Milan (1998-1999, 18 apps)  ->  Manchester United F.C. (1999-2008, 249 apps)  ->  Arsenal F.C. (2008-2010, 26 apps)  ->  SV Werder Bremen (2010-2012, 27 apps)  ->  Portland Timbers (2013-2014, 8 apps)  ->  Chennaiyin FC (2014-2014, 14 apps)"
"Mike Bernard","United Kingdom",midfielder,4,"Stoke City F.C. (1965-1972, 135 apps)  ->  Cleveland Stokers (1967-1967, 5 apps)  ->  Everton F.C. (1972-1977, 147 apps)  ->  Oldham Athletic A.F.C. (1977-1979, 6 apps)"
"Mike Doyle","United Kingdom",midfielder,4,"Manchester City F.C. (1965-1978, 448 apps)  ->  Stoke City F.C. (1978-1981, 115 apps)  ->  Bolton Wanderers F.C. (1981-1983, 40 apps)  ->  Rochdale A.F.C. (1983-1984, 24 apps)"
"Mike Duxbury","United Kingdom",defender,5,"Manchester United F.C. (1976-1990, 299 apps)  ->  Blackburn Rovers F.C. (1990-1992, 27 apps)  ->  Bradford City A.F.C. (1992-1994, 65 apps)  ->  Sun Hei SC (1994-1996, 65 apps)  ->  Accrington Stanley F.C. (1996-?, ? apps)"
"Mike England","United Kingdom",defender,5,"Blackburn Rovers F.C. (1959-1966, 165 apps)  ->  Tottenham Hotspur F.C. (1966-1975, 300 apps)  ->  Seattle Sounders (1975-1979, 106 apps)  ->  Cardiff City F.C. (1975-1976, 40 apps)  ->  Cleveland Force (1979-1980, 11 apps)"
"Mike Fillery","United Kingdom",midfielder,6,"Chelsea F.C. (1978-1982, 181 apps)  ->  Queens Park Rangers F.C. (1983-1986, 97 apps)  ->  Portsmouth F.C. (1987-1990, 67 apps)  ->  Oldham Athletic A.F.C. (1990-1992, 2 apps)  ->  Millwall F.C. (1990-1990, 1 apps)  ->  Torquay United F.C. (1991-1991, 4 apps)"
"Mike Mahoney","United Kingdom",goalkeeper,6,"Bristol City F.C. (1967-1970, 4 apps)  ->  Torquay United F.C. (1970-1975, 157 apps)  ->  Newcastle United F.C. (1975-1978, 108 apps)  ->  California Surf (1979-1981, 25 apps)  ->  Chicago Sting (1979-1979, 3 apps)  ->  Los Angeles Lazers (1982-1986, 116 apps)"
"Mike Maignan",France,goalkeeper,2,"Lille OSC (2015-2021, 149 apps)  ->  AC Milan (2021-?, 156 apps)"
"Mike Phelan","United Kingdom",midfielder,4,"Burnley F.C. (1979-1985, 168 apps)  ->  Norwich City F.C. (1985-1989, 156 apps)  ->  Manchester United F.C. (1989-1994, 102 apps)  ->  West Bromwich Albion F.C. (1994-1995, 21 apps)"
"Mike Sheron","United Kingdom",forward,10,"Manchester City F.C. (1990-1994, 100 apps)  ->  Bury F.C. (1991-1991, 5 apps)  ->  Norwich City F.C. (1994-1995, 28 apps)  ->  Stoke City F.C. (1995-1997, 69 apps)  ->  Queens Park Rangers F.C. (1997-1999, 63 apps)  ->  Barnsley F.C. (1999-2003, 152 apps)  ->  Blackpool F.C. (2003-2004, 38 apps)  ->  Macclesfield Town F.C. (2004-2005, 26 apps)  ->  Warrington Town F.C. (2005-2005, 2 apps)  ->  Shrewsbury Town F.C. (2005-2005, 7 apps)"
"Mike Summerbee","United Kingdom","wing half",6,"Swindon Town F.C. (1959-1965, 218 apps)  ->  Manchester City F.C. (1965-1975, 357 apps)  ->  Burnley F.C. (1975-1976, 51 apps)  ->  Stockport County F.C. (1976-1979, 87 apps)  ->  Blackpool F.C. (1976-1976, 3 apps)  ->  Mossley A.F.C. (1980-1980, 0 apps)"
"Mike Williamson","United Kingdom",full-back,11,"Southampton F.C. (2001-2005, 0 apps)  ->  Torquay United F.C. (2001-2001, 5 apps)  ->  Torquay United F.C. (2003-2003, 11 apps)  ->  Doncaster Rovers F.C. (2004-2004, 0 apps)  ->  Wycombe Wanderers F.C. (2004-2005, 37 apps)  ->  Wycombe Wanderers F.C. (2005-2009, 107 apps)  ->  Portsmouth F.C. (2009-2010, 0 apps)  ->  Watford F.C. (2009-2009, 21 apps)  ->  Newcastle United F.C. (2010-2016, 150 apps)  ->  Wolverhampton Wanderers F.C. (2015-2015, 5 apps)  ->  Wolverhampton Wanderers F.C. (2016-?, ? apps)"
"Mikel Arteta",Spain,midfielder,8,"Antiguoko (1991-1997, ? apps)  ->  FC Barcelona C (1999-1999, 5 apps)  ->  FC Barcelona Atlètic (1999-2000, 42 apps)  ->  Paris Saint-Germain FC (2000-2002, 31 apps)  ->  Rangers F.C. (2002-2004, 50 apps)  ->  Real Sociedad (2004-2005, 15 apps)  ->  Everton F.C. (2005-2011, 162 apps)  ->  Arsenal F.C. (2011-2016, 110 apps)"
"Mikel Balenziaga",Spain,"centre-back, full-back",6,"Real Sociedad (2002-2006, ? apps)  ->  Real Sociedad B (2006-2008, 53 apps)  ->  Athletic Club (2008-2023, 321 apps)  ->  Club Deportivo Numancia de Soria (2009-2010, 26 apps)  ->  Real Valladolid (2011-2013, 74 apps)  ->  Deportivo de La Coruña (2023-2024, 33 apps)"
"Mikel Jauregizar",Spain,"defensive midfielder",5,"Bermeo FT (2019-2021, 1 apps)  ->  Athletic Club (2021-2022, ? apps)  ->  CD Baskonia (2022-2023, 29 apps)  ->  Athletic Club (2023-?, 107 apps)  ->  Athletic Bilbao B (2023-2024, 24 apps)"
"Mikel John Obi",Nigeria,midfielder,7,"Lyn 1896 FK (2004-2006, 6 apps)  ->  Chelsea F.C. (2006-2017, 249 apps)  ->  Tianjin Jinmen Tiger F.C. (2017-2018, 31 apps)  ->  Middlesbrough F.C. (2019-2019, 18 apps)  ->  Trabzonspor (2019-2020, 19 apps)  ->  Stoke City F.C. (2020-2021, 39 apps)  ->  Kuwait SC (2021-2021, 0 apps)"
"Mikel Lasa",Spain,full-back,6,"Real Sociedad B (1988-1989, 22 apps)  ->  Real Sociedad (1989-1991, 89 apps)  ->  Real Madrid Club de Fútbol (1991-1997, 178 apps)  ->  Athletic Club (1997-2001, 64 apps)  ->  Real Murcia (2001-2003, 52 apps)  ->  Ciudad de Murcia (2003-2004, 20 apps)"
"Mikel Rico Moreno",Spain,"inside forward, defensive midfielder",11,"Danok Bat CF (1994-2000, ? apps)  ->  CD Baskonia (2000-2003, ? apps)  ->  CD Baskonia (2001-2001, 1 apps)  ->  UB Conquense (2003-2006, 79 apps)  ->  Polideportivo Ejido (2006-2009, 53 apps)  ->  Sociedad Deportiva Huesca (2007-2008, 40 apps)  ->  Sociedad Deportiva Huesca (2009-2010, 43 apps)  ->  Granada CF (2010-2013, 114 apps)  ->  Athletic Club (2013-2019, 176 apps)  ->  Sociedad Deportiva Huesca (2019-2022, 106 apps)  ->  FC Cartagena (2022-2024, 72 apps)"
"Mikel San José",Spain,"centre-back, defensive midfielder",6,"Athletic Club (2005-2007, ? apps)  ->  Liverpool F.C. (2007-2010, 0 apps)  ->  Athletic Club (2009-2010, 25 apps)  ->  Athletic Club (2010-2020, 279 apps)  ->  Birmingham City F.C. (2020-2021, 27 apps)  ->  SD Amorebieta (2021-2022, 27 apps)"
"Mikel Vesga",Spain,"defensive midfielder",6,"CD Aurrerá de Vitoria (2012-2013, 25 apps)  ->  Deportivo Alavés B (2013-2014, 8 apps)  ->  Athletic Bilbao B (2014-2016, 79 apps)  ->  Athletic Club (2016-?, 275 apps)  ->  Sporting de Gijón (2017-2017, 17 apps)  ->  CD Leganés (2018-2019, 28 apps)"
"Milan Škriniar",Slovakia,centre-back,6,"MŠK Žilina (2012-2016, 77 apps)  ->  FC Zlaté Moravce (2013-2013, 7 apps)  ->  U.C. Sampdoria (2016-2017, 38 apps)  ->  Inter Milan (2017-2023, 193 apps)  ->  Paris Saint-Germain FC (2023-2025, 29 apps)  ->  Fenerbahçe Istanbul (2025-2025, 16 apps)"
"Milinko Pantić",Serbia,midfielder,7,"FK Partizan (1985-1991, 65 apps)  ->  NK Olimpija Ljubljana (1991-1991, 14 apps)  ->  Panionios F.C. (1991-1995, 90 apps)  ->  NK Olimpija Ljubljana (1991-1991, 14 apps)  ->  Atlético Madrid (1995-1998, 107 apps)  ->  Le Havre AC (1998-1999, 19 apps)  ->  Panionios F.C. (1999-2001, ? apps)"
"Miralem Pjanić","Bosnia and Herzegovina, France, Luxembourg",midfielder,7,"FC Metz (2007-2008, 32 apps)  ->  Olympique Lyonnais (2008-2011, 90 apps)  ->  AS Roma (2011-2016, 159 apps)  ->  Juventus FC (2016-2020, 122 apps)  ->  Beşiktaş J.K. (Football) (2021-2022, 20 apps)  ->  Sharjah FC (2022-2024, 41 apps)  ->  PFC CSKA Moscow (2024-2025, 16 apps)"
Miranda,Brazil,centre-back,7,"Coritiba F.C. (2004-2005, 45 apps)  ->  FC Sochaux-Montbéliard (2005-2006, 20 apps)  ->  São Paulo FC (2006-2012, 128 apps)  ->  Atlético Madrid (2011-2015, 117 apps)  ->  Inter Milan (2015-2019, 109 apps)  ->  Jiangsu F.C. (2019-2020, 28 apps)  ->  São Paulo FC (2021-2022, 43 apps)"
"Mirko Vučinić","Socialist Federal Republic of Yugoslavia, Serbia and Montenegro, Montenegro","wing half",5,"FK Sutjeska Nikšić (1999-2000, 9 apps)  ->  US Lecce (2000-2006, 111 apps)  ->  AS Roma (2006-2011, 147 apps)  ->  Juventus FC (2011-2014, 75 apps)  ->  Al Jazira Club (2014-2017, 29 apps)"
"Miroslav Klose","Germany, Poland",forward,5,"FC 08 Homburg (1998-1999, 15 apps)  ->  1. FC Kaiserslautern (1999-2004, 120 apps)  ->  SV Werder Bremen (2004-2007, 85 apps)  ->  FC Bayern Munich (2007-2011, 98 apps)  ->  SS Lazio (2011-2016, 139 apps)"
"Miroslav Stević",Serbia,midfielder,10,"FK Partizan (1984-1989, ? apps)  ->  FK Rad (1989-1991, 60 apps)  ->  FK Partizan (1989-1989, 4 apps)  ->  Dynamo Dresden (1992-1994, 55 apps)  ->  Grasshopper Club Zürich (1992-1992, 9 apps)  ->  TSV 1860 München (1994-1998, 104 apps)  ->  Borussia Dortmund (1999-2002, 91 apps)  ->  Fenerbahçe Istanbul (2002-2003, 18 apps)  ->  VfL Bochum (2003-2004, 21 apps)  ->  SpVgg Unterhaching (2005-2006, 22 apps)"
"Miroslav Votava",Germany,midfielder,4,"Borussia Dortmund (1974-1982, 257 apps)  ->  Atlético Madrid (1982-1985, 96 apps)  ->  SV Werder Bremen (1985-1996, 357 apps)  ->  VfB Oldenburg (1996-1998, 15 apps)"
"Miroslav Đukić",Serbia,defender,5,"FK Mačva Šabac (1986-1989, 87 apps)  ->  FK Rad (1989-1991, 60 apps)  ->  Deportivo de La Coruña (1991-1997, 217 apps)  ->  Valencia CF (1997-2003, 156 apps)  ->  C.D. Tenerife (2003-2004, 27 apps)"
"Mirsad Hibić","Bosnia and Herzegovina",defender,4,"NK Čelik Zenica (1989-1991, 30 apps)  ->  HNK Hajduk Split (1992-1996, 85 apps)  ->  Sevilla FC (1996-2000, 94 apps)  ->  Atlético Madrid (2000-2003, 91 apps)"
Mista,Spain,forward,6,"Real Madrid C (1996-1997, 29 apps)  ->  C.D. Tenerife (1999-1999, 13 apps)  ->  Valencia CF (2001-2006, 144 apps)  ->  Atlético Madrid (2006-2008, 35 apps)  ->  Deportivo de La Coruña (2008-2010, 26 apps)  ->  Toronto FC (2010-2010, 9 apps)"
"Mitchell Thomas","United Kingdom","defender, full-back",5,"Luton Town F.C. (1982-1986, 107 apps)  ->  Tottenham Hotspur F.C. (1986-1991, 157 apps)  ->  West Ham United F.C. (1991-1994, 38 apps)  ->  Luton Town F.C. (1994-1999, 186 apps)  ->  Burnley F.C. (1999-2002, 99 apps)"
"Mohamed Diamé",France,midfielder,9,"CD Linares (2007-2008, 31 apps)  ->  Rayo Vallecano (2008-2009, 35 apps)  ->  Wigan Athletic F.C. (2009-2012, 96 apps)  ->  West Ham United F.C. (2012-2014, 71 apps)  ->  Hull City A.F.C. (2014-2016, 50 apps)  ->  Newcastle United F.C. (2016-2019, 97 apps)  ->  Al Ahli SC (2019-2021, 41 apps)  ->  CF Fuenlabrada (2022-2023, 20 apps)  ->  Al-Sailiya Sports Club (2023-2024, 13 apps)"
"Mohamed Elneny",Egypt,"central midfielder",4,"Al Mokawloon Al Arab SC (2010-2013, 35 apps)  ->  FC Basel (2013-2016, 91 apps)  ->  Arsenal F.C. (2016-?, 91 apps)  ->  Beşiktaş J.K. (Football) (2019-2020, 27 apps)"
"Mohamed Salah",Egypt,"forward, wing half, winger",7,"Al Mokawloon Al Arab SC (2010-2012, 37 apps)  ->  FC Basel (2012-2014, 47 apps)  ->  Chelsea F.C. (2014-2015, 13 apps)  ->  ACF Fiorentina (2015-2015, 16 apps)  ->  AS Roma (2015-2016, 34 apps)  ->  AS Roma (2016-2017, 31 apps)  ->  Liverpool F.C. (2017-2026, 315 apps)"
"Mohamed Zidan","Germany, Egypt",forward,11,"Al Masry SC (1998-1999, ? apps)  ->  Akademisk Boldklub (1999-2003, 51 apps)  ->  FC Midtjylland (2003-2005, 47 apps)  ->  SV Werder Bremen (2005-2007, 60 apps)  ->  1. FSV Mainz 05 (2005-2006, 26 apps)  ->  1. FSV Mainz 05 (2007-2007, 15 apps)  ->  Hamburger SV (2007-2008, 21 apps)  ->  Borussia Dortmund (2008-2012, 80 apps)  ->  1. FSV Mainz 05 (2012-2012, 12 apps)  ->  Baniyas SC (2012-2013, 9 apps)  ->  El-Entag El-Harby (2015-?, ? apps)"
"Moisés Caicedo",Ecuador,midfielder,4,"Independiente del Valle (2019-2021, 25 apps)  ->  Brighton & Hove Albion F.C. (2021-2023, 45 apps)  ->  Beerschot A.C. (2021-2022, 12 apps)  ->  Chelsea F.C. (2023-?, 98 apps)"
"Moisés García León",Spain,forward,14,"Deportivo Aragón (1988-1991, ? apps)  ->  Real Zaragoza (1988-1994, 42 apps)  ->  Club Atlético Osasuna (1994-1996, 50 apps)  ->  CD Leganés (1996-1996, 16 apps)  ->  RC Celta de Vigo (1997-1998, 23 apps)  ->  Villarreal CF (1998-2001, 93 apps)  ->  Sevilla FC (2001-2002, 43 apps)  ->  Córdoba CF (2003-2003, 23 apps)  ->  Elche CF (2003-2005, 74 apps)  ->  Hércules CF (2005-2007, 70 apps)  ->  Polideportivo Ejido (2007-2007, 4 apps)  ->  Gimnàstic de Tarragona (2008-2009, 53 apps)  ->  Sociedad Deportiva Huesca (2009-2010, 33 apps)  ->  CD La Muela (2010-2011, 28 apps)"
Monchi,Spain,goalkeeper,1,"Sevilla FC (1990-1999, 85 apps)"
"Moreno Ferrario",Italy,defender,7,"Varese Calcio (1975-1977, 40 apps)  ->  SSC Napoli (1977-1988, 311 apps)  ->  AS Roma (1988-1989, 12 apps)  ->  U.S. Avellino 1912 (1989-1991, 43 apps)  ->  Siena FC (1991-1992, 24 apps)  ->  Carrarese Calcio (1992-1994, 61 apps)  ->  ASD FBC Saronno 1910 (1994-1995, 4 apps)"
"Moreno Torricelli",Italy,full-back,5,"U.S. Folgore Caratese A.S.D. (1990-1992, 57 apps)  ->  Juventus FC (1992-1998, 152 apps)  ->  ACF Fiorentina (1998-2002, 99 apps)  ->  RCD Espanyol de Barcelona (2003-2004, 33 apps)  ->  S.S. Arezzo (2004-2005, 25 apps)"
"Morgan De Sanctis",Italy,goalkeeper,8,"Delfino Pescara 1936 (1994-1997, 74 apps)  ->  Juventus FC (1997-1999, 3 apps)  ->  Udinese Calcio (1999-2007, 194 apps)  ->  Sevilla FC (2007-2009, 8 apps)  ->  Galatasaray S.K. (2008-2009, 31 apps)  ->  SSC Napoli (2009-2013, 147 apps)  ->  AS Roma (2013-2016, 71 apps)  ->  AS Monaco FC (2016-2017, 1 apps)"
"Mousa Dembélé",Belgium,midfielder,6,"Beerschot A.C. (2004-2005, 20 apps)  ->  Willem II (2005-2006, 33 apps)  ->  AZ Alkmaar (2006-2010, 118 apps)  ->  Fulham F.C. (2010-2012, 62 apps)  ->  Tottenham Hotspur F.C. (2012-2019, 180 apps)  ->  Guangzhou City F.C. (2019-2022, 47 apps)"
"Moussa Sissoko",France,midfielder,7,"Toulouse FC (2007-2013, 192 apps)  ->  Newcastle United F.C. (2013-2016, 118 apps)  ->  Tottenham Hotspur F.C. (2016-2021, 141 apps)  ->  Watford F.C. (2021-2022, 36 apps)  ->  FC Nantes (2022-2024, 56 apps)  ->  Watford F.C. (2024-2026, 60 apps)  ->  Panathinaikos F.C. (2026-?, 4 apps)"
"Murdo MacLeod","United Kingdom",midfielder,6,"Dumbarton F.C. (1975-1978, 90 apps)  ->  Celtic F.C. (1978-1987, 281 apps)  ->  Borussia Dortmund (1987-1990, 103 apps)  ->  Hibernian F.C. (1990-1993, 78 apps)  ->  Dumbarton F.C. (1993-1995, 66 apps)  ->  Partick Thistle F.C. (1995-1996, 1 apps)"
"Míchel",Spain,midfielder,2,"Real Madrid Club de Fútbol (1982-1996, 404 apps)  ->  Atlético Celaya (1996-1997, 34 apps)"
"Míchel Salgado",Spain,"defender, full-back",5,"RC Celta Fortuna (1994-1995, 20 apps)  ->  RC Celta de Vigo (1995-1999, 92 apps)  ->  UD Salamanca (1996-1997, 36 apps)  ->  Real Madrid Club de Fútbol (1999-2009, 254 apps)  ->  Blackburn Rovers F.C. (2009-2012, 66 apps)"
"N'Golo Kanté","Mali, France",midfielder,6,"US Boulogne (2011-2013, 38 apps)  ->  Stade Malherbe Caen (2013-2015, 75 apps)  ->  Leicester City F.C. (2015-2016, 37 apps)  ->  Chelsea F.C. (2016-2023, 190 apps)  ->  Al Ittihad FC (2023-2026, 79 apps)  ->  Fenerbahçe Istanbul (2026-?, 0 apps)"
"Naby Keïta",Guinea,midfielder,7,"Horoya AC (2012-2013, ? apps)  ->  FC Istres (2013-2014, 23 apps)  ->  FC Red Bull Salzburg (2014-2016, 59 apps)  ->  RB Leipzig (2016-2018, 58 apps)  ->  Liverpool F.C. (2018-2023, 84 apps)  ->  SV Werder Bremen (2023-?, 5 apps)  ->  Ferencvárosi TC (2024-?, 13 apps)"
"Nacer Chadli","Morocco, Belgium","wing half",10,"AGOVV Apeldoorn (2007-2010, 90 apps)  ->  FC Twente (2010-2013, 84 apps)  ->  Tottenham Hotspur F.C. (2013-2016, 88 apps)  ->  West Bromwich Albion F.C. (2016-2018, 36 apps)  ->  AS Monaco FC (2018-2020, 16 apps)  ->  R.S.C. Anderlecht (2019-2020, 17 apps)  ->  İstanbul Başakşehir F.K. (2020-2023, 47 apps)  ->  K.V.C. Westerlo (2022-2023, 27 apps)  ->  K.V.C. Westerlo (2023-2024, 18 apps)  ->  SL16 FC (2025-2025, 10 apps)"
Nacho,Spain,full-back,2,"Real Madrid Club de Fútbol (2011-2024, 242 apps)  ->  Al Qadsiah FC (2024-?, 31 apps)"
"Nacho Monreal",Spain,"centre-back, full-back",5,"Osasuna B (2005-2006, 36 apps)  ->  Club Atlético Osasuna (2006-2011, 127 apps)  ->  Málaga CF (2011-2012, 45 apps)  ->  Arsenal F.C. (2013-2019, 187 apps)  ->  Real Sociedad (2019-2022, 55 apps)"
"Nahuel Molina",Argentina,defender,4,"Defensa y Justicia (2018-2018, 17 apps)  ->  Club Atlético Rosario Central (2019-2019, 22 apps)  ->  Udinese Calcio (2020-2022, 64 apps)  ->  Atlético Madrid (2022-?, 113 apps)"
"Naim Kryeziu",Albania,"wing half",4,"K.F. Tirana (1933-1939, ? apps)  ->  AS Roma (1939-1947, 122 apps)  ->  SSC Napoli (1947-1953, 168 apps)  ->  SS Turris Calcio (1953-1954, ? apps)"
"Nando González",Spain,midfielder,3,"SD Indautxu (1940-1941, ? apps)  ->  Athletic Club (1941-1952, 212 apps)  ->  Racing de Santander (1952-1954, 39 apps)"
Nani,Portugal,"wing half",13,"Sporting CP (2005-2007, 58 apps)  ->  Manchester United F.C. (2007-2015, 147 apps)  ->  Sporting CP (2014-2015, 27 apps)  ->  Fenerbahçe Istanbul (2015-2016, 28 apps)  ->  Valencia CF (2016-2018, 25 apps)  ->  SS Lazio (2017-2018, 18 apps)  ->  Sporting CP (2018-2019, 18 apps)  ->  Orlando City SC (2019-2021, 77 apps)  ->  Venezia F.C. (2022-2022, 10 apps)  ->  Melbourne Victory FC (2022-2023, 10 apps)  ->  Adana Demirspor (2023-2024, 28 apps)  ->  C.F. Estrela da Amadora (2024-2024, 9 apps)  ->  FC Aktobe (2026-?, ? apps)"
"Narcís Martí Filosia",Spain,midfielder,3,"CD Condal (1964-1966, 28 apps)  ->  CD Condal (1968-1968, 3 apps)  ->  UE Sant Andreu (1975-1977, 66 apps)"
"Nathan Aké","Kingdom of the Netherlands",defender,6,"Chelsea F.C. (2012-2017, 7 apps)  ->  Watford F.C. (2015-2016, 24 apps)  ->  Reading F.C. (2015-2015, 5 apps)  ->  AFC Bournemouth (2016-2017, 10 apps)  ->  AFC Bournemouth (2017-2020, 105 apps)  ->  Manchester City F.C. (2020-?, 103 apps)"
Nayim,Spain,midfielder,5,"FC Barcelona Atlètic (1985-1987, 46 apps)  ->  Tottenham Hotspur F.C. (1988-1993, 144 apps)  ->  Real Zaragoza (1993-1997, 123 apps)  ->  CD Logroñés (1997-2000, 67 apps)  ->  AD Ceuta (1999-2000, 0 apps)"
"Nazzareno Canuti",Italy,defender,5,"Inter Milan (1974-1982, 130 apps)  ->  AC Milan (1982-1983, 31 apps)  ->  Genoa CFC (1983-1985, 50 apps)  ->  Catania FC (1985-1988, 81 apps)  ->  A.S.D. Solbiatese Calcio 1911 (1988-1989, 31 apps)"
"Nedum Onuoha","Nigeria, United Kingdom","defender, full-back",4,"Manchester City F.C. (2004-2012, 95 apps)  ->  Sunderland A.F.C. (2010-2011, 31 apps)  ->  Queens Park Rangers F.C. (2012-2018, 207 apps)  ->  Real Salt Lake (2018-2020, 44 apps)"
"Neil Harris","United Kingdom of Great Britain and Ireland, United Kingdom",forward,5,"Partick Thistle F.C. (1913-1920, ? apps)  ->  Newcastle United F.C. (1920-1925, 174 apps)  ->  Notts County F.C. (1925-1927, 49 apps)  ->  Oldham Athletic A.F.C. (1927-1929, 39 apps)  ->  Third Lanark A.C. (1929-1931, ? apps)"
"Neil McBain","United Kingdom of Great Britain and Ireland, United Kingdom","wing half",7,"Ayr United F.C. (1914-1921, 117 apps)  ->  Manchester United F.C. (1921-1923, 42 apps)  ->  Everton F.C. (1923-1926, 97 apps)  ->  St Johnstone F.C. (1926-1928, 38 apps)  ->  Watford F.C. (1928-1931, 85 apps)  ->  Liverpool F.C. (1928-1928, 12 apps)  ->  New Brighton A.F.C. (1947-1947, 1 apps)"
"Neil McDonald","United Kingdom",full-back,5,"Newcastle United F.C. (1983-1988, 180 apps)  ->  Everton F.C. (1988-1991, 90 apps)  ->  Oldham Athletic A.F.C. (1991-1994, 21 apps)  ->  Bolton Wanderers F.C. (1994-1995, 6 apps)  ->  Preston North End F.C. (1995-1998, 34 apps)"
"Neil McNab","United Kingdom",midfielder,14,"Greenock Morton F.C. (1972-1974, 14 apps)  ->  Tottenham Hotspur F.C. (1974-1978, 72 apps)  ->  Bolton Wanderers F.C. (1978-1980, 35 apps)  ->  Brighton & Hove Albion F.C. (1980-1983, 103 apps)  ->  Leeds United F.C. (1982-1982, 5 apps)  ->  Manchester City F.C. (1983-1990, 221 apps)  ->  Portsmouth F.C. (1983-1983, 0 apps)  ->  Tranmere Rovers F.C. (1990-1992, 105 apps)  ->  Huddersfield Town A.F.C. (1992-1992, 11 apps)  ->  Ayr United F.C. (1992-1993, 4 apps)  ->  Derry City F.C. (1993-1993, 13 apps)  ->  Darlington F.C. (1993-1993, 4 apps)  ->  Witton Albion F.C. (1994-1994, 12 apps)  ->  Long Island Rough Riders (1994-1994, ? apps)"
"Neil Pointon","United Kingdom",full-back,8,"Scunthorpe United F.C. (1981-1985, 159 apps)  ->  Everton F.C. (1985-1990, 102 apps)  ->  Manchester City F.C. (1990-1992, 74 apps)  ->  Oldham Athletic A.F.C. (1992-1995, 95 apps)  ->  Heart of Midlothian F.C. (1995-1998, 67 apps)  ->  Walsall F.C. (1998-2000, 61 apps)  ->  Chesterfield F.C. (2000-2000, 10 apps)  ->  Hednesford Town F.C. (2000-2001, 21 apps)"
"Neil Ruddock","United Kingdom","centre-back, defender",11,"Millwall F.C. (1986-1986, 0 apps)  ->  Tottenham Hotspur F.C. (1986-1988, 9 apps)  ->  Millwall F.C. (1988-1989, 2 apps)  ->  Southampton F.C. (1989-1992, 107 apps)  ->  Tottenham Hotspur F.C. (1992-1993, 41 apps)  ->  Liverpool F.C. (1993-1998, 115 apps)  ->  Queens Park Rangers F.C. (1998-1998, 7 apps)  ->  West Ham United F.C. (1998-2000, 42 apps)  ->  Crystal Palace F.C. (2000-2001, 20 apps)  ->  Swindon Town F.C. (2001-2003, 15 apps)  ->  Wellingborough Whitworth F.C. (2015-2015, 0 apps)"
"Neil Young","United Kingdom",forward,3,"Manchester City F.C. (1961-1972, 334 apps)  ->  Preston North End F.C. (1972-1974, 68 apps)  ->  Rochdale A.F.C. (1974-1975, 13 apps)"
"Nelson Valdez",Paraguay,forward,10,"Club Atlético Tembetary (2000-2001, 22 apps)  ->  SV Werder Bremen (2002-2006, 80 apps)  ->  Borussia Dortmund (2006-2010, 113 apps)  ->  Hércules CF (2010-2011, 25 apps)  ->  Rubin Kazan (2011-2013, 20 apps)  ->  Valencia CF (2012-2013, 28 apps)  ->  Al Jazira Club (2013-2014, 12 apps)  ->  Eintracht Frankfurt (2014-2015, 10 apps)  ->  Seattle Sounders FC (2015-?, ? apps)  ->  Real Madrid Club de Fútbol (2021-?, ? apps)"
"Nemanja Matić",Serbia,"defensive midfielder",11,"FK Kolubara (2006-2007, ? apps)  ->  FC VSS Košice (2007-2009, 70 apps)  ->  Chelsea F.C. (2009-2011, 2 apps)  ->  SBV Vitesse (2010-2011, 27 apps)  ->  S.L. Benfica (2011-2014, 56 apps)  ->  Chelsea F.C. (2014-2017, 121 apps)  ->  Manchester United F.C. (2017-2022, 128 apps)  ->  AS Roma (2022-2023, 35 apps)  ->  Stade Rennais F.C. (2023-2024, 13 apps)  ->  Olympique Lyonnais (2024-2025, 44 apps)  ->  US Sassuolo Calcio (2025-?, 7 apps)"
"Nemanja Vidić",Serbia,centre-back,5,"FK Spartak Subotica (2000-2001, 27 apps)  ->  FK Crvena zvezda (2000-2004, 67 apps)  ->  Spartak Moscow (2004-2006, 39 apps)  ->  Manchester United F.C. (2006-2014, 211 apps)  ->  Inter Milan (2014-2016, 23 apps)"
"Neven Subotić",Serbia,"centre-back, defender",7,"1. FSV Mainz 05 (2007-2008, 34 apps)  ->  Borussia Dortmund (2008-2018, 196 apps)  ->  1. FC Köln (2017-2017, 12 apps)  ->  AS Saint-Étienne (2018-2019, 42 apps)  ->  1. FC Union Berlin (2019-2020, 23 apps)  ->  Denizlispor (2020-2021, 5 apps)  ->  SC Rheindorf Altach (2021-2021, 10 apps)"
"Neville Southall","United Kingdom",goalkeeper,14,"Bury F.C. (1980-1981, 39 apps)  ->  Everton F.C. (1981-1998, 578 apps)  ->  Port Vale F.C. (1983-1983, 9 apps)  ->  Southend United F.C. (1997-1998, 9 apps)  ->  Stoke City F.C. (1998-1998, 3 apps)  ->  Doncaster Rovers F.C. (1998-1998, 9 apps)  ->  Torquay United F.C. (1998-2000, 53 apps)  ->  Huddersfield Town A.F.C. (1999-1999, 0 apps)  ->  Bradford City A.F.C. (2000-2000, 1 apps)  ->  Rhyl F.C. (2001-2001, ? apps)  ->  York City F.C. (2001-2001, 0 apps)  ->  Shrewsbury Town F.C. (2001-2002, 0 apps)  ->  Dover Athletic F.C. (2001-2001, ? apps)  ->  Dagenham & Redbridge F.C. (2002-2002, 0 apps)"
Neymar,Brazil,"wing half",4,"Santos F.C. (2009-2013, 102 apps)  ->  Paris Saint-Germain FC (2017-2023, 112 apps)  ->  Al Hilal SFC (2023-2025, 3 apps)  ->  Santos F.C. (2025-?, 24 apps)"
"Niall Quinn",Ireland,forward,4,"Arsenal F.C. (1983-1990, 67 apps)  ->  Manchester City F.C. (1990-1996, 204 apps)  ->  Sunderland A.F.C. (1996-2002, 203 apps)  ->  Police Tebrau F.C. (2004-2004, 1 apps)"
"Nick Barmby","United Kingdom","midfielder, forward",7,"Tottenham Hotspur F.C. (1992-1995, 89 apps)  ->  Middlesbrough F.C. (1995-1996, 42 apps)  ->  Everton F.C. (1996-2000, 116 apps)  ->  Liverpool F.C. (2000-2002, 32 apps)  ->  Leeds United F.C. (2002-2004, 25 apps)  ->  Nottingham Forest F.C. (2004-2004, 6 apps)  ->  Hull City A.F.C. (2004-2012, 180 apps)"
"Nick Pope","United Kingdom",goalkeeper,12,"Bury Town F.C. (2008-2011, 16 apps)  ->  Welling United F.C. (2011-2012, 2 apps)  ->  Charlton Athletic F.C. (2011-2016, 33 apps)  ->  Harrow Borough F.C. (2011-2011, 15 apps)  ->  Welling United F.C. (2012-2012, 2 apps)  ->  York City F.C. (2013-2013, 2 apps)  ->  Aldershot Town F.C. (2013-2013, 5 apps)  ->  Cambridge United F.C. (2013-2013, 9 apps)  ->  York City F.C. (2014-2014, 20 apps)  ->  Bury F.C. (2015-2015, 22 apps)  ->  Burnley F.C. (2016-2022, 141 apps)  ->  Newcastle United F.C. (2022-?, 80 apps)"
"Nicklas Bendtner","Kingdom of Denmark",forward,8,"Arsenal F.C. (2005-2014, 108 apps)  ->  Birmingham City F.C. (2006-2007, 42 apps)  ->  Sunderland A.F.C. (2011-2012, 28 apps)  ->  Juventus FC (2012-2013, 9 apps)  ->  VfL Wolfsburg (2014-2016, 31 apps)  ->  Nottingham Forest F.C. (2016-2017, 15 apps)  ->  Rosenborg BK (2017-2019, 57 apps)  ->  F.C. Copenhagen (2019-2019, 6 apps)"
"Nicky Butt","United Kingdom",midfielder,4,"Manchester United F.C. (1992-2004, 270 apps)  ->  Newcastle United F.C. (2004-2010, 134 apps)  ->  Birmingham City F.C. (2005-2006, 24 apps)  ->  South China AA (2010-2011, 3 apps)"
"Nicky Reid","United Kingdom",defender,8,"Manchester City F.C. (1977-1987, 216 apps)  ->  Seattle Sounders (1982-1982, 24 apps)  ->  Blackburn Rovers F.C. (1987-1992, 174 apps)  ->  West Bromwich Albion F.C. (1992-1994, 20 apps)  ->  Bristol City F.C. (1992-1992, 4 apps)  ->  Wycombe Wanderers F.C. (1994-1995, 8 apps)  ->  Bury F.C. (1995-1997, 25 apps)  ->  Sligo Rovers F.C. (1997-1997, 43 apps)"
"Nicky Summerbee","United Kingdom",midfielder,11,"Swindon Town F.C. (1989-1994, 112 apps)  ->  Manchester City F.C. (1994-1997, 131 apps)  ->  Sunderland A.F.C. (1997-2001, 94 apps)  ->  Bolton Wanderers F.C. (2001-2001, 9 apps)  ->  Nottingham Forest F.C. (2001-2002, 17 apps)  ->  Manchester City F.C. (2001-2001, 0 apps)  ->  Leicester City F.C. (2002-2003, 29 apps)  ->  Bradford City A.F.C. (2003-2006, 68 apps)  ->  Swindon Town F.C. (2005-2005, 1 apps)  ->  Tranmere Rovers F.C. (2005-2005, 6 apps)  ->  Tamworth F.C. (2006-2006, 4 apps)"
"Nicky Weaver","United Kingdom",goalkeeper,8,"Mansfield Town F.C. (1995-1997, 1 apps)  ->  Manchester City F.C. (1997-2007, 172 apps)  ->  Sheffield Wednesday F.C. (2005-2006, 14 apps)  ->  Charlton Athletic F.C. (2007-2009, 67 apps)  ->  Dundee United F.C. (2009-2010, 18 apps)  ->  Burnley F.C. (2010-2010, 0 apps)  ->  Sheffield Wednesday F.C. (2010-2013, 44 apps)  ->  Aberdeen F.C. (2013-2014, 2 apps)"
"Nico Schlotterbeck",Germany,centre-back,3,"SC Freiburg (2019-2022, 49 apps)  ->  1. FC Union Berlin (2020-2021, 16 apps)  ->  Borussia Dortmund (2022-?, 112 apps)"
"Nico Williams","Ghana, Spain","forward, winger",6,"CD Pamplona (2010-2012, ? apps)  ->  Club Atlético Osasuna (2012-2013, ? apps)  ->  Athletic Club (2013-2019, ? apps)  ->  CD Baskonia (2019-2020, 3 apps)  ->  Athletic Bilbao B (2020-2021, 24 apps)  ->  Athletic Club (2021-?, 199 apps)"
"Nicola Berti",Italy,midfielder,6,"Parma Calcio 1913 (1982-1985, 28 apps)  ->  ACF Fiorentina (1985-1988, 80 apps)  ->  Inter Milan (1988-1998, 229 apps)  ->  Tottenham Hotspur F.C. (1998-1999, 21 apps)  ->  Deportivo Alavés (1999-1999, 8 apps)  ->  Northern Spirit FC (2000-2000, 8 apps)"
"Nicola Legrottaglie",Italy,defender,11,"SSC Bari (1994-1998, 17 apps)  ->  Pistoiese FC (1996-1997, 31 apps)  ->  A.C. Prato (1997-1998, 26 apps)  ->  AC ChievoVerona (1998-2003, 66 apps)  ->  A.C. Reggiana 1919 (2000-2000, 4 apps)  ->  Modena F.C. (2000-2001, 32 apps)  ->  Juventus FC (2003-2011, 114 apps)  ->  Siena FC (2005-2006, 28 apps)  ->  Bologna F.C. 1909 (2005-2005, 9 apps)  ->  AC Milan (2011-2011, 1 apps)  ->  Catania FC (2011-2014, 76 apps)"
"Nicolas Anelka",France,forward,13,"Paris Saint-Germain FC (1996-1997, 10 apps)  ->  Arsenal F.C. (1997-1999, 90 apps)  ->  Real Madrid Club de Fútbol (1999-2000, 19 apps)  ->  Paris Saint-Germain FC (2000-2002, 39 apps)  ->  Manchester City F.C. (2002-2005, 89 apps)  ->  Liverpool F.C. (2002-2002, 20 apps)  ->  Fenerbahçe Istanbul (2005-2006, 39 apps)  ->  Bolton Wanderers F.C. (2006-2008, 53 apps)  ->  Chelsea F.C. (2008-2012, 125 apps)  ->  Shanghai Shenhua F.C. (2012-2013, 22 apps)  ->  Juventus FC (2013-2013, 2 apps)  ->  West Bromwich Albion F.C. (2013-2014, 12 apps)  ->  Mumbai City FC (2014-2015, 13 apps)"
"Nicolas Pépé",France,winger,8,"Poitiers FC (2012-2013, 9 apps)  ->  Angers SCO (2013-2017, 40 apps)  ->  US Orléans (2015-2016, 29 apps)  ->  Lille OSC (2017-2019, 74 apps)  ->  Arsenal F.C. (2019-2023, 80 apps)  ->  OGC Nice (2022-2023, 19 apps)  ->  Trabzonspor (2023-2024, 19 apps)  ->  Villarreal CF (2024-?, 0 apps)"
"Nicolás Burdisso",Argentina,"centre-back, full-back",4,"Inter Milan (2004-2009, 93 apps)  ->  AS Roma (2009-2014, 101 apps)  ->  Genoa CFC (2014-2017, 108 apps)  ->  Torino FC (2017-2018, 24 apps)"
"Nicolás Olivera",Uruguay,"midfielder, forward",17,"Defensor Sporting Club (1996-1997, 44 apps)  ->  Valencia CF (1997-1998, 2 apps)  ->  Valencia CF (1998-1998, 2 apps)  ->  Sevilla FC (1998-2002, 99 apps)  ->  Real Valladolid (2002-2003, 20 apps)  ->  Córdoba CF (2003-2004, 38 apps)  ->  Defensor Sporting Club (2004-2004, 4 apps)  ->  Albacete Balompié (2004-2005, 4 apps)  ->  Defensor Sporting Club (2005-2006, 23 apps)  ->  Albacete Balompié (2005-2005, 4 apps)  ->  Club Necaxa (2006-2006, 16 apps)  ->  Atlas F.C. (2007-2007, 28 apps)  ->  Tiburones Rojos de Veracruz (2008-2009, 29 apps)  ->  Puebla F.C. (2008-2008, 17 apps)  ->  Defensor Sporting Club (2011-2012, 20 apps)  ->  Club América (2011-2011, 11 apps)  ->  Correcaminos UAT (2012-2012, 14 apps)"
"Nicolás Otamendi",Argentina,"centre-back, full-back",6,"Club Atlético Vélez Sarsfield (2007-2010, 40 apps)  ->  FC Porto (2010-2014, 77 apps)  ->  Clube Atlético Mineiro (2014-2014, 19 apps)  ->  Valencia CF (2014-2015, 35 apps)  ->  Manchester City F.C. (2015-2020, 136 apps)  ->  S.L. Benfica (2020-?, 158 apps)"
"Nicolò Barella",Italy,midfielder,4,"Cagliari Calcio (2014-2020, 105 apps)  ->  Como 1907 (2016-2016, 16 apps)  ->  Inter Milan (2019-2020, 27 apps)  ->  Inter Milan (2020-?, 188 apps)"
"Nigel Martyn","United Kingdom",goalkeeper,4,"Bristol Rovers F.C. (1987-1989, 101 apps)  ->  Crystal Palace F.C. (1989-1996, 272 apps)  ->  Leeds United F.C. (1996-2003, 207 apps)  ->  Everton F.C. (2003-2006, 86 apps)"
"Nigel Spackman","United Kingdom",midfielder,7,"AFC Bournemouth (1980-1983, 119 apps)  ->  Chelsea F.C. (1983-1987, 141 apps)  ->  Liverpool F.C. (1987-1989, 51 apps)  ->  Queens Park Rangers F.C. (1989-1989, 29 apps)  ->  Rangers F.C. (1989-1992, 100 apps)  ->  Chelsea F.C. (1992-1996, 67 apps)  ->  Sheffield United F.C. (1996-1998, 24 apps)"
"Nigel Winterburn","United Kingdom",full-back,6,"Birmingham City F.C. (1981-1982, 0 apps)  ->  Oxford United F.C. (1982-1983, 0 apps)  ->  Milton Keynes Dons F.C. (1983-1987, 165 apps)  ->  Wimbledon F.C. (1983-1987, 165 apps)  ->  Arsenal F.C. (1987-2000, 440 apps)  ->  West Ham United F.C. (2000-2003, 82 apps)"
"Nigel de Jong","Kingdom of the Netherlands","defensive midfielder",9,"AFC Ajax (2002-2006, 96 apps)  ->  Hamburger SV (2006-2009, 66 apps)  ->  Manchester City F.C. (2009-2012, 104 apps)  ->  AC Milan (2012-2016, 79 apps)  ->  LA Galaxy (2016-2016, 18 apps)  ->  Galatasaray S.K. (2016-2018, 18 apps)  ->  1. FSV Mainz 05 (2018-2018, 11 apps)  ->  Al Ahli SC (2018-2019, 21 apps)  ->  Al-Shahaniya Sports Club (2019-2021, 36 apps)"
"Niklas Süle",Germany,centre-back,4,"TSG 1899 Hoffenheim II (2012-2013, 6 apps)  ->  TSG 1899 Hoffenheim (2013-2017, 107 apps)  ->  FC Bayern Munich (2017-2022, 114 apps)  ->  Borussia Dortmund (2022-?, 77 apps)"
"Nikos Dabizas",Greece,defender,4,"Pontioi Verias F.C. (1991-1994, 85 apps)  ->  Newcastle United F.C. (1998-2004, 130 apps)  ->  Leicester City F.C. (2004-2005, 51 apps)  ->  Athlitiki Enosi Larissa F.C. (2005-2011, 144 apps)"
Nilmar,Brazil,forward,10,"S.C. Internacional (2002-2004, 42 apps)  ->  Olympique Lyonnais (2004-2005, 32 apps)  ->  S.C. Corinthians Paulista (2005-2007, 59 apps)  ->  S.C. Internacional (2007-2009, 36 apps)  ->  Villarreal CF (2009-2012, 85 apps)  ->  Al-Rayyan (2012-2014, 35 apps)  ->  Al-Duhail SC (2013-2013, 1 apps)  ->  El Jaish SC (2014-2014, 3 apps)  ->  S.C. Internacional (2014-2015, 15 apps)  ->  Alshariqa (2015-?, ? apps)"
"Nils Liedholm",Sweden,midfielder,4,"Valdemarsviks IF (1938-1943, ? apps)  ->  IK Sleipner (1943-1946, 60 apps)  ->  IFK Norrköping FK (1946-1949, 48 apps)  ->  AC Milan (1949-1961, 359 apps)"
"Nils Middelboe","Kingdom of Denmark",forward,3,"Newcastle United F.C. (1913-1913, 0 apps)  ->  Chelsea F.C. (1913-1922, 175 apps)  ->  Corinthian Casuals F.C. (1923-1924, ? apps)"
"Nobby Stiles","United Kingdom",midfielder,3,"Manchester United F.C. (1960-1971, 311 apps)  ->  Middlesbrough F.C. (1971-1973, 57 apps)  ->  Preston North End F.C. (1973-1975, 46 apps)"
"Noel Cantwell",Ireland,"defender, full-back",3,"Cork Athletic F.C. (1950-1950, ? apps)  ->  West Ham United F.C. (1952-1960, 248 apps)  ->  Manchester United F.C. (1960-1967, 123 apps)"
"Nolberto Solano",Peru,"wing half",12,"Club Sporting Cristal (1993-1993, 11 apps)  ->  Club Deportivo Municipal (1993-1993, 27 apps)  ->  Club Sporting Cristal (1994-1997, 97 apps)  ->  Newcastle United F.C. (1998-2004, 182 apps)  ->  Aston Villa F.C. (2004-2005, 49 apps)  ->  Newcastle United F.C. (2005-2007, 58 apps)  ->  West Ham United F.C. (2007-2008, 23 apps)  ->  Athlitiki Enosi Larissa F.C. (2008-2008, 17 apps)  ->  Club Universitario de Deportes (2009-2009, 32 apps)  ->  Hull City A.F.C. (2010-2011, 11 apps)  ->  Leicester City F.C. (2010-2010, 13 apps)  ->  Hartlepool United F.C. (2011-2012, 14 apps)"
"Norbert Dickel",Germany,forward,3,"Sportfreunde Siegen (1982-1984, ? apps)  ->  1. FC Köln (1984-1986, 33 apps)  ->  Borussia Dortmund (1986-1990, 90 apps)"
"Norbert Eder",Germany,defender,3,"1. FC Nürnberg (1974-1984, 301 apps)  ->  FC Bayern Munich (1984-1988, 132 apps)  ->  FC Zürich (1988-1989, 25 apps)"
"Norbert Janzon",Germany,forward,6,"Hertha BSC (1969-1971, 0 apps)  ->  Wormatia Worms (1971-1974, 82 apps)  ->  Kickers Offenbach (1974-1976, 61 apps)  ->  Karlsruher SC (1976-1977, 34 apps)  ->  FC Bayern Munich (1977-1981, 84 apps)  ->  Schalke 04 (1981-1983, 58 apps)"
"Norbert Nachtweih","German Democratic Republic, Germany",defender,7,"Hallescher FC (1974-1976, 35 apps)  ->  Eintracht Frankfurt (1976-1982, 120 apps)  ->  FC Bayern Munich (1982-1989, 202 apps)  ->  AS Cannes (1989-1991, 43 apps)  ->  SV Waldhof Mannheim (1991-1995, 127 apps)  ->  Eintracht Frankfurt (1991-1991, 3 apps)  ->  SV 1919 Bernbach (1997-1997, ? apps)"
"Norman Dodgin","United Kingdom of Great Britain and Ireland, United Kingdom",defender,4,"Newcastle United F.C. (1947-1950, 84 apps)  ->  Reading F.C. (1950-1951, 13 apps)  ->  Northampton Town F.C. (1951-1953, 19 apps)  ->  Exeter City F.C. (1953-1955, 33 apps)"
"Norman Greenhalgh","United Kingdom of Great Britain and Ireland, United Kingdom",full-back,4,"Bolton Wanderers F.C. (1933-1935, 0 apps)  ->  New Brighton A.F.C. (1935-1937, 77 apps)  ->  Everton F.C. (1937-1949, 109 apps)  ->  Bangor City F.C. (1949-?, ? apps)"
"Norman Tapken","United Kingdom of Great Britain and Ireland, United Kingdom",goalkeeper,10,"Newcastle United F.C. (1933-1938, 106 apps)  ->  Manchester United F.C. (1938-1947, 14 apps)  ->  Sunderland A.F.C. (1942-1943, 2 apps)  ->  Newcastle United F.C. (1942-1943, 9 apps)  ->  Darlington F.C. (1943-1946, 44 apps)  ->  Chester City F.C. (1944-1945, 1 apps)  ->  Brighton & Hove Albion F.C. (1944-1945, 2 apps)  ->  Aldershot F.C. (1944-1945, 3 apps)  ->  Darlington F.C. (1947-1948, 31 apps)  ->  Shelbourne F.C. (1948-1949, ? apps)"
"Norman Whiteside","United Kingdom","midfielder, forward",2,"Manchester United F.C. (1982-1989, 206 apps)  ->  Everton F.C. (1989-1991, 29 apps)"
"Nuri Şahin","Germany, Turkey",midfielder,8,"Borussia Dortmund (2005-2011, 135 apps)  ->  Feyenoord Rotterdam (2007-2008, 29 apps)  ->  Real Madrid Club de Fútbol (2011-2014, 4 apps)  ->  Liverpool F.C. (2012-2013, 7 apps)  ->  Borussia Dortmund (2013-2014, 48 apps)  ->  Borussia Dortmund (2014-2018, 55 apps)  ->  SV Werder Bremen (2018-2020, 36 apps)  ->  Antalyaspor (2020-2021, 44 apps)"
"Nwankwo Kanu",Nigeria,forward,6,"Heartland F.C. (1992-1993, 25 apps)  ->  AFC Ajax (1993-1996, 54 apps)  ->  Inter Milan (1996-1999, 12 apps)  ->  Arsenal F.C. (1999-2004, 119 apps)  ->  West Bromwich Albion F.C. (2004-2006, 58 apps)  ->  Portsmouth F.C. (2006-2012, 141 apps)"
"Nélson Semedo",Portugal,full-back,5,"C.D. Fátima (2012-2013, 29 apps)  ->  S.L. Benfica B (2012-2016, 63 apps)  ->  S.L. Benfica (2015-2017, 43 apps)  ->  Wolverhampton Wanderers F.C. (2020-2025, 165 apps)  ->  Fenerbahçe Istanbul (2025-?, ? apps)"
"Obafemi Martins",Nigeria,forward,10,"F.C. Ebedei (1999-2000, ? apps)  ->  A.C. Reggiana 1919 (2000-2001, 2 apps)  ->  Inter Milan (2001-2006, 88 apps)  ->  Newcastle United F.C. (2006-2009, 88 apps)  ->  VfL Wolfsburg (2009-2010, 16 apps)  ->  Rubin Kazan (2010-2012, 20 apps)  ->  Birmingham City F.C. (2011-2011, 4 apps)  ->  Levante UD (2012-2013, 21 apps)  ->  Seattle Sounders FC (2013-2015, 72 apps)  ->  Shanghai Shenhua F.C. (2016-?, ? apps)"
"Oihan Sancet",Spain,"central midfielder, inside forward, wide midfielder",5,"AD San Juan (2005-2010, ? apps)  ->  Club Atlético Osasuna (2010-2015, ? apps)  ->  Athletic Club (2015-2018, ? apps)  ->  Athletic Bilbao B (2018-2020, 24 apps)  ->  Athletic Club (2019-?, 231 apps)"
"Olaf Thon",Germany,"midfielder, defender",3,"Schalke 04 (1983-1988, 157 apps)  ->  FC Bayern Munich (1988-1994, 148 apps)  ->  Schalke 04 (1994-2002, 166 apps)"
"Ole Gunnar Solskjær",Norway,"wing half",3,"Clausenengen FK (1990-1995, 109 apps)  ->  Molde FK (1995-1996, 38 apps)  ->  Manchester United F.C. (1996-2007, 235 apps)"
"Oleguer Presas",Spain,defender,3,"UDA Gramenet (1999-2001, 41 apps)  ->  FC Barcelona Atlètic (2001-2003, 74 apps)  ->  AFC Ajax (2008-2011, 36 apps)"
"Oliver Kahn",Germany,goalkeeper,2,"Karlsruher SC (1987-1994, 128 apps)  ->  FC Bayern Munich (1994-2008, 429 apps)"
"Oliver Kreuzer",Germany,centre-back,3,"Karlsruher SC (1985-1991, 182 apps)  ->  FC Bayern Munich (1991-1997, 150 apps)  ->  FC Basel (1997-2002, 119 apps)"
"Olivier Bernard",France,defender,7,"Olympique Lyonnais (1998-2000, 0 apps)  ->  Newcastle United F.C. (2000-2005, 102 apps)  ->  Darlington F.C. (2001-2001, 10 apps)  ->  Southampton F.C. (2005-2006, ? apps)  ->  Rangers F.C. (2005-2006, 9 apps)  ->  Rangers F.C. (2006-2007, ? apps)  ->  Newcastle United F.C. (2006-2007, 0 apps)"
"Olivier Giroud",France,forward,10,"Grenoble Foot 38 (2005-2008, 23 apps)  ->  FC Istres (2007-2008, 33 apps)  ->  Tours FC. (2008-2010, 44 apps)  ->  Tours FC. (2010-2010, 17 apps)  ->  Montpellier Hérault Sport Club (2010-2012, 73 apps)  ->  Arsenal F.C. (2012-2018, 180 apps)  ->  Chelsea F.C. (2018-2021, 75 apps)  ->  AC Milan (2021-2024, 97 apps)  ->  Los Angeles FC (2024-2025, 21 apps)  ->  Lille OSC (2025-?, 23 apps)"
"Ollie Burton","United Kingdom",defender,3,"Newport County A.F.C. (1958-1960, 53 apps)  ->  Norwich City F.C. (1960-1963, 57 apps)  ->  Newcastle United F.C. (1963-1972, 188 apps)"
"Omar Sívori",Argentina,forward,3,"Club Atlético River Plate (1954-1957, 63 apps)  ->  Juventus FC (1957-1965, 215 apps)  ->  SSC Napoli (1965-1969, 63 apps)"
"Omero Tognon","Kingdom of Italy, Italy",midfielder,2,"AC Milan (1945-1956, 335 apps)  ->  Pordenone FC (1956-1957, ? apps)"
"Oreste Barale","Kingdom of Italy, Italy",midfielder,7,"US Alessandria Calcio 1912 (1924-1925, ? apps)  ->  Juventus FC (1924-?, ? apps)  ->  Juventus FC (1925-1931, 113 apps)  ->  US Alessandria Calcio 1912 (1931-1937, 151 apps)  ->  Vigevano Calcio (1937-?, ? apps)  ->  A.C. Cantù G.S. San Paolo (1940-1942, ? apps)  ->  Calcio Lecco 1912 (1942-1943, ? apps)"
Oscar,Brazil,midfielder,5,"São Paulo FC (2008-2010, 12 apps)  ->  S.C. Internacional (2010-2012, 57 apps)  ->  Chelsea F.C. (2012-2016, 131 apps)  ->  Shanghai Port F.C. (2017-2023, 179 apps)  ->  São Paulo FC (2025-2025, 18 apps)"
"Oscar Engler",Switzerland,defender,2,"Inter Milan (1909-1915, 102 apps)  ->  Torino FC (1909-1909, 10 apps)"
"Oscar Magoni",Italy,,8,"Società Calcio Leffe (1989-1992, 96 apps)  ->  Atalanta BC (1992-1995, 80 apps)  ->  Genoa CFC (1995-1996, 35 apps)  ->  Bologna F.C. 1909 (1996-1999, 59 apps)  ->  SSC Napoli (1999-2002, 116 apps)  ->  SSC Ancona (2002-2003, 33 apps)  ->  US Triestina Calcio 1918 (2003-2004, 12 apps)  ->  S.C. Ravenna Sport (2004-2004, 12 apps)"
"Osvaldo Ardiles",Argentina,midfielder,10,"Club Sport Emelec (1973-1973, 14 apps)  ->  Club Atlético Huracán (1975-1978, 113 apps)  ->  Tottenham Hotspur F.C. (1978-1988, 221 apps)  ->  Paris Saint-Germain FC (1982-1983, 14 apps)  ->  St. George Saints Football Club (1985-1985, 1 apps)  ->  Blackburn Rovers F.C. (1988-1988, 5 apps)  ->  Queens Park Rangers F.C. (1988-1989, 8 apps)  ->  Fort Lauderdale Strikers (1989-1989, 5 apps)  ->  Fort Lauderdale Strikers (1989-1989, 5 apps)  ->  Swindon Town F.C. (1989-1991, 2 apps)"
"Osvaldo Fattori","Kingdom of Italy, Italy",midfielder,6,"Associazione Calcio Audace (1939-1941, ? apps)  ->  Vicenza Calcio (1941-1946, 93 apps)  ->  Como 1907 (1944-1945, 20 apps)  ->  U.C. Sampdoria (1946-1947, 35 apps)  ->  Inter Milan (1947-1954, 178 apps)  ->  Brescia Calcio (1954-1959, 87 apps)"
"Osvaldo Novo","Kingdom of Italy, Italy",defender,1,"Juventus FC (1919-1925, 91 apps)"
"Ottavio Bianchi",Italy,midfielder,6,"Brescia Calcio (1960-1966, 97 apps)  ->  SSC Napoli (1966-1971, 109 apps)  ->  Atalanta BC (1971-1973, 55 apps)  ->  AC Milan (1973-1974, 14 apps)  ->  Cagliari Calcio (1974-1975, 20 apps)  ->  SPAL (1975-1977, 35 apps)"
"Ottavio Bugatti","Kingdom of Italy, Italy",goalkeeper,4,"U.S.D. 1913 Seregno Calcio (1949-1951, ? apps)  ->  SPAL (1951-1953, 72 apps)  ->  SSC Napoli (1953-1961, 256 apps)  ->  Inter Milan (1961-1965, 25 apps)"
"Otto Schweizer",Germany,forward,1,"FC Bayern Munich (1943-1953, 182 apps)"
"Ottorino Piotti",Italy,goalkeeper,7,"S.G. Gallaratese A.S.D. (1973-1974, ? apps)  ->  Como 1907 (1974-1977, 6 apps)  ->  F.C. Bolzano 1996 (1975-1976, 30 apps)  ->  U.S. Avellino 1912 (1977-1980, 98 apps)  ->  AC Milan (1980-1984, 112 apps)  ->  Atalanta BC (1984-1990, 120 apps)  ->  Genoa CFC (1990-1991, 3 apps)"
"Ousmane Dembélé",France,forward,3,"Stade Rennais F.C. (2015-2016, 26 apps)  ->  Borussia Dortmund (2016-2017, 32 apps)  ->  Paris Saint-Germain FC (2023-?, 70 apps)"
"Owen Hargreaves","United Kingdom",midfielder,3,"FC Bayern Munich (2000-2007, 145 apps)  ->  Manchester United F.C. (2007-2011, 27 apps)  ->  Manchester City F.C. (2011-2012, 4 apps)"
"Pablo Aimar",Argentina,midfielder,7,"Club Atlético River Plate (1993-1997, ? apps)  ->  Club Atlético River Plate (1996-2000, 82 apps)  ->  Valencia CF (2001-2006, 162 apps)  ->  Real Zaragoza (2006-2008, 53 apps)  ->  S.L. Benfica (2008-2013, 107 apps)  ->  Johor Darul Takzim F.C. (2013-2014, 8 apps)  ->  Club Atlético River Plate (2015-2015, 1 apps)"
"Pablo Alfaro Armengot",Spain,defender,8,"Deportivo Aragón (1986-1989, ? apps)  ->  Real Zaragoza (1989-1992, 107 apps)  ->  Racing de Santander (1993-1996, 108 apps)  ->  Atlético Madrid (1996-1997, 11 apps)  ->  CP Mérida (1997-2000, 97 apps)  ->  Mérida UD (1997-2000, 97 apps)  ->  Sevilla FC (2000-2006, 164 apps)  ->  Racing de Santander (2006-2007, 22 apps)"
"Pablo Bengoechea",Uruguay,midfielder,3,"Montevideo Wanderers Fútbol Club (1985-1987, 46 apps)  ->  Sevilla FC (1987-1992, 135 apps)  ->  Club Atlético Peñarol (1993-2003, 245 apps)"
"Pablo Hernández Domínguez",Spain,"wing half",9,"Valencia CF Mestalla (2004-2007, 16 apps)  ->  CD Onda (2004-2005, 28 apps)  ->  Valencia CF (2006-2007, 1 apps)  ->  Getafe CF (2007-2008, 28 apps)  ->  Cádiz Club de Fútbol (2007-2007, 22 apps)  ->  Valencia CF (2008-2012, 111 apps)  ->  Swansea City A.F.C. (2012-2014, 57 apps)  ->  Al-Arabi SC (2014-?, ? apps)  ->  Rayo Vallecano (2015-2016, ? apps)"
"Pablo Ibáñez",Spain,full-back,6,"Albacete Balompié B (1999-2002, ? apps)  ->  Caravaca CF (2000-2001, ? apps)  ->  Albacete Balompié (2002-2004, 75 apps)  ->  Atlético Madrid (2004-2010, 156 apps)  ->  West Bromwich Albion F.C. (2010-2011, 10 apps)  ->  Birmingham City F.C. (2011-2013, 19 apps)"
"Pablo Orbaiz",Spain,"central midfielder",6,"Club Atlético Osasuna (1985-1996, ? apps)  ->  Osasuna B (1996-1998, 27 apps)  ->  Club Atlético Osasuna (1996-2000, 73 apps)  ->  Athletic Club (2000-2012, 318 apps)  ->  Rubin Kazan (2012-2013, 23 apps)  ->  CD Egüés (2013-2016, ? apps)"
"Pablo Piatti","Argentina, Italy","wing half",5,"Estudiantes de La Plata (2006-2008, 49 apps)  ->  Unión Deportiva Almería (2008-2011, 101 apps)  ->  Valencia CF (2011-2017, 110 apps)  ->  RCD Espanyol de Barcelona (2016-2017, 30 apps)  ->  RCD Espanyol de Barcelona (2017-?, ? apps)"
"Pablo Rodríguez",Spain,"wing half",4,"Valencia CF Mestalla (1974-1978, ? apps)  ->  Valencia CF (1978-1984, 104 apps)  ->  UD Salamanca (1984-1985, 33 apps)  ->  Levante UD (1985-1986, ? apps)"
"Pablo Sarabia",Spain,"midfielder, attacking midfielder",7,"Real Madrid Club de Fútbol (2010-2011, ? apps)  ->  Getafe CF (2011-2016, 131 apps)  ->  Sevilla FC (2016-2019, 101 apps)  ->  Paris Saint-Germain FC (2019-2023, 64 apps)  ->  Sporting CP (2021-2022, 29 apps)  ->  Wolverhampton Wanderers F.C. (2023-2025, 66 apps)  ->  Al-Arabi SC (2025-?, 0 apps)"
"Pablo Zabaleta",Argentina,full-back,3,"RCD Espanyol de Barcelona (2005-2008, 79 apps)  ->  Manchester City F.C. (2008-2017, 230 apps)  ->  West Ham United F.C. (2017-2020, 73 apps)"
"Pachín",Spain,defender,6,"Gimnástica de Torrelavega (1956-1957, ? apps)  ->  Burgos CF (1957-1958, ? apps)  ->  Burgos CF (1957-1958, ? apps)  ->  Club Atlético Osasuna (1958-1959, 23 apps)  ->  Real Madrid Club de Fútbol (1959-1968, 148 apps)  ->  Real Betis Balompié (1968-1969, 24 apps)"
"Paco Alcácer",Spain,forward,7,"Valencia CF Mestalla (2009-2012, 64 apps)  ->  Valencia CF (2010-2016, 93 apps)  ->  Getafe CF (2012-2013, 20 apps)  ->  Borussia Dortmund (2018-2020, 32 apps)  ->  Villarreal CF (2020-2022, 58 apps)  ->  Sharjah FC (2022-2025, 34 apps)  ->  Emirates Club (2023-2024, 22 apps)"
"Paco Campos",Spain,forward,2,"Atlético Madrid (1940-1948, 193 apps)  ->  Sporting de Gijón (1948-1952, 11 apps)"
"Paco Gento",Spain,"midfielder, forward, wing half",2,"Racing de Santander (1952-1953, 10 apps)  ->  Real Madrid Club de Fútbol (1953-1971, 428 apps)"
"Paco Melo",Spain,defender,3,"Real Valladolid (1964-1968, 73 apps)  ->  Rayo Vallecano (1967-1968, ? apps)  ->  Atlético Madrid (1968-1976, 192 apps)"
"Paddy Crerand","United Kingdom",midfielder,3,"Celtic F.C. (1958-1963, 91 apps)  ->  Manchester United F.C. (1963-1971, 304 apps)  ->  Bidvest Wits F.C. (1971-1971, 304 apps)"
"Paddy Fagan",Ireland,"wing half",8,"Transport F.C. (1949-1951, ? apps)  ->  Hull City A.F.C. (1951-1953, 26 apps)  ->  Manchester City F.C. (1953-1960, 165 apps)  ->  Derby County F.C. (1960-1961, 24 apps)  ->  Altrincham F.C. (1961-1962, 32 apps)  ->  Northwich Victoria F.C. (1962-1963, ? apps)  ->  Mossley A.F.C. (1963-1964, 3 apps)  ->  Ashton United F.C. (1964-1966, ? apps)"
"Pahiño",Spain,forward,6,"Arenas de Alcabre SCD (1939-1943, ? apps)  ->  RC Celta de Vigo (1943-1948, 130 apps)  ->  Rápido de Bouzas (1943-1943, ? apps)  ->  Real Madrid Club de Fútbol (1948-1953, 143 apps)  ->  Deportivo de La Coruña (1953-1956, 78 apps)  ->  Granada CF (1956-1957, 15 apps)"
"Paolo Cannavaro",Italy,"centre-back, full-back",5,"SSC Napoli (1998-1999, 2 apps)  ->  Parma Calcio 1913 (1999-2006, 92 apps)  ->  Hellas Verona FC (2001-2002, 24 apps)  ->  SSC Napoli (2006-2014, 236 apps)  ->  US Sassuolo Calcio (2014-2014, 16 apps)"
"Paolo Conti",Italy,goalkeeper,8,"A.S.D. Riccione 1929 (1968-1970, 65 apps)  ->  Modena F.C. (1970-1972, 50 apps)  ->  S.S. Arezzo (1972-1973, 32 apps)  ->  AS Roma (1973-1980, 175 apps)  ->  Hellas Verona FC (1980-1981, 31 apps)  ->  U.C. Sampdoria (1981-1983, 39 apps)  ->  SSC Bari (1983-1984, 34 apps)  ->  ACF Fiorentina (1984-1988, 2 apps)"
"Paolo De Ceglie",Italy,full-back,8,"Juventus FC (2006-2007, 8 apps)  ->  Siena FC (2007-2008, 29 apps)  ->  Juventus FC (2008-2014, 90 apps)  ->  Genoa CFC (2013-2014, 12 apps)  ->  Genoa CFC (2014-2014, 12 apps)  ->  Parma Calcio 1913 (2014-2015, 11 apps)  ->  Juventus FC (2015-2015, 2 apps)  ->  Olympique de Marseille (2015-?, ? apps)"
"Paolo Jacobini",Italy,midfielder,3,"AS Roma (1939-1948, 142 apps)  ->  SSC Napoli (1948-1949, 10 apps)  ->  Latina Calcio 1932 (1950-1951, ? apps)"
"Paolo Maldini",Italy,centre-back,1,"AC Milan (1985-2019, 1987 apps)"
"Paolo Montero",Uruguay,"centre-back, defender",4,"Club Atlético Peñarol (1990-1992, 34 apps)  ->  Atalanta BC (1992-1996, 114 apps)  ->  Juventus FC (1996-2005, 186 apps)  ->  Club Atlético Peñarol (2006-2007, 26 apps)"
"Paolo Pestrin","Kingdom of Italy, Italy",midfielder,8,"Genoa CFC (1953-1956, 62 apps)  ->  AS Roma (1956-1963, 196 apps)  ->  Calcio Padova (1963-1965, 59 apps)  ->  Torino FC (1965-1967, 10 apps)  ->  Piacenza Calcio (1967-1970, 104 apps)  ->  Omegna Calcio 1906 (1970-1971, 32 apps)  ->  F.S. Sestrese Calcio 1919 (1970-1971, ? apps)  ->  U.S. Sestri Levante (1971-1972, 28 apps)"
"Paolo Rossi",Italy,forward,7,"Juventus FC (1973-1975, 0 apps)  ->  Como 1907 (1975-1976, 6 apps)  ->  Vicenza Calcio (1976-1980, 94 apps)  ->  A.C. Perugia Calcio (1979-1980, 28 apps)  ->  Juventus FC (1981-1985, 83 apps)  ->  AC Milan (1985-1986, 20 apps)  ->  Hellas Verona FC (1986-1987, 20 apps)"
"Paolo Todeschini","Kingdom of Italy, Italy",midfielder,9,"AC Milan (1939-1945, 79 apps)  ->  Calcio Foggia 1920 (1943-1943, 12 apps)  ->  Bologna F.C. 1909 (1945-1946, 23 apps)  ->  Atalanta BC (1946-1948, 56 apps)  ->  SS Lazio (1948-1949, 15 apps)  ->  SSC Napoli (1949-1952, 94 apps)  ->  Palermo F.C. (1952-1953, 23 apps)  ->  AC Monza (1953-1954, 11 apps)  ->  Mantova 1911 (1954-1955, 24 apps)"
"Park Ji-Sung","South Korea","wing half",5,"Kyoto Sanga FC (2000-2003, 76 apps)  ->  PSV Eindhoven (2003-2005, 65 apps)  ->  Manchester United F.C. (2005-2012, 134 apps)  ->  Queens Park Rangers F.C. (2012-2014, 20 apps)  ->  PSV Eindhoven (2013-2014, 23 apps)"
"Pat Flanagan","United Kingdom of Great Britain and Ireland","inside forward",3,"Norwich City F.C. (1908-1909, ? apps)  ->  Fulham F.C. (1909-1910, 11 apps)  ->  Arsenal F.C. (1910-1917, 114 apps)"
"Pat Howard","United Kingdom",centre-back,6,"Barnsley F.C. (1965-1971, 177 apps)  ->  Newcastle United F.C. (1971-1976, 184 apps)  ->  Arsenal F.C. (1976-1977, 16 apps)  ->  Birmingham City F.C. (1977-1979, 40 apps)  ->  Portland Timbers (1978-1978, 24 apps)  ->  Bury F.C. (1979-1982, 118 apps)"
"Pat Jennings","United Kingdom",goalkeeper,5,"Watford F.C. (1963-1964, 48 apps)  ->  Tottenham Hotspur F.C. (1964-1977, 472 apps)  ->  Arsenal F.C. (1977-1985, 327 apps)  ->  Tottenham Hotspur F.C. (1985-1986, 0 apps)  ->  Everton F.C. (1986-1986, 0 apps)"
"Pat Nevin","United Kingdom","wing half",6,"Clyde F.C. (1981-1983, 73 apps)  ->  Chelsea F.C. (1983-1988, 193 apps)  ->  Everton F.C. (1988-1992, 109 apps)  ->  Tranmere Rovers F.C. (1992-1997, 193 apps)  ->  Kilmarnock F.C. (1997-1998, 34 apps)  ->  Motherwell F.C. (1998-2000, 58 apps)"
"Pat Rice","United Kingdom",defender,2,"Arsenal F.C. (1967-1980, 397 apps)  ->  Watford F.C. (1980-1984, 112 apps)"
"Pat Van Den Hauwe","United Kingdom, Belgium",defender,6,"Birmingham City F.C. (1978-1984, 123 apps)  ->  Everton F.C. (1984-1989, 135 apps)  ->  Tottenham Hotspur F.C. (1989-1993, 116 apps)  ->  Millwall F.C. (1993-1995, 27 apps)  ->  Hellenic F.C. (1996-1996, ? apps)  ->  Wynberg St Johns (1997-1997, ? apps)"
"Patrice Evra","Senegal, France",full-back,8,"Marsala Football Club (1998-1999, 24 apps)  ->  AC Monza (1999-2000, 3 apps)  ->  OGC Nice (2000-2002, 40 apps)  ->  AS Monaco FC (2002-2006, 120 apps)  ->  Manchester United F.C. (2006-2014, 273 apps)  ->  Juventus FC (2014-2017, 53 apps)  ->  Olympique de Marseille (2017-2017, 15 apps)  ->  West Ham United F.C. (2018-2018, 5 apps)"
"Patricio Toranzo",Argentina,midfielder,5,"Club Atlético River Plate (2004-2005, 3 apps)  ->  Club Atlético Huracán (2007-2010, 69 apps)  ->  Racing Club (2010-2012, 58 apps)  ->  Shanghai Shenhua F.C. (2013-2013, 25 apps)  ->  Club Atlético Huracán (2014-?, ? apps)"
"Patrick Kluivert","Kingdom of the Netherlands",forward,6,"AFC Ajax (1994-1997, 70 apps)  ->  AC Milan (1997-1998, 27 apps)  ->  Newcastle United F.C. (2004-2005, 25 apps)  ->  Valencia CF (2005-2006, 10 apps)  ->  PSV Eindhoven (2006-2007, 16 apps)  ->  Lille OSC (2007-2008, 13 apps)"
"Patrick Mölzl",Germany,midfielder,6,"FC Bayern Munich (1998-2002, 99 apps)  ->  SpVgg Greuther Fürth (2002-2003, 7 apps)  ->  FC St. Pauli (2003-2004, 26 apps)  ->  FC Augsburg (2004-2009, 131 apps)  ->  FC Ingolstadt 04 (2010-2011, 14 apps)  ->  SV Kirchanschöring (2013-?, ? apps)"
"Patrick Vieira",France,"defensive midfielder",6,"AS Cannes (1993-1995, 49 apps)  ->  AC Milan (1995-1996, 2 apps)  ->  Arsenal F.C. (1996-2005, 406 apps)  ->  Juventus FC (2005-2006, 31 apps)  ->  Inter Milan (2006-2010, 91 apps)  ->  Manchester City F.C. (2010-2011, 28 apps)"
"Patrick Würll",Germany,forward,8,"FC Bayern Munich (1996-2000, 82 apps)  ->  Kickers Offenbach (2000-2002, 58 apps)  ->  SSV Reutlingen 05 (2002-2003, 19 apps)  ->  VfB Lübeck (2003-2004, 19 apps)  ->  Holstein Kiel (2004-2006, 51 apps)  ->  Dynamo Dresden (2006-2008, 32 apps)  ->  SSV Jahn Regensburg (2008-2010, 45 apps)  ->  BC Aichach (2010-2011, 7 apps)"
"Patrik Berger","Czechoslovakia, Czech Republic","wing half",8,"AC Sparta Prague (1989-1991, ? apps)  ->  SK Slavia Prague (1991-1995, 90 apps)  ->  Borussia Dortmund (1995-1996, 27 apps)  ->  Liverpool F.C. (1996-2003, 149 apps)  ->  Portsmouth F.C. (2003-2005, 52 apps)  ->  Aston Villa F.C. (2005-2008, 29 apps)  ->  Stoke City F.C. (2006-2007, 7 apps)  ->  AC Sparta Prague (2008-2010, 23 apps)"
"Patxi Ferreira",Spain,centre-back,7,"Athletic Bilbao B (1984-1987, 79 apps)  ->  Athletic Club (1985-1989, 91 apps)  ->  Atlético Madrid (1989-1995, 150 apps)  ->  Sevilla FC (1993-1994, 33 apps)  ->  Valencia CF (1995-1997, 71 apps)  ->  Athletic Club (1997-2000, 78 apps)  ->  Rayo Vallecano (2000-2001, 13 apps)"
"Patxi Salinas",Spain,centre-back,3,"Athletic Bilbao B (1981-1984, 77 apps)  ->  Athletic Club (1982-1992, 302 apps)  ->  RC Celta de Vigo (1992-1998, 218 apps)"
"Pau Torres",Spain,defender,5,"Villarreal CF B (2016-2018, 59 apps)  ->  Villarreal CF C (2016-2017, ? apps)  ->  Villarreal CF (2017-2023, 136 apps)  ->  Málaga CF (2018-2019, 38 apps)  ->  Aston Villa F.C. (2023-?, 73 apps)"
"Pau Vidal Oliver",Spain,,3,"RCD Mallorca (1939-1944, ? apps)  ->  Real Madrid Club de Fútbol (1944-1949, 86 apps)  ->  RCD Mallorca (1949-1953, ? apps)"
"Paul Allen","United Kingdom",midfielder,8,"West Ham United F.C. (1979-1985, 152 apps)  ->  Tottenham Hotspur F.C. (1985-1993, 292 apps)  ->  Southampton F.C. (1993-1995, 43 apps)  ->  Luton Town F.C. (1994-1994, 4 apps)  ->  Swindon Town F.C. (1995-1997, 36 apps)  ->  Stoke City F.C. (1995-1995, 17 apps)  ->  Bristol City F.C. (1997-1997, 15 apps)  ->  Millwall F.C. (1997-1998, 28 apps)"
"Paul Bracewell","United Kingdom",midfielder,7,"Stoke City F.C. (1979-1983, 129 apps)  ->  Sunderland A.F.C. (1983-1984, 38 apps)  ->  Everton F.C. (1984-1989, 95 apps)  ->  Sunderland A.F.C. (1989-1992, 113 apps)  ->  Newcastle United F.C. (1992-1995, 73 apps)  ->  Sunderland A.F.C. (1995-1997, 77 apps)  ->  Fulham F.C. (1997-1999, 62 apps)"
"Paul Breitner",Germany,full-back,4,"FC Bayern Munich (1970-1974, 109 apps)  ->  Real Madrid Club de Fútbol (1974-1977, 84 apps)  ->  Eintracht Braunschweig (1977-1978, 30 apps)  ->  FC Bayern Munich (1978-1983, 146 apps)"
"Paul Davis","United Kingdom",midfielder,3,"Arsenal F.C. (1980-1995, 447 apps)  ->  Brentford F.C. (1995-1996, 5 apps)  ->  Stabæk Fotball (1995-1995, 1 apps)"
"Paul Dickov","United Kingdom",forward,13,"Arsenal F.C. (1990-1996, 22 apps)  ->  Luton Town F.C. (1993-1993, 15 apps)  ->  Brighton & Hove Albion F.C. (1994-1994, 8 apps)  ->  Manchester City F.C. (1996-2002, 158 apps)  ->  Leicester City F.C. (2002-2004, 89 apps)  ->  Blackburn Rovers F.C. (2004-2006, 50 apps)  ->  Manchester City F.C. (2006-2008, 16 apps)  ->  Crystal Palace F.C. (2007-2007, 9 apps)  ->  Leicester City F.C. (2008-2010, 21 apps)  ->  Blackpool F.C. (2008-2008, 11 apps)  ->  Derby County F.C. (2009-2009, 16 apps)  ->  Oldham Athletic A.F.C. (2010-2011, 2 apps)  ->  Leeds United F.C. (2010-2010, 4 apps)"
"Paul Dummett","United Kingdom",defender,3,"Newcastle United F.C. (2010-2024, 196 apps)  ->  St. Mirren F.C. (2012-2013, 36 apps)  ->  Gateshead F.C. (2012-2012, 10 apps)"
"Paul Gascoigne","United Kingdom",midfielder,9,"Newcastle United F.C. (1985-1988, 92 apps)  ->  Tottenham Hotspur F.C. (1988-1992, 92 apps)  ->  SS Lazio (1992-1995, 43 apps)  ->  Rangers F.C. (1995-1998, 74 apps)  ->  Middlesbrough F.C. (1998-2000, 41 apps)  ->  Everton F.C. (2000-2002, 32 apps)  ->  Burnley F.C. (2002-2002, 6 apps)  ->  Gansu Tianma F.C. (2003-2003, 4 apps)  ->  Boston United F.C. (2004-2004, 4 apps)"
"Paul Gerrard","United Kingdom",goalkeeper,10,"Oldham Athletic A.F.C. (1991-1996, 119 apps)  ->  Everton F.C. (1996-2004, 90 apps)  ->  Oxford United F.C. (1998-1999, 16 apps)  ->  Ipswich Town F.C. (2002-2002, 5 apps)  ->  Sheffield United F.C. (2003-2003, 16 apps)  ->  Nottingham Forest F.C. (2004-2006, 64 apps)  ->  Sheffield United F.C. (2006-2008, 2 apps)  ->  Blackpool F.C. (2008-2008, 0 apps)  ->  Stockport County F.C. (2009-2010, 0 apps)  ->  Oldham Athletic A.F.C. (2010-2013, 1 apps)"
"Paul Ince","United Kingdom",midfielder,8,"West Ham United F.C. (1986-1989, 72 apps)  ->  Manchester United F.C. (1989-1995, 206 apps)  ->  Inter Milan (1995-1997, 54 apps)  ->  Liverpool F.C. (1997-1999, 65 apps)  ->  Middlesbrough F.C. (1999-2002, 93 apps)  ->  Wolverhampton Wanderers F.C. (2002-2006, 115 apps)  ->  Swindon Town F.C. (2006-2006, 3 apps)  ->  Macclesfield Town F.C. (2007-2007, 1 apps)"
"Paul Koschmieder",Germany,,1,"Borussia Dortmund (1947-1955, 167 apps)"
"Paul Lake","United Kingdom",defender,1,"Manchester City F.C. (1986-1996, 110 apps)"
"Paul McGrath","United Kingdom, Ireland",centre-back,5,"St Patrick's Athletic F.C. (1981-1982, 27 apps)  ->  Manchester United F.C. (1982-1989, 163 apps)  ->  Aston Villa F.C. (1989-1996, 252 apps)  ->  Derby County F.C. (1996-1997, 24 apps)  ->  Sheffield United F.C. (1997-1997, 7 apps)"
"Paul Merson","United Kingdom","wing half",8,"Arsenal F.C. (1985-1997, 289 apps)  ->  Brentford F.C. (1987-1987, 6 apps)  ->  Middlesbrough F.C. (1997-1998, 48 apps)  ->  Aston Villa F.C. (1998-2002, 101 apps)  ->  Portsmouth F.C. (2002-2003, 44 apps)  ->  Walsall F.C. (2003-2006, 68 apps)  ->  Tamworth F.C. (2006-2006, 1 apps)  ->  Welshpool Town F.C. (2012-2012, 1 apps)"
"Paul Miller","United Kingdom",defender,6,"Tottenham Hotspur F.C. (1977-1987, 208 apps)  ->  Charlton Athletic F.C. (1987-1988, 42 apps)  ->  Watford F.C. (1988-1989, 20 apps)  ->  AFC Bournemouth (1989-1990, 47 apps)  ->  Brentford F.C. (1989-1989, 3 apps)  ->  Swansea City A.F.C. (1990-1991, 12 apps)"
"Paul Parker","United Kingdom","defender, full-back",9,"Fulham F.C. (1982-1987, 153 apps)  ->  Queens Park Rangers F.C. (1987-1991, 125 apps)  ->  Manchester United F.C. (1991-1996, 105 apps)  ->  Sheffield United F.C. (1996-1996, 10 apps)  ->  Derby County F.C. (1996-1996, 4 apps)  ->  Chelsea F.C. (1997-1997, 4 apps)  ->  Fulham F.C. (1997-1997, 3 apps)  ->  Heybridge Swifts F.C. (1997-1997, 0 apps)  ->  Farnborough F.C. (1997-1997, ? apps)"
"Paul Pogba",France,midfielder,5,"Manchester United F.C. (2011-2012, 3 apps)  ->  Juventus FC (2012-2016, 124 apps)  ->  Manchester United F.C. (2016-2022, 154 apps)  ->  Juventus FC (2022-2024, 8 apps)  ->  AS Monaco FC (2025-?, 6 apps)"
"Paul Power","United Kingdom",full-back,2,"Manchester City F.C. (1975-1986, 365 apps)  ->  Everton F.C. (1986-1988, 54 apps)"
"Paul Rideout","United Kingdom",forward,13,"Swindon Town F.C. (1980-1983, 95 apps)  ->  Aston Villa F.C. (1983-1985, 54 apps)  ->  SSC Bari (1985-1988, 99 apps)  ->  Southampton F.C. (1988-1991, 75 apps)  ->  Swindon Town F.C. (1990-1991, 9 apps)  ->  Notts County F.C. (1991-1991, 11 apps)  ->  Everton F.C. (1992-1997, 111 apps)  ->  Rangers F.C. (1992-1992, 12 apps)  ->  Chongqing Liangjiang Athletic F.C. (1997-1997, 18 apps)  ->  Sporting Kansas City (1998-1999, 27 apps)  ->  Chongqing Liangjiang Athletic F.C. (1999-1999, 26 apps)  ->  Shenzhen F.C. (2000-2000, 10 apps)  ->  Tranmere Rovers F.C. (2000-2002, 46 apps)"
"Paul Robinson","United Kingdom",goalkeeper,4,"Leeds United F.C. (1998-2004, 95 apps)  ->  Tottenham Hotspur F.C. (2004-2008, 137 apps)  ->  Blackburn Rovers F.C. (2008-2015, 189 apps)  ->  Burnley F.C. (2016-2017, 3 apps)"
"Paul Scholes","United Kingdom",midfielder,2,"Manchester United F.C. (1993-2011, 466 apps)  ->  Manchester United F.C. (2012-2013, 33 apps)"
"Paul Simpson","United Kingdom","wing half",10,"Manchester City F.C. (1983-1988, 121 apps)  ->  Finn Harps F.C. (1984-1985, 6 apps)  ->  Oxford United F.C. (1988-1992, 144 apps)  ->  Derby County F.C. (1992-1997, 186 apps)  ->  Sheffield United F.C. (1996-1996, 6 apps)  ->  Wolverhampton Wanderers F.C. (1997-2000, 52 apps)  ->  Walsall F.C. (1998-1998, 10 apps)  ->  Blackpool F.C. (2000-2002, 76 apps)  ->  Rochdale A.F.C. (2002-2003, 42 apps)  ->  Carlisle United F.C. (2003-2006, 36 apps)"
"Paul Stewart","United Kingdom",forward,11,"Blackpool F.C. (1981-1987, 201 apps)  ->  Manchester City F.C. (1987-1988, 51 apps)  ->  Tottenham Hotspur F.C. (1988-1992, 131 apps)  ->  Liverpool F.C. (1992-1996, 32 apps)  ->  Wolverhampton Wanderers F.C. (1994-1994, 8 apps)  ->  Crystal Palace F.C. (1994-1994, 18 apps)  ->  Sunderland A.F.C. (1995-1995, 2 apps)  ->  Burnley F.C. (1995-1995, 8 apps)  ->  Sunderland A.F.C. (1996-1997, 34 apps)  ->  Stoke City F.C. (1997-1998, 21 apps)  ->  Workington A.F.C. (1998-2000, 55 apps)"
"Paul Walsh","United Kingdom",forward,8,"Charlton Athletic F.C. (1979-1982, 87 apps)  ->  Luton Town F.C. (1982-1984, 80 apps)  ->  Liverpool F.C. (1984-1988, 77 apps)  ->  Tottenham Hotspur F.C. (1988-1992, 128 apps)  ->  Queens Park Rangers F.C. (1991-1991, 2 apps)  ->  Portsmouth F.C. (1992-1994, 73 apps)  ->  Manchester City F.C. (1994-1995, 53 apps)  ->  Portsmouth F.C. (1995-1996, 21 apps)"
"Paula Mateo",Spain,defender,1,"Athletic Club (2005-2010, 89 apps)"
"Paulino Alcántara","Philippines, Spain",forward,1,"Bohemian Sporting Club (1916-1918, 23 apps)"
"Paulo Assunção","Brazil, Portugal",midfielder,10,"Sociedade Esportiva Palmeiras (1998-2000, 0 apps)  ->  Sociedade Esportiva Palmeiras (2000-2000, 0 apps)  ->  FC Porto B (2000-2001, 36 apps)  ->  Sociedade Esportiva Palmeiras (2001-2001, 24 apps)  ->  C.D. Nacional (2002-2004, 50 apps)  ->  FC Porto (2004-2008, 73 apps)  ->  Atlético Madrid (2008-2012, 97 apps)  ->  São Paulo FC (2012-2012, 11 apps)  ->  Deportivo de La Coruña (2013-2013, 9 apps)  ->  Levadiakos F.C. (2014-2014, 0 apps)"
"Paulo Dybala","Argentina, Italy","midfielder, forward, inside forward",4,"Club Sport Emelec (2011-2012, 38 apps)  ->  Palermo F.C. (2012-2015, 89 apps)  ->  Juventus FC (2015-2022, 210 apps)  ->  AS Roma (2022-?, 94 apps)"
"Paulo Ferreira",Portugal,defender,4,"G.D. Estoril Praia (1997-2000, 37 apps)  ->  Vitória F.C. (2000-2002, 67 apps)  ->  FC Porto (2002-2004, 62 apps)  ->  Chelsea F.C. (2004-2013, 141 apps)"
"Paulo Innocenti","Kingdom of Italy, Brazil, Italy",defender,2,"Bologna F.C. 1909 (1924-1926, 13 apps)  ->  SSC Napoli (1926-1937, 213 apps)"
"Paulo Roberto Falcão",Brazil,midfielder,3,"S.C. Internacional (1972-1980, 158 apps)  ->  AS Roma (1980-1985, 107 apps)  ->  São Paulo FC (1985-1986, 10 apps)"
"Pavel Nedvěd","Czech Republic",midfielder,5,"Dukla Prague (1989-1992, 19 apps)  ->  Dukla Prague (1991-1992, 19 apps)  ->  AC Sparta Prague (1992-1995, 97 apps)  ->  SS Lazio (1995-1999, 138 apps)  ->  Juventus FC (1999-2009, 247 apps)"
"Pavel Srniček","Czech Republic",goalkeeper,11,"FC Baník Ostrava (1990-1991, 30 apps)  ->  Newcastle United F.C. (1991-1998, 150 apps)  ->  Sheffield Wednesday F.C. (1998-2000, 44 apps)  ->  FC Baník Ostrava (1998-1998, 6 apps)  ->  Brescia Calcio (2000-2003, 32 apps)  ->  Cosenza Calcio 1914 (2003-2003, 9 apps)  ->  Cosenza Calcio (2003-2003, 9 apps)  ->  Portsmouth F.C. (2003-2004, 3 apps)  ->  West Ham United F.C. (2004-2004, 1 apps)  ->  S.C. Beira-Mar (2004-2006, 63 apps)  ->  Newcastle United F.C. (2006-2007, 2 apps)"
Pedri,Spain,centerhalf,1,"UD Las Palmas (2019-2020, 36 apps)"
Pedro,Spain,forward,5,"FC Barcelona C (2005-2007, 71 apps)  ->  FC Barcelona Atlètic (2007-2009, 51 apps)  ->  Chelsea F.C. (2015-2020, 137 apps)  ->  AS Roma (2020-2021, 27 apps)  ->  SS Lazio (2021-?, 142 apps)"
"Pedro Casado",Spain,defender,2,"Real Madrid Club de Fútbol (1956-1966, 83 apps)  ->  Centre d'Esports Sabadell Futbol Club (1966-1969, 24 apps)"
"Pedro Manfredini",Argentina,forward,4,"AS Roma (1959-1965, 130 apps)  ->  Racing Club (1959-1959, 39 apps)  ->  Brescia Calcio (1965-1965, 8 apps)  ->  Venezia F.C. (1966-1974, 23 apps)"
"Pedro María Artola",Spain,goalkeeper,2,"Real Sociedad B (1967-1970, ? apps)  ->  Real Sociedad (1970-1975, 30 apps)"
"Pedro María Zabalza",Spain,midfielder,3,"Club Atlético Osasuna (1964-1967, 64 apps)  ->  Athletic Club (1973-1976, 57 apps)  ->  Club Atlético Osasuna (1976-1977, ? apps)"
"Pedro Uralde",Spain,centre-forward,5,"Real Sociedad B (1976-1979, 87 apps)  ->  Real Sociedad (1979-1986, 255 apps)  ->  Atlético Madrid (1986-1987, 44 apps)  ->  Athletic Club (1987-1990, 110 apps)  ->  Deportivo de La Coruña (1990-1992, 76 apps)"
"Pedro Zaballa",Spain,forward,6,"Castro FC (1955-1956, ? apps)  ->  Gimnástica de Torrelavega (1956-1957, ? apps)  ->  Rayo Cantabria (1957-1958, ? apps)  ->  Racing de Santander (1958-1961, 54 apps)  ->  Centre d'Esports Sabadell Futbol Club (1967-1970, 56 apps)  ->  Real Oviedo (1970-1971, 7 apps)"
"Pedro de Felipe",Spain,defender,2,"Real Madrid Club de Fútbol (1964-1972, 126 apps)  ->  RCD Espanyol de Barcelona (1972-1978, 122 apps)"
"Pep Guardiola",Spain,midfielder,6,"FC Barcelona Atlètic (1984-1990, 59 apps)  ->  Brescia Calcio (2001-2002, 11 apps)  ->  AS Roma (2002-2003, 4 apps)  ->  Brescia Calcio (2003-2003, 13 apps)  ->  Al Ahli SC (2003-2005, 36 apps)  ->  Dorados de Sinaloa (2005-2006, 10 apps)"
Pepe,"Brazil, Portugal",centre-back,6,"C.S. Marítimo B (2001-2002, 14 apps)  ->  C.S. Marítimo (2002-2004, 63 apps)  ->  FC Porto (2004-2007, 64 apps)  ->  Real Madrid Club de Fútbol (2007-2017, 290 apps)  ->  Beşiktaş J.K. (Football) (2017-2019, 33 apps)  ->  FC Porto (2019-2024, 132 apps)"
"Pepe Reina",Spain,goalkeeper,12,"FC Barcelona Atlètic (1999-2000, 41 apps)  ->  FC Barcelona C (1999-1999, 3 apps)  ->  Villarreal CF (2002-2005, 109 apps)  ->  Liverpool F.C. (2005-2014, 285 apps)  ->  SSC Napoli (2013-2014, 30 apps)  ->  FC Bayern Munich (2014-2015, 3 apps)  ->  SSC Napoli (2015-2018, 111 apps)  ->  AC Milan (2018-2020, 5 apps)  ->  Aston Villa F.C. (2020-2020, 12 apps)  ->  SS Lazio (2020-2022, 44 apps)  ->  Villarreal CF (2022-2024, 24 apps)  ->  Como 1907 (2024-2025, 12 apps)"
"Per Mertesacker",Germany,"centre-back, defender",3,"Hannover 96 (2003-2006, 16 apps)  ->  SV Werder Bremen (2006-2011, 146 apps)  ->  Arsenal F.C. (2011-2018, 156 apps)"
"Percy Hooper","United Kingdom of Great Britain and Ireland, United Kingdom",goalkeeper,2,"Tottenham Hotspur F.C. (1934-1939, 97 apps)  ->  Swansea City A.F.C. (1947-1948, 12 apps)"
"Percy Sands","United Kingdom of Great Britain and Ireland, United Kingdom",centre-back,2,"Arsenal F.C. (1902-1919, 327 apps)  ->  Southend United F.C. (1919-?, ? apps)"
"Perry Groves","United Kingdom","wing half",5,"Colchester United F.C. (1982-1986, 142 apps)  ->  Arsenal F.C. (1986-1992, 155 apps)  ->  Southampton F.C. (1992-1994, 15 apps)  ->  Dagenham & Redbridge F.C. (1994-1994, 4 apps)  ->  Canvey Island F.C. (1995-1995, 1 apps)"
"Petar Borota",Yugoslavia,goalkeeper,8,"OFK Beograd (1969-1975, 131 apps)  ->  FK Partizan (1976-1979, 77 apps)  ->  Chelsea F.C. (1979-1982, 107 apps)  ->  Brentford F.C. (1982-1982, 0 apps)  ->  Portimonense S.C. (1982-1983, 7 apps)  ->  Boavista F.C. (1983-1984, 15 apps)  ->  FC Porto (1984-1985, 0 apps)  ->  Boavista F.C. (1986-1986, 0 apps)"
"Peter Baker","United Kingdom",full-back,4,"Tottenham Hotspur F.C. (1952-1965, 299 apps)  ->  Durban United F.C. (1965-1967, 38 apps)  ->  Romford F.C. (1967-1968, ? apps)  ->  Durban United F.C. (1970-1970, 2 apps)"
"Peter Barnes","United Kingdom","wing half",32,"Manchester City F.C. (1974-1979, 115 apps)  ->  West Bromwich Albion F.C. (1979-1981, 77 apps)  ->  Leeds United F.C. (1981-1982, 30 apps)  ->  Real Betis Balompié (1982-1983, 16 apps)  ->  Leeds United F.C. (1983-1984, 27 apps)  ->  Manchester United F.C. (1984-1984, 0 apps)  ->  Coventry City F.C. (1984-1985, 18 apps)  ->  Manchester United F.C. (1985-1987, 20 apps)  ->  Port Vale F.C. (1987-1988, 3 apps)  ->  Manchester City F.C. (1987-1988, 8 apps)  ->  Bolton Wanderers F.C. (1987-1987, 2 apps)  ->  Ballymena United F.C. (1987-1987, 1 apps)  ->  Bolton Wanderers F.C. (1988-1989, 3 apps)  ->  S.C. Farense (1988-1988, 1 apps)  ->  Hull City A.F.C. (1988-1988, 11 apps)  ->  Drogheda United F.C. (1988-1988, ? apps)  ->  Wimbledon F.C. (1988-1988, 0 apps)  ->  Sunderland A.F.C. (1989-1989, 1 apps)  ->  Drogheda United F.C. (1989-1989, 3 apps)  ->  Ħamrun Spartans F.C. (1989-1990, ? apps)  ->  Stockport County F.C. (1989-1989, 0 apps)  ->  Footscray JUST (1989-1989, 2 apps)  ->  Bury F.C. (1989-1989, 0 apps)  ->  Northwich Victoria F.C. (1990-1990, 7 apps)  ->  Tampa Bay Rowdies (1990-1990, 11 apps)  ->  Stafford Rangers F.C. (1990-1990, 5 apps)  ->  Wrexham A.F.C. (1991-1991, 0 apps)  ->  Radcliffe F.C. (1991-1991, ? apps)  ->  Mossley A.F.C. (1991-1991, 8 apps)  ->  Ħamrun Spartans F.C. (1992-1992, 0 apps)  ->  Cliftonville F.C. (1992-1992, 8 apps)  ->  S.C. Farense (1992-1992, 0 apps)"
"Peter Beagrie","United Kingdom","wing half",11,"Middlesbrough F.C. (1983-1986, 33 apps)  ->  Sheffield United F.C. (1986-1988, 84 apps)  ->  Stoke City F.C. (1988-1989, 54 apps)  ->  Everton F.C. (1989-1994, 114 apps)  ->  Sunderland A.F.C. (1991-1991, 5 apps)  ->  Manchester City F.C. (1994-1997, 52 apps)  ->  Bradford City A.F.C. (1997-2001, 132 apps)  ->  Everton F.C. (1998-1998, 6 apps)  ->  Scunthorpe United F.C. (2001-2006, 172 apps)  ->  Wigan Athletic F.C. (2001-2001, 10 apps)  ->  Grimsby Town F.C. (2006-2006, 9 apps)"
"Peter Beardsley","United Kingdom",forward,14,"Carlisle United F.C. (1979-1982, 104 apps)  ->  Vancouver Whitecaps (1982-1982, 48 apps)  ->  Manchester United F.C. (1982-1983, 0 apps)  ->  Vancouver Whitecaps (1983-1983, 25 apps)  ->  Newcastle United F.C. (1983-1987, 147 apps)  ->  Liverpool F.C. (1987-1991, 131 apps)  ->  Everton F.C. (1991-1993, 81 apps)  ->  Newcastle United F.C. (1993-1997, 129 apps)  ->  Bolton Wanderers F.C. (1997-1998, 17 apps)  ->  Manchester City F.C. (1998-1998, 6 apps)  ->  Fulham F.C. (1998-1998, 21 apps)  ->  Hartlepool United F.C. (1998-1999, 22 apps)  ->  Doncaster Rovers F.C. (1999-1999, 22 apps)  ->  Melbourne Knights Football Club (1999-1999, 2 apps)"
"Peter Bonetti","United Kingdom",goalkeeper,5,"Chelsea F.C. (1960-1975, 495 apps)  ->  St. Louis Stars (1975-1975, 21 apps)  ->  Chelsea F.C. (1976-1979, 105 apps)  ->  Dundee United F.C. (1979-1979, 5 apps)  ->  Woking F.C. (1986-1986, 2 apps)"
"Peter Brabrook","United Kingdom","wing half",3,"Chelsea F.C. (1954-1962, 251 apps)  ->  West Ham United F.C. (1962-1968, 167 apps)  ->  Leyton Orient F.C. (1968-1971, 72 apps)"
"Peter Collins","United Kingdom",centre-back,2,"Chelmsford City F.C. (1966-1968, 30 apps)  ->  Tottenham Hotspur F.C. (1968-1973, 83 apps)"
"Peter Cormack","United Kingdom",midfielder,7,"Hibernian F.C. (1963-1970, 182 apps)  ->  Toronto City (1967-1967, 11 apps)  ->  Nottingham Forest F.C. (1970-1972, 74 apps)  ->  Liverpool F.C. (1972-1976, 121 apps)  ->  Bristol City F.C. (1976-1980, 67 apps)  ->  Hibernian F.C. (1980-1980, 20 apps)  ->  Partick Thistle F.C. (1980-1980, 1 apps)"
"Peter Crouch","United Kingdom",forward,13,"Tottenham Hotspur F.C. (1998-2000, 0 apps)  ->  IFK Hässleholm (2000-2000, 8 apps)  ->  Dulwich Hamlet F.C. (2000-2000, 6 apps)  ->  Queens Park Rangers F.C. (2000-2001, 42 apps)  ->  Portsmouth F.C. (2001-2002, 37 apps)  ->  Aston Villa F.C. (2002-2004, 37 apps)  ->  Norwich City F.C. (2003-2003, 15 apps)  ->  Southampton F.C. (2004-2005, 27 apps)  ->  Liverpool F.C. (2005-2008, 85 apps)  ->  Portsmouth F.C. (2008-2009, 38 apps)  ->  Tottenham Hotspur F.C. (2009-2011, 73 apps)  ->  Stoke City F.C. (2011-2019, 212 apps)  ->  Burnley F.C. (2019-?, ? apps)"
"Peter Davenport","United Kingdom","midfielder, forward",13,"Cammell Laird F.C. (1980-1982, ? apps)  ->  Nottingham Forest F.C. (1982-1986, 118 apps)  ->  Manchester United F.C. (1986-1988, 92 apps)  ->  Middlesbrough F.C. (1988-1990, 59 apps)  ->  Sunderland A.F.C. (1990-1993, 99 apps)  ->  Airdrieonians F.C. (1993-1994, 38 apps)  ->  Airdrieonians F.C. (1993-1994, 38 apps)  ->  St Johnstone F.C. (1994-1995, 22 apps)  ->  Southport F.C. (1995-1997, 58 apps)  ->  Stockport County F.C. (1995-1995, 6 apps)  ->  Macclesfield Town F.C. (1997-2000, 20 apps)  ->  Bangor City F.C. (2001-2004, 8 apps)  ->  Congleton Town F.C. (2001-2001, 2 apps)"
"Peter Dobing","United Kingdom","inside forward",4,"Blackburn Rovers F.C. (1955-1961, 179 apps)  ->  Manchester City F.C. (1961-1963, 82 apps)  ->  Stoke City F.C. (1963-1973, 307 apps)  ->  Cleveland Stokers (1967-1967, 8 apps)"
"Peter Doherty","United Kingdom","inside forward",6,"Glentoran F.C. (1931-1933, 61 apps)  ->  Blackpool F.C. (1933-1936, 89 apps)  ->  Manchester City F.C. (1936-1945, 133 apps)  ->  Derby County F.C. (1945-1946, 15 apps)  ->  Huddersfield Town A.F.C. (1946-1949, 83 apps)  ->  Doncaster Rovers F.C. (1949-1953, 103 apps)"
"Peter Eastoe","United Kingdom",forward,12,"Wolverhampton Wanderers F.C. (1971-1973, 6 apps)  ->  Swindon Town F.C. (1973-1974, 11 apps)  ->  Swindon Town F.C. (1974-1976, 80 apps)  ->  Queens Park Rangers F.C. (1976-1979, 72 apps)  ->  Everton F.C. (1979-1982, 95 apps)  ->  West Bromwich Albion F.C. (1982-1985, 31 apps)  ->  Huddersfield Town A.F.C. (1983-1983, 10 apps)  ->  Leicester City F.C. (1983-1983, 5 apps)  ->  Walsall F.C. (1984-1984, 6 apps)  ->  Leicester City F.C. (1984-1984, 6 apps)  ->  S.C. Farense (1985-1987, 20 apps)  ->  Wolverhampton Wanderers F.C. (1985-1985, 8 apps)"
"Peter Farrell",Ireland,"wing half",4,"Shamrock Rovers F.C. (1939-1946, ? apps)  ->  Everton F.C. (1946-1957, 421 apps)  ->  Tranmere Rovers F.C. (1957-1960, 114 apps)  ->  Sligo Rovers F.C. (1961-1961, 3 apps)"
"Peter Geyer",Germany,forward,5,"1. FC Nürnberg (1971-1974, 55 apps)  ->  Tennis Borussia Berlin (1974-1975, 33 apps)  ->  Borussia Dortmund (1975-1981, 196 apps)  ->  Eintracht Braunschweig (1981-1984, 64 apps)  ->  Sportfreunde Siegen (1984-1987, ? apps)"
"Peter Goring","United Kingdom",forward,2,"Arsenal F.C. (1948-1959, 220 apps)  ->  Boston United F.C. (1959-?, ? apps)"
"Peter Grosser",Germany,midfielder,3,"FC Bayern Munich (1960-1963, 83 apps)  ->  TSV 1860 München (1963-1969, 130 apps)  ->  FC Red Bull Salzburg (1969-1974, 130 apps)"
"Peter Houseman","United Kingdom","wing half",2,"Chelsea F.C. (1963-1975, 269 apps)  ->  Oxford United F.C. (1975-1977, 65 apps)"
"Peter Kupferschmidt",Germany,defender,3,"FC Bayern Munich (1960-1971, 221 apps)  ->  SK Sturm Graz (1971-1972, 27 apps)  ->  Kapfenberger SV (1972-1973, ? apps)"
"Peter Luccin",France,midfielder,10,"AS Cannes (1996-1997, 13 apps)  ->  FC Girondins de Bordeaux (1997-1998, 41 apps)  ->  Olympique de Marseille (1998-2000, 51 apps)  ->  Paris Saint-Germain FC (2000-2001, 26 apps)  ->  RC Celta de Vigo (2001-2004, 97 apps)  ->  Atlético Madrid (2004-2007, 89 apps)  ->  Real Zaragoza (2007-2010, 31 apps)  ->  Racing de Santander (2008-2009, 23 apps)  ->  FC Lausanne-Sport (2011-2012, 7 apps)  ->  FC Dallas (2013-2014, 14 apps)"
"Peter Mooney","United Kingdom of Great Britain and Ireland, United Kingdom","wing half",1,"Newcastle United F.C. (1919-1927, 121 apps)"
"Peter Nicholas","United Kingdom",midfielder,7,"Crystal Palace F.C. (1976-1981, 127 apps)  ->  Arsenal F.C. (1981-1983, 60 apps)  ->  Crystal Palace F.C. (1983-1985, 47 apps)  ->  Luton Town F.C. (1985-1987, 102 apps)  ->  Aberdeen F.C. (1987-1988, 39 apps)  ->  Chelsea F.C. (1988-1991, 80 apps)  ->  Watford F.C. (1991-1993, 40 apps)"
"Peter O'Dowd","United Kingdom of Great Britain and Ireland, United Kingdom",defender,6,"Bradford (Park Avenue) A.F.C. (1926-1927, 0 apps)  ->  Blackburn Rovers F.C. (1927-1929, ? apps)  ->  Burnley F.C. (1930-1931, 65 apps)  ->  Chelsea F.C. (1931-1935, 80 apps)  ->  Valenciennes F.C. (1935-1936, ? apps)  ->  Torquay United F.C. (1936-1937, 7 apps)"
"Peter Osgood","United Kingdom",forward,6,"Chelsea F.C. (1964-1974, 279 apps)  ->  Southampton F.C. (1974-1977, 126 apps)  ->  Norwich City F.C. (1976-1976, 3 apps)  ->  Philadelphia Fury (1977-1978, 22 apps)  ->  Chelsea F.C. (1978-1979, 10 apps)  ->  Chelsea F.C. (1979-1980, 10 apps)"
"Peter Pumm",Austria,defender,6,"1. Simmeringer SC (1961-1964, 54 apps)  ->  FC Wacker Innsbruck (1964-1968, 91 apps)  ->  FC Bayern Munich (1968-1971, 84 apps)  ->  DSV Leoben (1971-1975, 89 apps)  ->  FC Wacker Innsbruck (1975-1977, ? apps)  ->  WSG Tirol (1975-1977, 7 apps)"
"Peter Reid","United Kingdom",midfielder,7,"Bolton Wanderers F.C. (1974-1982, 225 apps)  ->  Everton F.C. (1982-1989, 159 apps)  ->  Queens Park Rangers F.C. (1989-1990, 29 apps)  ->  Manchester City F.C. (1990-1993, 103 apps)  ->  Southampton F.C. (1993-1994, 7 apps)  ->  Notts County F.C. (1994-1994, 5 apps)  ->  Bury F.C. (1994-1995, 1 apps)"
"Peter Rhoades-Brown","United Kingdom","wing half",4,"Chelsea F.C. (1979-1984, 96 apps)  ->  Oxford United F.C. (1984-1989, 112 apps)  ->  Wycombe Wanderers F.C. (1989-?, ? apps)  ->  Oxford City F.C. (1997-1998, 19 apps)"
"Peter Schmeichel","Kingdom of Denmark",goalkeeper,7,"Gladsaxe-Hero (1981-1984, 46 apps)  ->  Hvidovre IF (1984-1987, 78 apps)  ->  Brøndby IF (1987-1991, 119 apps)  ->  Manchester United F.C. (1991-1999, 292 apps)  ->  Sporting CP (1999-2001, 55 apps)  ->  Aston Villa F.C. (2001-2002, 29 apps)  ->  Manchester City F.C. (2002-2003, 29 apps)"
"Peter Sillett","United Kingdom","defender, full-back",3,"Southampton F.C. (1950-1953, 59 apps)  ->  Chelsea F.C. (1953-1962, 260 apps)  ->  Ashford United F.C. (1965-1973, ? apps)"
"Peter Simpson","United Kingdom",centre-back,5,"Arsenal F.C. (1964-1978, 370 apps)  ->  Toronto Falcons (1967-1967, 13 apps)  ->  Boston Beacons (1968-1968, 2 apps)  ->  New England Tea Men (1978-1979, 50 apps)  ->  Hendon F.C. (1979-1981, 16 apps)"
"Peter Storey","United Kingdom",full-back,2,"Arsenal F.C. (1962-1977, 391 apps)  ->  Fulham F.C. (1977-1978, 17 apps)"
"Peter Taylor","United Kingdom","wing half",8,"Southend United F.C. (1971-1973, 75 apps)  ->  Crystal Palace F.C. (1973-1976, 122 apps)  ->  Tottenham Hotspur F.C. (1976-1980, 123 apps)  ->  Leyton Orient F.C. (1980-1983, 56 apps)  ->  Exeter City F.C. (1983-1984, 8 apps)  ->  Oldham Athletic A.F.C. (1983-1983, 4 apps)  ->  Maidstone United F.C. (1984-?, ? apps)  ->  Dartford F.C. (1986-1990, ? apps)"
"Peter Thompson","United Kingdom","midfielder, wing half",3,"Preston North End F.C. (1960-1963, 121 apps)  ->  Liverpool F.C. (1963-1973, 426 apps)  ->  Bolton Wanderers F.C. (1973-1978, 117 apps)"
"Peter Tilley","United Kingdom","wing half",3,"Arsenal F.C. (1952-1953, 102 apps)  ->  Bury F.C. (1953-1958, 86 apps)  ->  Halifax Town A.F.C. (1958-1963, 184 apps)"
"Petr Čech","Czech Republic","goalkeeper, goaltender",5,"FK Chmel Blšany (1999-2001, 27 apps)  ->  AC Sparta Prague (2001-2002, 27 apps)  ->  Stade Rennais F.C. (2002-2004, 70 apps)  ->  Chelsea F.C. (2004-2015, 333 apps)  ->  Arsenal F.C. (2015-2019, 110 apps)"
"Phil Babb",Ireland,defender,6,"Bradford City A.F.C. (1990-1992, 80 apps)  ->  Coventry City F.C. (1992-1994, 77 apps)  ->  Liverpool F.C. (1994-2000, 128 apps)  ->  Sporting CP (2000-2002, 37 apps)  ->  Tranmere Rovers F.C. (2000-2000, 4 apps)  ->  Sunderland A.F.C. (2002-2004, 48 apps)"
"Phil Beal","United Kingdom",defender,6,"Tottenham Hotspur F.C. (1963-1975, 333 apps)  ->  Brighton & Hove Albion F.C. (1975-1977, 10 apps)  ->  Los Angeles Aztecs (1977-1977, 23 apps)  ->  Memphis Rogues (1978-1978, 22 apps)  ->  Crewe Alexandra F.C. (1979-1980, 4 apps)  ->  Oxford City F.C. (1980-1980, 12 apps)"
"Phil Boersma","United Kingdom",midfielder,5,"Liverpool F.C. (1968-1975, 82 apps)  ->  Wrexham A.F.C. (1970-1970, 7 apps)  ->  Middlesbrough F.C. (1975-1977, 47 apps)  ->  Luton Town F.C. (1977-1978, 36 apps)  ->  Swansea City A.F.C. (1978-1979, 18 apps)"
"Phil Foden","United Kingdom",midfielder,1,"Manchester City F.C. (2016-?, 218 apps)"
"Phil Jagielka","United Kingdom",centre-back,5,"Sheffield United F.C. (2000-2007, 254 apps)  ->  Everton F.C. (2007-2019, 322 apps)  ->  Sheffield United F.C. (2019-2021, 16 apps)  ->  Derby County F.C. (2021-2022, 20 apps)  ->  Stoke City F.C. (2022-2023, 47 apps)"
"Phil Jones","United Kingdom","defender, defensive midfielder",2,"Blackburn Rovers F.C. (2009-2011, 35 apps)  ->  Manchester United F.C. (2011-2023, 169 apps)"
"Phil Neal","United Kingdom",full-back,3,"Northampton Town F.C. (1968-1974, 187 apps)  ->  Liverpool F.C. (1974-1985, 455 apps)  ->  Bolton Wanderers F.C. (1985-1989, 64 apps)"
"Phil Neville","United Kingdom",defender,2,"Manchester United F.C. (1995-2005, 263 apps)  ->  Everton F.C. (2005-2013, 242 apps)"
"Phil Taylor","United Kingdom of Great Britain and Ireland, United Kingdom","wing half",2,"Bristol Rovers F.C. (1935-1936, 21 apps)  ->  Liverpool F.C. (1936-1954, 312 apps)"
"Phil Thompson","United Kingdom","centre-back, defender",2,"Liverpool F.C. (1971-1984, 340 apps)  ->  Sheffield United F.C. (1984-1986, 37 apps)"
"Philipp Lahm",Germany,full-back,2,"FC Bayern Munich (2002-2017, 332 apps)  ->  VfB Stuttgart (2003-2005, 54 apps)"
"Philippe Albert",Belgium,"centre-back, defender",7,"Royal Charleroi S.C. (1985-1989, 97 apps)  ->  KV Mechelen (1989-1992, 87 apps)  ->  R.S.C. Anderlecht (1992-1994, 50 apps)  ->  Newcastle United F.C. (1994-1999, 96 apps)  ->  Fulham F.C. (1998-1999, 13 apps)  ->  Royal Charleroi S.C. (1999-2000, 14 apps)  ->  Fulham F.C. (1999-1999, 13 apps)"
"Philippe Coutinho","Brazil, Portugal, Spain","winger, wing half",9,"Inter Milan (2008-2013, 28 apps)  ->  CR Vasco da Gama (2009-2010, 19 apps)  ->  RCD Espanyol de Barcelona (2012-2012, 16 apps)  ->  Liverpool F.C. (2013-2018, 152 apps)  ->  FC Bayern Munich (2019-2020, 23 apps)  ->  Aston Villa F.C. (2022-2025, 22 apps)  ->  Al-Duhail SC (2023-2024, 16 apps)  ->  CR Vasco da Gama (2024-2025, 31 apps)  ->  CR Vasco da Gama (2025-?, 22 apps)"
"Philippe Mexès",France,sweeper,3,"AJ Auxerre (1999-2004, 133 apps)  ->  AS Roma (2004-2011, 183 apps)  ->  AC Milan (2011-2016, 84 apps)"
"Phillip Cocu","Kingdom of the Netherlands",midfielder,5,"AZ Alkmaar (1988-1990, 50 apps)  ->  SBV Vitesse (1990-1995, 137 apps)  ->  PSV Eindhoven (1995-1998, 95 apps)  ->  PSV Eindhoven (2004-2007, 94 apps)  ->  Al Jazira Club (2007-2008, 17 apps)"
"Phillip McCloy","United Kingdom of Great Britain and Ireland, United Kingdom",defender,7,"Clyde F.C. (1918-1919, 1 apps)  ->  Ayr United F.C. (1918-1925, 248 apps)  ->  Manchester City F.C. (1925-1930, 147 apps)  ->  Chester City F.C. (1930-1931, ? apps)  ->  Cork City F.C. (1931-1933, ? apps)  ->  Workington A.F.C. (1933-?, ? apps)  ->  Stade Rennais F.C. (1933-1933, ? apps)"
"Pierino Fanna",Italy,"wing half",5,"Atalanta BC (1975-1977, 55 apps)  ->  Juventus FC (1977-1982, 101 apps)  ->  Hellas Verona FC (1982-1985, 85 apps)  ->  Inter Milan (1985-1989, 97 apps)  ->  Hellas Verona FC (1989-1993, 103 apps)"
"Pierino Prati",Italy,forward,8,"U.S. Salernitana 1919 (1965-1966, 19 apps)  ->  AC Milan (1966-1973, 143 apps)  ->  Savona F.B.C. (1966-1967, 29 apps)  ->  AS Roma (1973-1977, 82 apps)  ->  ACF Fiorentina (1977-1978, 8 apps)  ->  Savona F.B.C. (1978-1979, 25 apps)  ->  Savona F.B.C. (1979-1981, 54 apps)  ->  Rochester Lancers (1979-1979, 6 apps)"
"Pierluigi Casiraghi",Italy,forward,4,"AC Monza (1985-1989, 94 apps)  ->  Juventus FC (1989-1993, 98 apps)  ->  SS Lazio (1993-1998, 140 apps)  ->  Chelsea F.C. (1998-2000, 10 apps)"
"Pierluigi Ronzon",Italy,defender,5,"U.C. Sampdoria (1952-1957, 82 apps)  ->  Atalanta BC (1957-1960, 98 apps)  ->  AC Milan (1960-1961, 20 apps)  ->  SSC Napoli (1961-1967, 200 apps)  ->  SS Lazio (1967-1968, 40 apps)"
"Piero Campelli","Kingdom of Italy, Italy",goalkeeper,1,"Inter Milan (1910-1925, 179 apps)"
"Pierre Kalulu","Democratic Republic of the Congo, France",defender,3,"AC Milan (2020-?, 84 apps)  ->  Juventus FC (2024-2025, 29 apps)  ->  Juventus FC (2025-?, 0 apps)"
"Pierre-Emerick Aubameyang","Gabon, France, Spain",centre-forward,12,"Stade Lavallois (1999-2001, ? apps)  ->  AC Milan (2007-2011, 0 apps)  ->  Dijon FCO (2008-2009, 34 apps)  ->  Lille OSC (2009-2010, 14 apps)  ->  AS Monaco FC (2010-2011, 19 apps)  ->  AS Saint-Étienne (2011-2013, 87 apps)  ->  Borussia Dortmund (2013-2018, 144 apps)  ->  Arsenal F.C. (2018-2022, 128 apps)  ->  Chelsea F.C. (2022-2023, 15 apps)  ->  Olympique de Marseille (2023-2024, 34 apps)  ->  Al Qadsiah FC (2024-2025, 32 apps)  ->  Olympique de Marseille (2025-?, 10 apps)"
"Pierre-Emile Højbjerg","Kingdom of Denmark, France",midfielder,7,"FC Bayern Munich (2013-2015, 17 apps)  ->  Schalke 04 (2015-2016, 23 apps)  ->  FC Augsburg (2015-2015, 16 apps)  ->  Southampton F.C. (2016-2020, 109 apps)  ->  Tottenham Hotspur F.C. (2020-2025, 145 apps)  ->  Olympique de Marseille (2024-2025, 30 apps)  ->  Olympique de Marseille (2025-?, 13 apps)"
"Pietro Anastasi",Italy,forward,6,"Associazione Calcio Massiminiana (1964-1966, 38 apps)  ->  Varese Calcio (1966-1968, 66 apps)  ->  Juventus FC (1968-1976, 205 apps)  ->  Inter Milan (1976-1978, 46 apps)  ->  Ascoli Calcio 1898 FC (1978-1981, 58 apps)  ->  FC Lugano (1981-1982, 14 apps)"
"Pietro Arcari","Kingdom of Italy, Italy",forward,7,"Associazione Calcio Codogno 1908 (1927-1929, ? apps)  ->  AC Milan (1930-1936, 186 apps)  ->  Genoa CFC (1936-1939, 72 apps)  ->  US Cremonese (1939-1942, 54 apps)  ->  SSC Napoli (1942-1943, 6 apps)  ->  F.C.D. Pro Vasto (1944-1944, ? apps)  ->  Associazione Calcio Codogno 1908 (1945-1946, 5 apps)"
"Pietro Bronzini","Kingdom of Italy, Italy",midfielder,5,"Associazione Milanese del Calcio (1914-1915, ? apps)  ->  Inter Milan (1915-1916, ? apps)  ->  AC Milan (1916-1917, 0 apps)  ->  AC Milan (1919-1926, 139 apps)  ->  S.G. Gallaratese A.S.D. (1928-1929, ? apps)"
"Pietro Carmignani",Italy,goalkeeper,6,"Como 1907 (1964-1967, 47 apps)  ->  Varese Calcio (1967-1971, 92 apps)  ->  Juventus FC (1971-1972, 25 apps)  ->  SSC Napoli (1972-1977, 144 apps)  ->  ACF Fiorentina (1977-1979, 10 apps)  ->  Football Club Rhodense (1979-1980, ? apps)"
"Pietro Ferraris","Kingdom of Italy, Italy",forward,5,"F.C. Pro Vercelli 1892 (1929-1932, 86 apps)  ->  SSC Napoli (1932-1936, 83 apps)  ->  Inter Milan (1936-1941, 139 apps)  ->  Torino FC (1941-1948, 168 apps)  ->  Novara Calcio (1948-1950, 57 apps)"
"Pietro Magni","Kingdom of Italy, Italy",midfielder,10,"Varese Calcio (1937-1940, 53 apps)  ->  U.C. Sampdoria (1940-1942, 45 apps)  ->  Associazione Calcio Sampierdarenese (1940-1942, 45 apps)  ->  Juventus FC (1942-1948, 106 apps)  ->  Lucchese 1905 (1948-1949, 35 apps)  ->  Genoa CFC (1949-1951, 38 apps)  ->  US Lecce (1951-1953, 14 apps)  ->  AC Pavia 1911 (1953-1953, ? apps)  ->  AC Cesena (1953-1954, 16 apps)  ->  Varese Calcio (1954-1955, ? apps)"
"Pietro Paolo Virdis",Italy,forward,8,"Nuorese Calcio (1973-1974, 25 apps)  ->  Cagliari Calcio (1974-1977, 75 apps)  ->  Juventus FC (1977-1980, 45 apps)  ->  Cagliari Calcio (1980-1981, 22 apps)  ->  Juventus FC (1981-1982, 30 apps)  ->  Udinese Calcio (1982-1984, 45 apps)  ->  AC Milan (1984-1989, 135 apps)  ->  US Lecce (1989-1991, 46 apps)"
"Pietro Rava","Kingdom of Italy, Italy",defender,8,"Juventus FC (1935-1943, 180 apps)  ->  US Alessandria Calcio 1912 (1944-1946, 50 apps)  ->  Juventus FC (1944-1944, 14 apps)  ->  Juventus FC (1946-1947, 38 apps)  ->  US Alessandria Calcio 1912 (1946-1947, 38 apps)  ->  Novara Calcio (1947-1950, 73 apps)  ->  Juventus FC (1949-1950, 73 apps)  ->  Novara Calcio (1950-1952, 25 apps)"
"Pietro Serantoni","Kingdom of Italy, Italy",midfielder,7,"Venezia F.C. (1926-1927, 18 apps)  ->  Venezia F.C. (1928-1928, ? apps)  ->  Inter Milan (1928-1934, 153 apps)  ->  Juventus FC (1934-1936, 35 apps)  ->  AS Roma (1936-1940, 73 apps)  ->  Suzzara Calcio 2000 (1940-1944, ? apps)  ->  Calcio Padova (1946-1947, 1 apps)"
"Piotr Zieliński",Poland,midfielder,5,"Zagłębie Lubin (2010-2011, 0 apps)  ->  Udinese Calcio (2012-2016, 19 apps)  ->  Empoli FC (2014-2016, 63 apps)  ->  SSC Napoli (2016-2024, 281 apps)  ->  Inter Milan (2024-?, 34 apps)"
Pirri,Spain,midfielder,3,"Granada CF (1963-1964, 21 apps)  ->  Real Madrid Club de Fútbol (1964-1980, 417 apps)  ->  Puebla F.C. (1980-1982, 55 apps)"
"Pizo Gómez",Spain,"midfielder, defender",11,"SD Eibar (1981-1983, 90 apps)  ->  Athletic Bilbao B (1983-1986, 70 apps)  ->  Athletic Club (1983-1987, 54 apps)  ->  UE Lleida (1984-1985, 45 apps)  ->  Club Atlético Osasuna (1987-1989, 76 apps)  ->  Atlético Madrid (1989-1994, 92 apps)  ->  Rayo Vallecano (1992-1993, 33 apps)  ->  RCD Espanyol de Barcelona (1992-1992, 16 apps)  ->  Club Atlético Osasuna (1994-1996, 61 apps)  ->  SD Eibar (1996-1997, 13 apps)  ->  CD Izarra (1997-1998, 20 apps)"
"Pop Robson","United Kingdom",forward,11,"Newcastle United F.C. (1962-1971, 206 apps)  ->  West Ham United F.C. (1971-1974, 120 apps)  ->  Sunderland A.F.C. (1974-1976, 90 apps)  ->  West Ham United F.C. (1976-1979, 107 apps)  ->  Sunderland A.F.C. (1979-1981, 52 apps)  ->  Carlisle United F.C. (1981-1982, 48 apps)  ->  Carlisle United F.C. (1982-1983, 11 apps)  ->  Chelsea F.C. (1982-1983, 15 apps)  ->  Sunderland A.F.C. (1983-1984, 12 apps)  ->  Carlisle United F.C. (1984-1985, 13 apps)  ->  Gateshead F.C. (1985-1986, ? apps)"
"Predrag Mijatović",Montenegro,forward,6,"FK Budućnost Podgorica (1987-1989, 72 apps)  ->  FK Partizan (1989-1993, 104 apps)  ->  Valencia CF (1993-1996, 104 apps)  ->  Real Madrid Club de Fútbol (1996-1999, 90 apps)  ->  ACF Fiorentina (1999-2002, 42 apps)  ->  Levante UD (2002-2004, 21 apps)"
Pruden,Spain,forward,5,"UD Salamanca (1934-1940, ? apps)  ->  Atlético Madrid (1940-1941, 22 apps)  ->  UD Salamanca (1941-1943, ? apps)  ->  Real Madrid Club de Fútbol (1943-1948, 81 apps)  ->  Real Zaragoza (1948-1949, ? apps)"
Q151025,Poland,"midfielder, wing half",6,"Q20032615 (2003-2004, 24 apps)  ->  Wisła Kraków (2004-2007, 51 apps)  ->  Borussia Dortmund (2007-2016, 197 apps)  ->  ACF Fiorentina (2015-2016, 15 apps)  ->  VfL Wolfsburg (2016-2019, 38 apps)  ->  Wisła Kraków (2019-2023, 50 apps)"
Q577010,"United Kingdom",forward,9,"Southampton F.C. (1962-1968, 175 apps)  ->  Tottenham Hotspur F.C. (1968-1976, 278 apps)  ->  Servette FC (1976-1978, 66 apps)  ->  Norwich City F.C. (1978-1979, 11 apps)  ->  Brighton & Hove Albion F.C. (1979-1980, 5 apps)  ->  Dorchester Town F.C. (1980-1980, 5 apps)  ->  Frankston Pines (1980-1980, 2 apps)  ->  SK Vard Haugesund (1981-1982, 2 apps)  ->  Barnet F.C. (1982-1982, 5 apps)"
Quini,Spain,forward,3,"CD Ensidesa (1967-1968, 22 apps)  ->  Sporting de Gijón (1968-1980, 381 apps)  ->  Sporting de Gijón (1984-1987, 62 apps)"
"Quique Costas",Spain,defender,1,"RC Celta de Vigo (1965-1971, 169 apps)"
"Quique Martín",Spain,goalkeeper,2,"CD Castellón (1942-1943, 3 apps)  ->  Valencia CF (1950-1955, 91 apps)"
"Quique Sánchez Flores",Spain,full-back,3,"Valencia CF (1984-1994, 272 apps)  ->  Real Madrid Club de Fútbol (1994-1996, 63 apps)  ->  Real Zaragoza (1996-1997, 9 apps)"
"Quique Álvarez",Spain,defender,5,"FC Barcelona Atlètic (1993-1997, 78 apps)  ->  CD Logroñés (1997-1998, 16 apps)  ->  UE Lleida (1998-2000, 75 apps)  ->  Villarreal CF (2000-2007, 188 apps)  ->  Recreativo de Huelva (2007-2009, 12 apps)"
"Rade Krunić","Bosnia and Herzegovina",midfielder,9,"FK Sutjeska Foča (2012-2013, 15 apps)  ->  FK Donji Srem (2013-2014, 40 apps)  ->  Hellas Verona FC (2014-2015, 0 apps)  ->  FK Donji Srem (2014-2014, 11 apps)  ->  FK Borac Čačak (2015-2015, 13 apps)  ->  Empoli FC (2015-2019, 116 apps)  ->  AC Milan (2019-2024, 101 apps)  ->  FK Crvena zvezda (2024-?, ? apps)  ->  Fenerbahçe Istanbul (2024-2024, 12 apps)"
"Radek Bejbl","Czechoslovakia, Czech Republic",midfielder,7,"FK Mladá Boleslav (1988-1989, 5 apps)  ->  SK Slavia Prague (1990-1996, 154 apps)  ->  Atlético Madrid (1996-2000, 105 apps)  ->  R.C. Lens (2000-2002, 26 apps)  ->  SK Slavia Prague (2002-2005, 83 apps)  ->  SK Rapid Wien (2005-2007, 59 apps)  ->  FC Slovan Liberec (2007-2008, 8 apps)"
"Radja Nainggolan",Belgium,"midfielder, defender",9,"Piacenza Calcio (2005-2010, 71 apps)  ->  Cagliari Calcio (2010-2014, 131 apps)  ->  AS Roma (2014-2014, 17 apps)  ->  Inter Milan (2018-2021, 33 apps)  ->  Cagliari Calcio (2019-2020, 26 apps)  ->  Royal Antwerp F.C. (2021-2022, 44 apps)  ->  Cagliari Calcio (2021-2021, 22 apps)  ->  SPAL (2023-2023, 10 apps)  ->  Bhayangkara F.C. (2023-?, ? apps)"
"Rafael Alkorta",Spain,centre-back,5,"Athletic Club (1978-1985, ? apps)  ->  Athletic Bilbao B (1984-1987, 45 apps)  ->  Athletic Club (1987-1993, 191 apps)  ->  Real Madrid Club de Fútbol (1993-1997, 134 apps)  ->  Athletic Club (1997-2002, 103 apps)"
"Rafael Gordillo",Spain,full-back,5,"Real Betis B (1975-1976, ? apps)  ->  Real Betis Balompié (1976-1985, 275 apps)  ->  Real Madrid Club de Fútbol (1985-1992, 182 apps)  ->  Real Betis Balompié (1992-1995, 68 apps)  ->  Écija Balompié (1995-1996, 18 apps)"
"Rafael Iriondo",Spain,forward,5,"Atlético Tetuán (1939-1940, ? apps)  ->  Athletic Club (1940-1953, 258 apps)  ->  Barakaldo CF (1953-1953, 3 apps)  ->  Real Sociedad (1953-1955, 28 apps)  ->  SD Indautxu (1955-1955, 1 apps)"
"Rafael Lesmes",Spain,defender,6,"Moghreb Atlético Tetuán (1945-1949, ? apps)  ->  Atlético Tetuán (1945-1949, ? apps)  ->  Real Valladolid (1949-1952, 78 apps)  ->  Atlético Madrid (1950-1950, 0 apps)  ->  Real Madrid Club de Fútbol (1952-1960, 163 apps)  ->  Real Valladolid (1960-1962, 27 apps)"
"Rafael Leão",Portugal,forward,3,"Sporting CP (2017-2018, 3 apps)  ->  Lille OSC (2018-2019, 24 apps)  ->  AC Milan (2019-?, 227 apps)"
"Rafael Martín Vázquez",Spain,midfielder,8,"Real Madrid Club de Fútbol (1983-1990, 179 apps)  ->  Torino FC (1990-1992, 52 apps)  ->  Olympique de Marseille (1992-1992, 7 apps)  ->  Real Madrid Club de Fútbol (1992-1995, 73 apps)  ->  Deportivo de La Coruña (1995-1997, 17 apps)  ->  Atlético Celaya (1997-1998, ? apps)  ->  Club Celaya (1997-1998, 10 apps)  ->  Karlsruher SC (1998-1998, 5 apps)"
"Rafael Moreno Aranzadi",Spain,forward,1,"Athletic Club (1911-1921, 94 apps)"
"Rafael Márquez",Mexico,centre-back,7,"Atlas F.C. (1992-1996, ? apps)  ->  Atlas F.C. (1996-1999, 77 apps)  ->  AS Monaco FC (1999-2003, 87 apps)  ->  Red Bull New York (2010-2012, 44 apps)  ->  Club León (2013-2014, 50 apps)  ->  Hellas Verona FC (2014-2016, 35 apps)  ->  Atlas F.C. (2016-2018, 58 apps)"
"Rafael Paz",Spain,midfielder,3,"Sevilla Atlético (1984-1986, ? apps)  ->  Sevilla FC (1984-1997, 340 apps)  ->  Club Celaya (1997-1997, 14 apps)"
"Rafael Pereira da Silva",Brazil,"wing half",2,"Manchester United F.C. (2008-2015, 109 apps)  ->  Olympique Lyonnais (2015-?, ? apps)"
"Rafael Roig Sanz",,,6,"Valencia CF (1920-1920, 5 apps)  ->  Valencia CF (1921-1926, 172 apps)  ->  Gimnástico FC (1921-1923, ? apps)  ->  Gimnástico FC (1926-1928, ? apps)  ->  Valencia CF (1928-1929, 10 apps)  ->  Burjassot CF (1929-?, ? apps)"
"Rafael Zuviría",Argentina,"forward, full-back",4,"Unión de Santa Fe (1969-1970, 32 apps)  ->  Argentinos Juniors (1972-1973, 60 apps)  ->  Racing de Santander (1973-1977, 131 apps)  ->  RCD Mallorca (1982-1984, 60 apps)"
"Raffaele Costantino","Kingdom of Italy, Italy",midfielder,5,"Associazione Sportiva Dilettantistica Liberty Bari 1909 (1922-1928, 66 apps)  ->  SSC Bari (1922-1927, 64 apps)  ->  SSC Bari (1927-1930, 68 apps)  ->  AS Roma (1930-1935, 157 apps)  ->  SSC Bari (1935-1939, 75 apps)"
"Raffaele D'Aquino",Italy,midfielder,5,"Novara Calcio (1924-1928, ? apps)  ->  AS Roma (1928-1933, 116 apps)  ->  Pisa SC (1933-1936, 63 apps)  ->  U.S. Città di Pontedera S.S.D. (1936-1937, ? apps)  ->  U.S. Grosseto 1912 (1939-1940, 6 apps)"
"Raheem Sterling","United Kingdom",winger,5,"Liverpool F.C. (2012-2015, 95 apps)  ->  Manchester City F.C. (2015-2022, 225 apps)  ->  Chelsea F.C. (2022-2026, 59 apps)  ->  Arsenal F.C. (2024-2025, 17 apps)  ->  Feyenoord Rotterdam (2026-?, 2 apps)"
"Raimond Aumann",Germany,goalkeeper,2,"FC Bayern Munich (1982-1994, 216 apps)  ->  Beşiktaş J.K. (Football) (1994-1995, 41 apps)"
"Raimundo Orsi","Kingdom of Italy, Argentina, Italy","wing half",10,"Club Atlético Independiente (1920-1928, ? apps)  ->  Juventus FC (1928-1935, 176 apps)  ->  Club Atlético Independiente (1935-1935, 32 apps)  ->  Club Almagro (1937-1937, 23 apps)  ->  Club Atlético Peñarol (1938-1938, ? apps)  ->  Club Almagro (1939-1940, 23 apps)  ->  Clube de Regatas do Flamengo (1939-1939, 2 apps)  ->  Clube de Regatas do Flamengo (1940-1940, 1 apps)  ->  Club Atlético Peñarol (1941-1942, ? apps)  ->  Santiago National (1943-1943, ? apps)"
"Raimundo Pérez Lezama",Spain,goalkeeper,7,"Southampton F.C. (1939-1940, 0 apps)  ->  Arenas Club de Getxo (1940-1941, ? apps)  ->  Athletic Club (1941-1957, 197 apps)  ->  Barakaldo CF (1955-1955, 5 apps)  ->  SD Indautxu (1957-1958, 1 apps)  ->  Sestao Sport Club (1958-1960, 34 apps)  ->  Arenas Club de Getxo (1960-1961, ? apps)"
"Rainer Aigner",Germany,defender,4,"TSV 1860 München (1985-1989, 80 apps)  ->  FC Bayern Munich (1990-1991, 1 apps)  ->  Fortuna Düsseldorf (1991-1994, 79 apps)  ->  FC Bayern Munich (1994-1997, 81 apps)"
"Rainer Ohlhauser",Germany,forward,6,"SV Sandhausen (1958-1961, ? apps)  ->  FC Bayern Munich (1961-1970, 286 apps)  ->  Grasshopper Club Zürich (1970-1975, 125 apps)  ->  FC Winterthur (1975-1976, 2 apps)  ->  FC Emmenbrücke (1976-1977, ? apps)  ->  VfB Friedrichshafen (1977-1980, ? apps)"
"Rainer Zobel",Germany,midfielder,3,"Hannover 96 (1968-1970, 66 apps)  ->  FC Bayern Munich (1970-1976, 180 apps)  ->  Lüneburger SK (1976-1977, ? apps)"
"Ralf Loose",Germany,defender,4,"Borussia Dortmund (1981-1986, 120 apps)  ->  Rot-Weiß Oberhausen (1986-1987, 34 apps)  ->  Fortuna Düsseldorf (1987-1993, 188 apps)  ->  FSV Frankfurt (1993-1994, 5 apps)"
"Ralph Coates","United Kingdom","wing half",3,"Burnley F.C. (1964-1971, 216 apps)  ->  Tottenham Hotspur F.C. (1971-1978, 188 apps)  ->  Leyton Orient F.C. (1978-1981, 76 apps)"
"Ralph Ward","United Kingdom of Great Britain and Ireland, United Kingdom",defender,3,"Bradford (Park Avenue) A.F.C. (1929-1935, 129 apps)  ->  Tottenham Hotspur F.C. (1936-1938, 115 apps)  ->  Crewe Alexandra F.C. (1946-1948, 91 apps)"
Ramires,Brazil,midfielder,6,"Joinville Esporte Clube (2006-2007, 14 apps)  ->  Cruzeiro E.C. (2007-2009, 61 apps)  ->  S.L. Benfica (2009-2010, 26 apps)  ->  Chelsea F.C. (2010-2016, 160 apps)  ->  Jiangsu F.C. (2016-2019, 49 apps)  ->  Sociedade Esportiva Palmeiras (2019-2020, 33 apps)"
"Ramiro Rodrigues Valente",Brazil,midfielder,3,"Fluminense F.C. (1952-1955, ? apps)  ->  Santos F.C. (1955-1959, 212 apps)  ->  Atlético Madrid (1959-1965, 117 apps)"
"Ramón Alberto Villaverde",Uruguay,forward,4,"Liverpool F.C. (Montevideo) (1949-1950, ? apps)  ->  Cúcuta Deportivo (1950-1952, 85 apps)  ->  Millonarios (1953-1954, 25 apps)  ->  Racing de Santander (1963-1964, 7 apps)"
"Ramón Calderé",Spain,midfielder,7,"UE Valls (1972-1973, ? apps)  ->  FC Barcelona Atlètic (1977-1984, 117 apps)  ->  RSD Alcalá (1979-1980, 3 apps)  ->  Real Valladolid (1980-1980, 3 apps)  ->  RSD Alcalá (1981-1981, ? apps)  ->  Real Betis Balompié (1988-1990, 47 apps)  ->  UE Sant Andreu (1990-1993, 86 apps)"
"Ramón Gabilondo",Spain,midfielder,2,"Real Valladolid (1930-1934, ? apps)  ->  Atlético Madrid (1934-1946, 162 apps)"
"Ramón Grosso",Spain,midfielder,2,"Atlético Madrid (1964-1964, 12 apps)  ->  Real Madrid Club de Fútbol (1964-1976, 265 apps)"
"Ramón Zabalo",Spain,defender,1,"Racing Club de France (1937-1940, ? apps)"
"Ramón de la Fuente Leal",Spain,forward,3,"Barakaldo CF (1923-1926, 0 apps)  ->  Athletic Club (1926-1934, 96 apps)  ->  Atlético Madrid (1934-1936, 20 apps)"
"Raoul Bortoletto","Kingdom of Italy, Italy",midfielder,7,"Treviso F.B.C. 1993 (1941-1946, ? apps)  ->  ACF Fiorentina (1946-1948, 25 apps)  ->  Empoli FC (1948-1950, 77 apps)  ->  Lucchese 1905 (1950-1951, 34 apps)  ->  AS Roma (1951-1956, 129 apps)  ->  Cagliari Calcio (1956-1957, 16 apps)  ->  A.S.D. Vittorio Falmec San Martino Colle (1957-1958, ? apps)"
"Raphaël Guerreiro","Portugal, France",defender,4,"Stade Malherbe Caen (2012-2013, 38 apps)  ->  F.C. Lorient (2013-2016, 102 apps)  ->  Borussia Dortmund (2016-2023, 162 apps)  ->  FC Bayern Munich (2023-?, 55 apps)"
"Raphaël Varane",France,centre-back,4,"R.C. Lens (2010-2011, 23 apps)  ->  Real Madrid Club de Fútbol (2011-2021, 236 apps)  ->  Manchester United F.C. (2021-2024, 68 apps)  ->  Como 1907 (2024-2024, 0 apps)"
Raphinha,Brazil,forward,6,"Avaí Futebol Clube (2015-2015, ? apps)  ->  Vitória S.C. (2016-2018, 65 apps)  ->  Vitória S.C. B (2016-2016, ? apps)  ->  Sporting CP (2018-2019, 28 apps)  ->  Stade Rennais F.C. (2019-2020, 28 apps)  ->  Leeds United F.C. (2020-2022, 65 apps)"
"Ray Bowden","United Kingdom of Great Britain and Ireland, United Kingdom","forward, inside forward",3,"Plymouth Argyle F.C. (1926-1933, 145 apps)  ->  Arsenal F.C. (1933-1937, 123 apps)  ->  Newcastle United F.C. (1937-1939, 48 apps)"
"Ray Clemence","United Kingdom",goalkeeper,3,"Scunthorpe United F.C. (1965-1967, 48 apps)  ->  Liverpool F.C. (1967-1981, 470 apps)  ->  Tottenham Hotspur F.C. (1981-1988, 240 apps)"
"Ray Daniel","United Kingdom",centre-back,5,"Arsenal F.C. (1949-1953, 87 apps)  ->  Sunderland A.F.C. (1953-1957, 136 apps)  ->  Cardiff City F.C. (1957-1958, 6 apps)  ->  Swansea City A.F.C. (1958-1960, 45 apps)  ->  Hereford United F.C. (1960-1967, ? apps)"
"Ray Evans","United Kingdom",defender,9,"Tottenham Hotspur F.C. (1967-1974, 134 apps)  ->  Millwall F.C. (1975-1976, 74 apps)  ->  St. Louis Stars (1977-1977, 18 apps)  ->  Fulham F.C. (1977-1978, 86 apps)  ->  California Surf (1978-1978, 24 apps)  ->  Stoke City F.C. (1979-1981, 94 apps)  ->  Seattle Sounders (1982-1983, 60 apps)  ->  Tacoma Stars (1983-1986, 85 apps)  ->  Seattle Storm (1989-1989, ? apps)"
"Ray Houghton","United Kingdom, Ireland",midfielder,8,"West Ham United F.C. (1979-1982, 1 apps)  ->  Fulham F.C. (1982-1985, 129 apps)  ->  Oxford United F.C. (1985-1987, 83 apps)  ->  Liverpool F.C. (1987-1992, 153 apps)  ->  Aston Villa F.C. (1992-1995, 95 apps)  ->  Crystal Palace F.C. (1995-1997, 73 apps)  ->  Reading F.C. (1997-1999, 43 apps)  ->  Stevenage F.C. (1999-1999, 3 apps)"
"Ray Kennedy","United Kingdom","midfielder, forward",4,"Arsenal F.C. (1968-1974, 158 apps)  ->  Liverpool F.C. (1974-1982, 275 apps)  ->  Swansea City A.F.C. (1982-1983, 42 apps)  ->  Hartlepool United F.C. (1983-1984, 23 apps)"
"Ray Lambert","United Kingdom of Great Britain and Ireland, United Kingdom",defender,1,"Liverpool F.C. (1939-1956, 308 apps)"
"Ray Lewington","United Kingdom",midfielder,7,"Chelsea F.C. (1975-1979, 85 apps)  ->  Wimbledon F.C. (1979-1980, 23 apps)  ->  Vancouver Whitecaps (1979-1979, 29 apps)  ->  AFC Wimbledon (1979-1980, 23 apps)  ->  Fulham F.C. (1980-1985, 174 apps)  ->  Sheffield United F.C. (1985-1986, 36 apps)  ->  Fulham F.C. (1986-1990, 60 apps)"
"Ray Parlour","United Kingdom",midfielder,4,"Arsenal F.C. (1992-2004, 339 apps)  ->  Middlesbrough F.C. (2004-2007, 46 apps)  ->  Hull City A.F.C. (2007-2007, 15 apps)  ->  Wembley F.C. (2012-2012, ? apps)"
"Ray Ranson","United Kingdom",defender,5,"Manchester City F.C. (1978-1984, 184 apps)  ->  Birmingham City F.C. (1984-1988, 137 apps)  ->  Newcastle United F.C. (1988-1993, 83 apps)  ->  Manchester City F.C. (1993-1993, 17 apps)  ->  Reading F.C. (1993-1995, 24 apps)"
"Ray Wilkins","United Kingdom",midfielder,12,"Chelsea F.C. (1973-1979, 179 apps)  ->  Manchester United F.C. (1979-1984, 160 apps)  ->  AC Milan (1984-1987, 73 apps)  ->  Paris Saint-Germain FC (1987-1987, 13 apps)  ->  Rangers F.C. (1987-1989, 70 apps)  ->  Queens Park Rangers F.C. (1989-1994, 155 apps)  ->  Queens Park Rangers F.C. (1994-1996, 21 apps)  ->  Crystal Palace F.C. (1994-1994, 1 apps)  ->  Wycombe Wanderers F.C. (1996-1996, 1 apps)  ->  Hibernian F.C. (1996-1997, 16 apps)  ->  Millwall F.C. (1997-1997, 3 apps)  ->  Leyton Orient F.C. (1997-1997, 3 apps)"
"Ray Wilson","United Kingdom","defender, full-back",4,"Huddersfield Town A.F.C. (1952-1964, 266 apps)  ->  Everton F.C. (1964-1969, 116 apps)  ->  Oldham Athletic A.F.C. (1969-1970, 25 apps)  ->  Bradford City A.F.C. (1970-1971, 2 apps)"
"Ray Wood","United Kingdom",goalkeeper,5,"Manchester United F.C. (1949-1958, 178 apps)  ->  Darlington F.C. (1949-1949, 12 apps)  ->  Huddersfield Town A.F.C. (1958-1965, 207 apps)  ->  Bradford City A.F.C. (1965-1966, 32 apps)  ->  Barnsley F.C. (1966-1968, 30 apps)"
"Raúl",Spain,forward,5,"Real Madrid C (1994-1994, 9 apps)  ->  Real Madrid Club de Fútbol (1994-2010, 550 apps)  ->  Schalke 04 (2010-2012, 66 apps)  ->  Al Sadd Sports Club (2012-2014, 39 apps)  ->  New York Cosmos (2014-2015, 28 apps)"
"Raúl Albiol",Spain,defender,7,"Valencia CF Mestalla (2003-2004, 35 apps)  ->  Valencia CF (2004-2009, 131 apps)  ->  Getafe CF (2004-2005, 17 apps)  ->  Real Madrid Club de Fútbol (2009-2013, 81 apps)  ->  SSC Napoli (2013-2019, 180 apps)  ->  Villarreal CF (2019-2025, 165 apps)  ->  Pisa SC (2025-2026, 1 apps)"
"Raúl García",Spain,"inside forward, centre-forward",5,"Club Atlético Osasuna (2004-2007, 91 apps)  ->  Osasuna B (2004-2005, 28 apps)  ->  Atlético Madrid (2007-2015, 306 apps)  ->  Club Atlético Osasuna (2011-2012, 35 apps)  ->  Athletic Club (2015-2024, 363 apps)"
"Reece James","United Kingdom",full-back,2,"Wigan Athletic F.C. (2018-2019, 45 apps)  ->  Chelsea F.C. (2018-?, 155 apps)"
"Reg Davies","United Kingdom","inside forward",5,"Southend United F.C. (1949-1951, 41 apps)  ->  Newcastle United F.C. (1951-1958, 157 apps)  ->  Swansea City A.F.C. (1958-1962, 111 apps)  ->  Carlisle United F.C. (1962-1964, 65 apps)  ->  Merthyr Tydfil F.C. (1964-?, ? apps)"
"Reg Lewis","United Kingdom of Great Britain and Ireland, United Kingdom",forward,1,"Arsenal F.C. (1935-1953, 154 apps)"
"Reg Matthews","United Kingdom",goalkeeper,4,"Coventry City F.C. (1950-1956, 111 apps)  ->  Chelsea F.C. (1956-1961, 135 apps)  ->  Derby County F.C. (1961-1968, 225 apps)  ->  Rugby Town F.C. (1968-1969, ? apps)"
"Reinhold Mathy",Germany,forward,4,"FC Bayern Munich (1980-1987, 100 apps)  ->  KFC Uerdingen 05 (1987-1990, 78 apps)  ->  FC Wettingen (1990-1992, 22 apps)  ->  Hannover 96 (1992-1993, 11 apps)"
"Reinhold Wosab",Germany,forward,6,"VfB Hüls (1958-1962, ? apps)  ->  Q2306167 (1958-1962, ? apps)  ->  Borussia Dortmund (1962-1971, 227 apps)  ->  VfL Bochum (1971-1973, 59 apps)  ->  Rot-Weiß Lüdenscheid (1973-1975, 31 apps)  ->  Q2306167 (1975-1979, 31 apps)"
"Reiss Nelson","United Kingdom","wing half",3,"Arsenal F.C. (2017-?, 90 apps)  ->  TSG 1899 Hoffenheim (2018-2019, 29 apps)  ->  Feyenoord Rotterdam (2021-2022, 32 apps)"
"Remi Moses","United Kingdom",midfielder,2,"West Bromwich Albion F.C. (1979-1981, 63 apps)  ->  Manchester United F.C. (1981-1989, 150 apps)"
"Renan Lodi",Brazil,defender,5,"Club Athletico Paranaense (2016-2019, 48 apps)  ->  Atlético Madrid (2019-2023, 84 apps)  ->  Nottingham Forest F.C. (2022-2023, 28 apps)  ->  Olympique de Marseille (2023-2024, 14 apps)  ->  Al Hilal SFC (2024-2025, 35 apps)"
"Renato Bodini","Kingdom of Italy, Italy",defender,9,"US Cremonese (1927-1930, 48 apps)  ->  AS Roma (1930-1935, 139 apps)  ->  U.C. Sampdoria (1935-1937, 48 apps)  ->  AC Milan (1937-1938, 2 apps)  ->  U.C. Sampdoria (1938-1940, 50 apps)  ->  Associazione Calcio Sampierdarenese (1938-1940, 50 apps)  ->  Savona F.B.C. (1940-1941, 13 apps)  ->  Lucchese 1905 (1941-1942, 18 apps)  ->  US Cremonese (1942-1943, 10 apps)"
"Renato Buso",Italy,midfielder,9,"Calcio Montebelluna 1919 (1984-1985, 0 apps)  ->  Juventus FC (1985-1989, 55 apps)  ->  ACF Fiorentina (1989-1991, 49 apps)  ->  U.C. Sampdoria (1991-1993, 34 apps)  ->  SSC Napoli (1993-1996, 95 apps)  ->  SS Lazio (1996-1997, 16 apps)  ->  Piacenza Calcio (1997-2000, 61 apps)  ->  Cagliari Calcio (2000-2001, 32 apps)  ->  Spezia Calcio (2001-2003, 39 apps)"
"Renato Cappellini",Italy,forward,7,"Inter Milan (1963-1968, 50 apps)  ->  Genoa CFC (1964-1965, 26 apps)  ->  Varese Calcio (1968-1969, 25 apps)  ->  AS Roma (1969-1974, 97 apps)  ->  Como 1907 (1974-1976, 19 apps)  ->  ACF Fiorentina (1974-1974, ? apps)  ->  FC Chiasso (1976-1977, 17 apps)"
"Renato Cesarini","Kingdom of Italy, Argentina, Italy",midfielder,5,"Ferro Carril Oeste (1926-1926, 1 apps)  ->  Club Atlético Alvear (1928-1928, ? apps)  ->  Club Atlético Ferrocarril Midland (1929-1929, ? apps)  ->  Juventus FC (1929-1935, 128 apps)  ->  Club Atlético River Plate (1936-1937, 23 apps)"
"Renato Dirnei Florêncio","Brazil, Italy","wing half",5,"Guarani Futebol Clube (1996-2000, 34 apps)  ->  Santos F.C. (2000-2004, 127 apps)  ->  Sevilla FC (2004-2011, 204 apps)  ->  Botafogo F.R. (2011-2014, 79 apps)  ->  Santos F.C. (2014-?, ? apps)"
"Renato Miglioli","Kingdom of Italy, Italy",midfielder,7,"Catania FC (1941-1942, 7 apps)  ->  S.G. Gallaratese A.S.D. (1946-1947, 37 apps)  ->  Atalanta BC (1947-1949, 70 apps)  ->  Inter Milan (1949-1952, 84 apps)  ->  Novara Calcio (1952-1954, 51 apps)  ->  Vicenza Calcio (1954-1956, 47 apps)  ->  US Cremonese (1956-1957, 14 apps)"
"Renato Olmi","Kingdom of Italy, Italy",midfielder,9,"A.C. Crema 1908 (1931-1933, ? apps)  ->  US Cremonese (1933-1936, 70 apps)  ->  Brescia Calcio (1936-1937, 26 apps)  ->  Inter Milan (1937-1941, 107 apps)  ->  Juventus FC (1941-1942, 19 apps)  ->  Inter Milan (1942-1943, 10 apps)  ->  US Cremonese (1943-1944, 12 apps)  ->  US Cremonese (1945-1946, 10 apps)  ->  A.C. Crema 1908 (1945-1947, 30 apps)"
"Renzo Burini",Italy,forward,3,"AC Milan (1947-1953, 190 apps)  ->  SS Lazio (1953-1959, 140 apps)  ->  AC Cesena (1959-1962, 66 apps)"
"Ricardo Carvalho",Portugal,centre-back,8,"FC Porto (1996-2004, 73 apps)  ->  Leça F.C. (1997-1998, 22 apps)  ->  Vitória F.C. (1999-2000, 25 apps)  ->  F.C. Alverca (2000-2001, 29 apps)  ->  Chelsea F.C. (2004-2010, 135 apps)  ->  Real Madrid Club de Fútbol (2010-2013, 50 apps)  ->  AS Monaco FC (2013-2016, 94 apps)  ->  Shanghai Port F.C. (2017-2017, 4 apps)"
"Ricardo Costa",Portugal,full-back,10,"FC Porto B (2000-2003, 66 apps)  ->  FC Porto (2001-2007, 75 apps)  ->  VfL Wolfsburg (2007-2010, 42 apps)  ->  Lille OSC (2010-2010, 10 apps)  ->  Valencia CF (2010-2014, 87 apps)  ->  Al-Sailiya Sports Club (2014-2015, 15 apps)  ->  Granada CF (2016-2016, 14 apps)  ->  FC Luzern (2016-2017, 33 apps)  ->  CD Tondela (2017-2019, 59 apps)  ->  Boavista F.C. (2019-2020, 31 apps)"
"Ricardo Faccio","Kingdom of Italy, Uruguay, Italy",midfielder,5,"Montevideo Wanderers Fútbol Club (1929-1929, ? apps)  ->  Club Nacional de Football (1931-1933, ? apps)  ->  Inter Milan (1933-1936, 86 apps)  ->  Club Nacional de Football (1936-1940, 177 apps)  ->  C.A. Bella Vista (1940-1941, ? apps)"
"Ricardo Gallego",Spain,midfielder,3,"Real Madrid Club de Fútbol (1980-1989, 250 apps)  ->  Udinese Calcio (1989-1990, 30 apps)  ->  Rayo Vallecano (1990-1992, 31 apps)"
"Ricardo Mendiguren",Spain,forward,3,"Athletic Bilbao B (1986-1988, 44 apps)  ->  Athletic Club (1987-1996, 224 apps)  ->  UD Las Palmas (1997-1998, 0 apps)"
"Ricardo Penella Arias",Spain,defender,2,"Valencia CF (1976-1992, 411 apps)  ->  CD Castellón (1992-1993, 35 apps)"
"Ricardo Serna",Spain,defender,5,"Sevilla FC (1982-1988, 179 apps)  ->  Deportivo de La Coruña (1992-1994, 1 apps)  ->  RCD Mallorca (1994-1995, 16 apps)  ->  Granada CF (1995-1996, 17 apps)  ->  AD Ceuta (1996-1997, ? apps)"
"Ricardo Villa",Argentina,midfielder,7,"Quilmes Atlético Club (1970-1974, 108 apps)  ->  Atlético Tucumán (1974-1976, 51 apps)  ->  Racing Club (1976-1978, 52 apps)  ->  Tottenham Hotspur F.C. (1978-1983, 133 apps)  ->  Fort Lauderdale Strikers (1983-1983, 19 apps)  ->  Deportivo Cali (1984-1985, 0 apps)  ->  Defensa y Justicia (1986-1989, 93 apps)"
"Ricardo Zamora",Spain,goalkeeper,5,"Q20106740 (1914-1916, ? apps)  ->  RCD Espanyol de Barcelona (1916-1919, ? apps)  ->  RCD Espanyol de Barcelona (1922-1930, 26 apps)  ->  Real Madrid Club de Fútbol (1930-1936, 82 apps)  ->  OGC Nice (1937-1938, ? apps)"
"Riccardo Carapellese","Kingdom of Italy, Italy",forward,13,"Torino FC (1940-1942, ? apps)  ->  Spezia Calcio (1942-1943, 19 apps)  ->  Casale FBC (1943-1944, 17 apps)  ->  Vigevano Calcio (1945-1945, 13 apps)  ->  Como 1907 (1945-1946, 16 apps)  ->  Novara Calcio (1946-1946, ? apps)  ->  AC Milan (1946-1949, 106 apps)  ->  Torino FC (1949-1952, 98 apps)  ->  Juventus FC (1952-1953, 20 apps)  ->  Genoa CFC (1953-1957, 94 apps)  ->  Catania FC (1957-1959, 30 apps)  ->  Vigevano Calcio (1960-1961, 0 apps)  ->  Ternana Calcio (1961-1962, 3 apps)"
"Riccardo Ferri",Italy,defender,2,"Inter Milan (1981-1994, 290 apps)  ->  U.C. Sampdoria (1994-1996, 36 apps)"
"Riccardo Montolivo",Italy,midfielder,3,"Atalanta BC (2003-2005, 73 apps)  ->  ACF Fiorentina (2005-2012, 219 apps)  ->  AC Milan (2012-2019, 129 apps)"
"Richard Dunne",Ireland,centre-back,4,"Everton F.C. (1996-2000, 60 apps)  ->  Manchester City F.C. (2000-2009, 296 apps)  ->  Aston Villa F.C. (2009-2013, 95 apps)  ->  Queens Park Rangers F.C. (2013-2015, 64 apps)"
"Richard Edghill","United Kingdom",full-back,7,"Manchester City F.C. (1993-2002, 183 apps)  ->  Birmingham City F.C. (2000-2000, 3 apps)  ->  Wigan Athletic F.C. (2002-2002, 0 apps)  ->  Sheffield United F.C. (2003-2003, 1 apps)  ->  Queens Park Rangers F.C. (2003-2005, 40 apps)  ->  Bradford City A.F.C. (2005-2007, 42 apps)  ->  Macclesfield Town F.C. (2007-2008, 16 apps)"
Richarlison,Brazil,forward,5,"América Futebol Clube (2015-2016, 24 apps)  ->  Fluminense F.C. (2016-2017, 54 apps)  ->  Watford F.C. (2017-2018, 38 apps)  ->  Everton F.C. (2018-2022, 135 apps)  ->  Tottenham Hotspur F.C. (2022-?, 101 apps)"
"Rino Ferrario","Kingdom of Italy, Italy",midfielder,7,"S.S. Arezzo (1947-1949, 46 apps)  ->  Lucchese 1905 (1949-1950, 31 apps)  ->  Juventus FC (1950-1955, 97 apps)  ->  Inter Milan (1955-1956, 29 apps)  ->  US Triestina Calcio 1918 (1956-1957, 32 apps)  ->  Juventus FC (1957-1959, 47 apps)  ->  Torino FC (1959-1961, 27 apps)"
"Rio Ferdinand","United Kingdom","centre-back, full-back",5,"West Ham United F.C. (1996-2000, 127 apps)  ->  AFC Bournemouth (1996-1997, 10 apps)  ->  Leeds United F.C. (2000-2002, 54 apps)  ->  Manchester United F.C. (2002-2014, 312 apps)  ->  Queens Park Rangers F.C. (2014-2015, 11 apps)"
Rivaldo,"Brazil, Spain","midfielder, forward",15,"Paulista Futebol Clube (1989-1990, 48 apps)  ->  Santa Cruz Futebol Clube (1991-1992, 14 apps)  ->  Mogi Mirim Esporte Clube (1992-1993, ? apps)  ->  S.C. Corinthians Paulista (1993-1994, 19 apps)  ->  Sociedade Esportiva Palmeiras (1994-1996, 45 apps)  ->  Deportivo de La Coruña (1996-1997, 41 apps)  ->  AC Milan (2002-2003, 22 apps)  ->  Cruzeiro E.C. (2004-2004, 0 apps)  ->  F.C. Bunyodkor (2008-2010, 53 apps)  ->  Mogi Mirim Esporte Clube (2010-2011, ? apps)  ->  São Paulo FC (2011-2011, 30 apps)  ->  Kabuscorp S.C. (2012-2012, 21 apps)  ->  Associação Desportiva São Caetano (2013-2013, 7 apps)  ->  Mogi Mirim Esporte Clube (2014-2014, 3 apps)  ->  Mogi Mirim Esporte Clube (2015-2015, 4 apps)"
"Riyad Mahrez","Algeria, France","wing half",5,"Quimper Kerfeunteun F.C. (2009-2010, 27 apps)  ->  Le Havre AC (2011-2013, 60 apps)  ->  Leicester City F.C. (2014-2018, 179 apps)  ->  Manchester City F.C. (2018-2023, 145 apps)  ->  Al Ahli FC (2023-?, 90 apps)"
"Rob Holding","United Kingdom",centre-back,4,"Bolton Wanderers F.C. (2014-2016, 26 apps)  ->  Bury F.C. (2015-2015, 1 apps)  ->  Arsenal F.C. (2016-2023, 98 apps)  ->  Crystal Palace F.C. (2023-?, ? apps)"
"Rob Jones","United Kingdom",full-back,3,"Crewe Alexandra F.C. (1987-1991, 75 apps)  ->  Liverpool F.C. (1991-1999, 185 apps)  ->  West Ham United F.C. (1999-1999, 0 apps)"
"Rob Lee","United Kingdom",midfielder,6,"Charlton Athletic F.C. (1983-1992, 298 apps)  ->  Newcastle United F.C. (1992-2002, 303 apps)  ->  Derby County F.C. (2002-2003, 48 apps)  ->  West Ham United F.C. (2003-2004, 16 apps)  ->  Oldham Athletic A.F.C. (2004-2004, 0 apps)  ->  Wycombe Wanderers F.C. (2005-2006, 38 apps)"
"Robbie Fowler","United Kingdom",forward,9,"Liverpool F.C. (1993-2001, 236 apps)  ->  Leeds United F.C. (2001-2003, 30 apps)  ->  Manchester City F.C. (2003-2006, 80 apps)  ->  Liverpool F.C. (2006-2007, 30 apps)  ->  Cardiff City F.C. (2007-2008, 13 apps)  ->  Blackburn Rovers F.C. (2008-2008, 3 apps)  ->  Northern Fury FC (2009-2010, 26 apps)  ->  Perth Glory FC (2010-2011, 28 apps)  ->  Muangthong United F.C. (2011-2012, 13 apps)"
"Robbie Keane",Ireland,forward,12,"Wolverhampton Wanderers F.C. (1997-1999, 73 apps)  ->  Coventry City F.C. (1999-2000, 31 apps)  ->  Inter Milan (2000-2001, 6 apps)  ->  Leeds United F.C. (2001-2001, 18 apps)  ->  Tottenham Hotspur F.C. (2002-2008, 197 apps)  ->  Liverpool F.C. (2008-2009, 19 apps)  ->  Tottenham Hotspur F.C. (2009-2011, 41 apps)  ->  Celtic F.C. (2010-2010, 16 apps)  ->  LA Galaxy (2011-2016, 125 apps)  ->  West Ham United F.C. (2011-2011, 9 apps)  ->  Aston Villa F.C. (2012-2012, 6 apps)  ->  ATK (football club) (2017-2018, 9 apps)"
"Robert Crawford","United Kingdom of Great Britain and Ireland, United Kingdom",defender,2,"Arthurlie F.C. (1905-1909, ? apps)  ->  Liverpool F.C. (1909-1915, 108 apps)"
"Robert Ferguson","United Kingdom of Great Britain and Ireland, United Kingdom","wing half",2,"Third Lanark A.C. (1906-1912, ? apps)  ->  Liverpool F.C. (1912-1915, 92 apps)"
"Robert Fernández",Spain,midfielder,6,"Villarreal CF (1978-1979, ? apps)  ->  CD Castellón (1979-1981, 63 apps)  ->  Valencia CF (1981-1986, 135 apps)  ->  Valencia CF (1990-1995, 123 apps)  ->  Villarreal CF (1995-1999, 142 apps)  ->  Córdoba CF (1999-2001, 67 apps)"
"Robert Kovač",Croatia,defender,7,"Hertha Zehlendorf (1991-1995, 112 apps)  ->  1. FC Nürnberg (1995-1996, 33 apps)  ->  Bayer 04 Leverkusen (1996-2001, 127 apps)  ->  FC Bayern Munich (2001-2005, 94 apps)  ->  Juventus FC (2005-2007, 35 apps)  ->  Borussia Dortmund (2007-2008, 26 apps)  ->  GNK Dinamo Zagreb (2009-2010, 22 apps)"
"Robert Lewandowski",Poland,forward,4,"Znicz Pruszków (2006-2008, 59 apps)  ->  Lech Poznań (2008-2010, 58 apps)  ->  Borussia Dortmund (2010-2014, 131 apps)  ->  FC Bayern Munich (2014-2022, 253 apps)"
"Robert Pires",France,"midfielder, wing half",7,"Stade de Reims (1991-1992, 5 apps)  ->  FC Metz (1993-1998, 162 apps)  ->  Olympique de Marseille (1998-2000, 66 apps)  ->  Arsenal F.C. (2000-2006, 284 apps)  ->  Villarreal CF (2006-2010, 103 apps)  ->  Aston Villa F.C. (2010-2011, 9 apps)  ->  FC Goa (2014-2016, ? apps)"
"Robert Sánchez",Spain,goalkeeper,4,"Brighton & Hove Albion F.C. (2018-2023, 87 apps)  ->  Forest Green Rovers F.C. (2018-2019, 17 apps)  ->  Rochdale A.F.C. (2019-2020, 26 apps)  ->  Chelsea F.C. (2023-?, 81 apps)"
"Roberto Antonelli",Italy,forward,6,"AC Monza (1972-1977, 88 apps)  ->  Vicenza Calcio (1975-1976, 16 apps)  ->  AC Milan (1977-1982, 117 apps)  ->  Genoa CFC (1982-1985, 49 apps)  ->  AS Roma (1984-1985, 5 apps)  ->  AC Monza (1985-1986, 22 apps)"
"Roberto Anzolin","Kingdom of Italy, Italy",goalkeeper,9,"A.C.D. Trissino-Valdagno (1956-1959, 86 apps)  ->  Palermo F.C. (1959-1961, 71 apps)  ->  Juventus FC (1961-1970, 230 apps)  ->  Atalanta BC (1970-1971, 36 apps)  ->  Vicenza Calcio (1971-1973, 12 apps)  ->  AC Monza (1973-1975, 66 apps)  ->  A.S.D. Riccione 1929 (1975-1976, 30 apps)  ->  Casale FBC (1976-1978, 58 apps)  ->  A.C.D. Trissino-Valdagno (1984-1985, 26 apps)"
"Roberto Ayala",Argentina,"centre-back, defender, sweeper",8,"Ferro Carril Oeste (1991-1993, 72 apps)  ->  Club Atlético River Plate (1994-1995, 40 apps)  ->  SSC Napoli (1995-1998, 87 apps)  ->  AC Milan (1998-2000, 24 apps)  ->  Valencia CF (2000-2007, 188 apps)  ->  Villarreal CF (2007-2007, 0 apps)  ->  Real Zaragoza (2007-2010, 72 apps)  ->  Racing Club (2010-2011, 16 apps)"
"Roberto Baggio",Italy,forward,7,"Vicenza Calcio (1982-1985, 36 apps)  ->  ACF Fiorentina (1985-1990, 94 apps)  ->  Juventus FC (1990-1995, 141 apps)  ->  AC Milan (1995-1997, 51 apps)  ->  Bologna F.C. 1909 (1997-1998, 30 apps)  ->  Inter Milan (1998-2000, 41 apps)  ->  Brescia Calcio (2000-2004, 95 apps)"
"Roberto Bertol",Spain,midfielder,1,"Athletic Club (1939-1950, 187 apps)"
"Roberto Bettega",Italy,forward,4,"Juventus FC (1969-1983, 326 apps)  ->  Varese Calcio (1969-1970, 30 apps)  ->  Toronto Blizzard (1983-1984, 48 apps)  ->  Toronto Blizzard (1983-1984, 48 apps)"
"Roberto Boninsegna",Italy,forward,8,"A.C. Prato (1963-1964, 22 apps)  ->  Potenza Calcio (1964-1965, 32 apps)  ->  Varese Calcio (1965-1966, 28 apps)  ->  Cagliari Calcio (1966-1969, 83 apps)  ->  Chicago Mustangs (1967-1967, 9 apps)  ->  Inter Milan (1969-1976, 197 apps)  ->  Juventus FC (1976-1979, 58 apps)  ->  Hellas Verona FC (1979-1980, 14 apps)"
"Roberto Bordin",Italy,midfielder,11,"A.S.D. Sanremese (1982-1984, 42 apps)  ->  Taranto Sport (1984-1985, 33 apps)  ->  Parma Calcio 1913 (1985-1986, 29 apps)  ->  AC Cesena (1986-1989, 91 apps)  ->  Atalanta BC (1989-1993, 122 apps)  ->  SSC Napoli (1993-1997, 108 apps)  ->  Piacenza Calcio (1997-1998, 21 apps)  ->  US Triestina Calcio 1918 (1998-1999, 32 apps)  ->  Spezia Calcio (1999-2002, 94 apps)  ->  Vicenza Calcio (2002-2003, 31 apps)  ->  Spezia Calcio (2003-2005, 63 apps)"
"Roberto Carlos",Brazil,full-back,9,"FC Anzhi Makhachkala (1-2012, 25 apps)  ->  União São João E.C. (1991-1993, 0 apps)  ->  Clube Atlético Mineiro (1992-1992, 3 apps)  ->  Sociedade Esportiva Palmeiras (1993-1995, 44 apps)  ->  Inter Milan (1995-1996, 30 apps)  ->  Real Madrid Club de Fútbol (1996-2007, 370 apps)  ->  Fenerbahçe Istanbul (2007-2009, 65 apps)  ->  S.C. Corinthians Paulista (2010-2011, 35 apps)  ->  Odisha FC (2015-2016, 4 apps)"
"Roberto Di Martino","Kingdom of Italy, Italy",midfielder,3,"Foot-Ball Club Internazionale-Naples (1925-1926, ? apps)  ->  SSC Napoli (1926-1931, 100 apps)  ->  Cosenza Calcio (1932-1936, ? apps)"
"Roberto Di Matteo",Switzerland,midfielder,5,"FC Schaffhausen (1988-1991, 50 apps)  ->  FC Zürich (1991-1992, 34 apps)  ->  FC Aarau (1992-1993, 33 apps)  ->  SS Lazio (1993-1996, 87 apps)  ->  Chelsea F.C. (1996-2002, 119 apps)"
"Roberto Donadoni",Italy,"midfielder, wing half",5,"Atalanta BC (1982-1986, 96 apps)  ->  AC Milan (1986-1996, 261 apps)  ->  Red Bull New York (1996-1997, 49 apps)  ->  AC Milan (1997-1999, 24 apps)  ->  Al Ittihad FC (1999-2000, 15 apps)"
"Roberto Etxebarria Arruti",Spain,midfielder,3,"Deportivo Alavés (1927-1928, ? apps)  ->  Athletic Club (1928-1940, 121 apps)  ->  Real Sociedad (1940-1942, 2 apps)"
"Roberto Firmino",Brazil,"forward, attacking midfielder",5,"Figueirense Futebol Clube (2009-2011, 38 apps)  ->  TSG 1899 Hoffenheim (2011-2015, 140 apps)  ->  Liverpool F.C. (2015-2023, 256 apps)  ->  Al Ahli FC (2023-2025, 49 apps)  ->  Al Sadd Sports Club (2025-?, 0 apps)"
"Roberto Fresnedoso",Spain,midfielder,8,"Girona FC (1990-1991, 10 apps)  ->  RCD Espanyol de Barcelona (1993-1995, 69 apps)  ->  Atlético Madrid (1995-2002, 139 apps)  ->  RCD Espanyol de Barcelona (1998-1998, 16 apps)  ->  UD Salamanca (2002-2003, 40 apps)  ->  Real Murcia (2003-2004, 8 apps)  ->  Rayo Vallecano (2004-2004, 10 apps)  ->  Q582342 (2004-2005, 25 apps)"
"Roberto Galia",Italy,midfielder,6,"Como 1907 (1980-1983, 56 apps)  ->  U.C. Sampdoria (1983-1986, 71 apps)  ->  Hellas Verona FC (1986-1988, 57 apps)  ->  Juventus FC (1988-1994, 157 apps)  ->  Ascoli Calcio 1898 FC (1994-1994, 0 apps)  ->  Como 1907 (1995-1997, 81 apps)"
"Roberto Juan Martínez",Argentina,forward,6,"Club Atlético Nueva Chicago (1966-1967, ? apps)  ->  Unión de Santa Fe (1970-1970, 26 apps)  ->  Club Atlético Banfield (1971-1971, 9 apps)  ->  RCD Espanyol de Barcelona (1971-1974, 75 apps)  ->  Real Madrid Club de Fútbol (1974-1980, 141 apps)  ->  RCD Espanyol de Barcelona (1980-1982, 36 apps)"
"Roberto Marina",Spain,midfielder,4,"Atlético Madrid B (1979-1982, 56 apps)  ->  Atlético Madrid (1980-1990, 234 apps)  ->  RCD Mallorca (1990-1992, 30 apps)  ->  CD Toledo (1992-1995, 66 apps)"
"Roberto Policano",Italy,midfielder,10,"Latina Calcio 1932 (1981-1983, 47 apps)  ->  Genoa CFC (1983-1987, 118 apps)  ->  AS Roma (1987-1989, 35 apps)  ->  Torino FC (1989-1992, 80 apps)  ->  SSC Napoli (1992-1997, 92 apps)  ->  S.S.D. Casarano Calcio (1997-1997, 4 apps)  ->  Latina Calcio 1932 (1998-1999, 23 apps)  ->  Terracina Calcio 1925 (1998-1998, ? apps)  ->  A.S.D. Stuoie Baracca Lugo (1999-2000, ? apps)  ->  Sliema Wanderers F.C. (1999-1999, 0 apps)"
"Roberto Pruzzo",Italy,forward,3,"Genoa CFC (1973-1978, 143 apps)  ->  AS Roma (1978-1988, 240 apps)  ->  ACF Fiorentina (1988-1989, 13 apps)"
"Roberto Rosato","Kingdom of Italy, Italy",defender,4,"Torino FC (1960-1966, 131 apps)  ->  AC Milan (1966-1973, 187 apps)  ->  Genoa CFC (1973-1977, 84 apps)  ->  Valle d'Aosta Calcio (1977-1979, 48 apps)"
"Roberto Ríos",Spain,centre-back,4,"Real Betis Balompié (1986-1990, ? apps)  ->  Real Betis B (1990-1992, 23 apps)  ->  Real Betis Balompié (1992-1997, 127 apps)  ->  Athletic Club (1997-2002, 95 apps)"
"Roberto Soldado",Spain,forward,10,"Real Madrid Club de Fútbol (2006-2008, 16 apps)  ->  Club Atlético Osasuna (2006-2007, 30 apps)  ->  Getafe CF (2008-2010, 60 apps)  ->  Valencia CF (2010-2013, 101 apps)  ->  Tottenham Hotspur F.C. (2013-2015, 52 apps)  ->  Villarreal CF (2015-2017, 38 apps)  ->  Villarreal CF (2017-2017, 38 apps)  ->  Fenerbahçe Istanbul (2017-2019, 47 apps)  ->  Granada CF (2019-2021, 62 apps)  ->  Levante UD (2021-2023, 43 apps)"
"Roberto Solozábal",Spain,defender,3,"Atlético Madrid B (1987-1989, ? apps)  ->  Atlético Madrid (1989-1997, 231 apps)  ->  Real Betis Balompié (1997-2000, 42 apps)"
"Roberto Sosa",Argentina,forward,6,"Udinese Calcio (1998-2002, 103 apps)  ->  Ascoli Calcio 1898 FC (2003-2004, 18 apps)  ->  A.C.R. Messina (2004-2004, 21 apps)  ->  SSC Napoli (2004-2008, 116 apps)  ->  A.S.D. Sanremese (2010-2011, 8 apps)  ->  FC Rapperswil-Jona (2011-2012, 24 apps)"
"Roberto Stellone",Italy,forward,10,"A.S. Lodigiani (1993-1997, 50 apps)  ->  Atletico Roma F.C. (1993-1997, 50 apps)  ->  Lucchese 1905 (1997-1998, 12 apps)  ->  Parma Calcio 1913 (1998-1999, 0 apps)  ->  US Lecce (1999-1999, 19 apps)  ->  SSC Napoli (1999-2003, 90 apps)  ->  AS Reggina 1914 (2003-2004, 16 apps)  ->  Genoa CFC (2004-2005, 29 apps)  ->  Torino FC (2005-2009, 113 apps)  ->  Frosinone Calcio (2009-2011, 34 apps)"
"Roberto Tricella",Italy,libero,4,"Inter Milan (1977-1979, 5 apps)  ->  Hellas Verona FC (1979-1987, 255 apps)  ->  Juventus FC (1987-1990, 80 apps)  ->  Bologna F.C. 1909 (1990-1991, 23 apps)"
"Robin van Persie","Kingdom of the Netherlands",forward,5,"Feyenoord Rotterdam (2001-2004, 61 apps)  ->  Arsenal F.C. (2003-2012, 194 apps)  ->  Manchester United F.C. (2012-2015, 86 apps)  ->  Fenerbahçe Istanbul (2015-2018, 57 apps)  ->  Feyenoord Rotterdam (2018-2019, 37 apps)"
Robinho,Brazil,"wing half",11,"Santos F.C. (2002-2005, 116 apps)  ->  Real Madrid Club de Fútbol (2005-2008, 101 apps)  ->  Manchester City F.C. (2008-2010, 41 apps)  ->  Santos F.C. (2010-2010, 2 apps)  ->  AC Milan (2010-2015, 108 apps)  ->  Santos F.C. (2014-2015, 20 apps)  ->  Guangzhou F.C. (2015-2015, 10 apps)  ->  Clube Atlético Mineiro (2016-2017, 60 apps)  ->  Sivasspor (2018-2018, 30 apps)  ->  İstanbul Başakşehir F.K. (2019-2020, 32 apps)  ->  Santos F.C. (2020-2020, 0 apps)"
"Roddie MacKenzie","United Kingdom",defender,1,"Newcastle United F.C. (1922-1935, 238 apps)"
"Roddy McEachrane","United Kingdom of Great Britain and Ireland, United Kingdom","wing half",2,"West Ham United F.C. (1898-1902, 103 apps)  ->  Arsenal F.C. (1902-1913, 313 apps)"
"Rodney Marsh","United Kingdom",forward,7,"Fulham F.C. (1962-1966, 63 apps)  ->  Queens Park Rangers F.C. (1966-1972, 211 apps)  ->  Manchester City F.C. (1972-1976, 118 apps)  ->  Cork Hibernians F.C. (1976-1976, 3 apps)  ->  Fulham F.C. (1976-1977, 16 apps)  ->  Tampa Bay Rowdies (1976-1979, 94 apps)  ->  Tampa Bay Rowdies (1986-1987, ? apps)"
"Rodolfo Arruabarrena",Argentina,full-back,4,"Club Atlético Rosario Central (1996-1996, 15 apps)  ->  Villarreal CF (2000-2007, 219 apps)  ->  Club Atlético Tigre (2008-2010, 67 apps)  ->  Club Deportivo Universidad Católica (2010-2010, 13 apps)"
"Rodolfo Beltrandi",Italy,midfielder,3,"ACF Fiorentina (1949-1953, 47 apps)  ->  Udinese Calcio (1953-1954, 32 apps)  ->  SSC Napoli (1954-1960, 162 apps)"
"Rodolfo Volk","Kingdom of Italy, Italy",forward,7,"ACF Fiorentina (1926-1927, 14 apps)  ->  U.S. Fiumana (1927-1928, 16 apps)  ->  AS Roma (1928-1933, 157 apps)  ->  Pisa SC (1933-1934, 30 apps)  ->  US Triestina Calcio 1918 (1934-1935, 6 apps)  ->  U.S. Fiumana (1935-1942, 145 apps)  ->  Montevarchi Calcio Aquila 1902 (1948-1949, 14 apps)"
Rodri,Spain,"defensive midfielder",4,"Villarreal CF (2015-2018, 63 apps)  ->  Villarreal CF B (2015-2015, 39 apps)  ->  Atlético Madrid (2018-2019, 34 apps)  ->  Manchester City F.C. (2019-?, 193 apps)"
Rodrigo,"Brazil, Spain","wing half",8,"Real Madrid C (2009-2009, 4 apps)  ->  S.L. Benfica (2010-2015, 68 apps)  ->  Bolton Wanderers F.C. (2010-2011, 17 apps)  ->  Valencia CF (2014-2015, 31 apps)  ->  Valencia CF (2015-2020, 141 apps)  ->  Leeds United F.C. (2020-2023, 88 apps)  ->  Al-Rayyan (2023-?, 23 apps)  ->  Al-Gharafa SC (2024-2025, 8 apps)"
"Rodrigo Bentancur",Uruguay,stopper,2,"Juventus FC (2017-2022, 133 apps)  ->  Tottenham Hotspur F.C. (2022-?, 109 apps)"
"Rodrigo De Paul","Argentina, Italy","wing half",6,"Racing Club (2012-2014, 54 apps)  ->  Valencia CF (2014-2016, 34 apps)  ->  Racing Club (2016-2016, 11 apps)  ->  Udinese Calcio (2016-2021, 177 apps)  ->  Atlético Madrid (2021-?, 134 apps)  ->  Inter Miami CF (2025-?, 11 apps)"
"Rodrigo Palacio",Argentina,forward,6,"Huracán de Tres Arroyos (2002-2003, 53 apps)  ->  Club Atlético Banfield (2003-2004, 36 apps)  ->  Genoa CFC (2009-2012, 90 apps)  ->  Inter Milan (2012-2017, 140 apps)  ->  Bologna F.C. 1909 (2017-2021, 127 apps)  ->  Brescia Calcio (2021-2022, 30 apps)"
"Rodrigo Taddei",Brazil,"wing half",4,"Sociedade Esportiva Palmeiras (2000-2002, 25 apps)  ->  Siena FC (2002-2005, 74 apps)  ->  AS Roma (2005-2014, 221 apps)  ->  A.C. Perugia Calcio (2014-2016, 40 apps)"
Rodrygo,"Brazil, Spain",winger,2,"Santos F.C. (2017-2019, 41 apps)  ->  Real Madrid Club de Fútbol (2019-?, 191 apps)"
"Roger Byrne","United Kingdom",full-back,1,"Manchester United F.C. (1951-1958, 245 apps)"
"Roger Hunt","United Kingdom",forward,3,"Liverpool F.C. (1958-1969, 404 apps)  ->  Bolton Wanderers F.C. (1969-1972, 76 apps)  ->  Hellenic F.C. (1971-1971, 6 apps)"
"Roger Kenyon","United Kingdom",centre-back,6,"Everton F.C. (1966-1979, 267 apps)  ->  Bristol City F.C. (1979-1980, 4 apps)  ->  Vancouver Whitecaps (1979-1979, 10 apps)  ->  Vancouver Whitecaps (1980-1981, 50 apps)  ->  Blackpool F.C. (1981-1982, 0 apps)  ->  Altrincham F.C. (1982-1984, ? apps)"
"Roland Grahammer",Germany,defender,3,"FC Augsburg (1982-1983, 34 apps)  ->  1. FC Nürnberg (1983-1988, 149 apps)  ->  FC Bayern Munich (1988-1994, 102 apps)"
"Roland Wohlfarth",Germany,forward,7,"MSV Duisburg (1981-1984, 71 apps)  ->  FC Bayern Munich (1984-1993, 254 apps)  ->  AS Saint-Étienne (1993-1994, 39 apps)  ->  VfL Bochum (1994-1997, 40 apps)  ->  1. FC Lokomotive Leipzig (1997-1998, 15 apps)  ->  Wuppertaler SV (1998-1999, 14 apps)  ->  1. FC Bocholt (1999-2000, 4 apps)"
"Rolf Rüssmann",Germany,defender,4,"Schalke 04 (1969-1973, 105 apps)  ->  Club Brugge K.V. (1973-1973, 11 apps)  ->  Schalke 04 (1974-1980, 199 apps)  ->  Borussia Dortmund (1980-1985, 149 apps)"
"Roman Bürki",Switzerland,goalkeeper,8,"BSC Young Boys (2008-2013, ? apps)  ->  FC Thun (2009-2010, 4 apps)  ->  FC Schaffhausen (2010-2010, 9 apps)  ->  Grasshopper Club Zürich (2011-2013, 76 apps)  ->  Grasshopper Club Zürich (2013-2014, 34 apps)  ->  SC Freiburg (2014-2015, 34 apps)  ->  Borussia Dortmund (2015-2022, 176 apps)  ->  St. Louis City SC (2023-?, 69 apps)"
"Roman Metz",Germany,,1,"FC Bayern Munich (1947-1956, 142 apps)"
"Roman Weidenfeller",Germany,goalkeeper,2,"1. FC Kaiserslautern (1998-2002, 6 apps)  ->  Borussia Dortmund (2002-2018, 349 apps)"
Romaric,"Ivory Coast",midfielder,8,"ASEC Mimosas (2001-2003, ? apps)  ->  K.S.K. Beveren (2003-2005, 44 apps)  ->  Le Mans F.C. (2005-2008, 89 apps)  ->  Sevilla FC (2008-2012, 81 apps)  ->  RCD Espanyol de Barcelona (2011-2012, 28 apps)  ->  Real Zaragoza (2012-2013, 12 apps)  ->  SC Bastia (2013-2015, 60 apps)  ->  AC Omonia (2015-2015, 4 apps)"
"Romelu Lukaku",Belgium,forward,11,"R.S.C. Anderlecht (2009-2011, 73 apps)  ->  Chelsea F.C. (2011-2014, 10 apps)  ->  West Bromwich Albion F.C. (2012-2013, 35 apps)  ->  Everton F.C. (2013-2014, 31 apps)  ->  Everton F.C. (2014-2017, 110 apps)  ->  Manchester United F.C. (2017-2019, 66 apps)  ->  Inter Milan (2019-2021, 72 apps)  ->  Chelsea F.C. (2021-2024, 26 apps)  ->  Inter Milan (2022-2023, 25 apps)  ->  AS Roma (2023-2024, 32 apps)  ->  SSC Napoli (2024-?, 36 apps)"
"Romeo Benetti",Italy,midfielder,9,"F.C. Bolzano 1996 (1963-1964, 31 apps)  ->  Siena FC (1964-1965, 31 apps)  ->  Taranto Sport (1965-1967, 63 apps)  ->  Palermo F.C. (1967-1968, 35 apps)  ->  Juventus FC (1968-1969, 24 apps)  ->  U.C. Sampdoria (1969-1970, 27 apps)  ->  AC Milan (1970-1976, 170 apps)  ->  Juventus FC (1976-1979, 83 apps)  ->  AS Roma (1979-1981, 27 apps)"
"Romà Solà i Brunet",,goalkeeper,2,"RCD Espanyol de Barcelona (1904-1905, 1 apps)  ->  Casual SC (1912-1913, ? apps)"
"Ron Batty","United Kingdom of Great Britain and Ireland, United Kingdom",defender,2,"Newcastle United F.C. (1945-1958, 161 apps)  ->  Gateshead F.C. (1958-1959, 40 apps)"
"Ron Burgess","United Kingdom of Great Britain and Ireland, United Kingdom","wing half",2,"Tottenham Hotspur F.C. (1938-1954, 297 apps)  ->  Swansea City A.F.C. (1954-1956, 47 apps)"
"Ron Harris","United Kingdom",defender,3,"Chelsea F.C. (1961-1980, 655 apps)  ->  Brentford F.C. (1980-1983, 61 apps)  ->  Aldershot F.C. (1984-1985, ? apps)"
"Ron Henry","United Kingdom",defender,1,"Tottenham Hotspur F.C. (1952-1966, 247 apps)"
"Ron McGarry","United Kingdom",forward,7,"Workington A.F.C. (1958-1961, 94 apps)  ->  Bolton Wanderers F.C. (1961-1963, 27 apps)  ->  Newcastle United F.C. (1963-1967, 132 apps)  ->  Barrow A.F.C. (1967-1968, 30 apps)  ->  South Coast United (1968-1968, ? apps)  ->  Balgownie Rangers FC (1970-1970, ? apps)  ->  Gateshead F.C. (1970-1971, 17 apps)"
"Ron Reynolds","United Kingdom",goalkeeper,3,"Aldershot F.C. (1945-1950, 114 apps)  ->  Tottenham Hotspur F.C. (1950-1960, 86 apps)  ->  Southampton F.C. (1960-1963, 90 apps)"
"Ron Tindall","United Kingdom",forward,5,"Camberley Town F.C. (1952-1952, 2 apps)  ->  Chelsea F.C. (1953-1961, 160 apps)  ->  West Ham United F.C. (1961-1961, 13 apps)  ->  Reading F.C. (1962-1963, 36 apps)  ->  Portsmouth F.C. (1964-1969, 162 apps)"
"Ron Yeats","United Kingdom",centre-back,9,"Dundee United F.C. (1957-1961, 96 apps)  ->  Liverpool F.C. (1961-1971, 358 apps)  ->  Tranmere Rovers F.C. (1971-1975, 97 apps)  ->  Barrow A.F.C. (1975-1977, ? apps)  ->  Stalybridge Celtic F.C. (1975-1975, ? apps)  ->  Los Angeles Skyhawks (1976-1976, ? apps)  ->  Rhyl F.C. (1977-1978, ? apps)  ->  Formby F.C. (1977-1977, 10 apps)  ->  Santa Barbara Condors (1977-1977, ? apps)"
"Ronald Araújo",Uruguay,"centre-back, defender",3,"C.A. Rentistas (2016-2017, 17 apps)  ->  Boston River (2017-2018, 27 apps)  ->  FC Barcelona Atlètic (2018-2020, 42 apps)"
"Ronald Koeman","Kingdom of the Netherlands","defender, sweeper",4,"FC Groningen (1980-1983, 90 apps)  ->  AFC Ajax (1983-1986, 94 apps)  ->  PSV Eindhoven (1986-1989, 98 apps)  ->  Feyenoord Rotterdam (1995-1997, 61 apps)"
"Ronald Orr","United Kingdom of Great Britain and Ireland","inside forward",5,"St. Mirren F.C. (1898-1901, ? apps)  ->  Newcastle United F.C. (1901-1908, 160 apps)  ->  Liverpool F.C. (1908-1911, 108 apps)  ->  Raith Rovers F.C. (1911-1912, ? apps)  ->  South Shields F.C. (1912-1913, ? apps)"
Ronaldinho,"Brazil, Spain",winger,7,"Grêmio FBPA (1998-2001, 89 apps)  ->  Paris Saint-Germain FC (2001-2003, 55 apps)  ->  AC Milan (2008-2010, 76 apps)  ->  Clube de Regatas do Flamengo (2011-2012, 56 apps)  ->  Clube Atlético Mineiro (2012-2014, 58 apps)  ->  Querétaro F.C. (2014-2015, 25 apps)  ->  Fluminense F.C. (2015-2015, 7 apps)"
Ronaldo,Brazil,forward,6,"Cruzeiro E.C. (1993-1994, 14 apps)  ->  PSV Eindhoven (1994-1996, 46 apps)  ->  Inter Milan (1997-2002, 68 apps)  ->  Real Madrid Club de Fútbol (2002-2007, 177 apps)  ->  AC Milan (2007-2008, 20 apps)  ->  S.C. Corinthians Paulista (2009-2011, 69 apps)"
"Ronnie Cope","United Kingdom",midfielder,2,"Manchester United F.C. (1951-1961, 93 apps)  ->  Luton Town F.C. (1961-1963, 28 apps)"
"Ronnie Moran","United Kingdom","defender, full-back",1,"Liverpool F.C. (1952-1968, 343 apps)"
"Ronnie Rooke","United Kingdom",forward,5,"Crystal Palace F.C. (1933-1936, 18 apps)  ->  Fulham F.C. (1936-1946, 105 apps)  ->  Arsenal F.C. (1946-1949, 88 apps)  ->  Crystal Palace F.C. (1949-1950, 45 apps)  ->  Bedford Town F.C. (1950-?, ? apps)"
"Ronnie Simpson","United Kingdom",goalkeeper,5,"Queen's Park F.C. (1946-1950, 78 apps)  ->  Third Lanark A.C. (1950-1951, 21 apps)  ->  Newcastle United F.C. (1951-1960, 262 apps)  ->  Hibernian F.C. (1960-1964, 123 apps)  ->  Celtic F.C. (1964-1970, 118 apps)"
"Ronnie Whelan",Ireland,"midfielder, defender",3,"Home Farm F.C. (1977-1979, 45 apps)  ->  Liverpool F.C. (1979-1994, 362 apps)  ->  Southend United F.C. (1994-1996, 34 apps)"
"Ronny Johnsen",Norway,defender,8,"FK Eik Tønsberg (1987-1991, 98 apps)  ->  Lyn 1896 FK (1992-1993, 31 apps)  ->  Lillestrøm SK (1994-1995, 23 apps)  ->  Beşiktaş J.K. (Football) (1995-1996, 22 apps)  ->  Manchester United F.C. (1996-2002, 99 apps)  ->  Aston Villa F.C. (2002-2004, 49 apps)  ->  Newcastle United F.C. (2004-2005, 3 apps)  ->  Vålerenga Fotball (2005-2008, 59 apps)"
"Ronny Rosenthal",Israel,"midfielder, forward, wing half",8,"Maccabi Haifa F.C. (1979-1986, 138 apps)  ->  Club Brugge K.V. (1986-1988, 43 apps)  ->  Standard Liège (1988-1990, 54 apps)  ->  Luton Town F.C. (1990-1990, 0 apps)  ->  Liverpool F.C. (1990-1990, 8 apps)  ->  Liverpool F.C. (1991-1994, 66 apps)  ->  Tottenham Hotspur F.C. (1994-1997, 88 apps)  ->  Watford F.C. (1997-1999, 30 apps)"
"Roque Olsen","Argentina, Spain",forward,4,"Club Atlético Tigre (1949-1949, 12 apps)  ->  Racing Club (1950-1950, 15 apps)  ->  Real Madrid Club de Fútbol (1950-1957, 110 apps)  ->  Córdoba CF (1957-1959, 56 apps)"
"Roque Santa Cruz",Paraguay,forward,13,"Club Olimpia (1997-1999, 24 apps)  ->  FC Bayern Munich (1999-2007, 155 apps)  ->  Blackburn Rovers F.C. (2007-2009, 57 apps)  ->  Manchester City F.C. (2009-2013, 20 apps)  ->  Real Betis Balompié (2011-2012, 33 apps)  ->  Blackburn Rovers F.C. (2011-2011, 9 apps)  ->  Málaga CF (2012-2013, 31 apps)  ->  Málaga CF (2013-2014, 43 apps)  ->  Málaga CF (2015-2016, 17 apps)  ->  Cruz Azul (2015-2016, 10 apps)  ->  Club Olimpia (2016-2021, 148 apps)  ->  Club Libertad (2022-2025, 132 apps)  ->  Club Nacional (2026-?, 0 apps)"
"Ross Barkley","United Kingdom","attacking midfielder",8,"Everton F.C. (2010-2018, 150 apps)  ->  Sheffield Wednesday F.C. (2012-2012, 13 apps)  ->  Leeds United F.C. (2013-2013, 4 apps)  ->  Chelsea F.C. (2018-2022, 58 apps)  ->  Aston Villa F.C. (2020-2021, 24 apps)  ->  OGC Nice (2022-2023, 27 apps)  ->  Luton Town F.C. (2023-2024, 32 apps)  ->  Aston Villa F.C. (2024-?, 33 apps)"
"Roy Bentley","United Kingdom of Great Britain and Ireland, United Kingdom",forward,5,"Bristol City F.C. (1939-1946, ? apps)  ->  Newcastle United F.C. (1946-1948, 48 apps)  ->  Chelsea F.C. (1948-1956, 324 apps)  ->  Fulham F.C. (1956-1960, 142 apps)  ->  Queens Park Rangers F.C. (1960-1962, 45 apps)"
"Roy Cheetham","United Kingdom","wing half",4,"Manchester City F.C. (1956-1968, 127 apps)  ->  Chester City F.C. (1968-1972, 124 apps)  ->  Detroit Cougars (1968-1968, 17 apps)  ->  Charlton Athletic F.C. (1968-1968, 0 apps)"
"Roy Clarke","United Kingdom of Great Britain and Ireland, United Kingdom",midfielder,3,"Cardiff City F.C. (1942-1947, 39 apps)  ->  Manchester City F.C. (1947-1958, 349 apps)  ->  Stockport County F.C. (1958-1959, 25 apps)"
"Roy Keane",Ireland,midfielder,4,"Cobh Ramblers F.C. (1989-1990, 23 apps)  ->  Nottingham Forest F.C. (1990-1993, 114 apps)  ->  Manchester United F.C. (1993-2005, 326 apps)  ->  Celtic F.C. (2005-2006, 10 apps)"
"Roy Little","United Kingdom",defender,5,"Manchester City F.C. (1949-1958, 168 apps)  ->  Brighton & Hove Albion F.C. (1958-1961, 83 apps)  ->  Crystal Palace F.C. (1961-1964, 38 apps)  ->  Dover F.C. (1964-1966, 68 apps)  ->  Christchurch United (1966-1966, ? apps)"
"Roy Makaay","Kingdom of the Netherlands",forward,5,"SBV Vitesse (1993-1997, 109 apps)  ->  C.D. Tenerife (1997-1999, 72 apps)  ->  Deportivo de La Coruña (1999-2003, 133 apps)  ->  FC Bayern Munich (2003-2007, 129 apps)  ->  Feyenoord Rotterdam (2007-2010, 83 apps)"
"Roy Paul","United Kingdom of Great Britain and Ireland, United Kingdom",defender,3,"Swansea City A.F.C. (1939-1950, 159 apps)  ->  Manchester City F.C. (1950-1957, 270 apps)  ->  Worcester City F.C. (1957-1960, ? apps)"
"Roy Saunders","United Kingdom",defender,2,"Liverpool F.C. (1948-1959, 132 apps)  ->  Swansea City A.F.C. (1959-1963, 94 apps)"
"Roy Vernon","United Kingdom",forward,8,"Blackburn Rovers F.C. (1955-1960, 131 apps)  ->  Everton F.C. (1960-1965, 176 apps)  ->  Stoke City F.C. (1965-1970, 84 apps)  ->  Cleveland Stokers (1967-1967, 11 apps)  ->  Halifax Town A.F.C. (1970-1970, 4 apps)  ->  Great Harwood Town F.C. (1970-1972, ? apps)  ->  Cape Town City F.C. (1970-1970, ? apps)  ->  Hellenic F.C. (1972-1972, ? apps)"
"Ruben Buriani",Italy,midfielder,7,"SPAL (1973-1974, ? apps)  ->  AC Monza (1974-1977, 87 apps)  ->  AC Milan (1977-1982, 146 apps)  ->  AC Cesena (1982-1984, 66 apps)  ->  AS Roma (1984-1985, 24 apps)  ->  SSC Napoli (1985-1986, 5 apps)  ->  SPAL (1986-1988, 24 apps)"
"Ruben Loftus-Cheek","United Kingdom",midfielder,4,"Chelsea F.C. (2014-2023, 103 apps)  ->  Crystal Palace F.C. (2017-2018, 24 apps)  ->  Fulham F.C. (2020-2021, 30 apps)  ->  AC Milan (2023-?, 26 apps)"
"Rubén Ayala",Argentina,forward,4,"Atlético Madrid (1973-1979, 169 apps)  ->  Club Jalisco (1979-1980, 29 apps)  ->  CD Oro (1979-1980, 27 apps)  ->  Atlante F.C. (1980-1984, 135 apps)"
"Rubén Baraja",Spain,midfielder,5,"Real Valladolid B (1993-1995, 46 apps)  ->  Real Valladolid (1993-1996, 41 apps)  ->  Atlético Madrid B (1996-1999, 79 apps)  ->  Atlético Madrid (1999-2000, 34 apps)  ->  Valencia CF (2000-2010, 262 apps)"
"Rubén Cano","Argentina, Spain",forward,6,"Club Atlético Atlanta (1970-1974, 161 apps)  ->  Elche CF (1974-1976, 60 apps)  ->  Atlético Madrid (1976-1982, 168 apps)  ->  C.D. Tenerife (1982-1985, 46 apps)  ->  Rayo Vallecano (1984-1984, 29 apps)  ->  Rayo Vallecano (1985-1987, 49 apps)"
"Rubén Gracia",Spain,midfielder,7,"Deportivo Aragón (2000-2002, 32 apps)  ->  Utebo FC (2000-2001, 15 apps)  ->  Real Zaragoza (2002-2006, 122 apps)  ->  Villarreal CF (2006-2015, 259 apps)  ->  Deportivo de La Coruña (2015-2016, 18 apps)  ->  Atlético Madrid (2015-2015, 4 apps)  ->  Real Zaragoza (2016-2017, 32 apps)"
"Rubén Óscar Valdez",Argentina,forward,3,"Club Almirante Brown (1967-1968, 44 apps)  ->  Valencia CF (1971-1978, 167 apps)  ->  CD Castellón (1979-1979, 7 apps)"
"Rudi Assauer",Germany,defender,3,"Q326633 (1963-1964, 35 apps)  ->  Borussia Dortmund (1964-1970, 121 apps)  ->  SV Werder Bremen (1970-1976, 186 apps)"
"Rudi Völler",Germany,forward,6,"Kickers Offenbach (1977-1980, 73 apps)  ->  TSV 1860 München (1980-1982, 70 apps)  ->  SV Werder Bremen (1982-1987, 137 apps)  ->  AS Roma (1987-1992, 142 apps)  ->  Olympique de Marseille (1992-1994, 58 apps)  ->  Bayer 04 Leverkusen (1994-1996, 62 apps)"
"Rudolf Brandmaier",Germany,defender,1,"FC Bayern Munich (1945-1958, 158 apps)"
"Rudolf Nafziger",Germany,forward,4,"FC Bayern Munich (1964-1968, 125 apps)  ->  FC St. Gallen (1968-1970, 48 apps)  ->  Hannover 96 (1970-1972, 27 apps)  ->  LASK Linz (1972-1974, ? apps)"
"Ruel Fox","United Kingdom",midfielder,4,"Norwich City F.C. (1986-1994, 173 apps)  ->  Newcastle United F.C. (1994-1995, 58 apps)  ->  Tottenham Hotspur F.C. (1995-2000, 106 apps)  ->  West Bromwich Albion F.C. (2000-2002, 56 apps)"
"Ruggiero Rizzitelli",Italy,forward,6,"AC Cesena (1984-1988, 62 apps)  ->  AS Roma (1988-1994, 154 apps)  ->  Torino FC (1994-1996, 60 apps)  ->  FC Bayern Munich (1996-1998, 45 apps)  ->  Piacenza Calcio (1998-2000, 33 apps)  ->  AC Cesena (2000-2001, 14 apps)"
"Rui Costa",Portugal,midfielder,5,"S.L. Benfica (1990-1994, 78 apps)  ->  AD Fafe (1990-1991, 38 apps)  ->  ACF Fiorentina (1994-2001, 215 apps)  ->  AC Milan (2001-2006, 124 apps)  ->  S.L. Benfica (2006-2008, 43 apps)"
"Rui Patrício",Portugal,goalkeeper,5,"Sporting CP (2006-2018, 327 apps)  ->  Wolverhampton Wanderers F.C. (2018-2021, 112 apps)  ->  AS Roma (2021-2024, 96 apps)  ->  Atalanta BC (2024-2025, 3 apps)  ->  Al Ain FC (2025-2025, 0 apps)"
"Ruud Gullit","Kingdom of the Netherlands",midfielder,9,"AFC DWS (1975-1979, ? apps)  ->  HFC Haarlem (1979-1982, 91 apps)  ->  Feyenoord Rotterdam (1982-1985, 85 apps)  ->  PSV Eindhoven (1985-1987, 68 apps)  ->  AC Milan (1987-1993, 117 apps)  ->  U.C. Sampdoria (1993-1994, 31 apps)  ->  AC Milan (1994-1994, 8 apps)  ->  U.C. Sampdoria (1994-1995, 22 apps)  ->  Chelsea F.C. (1995-1998, 49 apps)"
"Ruud Hesp","Kingdom of the Netherlands",goalkeeper,4,"HFC Haarlem (1985-1987, 2 apps)  ->  Fortuna Sittard (1987-1994, 238 apps)  ->  Roda JC Kerkrade (1994-1997, 102 apps)  ->  Fortuna Sittard (2000-2002, 62 apps)"
"Ruud Krol","Kingdom of the Netherlands",defender,4,"AFC Ajax (1968-1980, 339 apps)  ->  Vancouver Whitecaps (1980-1980, 14 apps)  ->  SSC Napoli (1980-1984, 107 apps)  ->  AS Cannes (1984-1986, 63 apps)"
"Ruud van Nistelrooy","Kingdom of the Netherlands",forward,7,"FC Den Bosch (1993-1997, 69 apps)  ->  SC Heerenveen (1997-1998, 31 apps)  ->  PSV Eindhoven (1998-2001, 67 apps)  ->  Manchester United F.C. (2001-2006, 150 apps)  ->  Real Madrid Club de Fútbol (2006-2010, 68 apps)  ->  Hamburger SV (2010-2011, 36 apps)  ->  Málaga CF (2011-2012, 28 apps)"
"Ryan Babel","Kingdom of the Netherlands","wing half",11,"AFC Ajax (2004-2007, 73 apps)  ->  Liverpool F.C. (2007-2011, 91 apps)  ->  TSG 1899 Hoffenheim (2011-2012, 46 apps)  ->  AFC Ajax (2012-2013, 16 apps)  ->  Kasımpaşa S.K. (2013-2015, 58 apps)  ->  Al Ain FC (2015-2015, 8 apps)  ->  Deportivo de La Coruña (2015-2015, 11 apps)  ->  Beşiktaş J.K. (Football) (2016-2019, 62 apps)  ->  Fulham F.C. (2019-2019, 16 apps)  ->  Galatasaray S.K. (2019-2022, 77 apps)  ->  Eyüpspor (2022-2023, 29 apps)"
"Ryan Giggs","United Kingdom","midfielder, wing half",1,"Manchester United F.C. (1990-2014, 672 apps)"
"Ryan Taylor","United Kingdom","wing half, full-back",8,"Tranmere Rovers F.C. (2002-2005, 98 apps)  ->  Wigan Athletic F.C. (2005-2009, 56 apps)  ->  Newcastle United F.C. (2009-2015, 92 apps)  ->  Hull City A.F.C. (2015-2016, 4 apps)  ->  Port Vale F.C. (2016-2017, 12 apps)  ->  Port Vale F.C. (2017-2017, 10 apps)  ->  ATK (football club) (2017-2018, 11 apps)  ->  Fleetwood Town F.C. (2018-?, ? apps)"
"Rúben Dias",Portugal,centre-back,3,"S.L. Benfica B (2015-2017, 55 apps)  ->  S.L. Benfica (2017-2020, 91 apps)  ->  Manchester City F.C. (2020-?, 169 apps)"
"Rüdiger Abramczik",Germany,forward,9,"Schalke 04 (1973-1980, 198 apps)  ->  Borussia Dortmund (1980-1983, 90 apps)  ->  1. FC Nürnberg (1983-1984, 24 apps)  ->  Galatasaray S.K. (1984-1985, 30 apps)  ->  Rot-Weiß Oberhausen (1985-1987, 47 apps)  ->  Schalke 04 (1987-1988, 4 apps)  ->  Wormatia Worms (1988-1989, 9 apps)  ->  FC Gütersloh 2000 (1989-1991, ? apps)  ->  FC Gütersloh (1990-1991, ? apps)"
"Sabino Barinaga Alberdi",Spain,forward,5,"Southampton F.C. (1938-1939, 0 apps)  ->  Real Madrid Club de Fútbol (1939-1950, 149 apps)  ->  Real Valladolid (1941-1943, ? apps)  ->  Real Sociedad (1950-1954, 56 apps)  ->  Real Betis Balompié (1954-1955, 21 apps)"
"Sadio Mané",Senegal,winger,6,"FC Metz (2010-2012, 22 apps)  ->  FC Red Bull Salzburg (2012-2014, 63 apps)  ->  Southampton F.C. (2014-2016, 67 apps)  ->  Liverpool F.C. (2016-2022, 196 apps)  ->  FC Bayern Munich (2022-2023, 25 apps)  ->  Al-Nassr (2023-?, 64 apps)"
Saint,France,winger,9,"AS Saint-Étienne (2013-2015, 17 apps)  ->  Hannover 96 (2015-2016, 18 apps)  ->  AS Monaco FC (2015-2017, 2 apps)  ->  SC Bastia (2016-2017, 36 apps)  ->  OGC Nice (2017-2019, 74 apps)  ->  Newcastle United F.C. (2019-2023, 111 apps)  ->  Al Ahli FC (2023-2025, 30 apps)  ->  Fenerbahçe Istanbul (2024-2025, 20 apps)  ->  Club América (2025-?, ? apps)"
"Salomon Kalou","Ivory Coast","wing half",8,"ASEC Mimosas (2002-2003, 14 apps)  ->  Feyenoord Rotterdam (2003-2006, 67 apps)  ->  Excelsior Rotterdam (2004-2004, 11 apps)  ->  Chelsea F.C. (2006-2012, 156 apps)  ->  Lille OSC (2012-2014, 67 apps)  ->  Hertha BSC (2014-2020, 151 apps)  ->  Botafogo F.R. (2020-2021, 25 apps)  ->  Arta/Solar7 (2022-2024, 3 apps)"
"Salvador Sadurní",Spain,goalkeeper,1,"CE Mataró (1960-1961, ? apps)"
"Salvatore Aronica",Italy,defender,11,"Associazione Sportiva Città di Bagheria (1994-1996, 32 apps)  ->  Juventus FC (1996-1998, 1 apps)  ->  AS Reggina 1914 (1998-1998, 0 apps)  ->  F.C. Crotone (1998-2002, 107 apps)  ->  ACF Fiorentina (2002-2002, ? apps)  ->  Ascoli Calcio 1898 FC (2002-2003, 31 apps)  ->  A.C.R. Messina (2003-2006, 97 apps)  ->  AS Reggina 1914 (2006-2008, 71 apps)  ->  SSC Napoli (2008-2013, 111 apps)  ->  Palermo F.C. (2013-2014, 15 apps)  ->  AS Reggina 1914 (2015-2015, 11 apps)"
"Salvatore Bagni",Italy,midfielder,5,"A.C. Carpi (1975-1977, 61 apps)  ->  A.C. Perugia Calcio (1977-1981, 109 apps)  ->  Inter Milan (1981-1984, 82 apps)  ->  SSC Napoli (1984-1988, 129 apps)  ->  U.S. Avellino 1912 (1988-1989, 23 apps)"
"Salvatore Esposito",Italy,midfielder,6,"ACF Fiorentina (1966-1972, 109 apps)  ->  SSC Napoli (1972-1977, 128 apps)  ->  Hellas Verona FC (1977-1979, 34 apps)  ->  Alma Juventus Fano 1906 (1979-1981, 59 apps)  ->  Siena FC (1981-1982, 28 apps)  ->  Empoli FC (1982-1984, 61 apps)"
"Salvatore Fresi",Italy,defender,10,"U.S. Salernitana 1919 (1993-1995, 62 apps)  ->  Inter Milan (1995-2000, 87 apps)  ->  U.S. Salernitana 1919 (1998-1999, 27 apps)  ->  SSC Napoli (2000-2001, 23 apps)  ->  Bologna F.C. 1909 (2001-2002, 25 apps)  ->  Juventus FC (2002-2004, 9 apps)  ->  Catania FC (2004-2004, 6 apps)  ->  A.C. Perugia Calcio (2004-2004, 11 apps)  ->  A.S.D. Battipagliese (2005-2006, 16 apps)  ->  U.S. Salernitana 1919 (2005-2005, 6 apps)"
"Salvatore Lanna",Italy,defender,8,"A.C. Carpi (1992-1993, ? apps)  ->  AS Reggina 1914 (1994-1995, 6 apps)  ->  A.C. Carpi (1995-1996, 30 apps)  ->  AC Milan (1996-2007, 312 apps)  ->  AC ChievoVerona (1996-2007, 312 apps)  ->  Torino FC (2007-2008, 29 apps)  ->  Bologna F.C. 1909 (2008-2010, 55 apps)  ->  A.C. Reggiana 1919 (2010-2011, 10 apps)"
"Salvatore Schillaci",Italy,forward,5,"A.C.R. Messina (1982-1989, 219 apps)  ->  Juventus FC (1989-1992, 90 apps)  ->  Inter Milan (1992-1994, 30 apps)  ->  Júbilo Iwata (1994-1997, 78 apps)  ->  Unione Sportiva Altamura (2008-2008, 1 apps)"
"Sam Barkas","United Kingdom of Great Britain and Ireland, United Kingdom",full-back,2,"Bradford City A.F.C. (1928-1933, 202 apps)  ->  Manchester City F.C. (1933-1946, 176 apps)"
"Sam Chedgzoy","United Kingdom of Great Britain and Ireland, United Kingdom","wing half",2,"Everton F.C. (1910-1926, 279 apps)  ->  New Bedford Whalers (1926-1930, 164 apps)"
"Sam Cookson","United Kingdom of Great Britain and Ireland, United Kingdom",full-back,1,"Manchester City F.C. (1919-1928, 285 apps)"
"Sam Cowan","United Kingdom of Great Britain and Ireland, United Kingdom",defender,4,"Doncaster Rovers F.C. (1923-1924, 48 apps)  ->  Manchester City F.C. (1924-1935, 369 apps)  ->  Bradford City A.F.C. (1935-1937, 57 apps)  ->  Mossley A.F.C. (1937-1938, 39 apps)"
"Sam Haden","United Kingdom of Great Britain and Ireland, United Kingdom",forward,3,"Arsenal F.C. (1923-1926, 88 apps)  ->  Notts County F.C. (1927-1935, 289 apps)  ->  Peterborough United F.C. (1938-1946, 21 apps)"
"Sam Hardy","United Kingdom of Great Britain and Ireland, United Kingdom",goalkeeper,4,"Chesterfield F.C. (1903-1905, 71 apps)  ->  Liverpool F.C. (1905-1912, 219 apps)  ->  Aston Villa F.C. (1912-1921, 183 apps)  ->  Nottingham Forest F.C. (1921-1925, 109 apps)"
"Sam Raybould","United Kingdom of Great Britain and Ireland, United Kingdom",forward,6,"Derby County F.C. (1894-1894, 5 apps)  ->  New Brighton Tower F.C. (1899-1900, 13 apps)  ->  Liverpool F.C. (1900-1907, 211 apps)  ->  Sunderland A.F.C. (1907-1908, 27 apps)  ->  Arsenal F.C. (1908-1909, 26 apps)  ->  Chesterfield F.C. (1909-?, ? apps)"
"Sam Weaver","United Kingdom of Great Britain and Ireland, United Kingdom","wing half",5,"Sutton Town A.F.C. (1926-1928, ? apps)  ->  Hull City A.F.C. (1928-1929, 48 apps)  ->  Newcastle United F.C. (1929-1936, 204 apps)  ->  Chelsea F.C. (1936-1945, 116 apps)  ->  Stockport County F.C. (1945-1947, 2 apps)"
"Sami Hyypiä",Finland,centre-back,5,"Kuusankosken Kumu (1990-1991, 19 apps)  ->  MYPA (1992-1995, 96 apps)  ->  Willem II (1995-1999, 100 apps)  ->  Liverpool F.C. (1999-2009, 464 apps)  ->  Bayer 04 Leverkusen (2009-2011, 53 apps)"
"Sami Khedira","Tunisia, Germany","midfielder, central midfielder",4,"VfB Stuttgart (2006-2010, 98 apps)  ->  Real Madrid Club de Fútbol (2010-2015, 102 apps)  ->  Juventus FC (2015-2021, 99 apps)  ->  Hertha BSC (2021-2021, 9 apps)"
"Samir Handanović",Slovenia,goalkeeper,7,"NK Zagorje (2003-2004, 11 apps)  ->  NK Domžale (2003-2004, 7 apps)  ->  Udinese Calcio (2004-2012, 182 apps)  ->  Treviso F.B.C. 1993 (2005-2006, 3 apps)  ->  SS Lazio (2006-2006, 1 apps)  ->  Rimini FC (2006-2007, 39 apps)  ->  Inter Milan (2012-2023, 380 apps)"
"Samir Nasri","Algeria, France",midfielder,7,"Olympique de Marseille (2004-2008, 121 apps)  ->  Arsenal F.C. (2008-2011, 86 apps)  ->  Manchester City F.C. (2011-2017, 129 apps)  ->  Sevilla FC (2016-2017, 23 apps)  ->  Antalyaspor (2017-2018, 8 apps)  ->  West Ham United F.C. (2018-2019, 5 apps)  ->  R.S.C. Anderlecht (2019-2020, 7 apps)"
"Sammy Lee","United Kingdom",midfielder,5,"Liverpool F.C. (1976-1986, 197 apps)  ->  Queens Park Rangers F.C. (1986-1987, 30 apps)  ->  Club Atlético Osasuna (1987-1990, 28 apps)  ->  Southampton F.C. (1989-1990, 2 apps)  ->  Bolton Wanderers F.C. (1990-1991, 4 apps)"
"Sammy McIlroy","United Kingdom",midfielder,9,"Manchester United F.C. (1971-1982, 342 apps)  ->  Stoke City F.C. (1982-1985, 133 apps)  ->  Manchester City F.C. (1985-1986, 13 apps)  ->  Örgryte IS (1986-1986, 7 apps)  ->  Bury F.C. (1986-1989, 100 apps)  ->  VfB Mödling (1988-1988, 6 apps)  ->  Admira Wacker (1988-1988, 6 apps)  ->  Preston North End F.C. (1989-1991, 20 apps)  ->  Northwich Victoria F.C. (1991-1993, 8 apps)"
"Sammy Nelson","United Kingdom","centre-back, defender",2,"Arsenal F.C. (1966-1981, 339 apps)  ->  Brighton & Hove Albion F.C. (1981-1983, 40 apps)"
"Sammy Sharp",,"wing half",5,"Manchester City F.C. (1918-1919, 0 apps)  ->  Bolton Wanderers F.C. (1919-1920, 0 apps)  ->  Manchester City F.C. (1920-1929, 176 apps)  ->  Crewe Alexandra F.C. (1929-1931, 60 apps)  ->  Wigan Borough F.C. (1931-1931, 4 apps)"
"Samu Castillejo",Spain,"wing half",7,"Atlético Malagueño (2011-2014, 75 apps)  ->  Cruz Azul (2014-2015, 34 apps)  ->  Villarreal CF (2015-2018, 91 apps)  ->  AC Milan (2018-2022, 86 apps)  ->  Valencia CF (2022-2024, 25 apps)  ->  US Sassuolo Calcio (2023-2024, 17 apps)  ->  Johor Darul Takzim F.C. (2025-?, 3 apps)"
"Samuel Eto'o","Cameroon, Spain",forward,12,"CD Leganés (1997-1998, 30 apps)  ->  Real Madrid Club de Fútbol (1997-2000, 3 apps)  ->  RCD Espanyol de Barcelona (1999-1999, 0 apps)  ->  RCD Mallorca (2000-2000, 19 apps)  ->  Inter Milan (2009-2011, 67 apps)  ->  FC Anzhi Makhachkala (2011-2013, 53 apps)  ->  Chelsea F.C. (2013-2014, 21 apps)  ->  Everton F.C. (2014-2015, 14 apps)  ->  U.C. Sampdoria (2015-2015, 18 apps)  ->  Antalyaspor (2015-2018, 73 apps)  ->  Konyaspor (2018-2018, 13 apps)  ->  Qatar SC (2018-2019, 17 apps)"
"Samuel Kuffour",Ghana,centre-back,8,"King Faisal Babes (1990-1991, ? apps)  ->  Torino FC (1991-1993, ? apps)  ->  FC Bayern Munich (1993-2005, 175 apps)  ->  1. FC Nürnberg (1995-1996, 12 apps)  ->  AS Roma (2005-2008, 21 apps)  ->  US Livorno 1915 (2006-2007, 18 apps)  ->  AFC Ajax (2008-2008, 2 apps)  ->  Asante Kotoko F.C. (2009-2009, 2 apps)"
"Samuel Umtiti","Cameroon, France","centre-back, defender",3,"Olympique Lyonnais (2012-2016, 131 apps)  ->  US Lecce (2022-2023, 25 apps)  ->  Lille OSC (2023-2025, 6 apps)"
"Samuel Wolstenholme","United Kingdom of Great Britain and Ireland, United Kingdom",defender,5,"Everton F.C. (1897-1904, 160 apps)  ->  Blackburn Rovers F.C. (1904-1908, 97 apps)  ->  Croydon Common F.C. (1908-1909, ? apps)  ->  Norwich City F.C. (1909-1913, 138 apps)  ->  Chester City F.C. (1913-1913, ? apps)"
"Sandro Mazzola",Italy,midfielder,1,"Inter Milan (1960-1977, 417 apps)"
"Sandro Raniere","Brazil, Portugal",midfielder,4,"S.C. Internacional (2007-2010, 68 apps)  ->  Tottenham Hotspur F.C. (2010-2014, 81 apps)  ->  Queens Park Rangers F.C. (2014-2016, 28 apps)  ->  West Bromwich Albion F.C. (2016-?, ? apps)"
"Sandro Salvadore","Kingdom of Italy, Italy",defender,2,"AC Milan (1958-1962, 72 apps)  ->  Juventus FC (1962-1974, 331 apps)"
"Sandro Tonali",Italy,midfielder,4,"Brescia Calcio (2016-2021, 88 apps)  ->  AC Milan (2020-2021, 25 apps)  ->  AC Milan (2021-2023, 95 apps)  ->  Newcastle United F.C. (2023-?, 73 apps)"
"Sandy Brown","United Kingdom of Great Britain and Ireland",forward,7,"Preston North End F.C. (1896-1899, 63 apps)  ->  St. Bernard's F.C. (1896-1896, 43 apps)  ->  Portsmouth F.C. (1899-1900, 132 apps)  ->  Tottenham Hotspur F.C. (1900-1901, 84 apps)  ->  Portsmouth F.C. (1901-1903, 50 apps)  ->  Middlesbrough F.C. (1903-1905, 44 apps)  ->  Luton Town F.C. (1905-1908, 69 apps)"
"Sandy Brown","United Kingdom",full-back,4,"Partick Thistle F.C. (1957-1963, 105 apps)  ->  Everton F.C. (1963-1971, 209 apps)  ->  Shrewsbury Town F.C. (1971-1972, 21 apps)  ->  Southport F.C. (1972-1973, 19 apps)"
"Sandy MacFarlane","United Kingdom of Great Britain and Ireland, United Kingdom","inside forward",6,"Airdrieonians F.C. (1895-1896, ? apps)  ->  Arsenal F.C. (1896-1897, 5 apps)  ->  Airdrieonians F.C. (1897-1898, ? apps)  ->  Newcastle United F.C. (1898-1901, 84 apps)  ->  Dundee F.C. (1901-1913, ? apps)  ->  Chelsea F.C. (1913-1914, 4 apps)"
"Sandy Tait","United Kingdom of Great Britain and Ireland, United Kingdom",full-back,5,"Rangers F.C. (1891-1892, 6 apps)  ->  Motherwell F.C. (1892-1894, 17 apps)  ->  Preston North End F.C. (1894-1899, 76 apps)  ->  Tottenham Hotspur F.C. (1899-1908, 202 apps)  ->  Leyton F.C. (1908-1909, 6 apps)"
"Sandy Turnbull","United Kingdom of Great Britain and Ireland","inside forward",2,"Manchester City F.C. (1902-1906, 110 apps)  ->  Manchester United F.C. (1906-1915, 220 apps)"
"Santi Cazorla",Spain,"wing half",9,"Villarreal CF B (2003-2004, 40 apps)  ->  Villarreal CF (2003-2006, 54 apps)  ->  Recreativo de Huelva (2006-2007, 34 apps)  ->  Villarreal CF (2007-2011, 127 apps)  ->  Málaga CF (2011-2012, 38 apps)  ->  Arsenal F.C. (2012-2018, 129 apps)  ->  Villarreal CF (2018-2020, 70 apps)  ->  Al Sadd Sports Club (2020-2023, 55 apps)  ->  Real Oviedo (2023-?, 63 apps)"
"Santi Denia",Spain,defender,3,"Albacete Balompié (1992-1995, 98 apps)  ->  Atlético Madrid (1995-2004, 225 apps)  ->  Albacete Balompié (2005-2007, 38 apps)"
"Santiago Cañizares",Spain,goalkeeper,7,"Real Madrid Club de Fútbol (1988-1992, 0 apps)  ->  Real Madrid C (1988-1989, ? apps)  ->  Elche CF (1990-1991, 7 apps)  ->  CP Mérida (1991-1992, 38 apps)  ->  RC Celta de Vigo (1992-1994, 74 apps)  ->  Real Madrid Club de Fútbol (1994-1998, 41 apps)  ->  Valencia CF (1998-2008, 305 apps)"
"Santiago Ezquerro",Spain,forward,8,"Club Atlético Osasuna (1993-1994, ? apps)  ->  Osasuna B (1994-1995, 15 apps)  ->  Club Atlético Osasuna (1995-1996, 38 apps)  ->  Atlético Madrid (1996-1998, 8 apps)  ->  Atlético Madrid B (1996-1997, 34 apps)  ->  Athletic Club (1998-2005, 222 apps)  ->  RCD Mallorca (1998-1998, 14 apps)  ->  Club Atlético Osasuna (2008-2009, 10 apps)"
"Santiago Solari",Argentina,midfielder,7,"Newell's Old Boys (1994-1995, 0 apps)  ->  Club Atlético River Plate (1996-1998, 67 apps)  ->  Atlético Madrid (1999-2000, 46 apps)  ->  Real Madrid Club de Fútbol (2000-2005, 131 apps)  ->  Inter Milan (2005-2008, 39 apps)  ->  Atlante F.C. (2009-2010, 33 apps)  ->  Club Atlético Peñarol (2010-2011, 9 apps)"
"Santiago Urquiaga",Spain,full-back,4,"Athletic Club (1973-1976, ? apps)  ->  Athletic Bilbao B (1976-1979, 93 apps)  ->  Athletic Club (1979-1987, 345 apps)  ->  RCD Espanyol de Barcelona (1987-1989, 61 apps)"
Santillana,Spain,forward,2,"Racing de Santander (1970-1971, 35 apps)  ->  Real Madrid Club de Fútbol (1971-1988, 461 apps)"
"Savino Bellini","Kingdom of Italy, Italy",midfielder,8,"Associazione Sportiva Portuense (1931-1934, ? apps)  ->  SPAL (1934-1936, 58 apps)  ->  Novara Calcio (1936-1937, 21 apps)  ->  Juventus FC (1937-1944, 115 apps)  ->  AC Milan (1943-1944, ? apps)  ->  Varese Calcio (1944-1945, 10 apps)  ->  Inter Milan (1945-1946, 7 apps)  ->  SPAL (1946-1948, 31 apps)"
"Saúl Ñíguez",Spain,midfielder,6,"Atlético Madrid B (2010-2013, 70 apps)  ->  Atlético Madrid (2012-2025, 295 apps)  ->  Rayo Vallecano (2013-2014, 34 apps)  ->  Chelsea F.C. (2021-2022, 10 apps)  ->  Sevilla FC (2024-2025, 24 apps)  ->  Clube de Regatas do Flamengo (2025-?, 15 apps)"
"Scot Gemmill","United Kingdom",midfielder,6,"Nottingham Forest F.C. (1990-1999, 245 apps)  ->  Everton F.C. (1999-2004, 97 apps)  ->  Preston North End F.C. (2004-2004, 7 apps)  ->  Leicester City F.C. (2004-2006, 17 apps)  ->  Oxford United F.C. (2006-2006, 1 apps)  ->  New Zealand Knights FC (2006-2007, 20 apps)"
"Scott Duncan","United Kingdom of Great Britain and Ireland, United Kingdom",forward,6,"Dumbarton F.C. (1906-1908, 30 apps)  ->  Newcastle United F.C. (1908-1913, 81 apps)  ->  Rangers F.C. (1913-1919, 101 apps)  ->  Dumbarton F.C. (1918-1920, 28 apps)  ->  Cowdenbeath F.C. (1920-1922, ? apps)  ->  Dumbarton F.C. (1922-1923, 0 apps)"
"Scott McTominay","United Kingdom",midfielder,2,"Manchester United F.C. (2017-2024, 178 apps)  ->  SSC Napoli (2024-?, 44 apps)"
"Sead Kolašinac","Germany, Bosnia and Herzegovina",full-back,6,"Schalke 04 (2012-2017, 94 apps)  ->  FC Schalke 04 II (2012-2015, 8 apps)  ->  Arsenal F.C. (2017-2022, 80 apps)  ->  Schalke 04 (2021-2021, 17 apps)  ->  Olympique de Marseille (2022-2023, 47 apps)  ->  Atalanta BC (2023-?, 72 apps)"
"Sean Longstaff","United Kingdom",midfielder,4,"Blackpool F.C. (2017-2018, 45 apps)  ->  Kilmarnock F.C. (2017-2017, 17 apps)  ->  Newcastle United F.C. (2018-2025, 171 apps)  ->  Leeds United F.C. (2025-?, ? apps)"
"Sebastian Giovinco",Italy,"midfielder, forward",6,"Juventus FC (2006-2015, 92 apps)  ->  Empoli FC (2007-2008, 35 apps)  ->  Parma Calcio 1913 (2010-2012, 66 apps)  ->  Toronto FC (2015-2019, 114 apps)  ->  Al Hilal SFC (2019-2021, 57 apps)  ->  U.C. Sampdoria (2022-2022, 2 apps)"
"Sebastian Kehl",Germany,midfielder,3,"Hannover 96 (1998-2000, 32 apps)  ->  SC Freiburg (2000-2001, 40 apps)  ->  Borussia Dortmund (2002-2015, 274 apps)"
"Sebastiano Nela",Italy,"centre-back, defender",3,"Genoa CFC (1978-1981, 70 apps)  ->  AS Roma (1981-1992, 281 apps)  ->  SSC Napoli (1992-1994, 34 apps)"
"Sebastiano Rossi",Italy,goalkeeper,6,"Forlì F.C. (1982-1983, 11 apps)  ->  AC Cesena (1982-1990, 127 apps)  ->  Empoli FC (1984-1985, 0 apps)  ->  San Frediano Rondinella S.S. (1985-1986, 28 apps)  ->  AC Milan (1990-2002, 240 apps)  ->  A.C. Perugia Calcio (2002-2003, 12 apps)"
"Sepp Maier",Germany,goalkeeper,1,"FC Bayern Munich (1962-1980, 536 apps)"
"Serafín Areta",Spain,defender,2,"Athletic Club (1949-1958, 112 apps)  ->  Real Betis Balompié (1958-1960, 37 apps)"
"Serge Gnabry","Ivory Coast, Germany",forward,5,"Arsenal F.C. (2012-2016, 10 apps)  ->  West Bromwich Albion F.C. (2015-2016, 1 apps)  ->  SV Werder Bremen (2016-2017, 27 apps)  ->  FC Bayern Munich (2017-?, 212 apps)  ->  TSG 1899 Hoffenheim (2017-2018, 22 apps)"
"Sergi Barjuan",Spain,full-back,2,"FC Barcelona Atlètic (1992-1993, 42 apps)  ->  Atlético Madrid (2002-2005, 85 apps)"
"Sergi Roberto",Spain,midfielder,2,"FC Barcelona Atlètic (2009-2013, 106 apps)  ->  Como 1907 (2024-?, 18 apps)"
Serginho,Brazil,midfielder,6,"Itaperuna Esporte Clube (1992-1993, 7 apps)  ->  Esporte Clube Bahia (1993-1994, 11 apps)  ->  Clube de Regatas do Flamengo (1994-1995, 17 apps)  ->  Cruzeiro E.C. (1995-1996, 23 apps)  ->  São Paulo FC (1996-1999, 58 apps)  ->  AC Milan (1999-2008, 185 apps)"
"Sergio Agüero",Argentina,centre-forward,3,"Club Atlético Independiente (2003-2006, 54 apps)  ->  Atlético Madrid (2006-2011, 177 apps)  ->  Manchester City F.C. (2011-2021, 275 apps)"
"Sergio Andreoli","Kingdom of Italy, Italy",defender,4,"A.C. Perugia Calcio (1938-1939, ? apps)  ->  AS Roma (1941-1950, 229 apps)  ->  AS Reggina 1914 (1950-1951, 36 apps)  ->  S.S. Romulea (1955-1956, ? apps)"
"Sergio Ballesteros",Spain,defender,6,"Levante UD (1994-1996, 36 apps)  ->  C.D. Tenerife (1996-2000, 86 apps)  ->  Rayo Vallecano (2000-2001, 36 apps)  ->  Villarreal CF (2001-2004, 81 apps)  ->  RCD Mallorca (2004-2008, 103 apps)  ->  Levante UD (2008-2013, 174 apps)"
"Sergio Battistini",Italy,defender,5,"AC Milan (1980-1985, 162 apps)  ->  ACF Fiorentina (1985-1990, 127 apps)  ->  Inter Milan (1990-1994, 112 apps)  ->  Brescia Calcio (1994-1996, 37 apps)  ->  Spezia Calcio (1996-1997, 17 apps)"
"Sergio Brio",Italy,defender,3,"US Lecce (1973-1974, 1 apps)  ->  Juventus FC (1974-1990, 379 apps)  ->  Pistoiese FC (1975-1978, 96 apps)"
"Sergio Busquets",Spain,"defensive midfielder",7,"Q112841087 (1995-1996, ? apps)  ->  Q112841080 (1996-1999, ? apps)  ->  UE Lleida (1999-2003, ? apps)  ->  UFB Jàbac i Terrassa (2003-2005, ? apps)  ->  FC Barcelona C (2006-2006, 1 apps)  ->  FC Barcelona Atlètic (2007-2008, 32 apps)  ->  Inter Miami CF (2023-2025, 74 apps)"
"Sergio Carpanesi",Italy,midfielder,7,"ACF Fiorentina (1955-1959, 31 apps)  ->  Palermo F.C. (1959-1960, 30 apps)  ->  SPAL (1960-1961, 34 apps)  ->  AS Roma (1961-1967, 158 apps)  ->  U.C. Sampdoria (1967-1969, 23 apps)  ->  SSC Ancona (1969-1971, 57 apps)  ->  Q3626842 (1971-1972, 12 apps)"
"Sergio Chellini",Italy,goalkeeper,6,"Siena FC (1940-1943, 79 apps)  ->  A.S.D. Biellese 1902 (1943-1944, 8 apps)  ->  Siena FC (1945-1946, 18 apps)  ->  SSC Napoli (1946-1950, 121 apps)  ->  Spezia Calcio (1950-1951, 13 apps)  ->  US Livorno 1915 (1951-1953, 8 apps)"
"Sergio Escudero Palomo",Spain,defender,8,"Real Murcia Imperial (2008-2009, ? apps)  ->  Real Murcia (2009-2010, 29 apps)  ->  Schalke 04 (2010-2013, 22 apps)  ->  Getafe CF (2013-2015, 54 apps)  ->  Sevilla FC (2015-2021, 176 apps)  ->  Granada CF (2021-2022, 29 apps)  ->  Real Valladolid (2022-2024, 60 apps)  ->  Deportivo de La Coruña (2024-2026, 35 apps)"
"Sergio Lloret",Spain,forward,2,"Valencia CF (1970-1975, 122 apps)  ->  Racing de Santander (1975-1978, 59 apps)"
"Sergio Manente","Kingdom of Italy, Italy",defender,5,"Udinese Calcio (1942-1944, 13 apps)  ->  Atalanta BC (1946-1948, 58 apps)  ->  Juventus FC (1948-1955, 231 apps)  ->  Vicenza Calcio (1955-1957, 51 apps)  ->  Udinese Calcio (1957-1960, 36 apps)"
"Sergio Marchi","Kingdom of Italy, Italy",defender,6,"Pisa SC (1936-1938, 42 apps)  ->  Genoa CFC (1938-1943, 132 apps)  ->  AC Pavia 1911 (1944-1944, 8 apps)  ->  AC Milan (1944-1945, 17 apps)  ->  Inter Milan (1945-1948, 88 apps)  ->  Cagliari Calcio (1948-1950, 32 apps)"
"Sergio Morin","Kingdom of Italy, Italy",midfielder,9,"UFM Monfalcone (1948-1950, ? apps)  ->  Vigevano Calcio (1950-1952, ? apps)  ->  Inter Milan (1950-1951, ? apps)  ->  Inter Milan (1952-1953, 1 apps)  ->  AC Pavia 1911 (1953-1954, 34 apps)  ->  SPAL (1954-1956, 63 apps)  ->  SSC Napoli (1956-1960, 90 apps)  ->  Hellas Verona FC (1960-1962, 40 apps)  ->  UFM Monfalcone (1962-1966, 98 apps)"
"Sergio Porrini",Italy,defender,7,"AC Milan (1986-1989, 0 apps)  ->  Atalanta BC (1989-1993, 100 apps)  ->  Juventus FC (1993-1997, 80 apps)  ->  Rangers F.C. (1997-2001, 133 apps)  ->  US Alessandria Calcio 1912 (2001-2003, 34 apps)  ->  Calcio Padova (2003-2004, 43 apps)  ->  A.S. Pizzighettone (2004-2009, 56 apps)"
"Sergio Ramos",Spain,centre-back,5,"Sevilla FC (2004-2005, 39 apps)  ->  Real Madrid Club de Fútbol (2005-2021, 469 apps)  ->  Paris Saint-Germain FC (2021-2023, 45 apps)  ->  Sevilla FC (2023-2024, 28 apps)  ->  Club de Fútbol Monterrey (2025-2025, 27 apps)"
"Sergio Rico",Spain,goalkeeper,7,"Sevilla Atlético (2011-2014, 36 apps)  ->  Sevilla FC (2014-2020, 114 apps)  ->  Fulham F.C. (2018-2019, 29 apps)  ->  Paris Saint-Germain FC (2019-2020, 2 apps)  ->  Paris Saint-Germain FC (2020-2024, 11 apps)  ->  RCD Mallorca (2022-2022, 14 apps)  ->  Al-Gharafa SC (2024-?, ? apps)"
"Sergio Santarini",Italy,defender,4,"Rimini FC (1963-1967, 76 apps)  ->  Inter Milan (1967-1968, 14 apps)  ->  AS Roma (1968-1981, 344 apps)  ->  Unione Sportiva Catanzaro (1981-1983, 48 apps)"
"Severino Lojodice",Italy,midfielder,9,"A.C. Fanfulla 1874 (1953-1954, 12 apps)  ->  US Cremonese (1954-1955, 28 apps)  ->  AC Monza (1955-1956, 24 apps)  ->  AS Roma (1956-1959, 88 apps)  ->  Juventus FC (1959-1960, 11 apps)  ->  U.C. Sampdoria (1960-1961, 22 apps)  ->  Brescia Calcio (1961-1963, 30 apps)  ->  AC Monza (1963-1964, 15 apps)  ->  Pro Sesto 1913 (1966-1968, 39 apps)"
"Severo Cominelli","Kingdom of Italy, Italy",midfielder,6,"S.G. Gallaratese A.S.D. (1933-1934, ? apps)  ->  Atalanta BC (1934-1941, 193 apps)  ->  Inter Milan (1941-1947, 132 apps)  ->  Atalanta BC (1944-1944, 13 apps)  ->  Atalanta BC (1947-1949, 57 apps)  ->  SPAL (1949-1950, 28 apps)"
"Seydou Keita","Mali, France",midfielder,8,"Olympique de Marseille (1999-2000, 6 apps)  ->  F.C. Lorient (2000-2002, 58 apps)  ->  R.C. Lens (2002-2007, 157 apps)  ->  Sevilla FC (2007-2008, 31 apps)  ->  Dalian Professional F.C. (2012-2014, 37 apps)  ->  AS Roma (2014-2016, 46 apps)  ->  Valencia CF (2014-2014, 11 apps)  ->  El Jaish SC (2016-2017, 16 apps)"
"Shaun Goater","United Kingdom",forward,10,"Manchester United F.C. (1989-1989, 0 apps)  ->  Rotherham United F.C. (1989-1996, 209 apps)  ->  Notts County F.C. (1993-1993, 1 apps)  ->  Bristol City F.C. (1996-1998, 75 apps)  ->  Manchester City F.C. (1998-2003, 184 apps)  ->  Reading F.C. (2003-2005, 43 apps)  ->  Coventry City F.C. (2005-2005, 6 apps)  ->  Southend United F.C. (2005-2006, 33 apps)  ->  Bermuda Hogges (2007-2008, 9 apps)  ->  North Village Rams (2008-2010, 7 apps)"
"Shaun Wright-Phillips","United Kingdom","midfielder, wing half",6,"Manchester City F.C. (1999-2005, 153 apps)  ->  Chelsea F.C. (2005-2008, 81 apps)  ->  Manchester City F.C. (2008-2011, 65 apps)  ->  Queens Park Rangers F.C. (2011-2015, 67 apps)  ->  Red Bull New York (2015-2016, 21 apps)  ->  Phoenix Rising FC (2017-2017, 26 apps)"
"Shay Brennan",Ireland,full-back,2,"Manchester United F.C. (1957-1970, 355 apps)  ->  Waterford United F.C. (1970-1974, 40 apps)"
"Shay Given",Ireland,goalkeeper,9,"Blackburn Rovers F.C. (1994-1997, 2 apps)  ->  Swindon Town F.C. (1994-1994, 0 apps)  ->  Sunderland A.F.C. (1996-1996, 17 apps)  ->  Swindon Town F.C. (1996-1996, 5 apps)  ->  Newcastle United F.C. (1997-2009, 354 apps)  ->  Manchester City F.C. (2009-2011, 50 apps)  ->  Aston Villa F.C. (2011-2015, 37 apps)  ->  Middlesbrough F.C. (2013-2014, 16 apps)  ->  Stoke City F.C. (2015-2017, 8 apps)"
"Shinji Kagawa",Japan,midfielder,8,"Cerezo Osaka (2006-2010, 125 apps)  ->  Borussia Dortmund (2010-2012, 49 apps)  ->  Manchester United F.C. (2012-2014, 38 apps)  ->  Borussia Dortmund (2014-2019, 99 apps)  ->  Real Zaragoza (2019-2020, 33 apps)  ->  Beşiktaş J.K. (Football) (2019-2019, 14 apps)  ->  Sint-Truidense V.V. (2022-2023, 18 apps)  ->  Cerezo Osaka (2023-?, 69 apps)"
"Shkodran Mustafi",Germany,centre-back,6,"Everton F.C. (2009-2012, 0 apps)  ->  U.C. Sampdoria (2012-2014, 51 apps)  ->  Valencia CF (2014-2016, 64 apps)  ->  Arsenal F.C. (2016-2021, 102 apps)  ->  Schalke 04 (2021-2021, 13 apps)  ->  Levante UD (2021-2023, 14 apps)"
"Shola Ameobi","Nigeria, United Kingdom",forward,7,"Newcastle United F.C. (2000-2014, 312 apps)  ->  Stoke City F.C. (2008-2008, 6 apps)  ->  Gaziantep F.K. (2014-2015, 11 apps)  ->  Gaziantepspor (2014-2015, 11 apps)  ->  Bolton Wanderers F.C. (2015-2016, 8 apps)  ->  Crystal Palace F.C. (2015-2015, 4 apps)  ->  Fleetwood Town F.C. (2016-?, ? apps)"
"Sid Tickridge","United Kingdom of Great Britain and Ireland, United Kingdom",full-back,3,"Tottenham Hotspur F.C. (1946-1950, 95 apps)  ->  Chelsea F.C. (1951-1952, 61 apps)  ->  Brentford F.C. (1955-1956, 62 apps)"
"Sigfried Held",Germany,forward,6,"Kickers Offenbach (1963-1965, 23 apps)  ->  Borussia Dortmund (1965-1971, 183 apps)  ->  Kickers Offenbach (1971-1977, 204 apps)  ->  Borussia Dortmund (1977-1979, 47 apps)  ->  SC Preußen Münster (1979-1979, 11 apps)  ->  KFC Uerdingen 05 (1979-1981, 59 apps)"
"Silverio Tricoli",Italy,midfielder,5,"S.S. Scafatese Calcio 1922 (1926-1927, ? apps)  ->  Savoia 1908 FC (1931-1935, 78 apps)  ->  SSC Napoli (1935-1943, 81 apps)  ->  Benevento Calcio (1945-1946, ? apps)  ->  SS Turris Calcio (1946-1947, ? apps)"
"Silvestre Igoa",Spain,forward,3,"Valencia CF (1941-1950, 168 apps)  ->  Real Sociedad (1950-1956, 116 apps)  ->  Granada CF (1956-1957, 116 apps)"
"Silvio Formentin","Kingdom of Italy, Italy",midfielder,5,"Calcio Padova (1939-1947, 119 apps)  ->  Genoa CFC (1947-1950, 101 apps)  ->  SSC Napoli (1950-1954, 103 apps)  ->  Novara Calcio (1954-1956, 40 apps)  ->  US Sassuolo Calcio (1957-1958, ? apps)"
"Silvio Pietroboni","Kingdom of Italy, Italy",defender,3,"Inter Milan (1919-1933, 194 apps)  ->  Calcio Lecco 1912 (1920-1921, 20 apps)  ->  S.G. Gallaratese A.S.D. (1933-1934, ? apps)"
"Simon Davies","United Kingdom","wing half",4,"Peterborough United F.C. (1997-2000, 65 apps)  ->  Tottenham Hotspur F.C. (2000-2005, 121 apps)  ->  Everton F.C. (2005-2007, 45 apps)  ->  Fulham F.C. (2007-2013, 137 apps)"
"Simon Mignolet",Belgium,goalkeeper,4,"Sint-Truidense V.V. (2007-2010, 100 apps)  ->  Sunderland A.F.C. (2010-2013, 90 apps)  ->  Liverpool F.C. (2013-2019, 155 apps)  ->  Club Brugge K.V. (2019-2026, 221 apps)"
"Simone Padoin",Italy,midfielder,5,"LR Vicenza (2003-2007, 126 apps)  ->  Atalanta BC (2007-2012, 156 apps)  ->  Juventus FC (2012-2016, 84 apps)  ->  Cagliari Calcio (2016-2019, 98 apps)  ->  Ascoli Calcio 1898 FC (2019-2020, 32 apps)"
"Simone Perrotta",Italy,"wing half",5,"AS Reggina 1914 (1995-1998, 77 apps)  ->  Juventus FC (1998-1999, 5 apps)  ->  SSC Bari (1999-2001, 56 apps)  ->  AC ChievoVerona (2001-2004, 95 apps)  ->  AS Roma (2004-2013, 246 apps)"
"Simão Sabrosa",Portugal,"wing half",6,"Sporting CP (1997-1999, 53 apps)  ->  S.L. Benfica (2001-2007, 172 apps)  ->  Atlético Madrid (2007-2010, 113 apps)  ->  Beşiktaş J.K. (Football) (2011-2012, 46 apps)  ->  RCD Espanyol de Barcelona (2012-2014, 60 apps)  ->  NorthEast United FC (2015-?, ? apps)"
"Simón Lecue",Spain,midfielder,6,"CD Baskonia (1929-1930, ? apps)  ->  Deportivo Alavés (1930-1932, 36 apps)  ->  Real Betis Balompié (1932-1935, 55 apps)  ->  Real Madrid Club de Fútbol (1935-1942, 80 apps)  ->  Valencia CF (1942-1946, 77 apps)  ->  Real Zaragoza (1948-1949, 20 apps)"
"Sofiane Feghouli","Algeria, France","wing half",7,"Grenoble Foot 38 (2007-2010, 60 apps)  ->  Valencia CF (2010-2016, 146 apps)  ->  Unión Deportiva Almería (2011-2011, 9 apps)  ->  West Ham United F.C. (2016-2017, 21 apps)  ->  Galatasaray S.K. (2017-2022, 125 apps)  ->  Fatih Karagümrük S.K. (2023-2024, 34 apps)  ->  Baghdad FC (2025-2026, 4 apps)"
"Sokratis Papastathopoulos",Greece,centre-back,8,"Genoa CFC (2008-2010, 51 apps)  ->  AC Milan (2010-2012, 5 apps)  ->  SV Werder Bremen (2011-2012, 30 apps)  ->  Genoa CFC (2011-2011, 0 apps)  ->  SV Werder Bremen (2012-2013, 29 apps)  ->  Borussia Dortmund (2013-2018, 130 apps)  ->  Arsenal F.C. (2018-2021, 44 apps)  ->  Real Betis Balompié (2023-2024, 15 apps)"
"Sol Campbell","United Kingdom",centre-back,6,"Tottenham Hotspur F.C. (1992-2001, 255 apps)  ->  Arsenal F.C. (2001-2006, 135 apps)  ->  Portsmouth F.C. (2006-2009, 95 apps)  ->  Notts County F.C. (2009-2009, 1 apps)  ->  Arsenal F.C. (2010-2010, 11 apps)  ->  Newcastle United F.C. (2010-2011, 7 apps)"
"Son Heung-min","South Korea",forward,4,"Hamburger SV (2010-2013, 73 apps)  ->  Bayer 04 Leverkusen (2013-2015, 62 apps)  ->  Tottenham Hotspur F.C. (2015-2025, 333 apps)  ->  Los Angeles FC (2025-?, 10 apps)"
"Sonny Walters","United Kingdom of Great Britain and Ireland, United Kingdom","wing half",2,"Tottenham Hotspur F.C. (1946-1956, 210 apps)  ->  Aldershot F.C. (1957-1959, 66 apps)"
"Spartaco Landini","Kingdom of Italy, Italy",defender,4,"Inter Milan (1962-1970, 94 apps)  ->  Palermo F.C. (1970-1973, 97 apps)  ->  SSC Napoli (1973-1976, 26 apps)  ->  A.S.D. SanGiovanniValdarno (1976-1978, 69 apps)"
"Stan Anderson","United Kingdom",midfielder,3,"Sunderland A.F.C. (1952-1963, 402 apps)  ->  Newcastle United F.C. (1963-1965, 81 apps)  ->  Middlesbrough F.C. (1965-1966, 21 apps)"
"Stan Bentham","United Kingdom of Great Britain and Ireland, United Kingdom","wing half",2,"Wigan Athletic F.C. (1933-1935, 5 apps)  ->  Everton F.C. (1935-1949, 110 apps)"
"Stan Charlton","United Kingdom",full-back,3,"Leyton Orient F.C. (1952-1955, 151 apps)  ->  Arsenal F.C. (1955-1958, 99 apps)  ->  Leyton Orient F.C. (1958-1965, 216 apps)"
"Stan Pearson","United Kingdom of Great Britain and Ireland, United Kingdom","forward, inside forward",3,"Manchester United F.C. (1936-1954, 312 apps)  ->  Bury F.C. (1954-1957, 121 apps)  ->  Chester City F.C. (1957-1959, 57 apps)"
"Stan Seymour","United Kingdom of Great Britain and Ireland, United Kingdom",forward,3,"Bradford City A.F.C. (1911-1912, 1 apps)  ->  Greenock Morton F.C. (1912-1920, ? apps)  ->  Newcastle United F.C. (1920-1929, 242 apps)"
"Stan Willemse","United Kingdom","defender, full-back",3,"Brighton & Hove Albion F.C. (1946-1949, 91 apps)  ->  Chelsea F.C. (1949-1956, 198 apps)  ->  Leyton Orient F.C. (1956-1958, 59 apps)"
"Stanislav Lobotka",Slovakia,midfielder,5,"FK AS Trenčín (2011-2015, 76 apps)  ->  Jong Ajax (2013-2014, 30 apps)  ->  FC Nordsjælland (2015-2017, 61 apps)  ->  RC Celta de Vigo (2017-2020, 86 apps)  ->  SSC Napoli (2020-?, 168 apps)"
"Stefan Effenberg",Germany,midfielder,7,"Borussia Mönchengladbach (1987-1990, 73 apps)  ->  FC Bayern Munich (1990-1992, 65 apps)  ->  ACF Fiorentina (1992-1994, 56 apps)  ->  Borussia Mönchengladbach (1994-1998, 118 apps)  ->  FC Bayern Munich (1998-2002, 95 apps)  ->  VfL Wolfsburg (2002-2003, 19 apps)  ->  Al-Arabi SC (2003-2004, 15 apps)"
"Stefan Klos",Germany,goalkeeper,2,"Borussia Dortmund (1990-1998, 254 apps)  ->  Rangers F.C. (1999-2007, 208 apps)"
"Stefan Reuter",Germany,full-back,4,"1. FC Nürnberg (1984-1988, 125 apps)  ->  FC Bayern Munich (1988-1991, 95 apps)  ->  Juventus FC (1991-1992, 28 apps)  ->  Borussia Dortmund (1992-2004, 307 apps)"
"Stefan Savić",Montenegro,defender,6,"FK BSK Borča (2009-2010, 27 apps)  ->  FK Partizan (2010-2011, 20 apps)  ->  Manchester City F.C. (2011-2012, 12 apps)  ->  ACF Fiorentina (2012-2015, 86 apps)  ->  Atlético Madrid (2015-2024, 217 apps)  ->  Trabzonspor (2024-?, ? apps)"
"Stefan de Vrij","Kingdom of the Netherlands",centre-back,3,"Feyenoord Rotterdam (2009-2014, 135 apps)  ->  SS Lazio (2014-2018, 95 apps)  ->  Inter Milan (2018-?, 204 apps)"
"Stefano Desideri",Italy,midfielder,6,"Piacenza Calcio (1984-1985, 19 apps)  ->  AS Roma (1985-1991, 136 apps)  ->  Inter Milan (1991-1992, 33 apps)  ->  Udinese Calcio (1992-1997, 128 apps)  ->  US Livorno 1915 (1997-1998, 15 apps)  ->  Pol. Monterotondo Lupa (1998-2001, ? apps)"
"Stefano Eranio",Italy,"midfielder, wing half",4,"Genoa CFC (1984-1992, 212 apps)  ->  AC Milan (1992-1997, 98 apps)  ->  Derby County F.C. (1997-2001, 95 apps)  ->  Pro Sesto 1913 (2002-2003, 15 apps)"
"Stefano Tacconi",Italy,goalkeeper,10,"A.S. Fortis Spoleto F.C. (1974-1975, 0 apps)  ->  Inter Milan (1975-1976, 0 apps)  ->  A.S. Fortis Spoleto F.C. (1976-1977, 30 apps)  ->  A.D. Voluntas Calcio Spoleto (1976-1977, 30 apps)  ->  Aurora Pro Patria 1919 (1977-1978, 7 apps)  ->  US Livorno 1915 (1978-1979, 33 apps)  ->  S.S. Sambenedettese Calcio (1979-1980, 38 apps)  ->  U.S. Avellino 1912 (1980-1983, 90 apps)  ->  Juventus FC (1983-1992, 254 apps)  ->  Genoa CFC (1992-1995, 43 apps)"
"Steffen Freund","German Democratic Republic, Germany",midfielder,6,"FC Stahl Brandenburg (1988-1991, 57 apps)  ->  Schalke 04 (1991-1993, 53 apps)  ->  Borussia Dortmund (1993-1998, 117 apps)  ->  Tottenham Hotspur F.C. (1998-2003, 102 apps)  ->  1. FC Kaiserslautern (2003-2004, 9 apps)  ->  Leicester City F.C. (2004-2004, 14 apps)"
"Steffen Iversen",Norway,forward,8,"Rosenborg BK (1995-1996, 50 apps)  ->  Tottenham Hotspur F.C. (1996-2003, 144 apps)  ->  Wolverhampton Wanderers F.C. (2003-2004, 16 apps)  ->  Vålerenga Fotball (2004-2005, 32 apps)  ->  Rosenborg BK (2006-2010, 128 apps)  ->  Crystal Palace F.C. (2011-2012, 20 apps)  ->  Rosenborg BK (2012-2012, 21 apps)  ->  SK Haugar (2016-2016, ? apps)"
"Stelio Nardin","Kingdom of Italy, Italy",defender,3,"Unione Sportiva Catanzaro (1960-1965, 98 apps)  ->  SSC Napoli (1965-1971, 135 apps)  ->  A.S.D. Casertana Calcio (1971-1972, 14 apps)"
"Stephan El Shaarawy","Venezuela, Egypt, Italy",winger,7,"Genoa CFC (2008-2011, 3 apps)  ->  Calcio Padova (2010-2011, 29 apps)  ->  AC Milan (2011-2016, 83 apps)  ->  AS Monaco FC (2015-2016, 15 apps)  ->  AS Roma (2016-2016, 16 apps)  ->  Shanghai Shenhua F.C. (2019-2020, 16 apps)  ->  AS Roma (2021-?, 143 apps)"
"Stephan Lichtsteiner",Switzerland,full-back,6,"Grasshopper Club Zürich (2001-2005, 79 apps)  ->  Lille OSC (2005-2008, 89 apps)  ->  SS Lazio (2008-2011, 100 apps)  ->  Juventus FC (2011-2018, 201 apps)  ->  Arsenal F.C. (2018-2019, 14 apps)  ->  FC Augsburg (2019-2020, 20 apps)"
"Stephen Carr",Ireland,"full-back, defender",3,"Tottenham Hotspur F.C. (1993-2004, 226 apps)  ->  Newcastle United F.C. (2004-2008, 78 apps)  ->  Birmingham City F.C. (2009-2013, 106 apps)"
"Stephen Clemence","United Kingdom",midfielder,3,"Tottenham Hotspur F.C. (1997-2003, 91 apps)  ->  Birmingham City F.C. (2003-2007, 121 apps)  ->  Leicester City F.C. (2007-2010, 31 apps)"
"Stephen Ireland",Ireland,midfielder,6,"Manchester City F.C. (2005-2010, 138 apps)  ->  Aston Villa F.C. (2010-2014, 47 apps)  ->  Newcastle United F.C. (2011-2011, 2 apps)  ->  Stoke City F.C. (2013-2014, 13 apps)  ->  Stoke City F.C. (2014-2018, 46 apps)  ->  Bolton Wanderers F.C. (2018-2018, 0 apps)"
"Steve Archibald","United Kingdom",forward,15,"Clyde F.C. (1974-1977, 65 apps)  ->  East Stirlingshire F.C. (1974-1974, 1 apps)  ->  Aberdeen F.C. (1977-1980, 76 apps)  ->  Tottenham Hotspur F.C. (1980-1984, 131 apps)  ->  FC Barcelona Atlètic (1986-1987, 2 apps)  ->  Blackburn Rovers F.C. (1987-1988, 20 apps)  ->  Hibernian F.C. (1988-1989, 44 apps)  ->  RCD Espanyol de Barcelona (1989-1990, 15 apps)  ->  St. Mirren F.C. (1990-1991, 16 apps)  ->  Ayr United F.C. (1991-1992, 1 apps)  ->  Fulham F.C. (1992-1992, 2 apps)  ->  Clyde F.C. (1992-1992, 1 apps)  ->  Reading F.C. (1992-1992, 1 apps)  ->  East Fife F.C. (1994-1996, 49 apps)  ->  Home Farm F.C. (1996-1996, 1 apps)"
"Steve Bould","United Kingdom",centre-back,4,"Stoke City F.C. (1980-1988, 183 apps)  ->  Torquay United F.C. (1982-1982, 9 apps)  ->  Arsenal F.C. (1988-1999, 287 apps)  ->  Sunderland A.F.C. (1999-2000, 21 apps)"
"Steve Bruce","United Kingdom",centre-back,5,"Gillingham F.C. (1979-1984, 205 apps)  ->  Norwich City F.C. (1984-1987, 141 apps)  ->  Manchester United F.C. (1987-1996, 309 apps)  ->  Birmingham City F.C. (1996-1998, 72 apps)  ->  Sheffield United F.C. (1998-1999, 10 apps)"
"Steve Carney","United Kingdom","centre-back, defender",6,"Blyth Spartans A.F.C. (1979-1985, ? apps)  ->  Newcastle United F.C. (1979-1985, 134 apps)  ->  Carlisle United F.C. (1984-1984, 6 apps)  ->  Rochdale A.F.C. (1985-1985, 4 apps)  ->  Darlington F.C. (1985-1986, 12 apps)  ->  Hartlepool United F.C. (1986-1986, 7 apps)"
"Steve Clarke","United Kingdom",defender,2,"St. Mirren F.C. (1982-1987, 200 apps)  ->  Chelsea F.C. (1987-1998, 330 apps)"
"Steve Coppell","United Kingdom","wing half",2,"Tranmere Rovers F.C. (1973-1975, 38 apps)  ->  Manchester United F.C. (1975-1983, 322 apps)"
"Steve Finnan",Ireland,full-back,7,"Welling United F.C. (1993-1995, 41 apps)  ->  Birmingham City F.C. (1995-1996, 15 apps)  ->  Notts County F.C. (1996-1996, 17 apps)  ->  Fulham F.C. (1998-2003, 172 apps)  ->  Liverpool F.C. (2003-2008, 145 apps)  ->  RCD Espanyol de Barcelona (2008-2009, 4 apps)  ->  Portsmouth F.C. (2009-2010, 21 apps)"
"Steve Finnieston","United Kingdom",forward,3,"Cardiff City F.C. (1974-1974, 9 apps)  ->  Chelsea F.C. (1974-1978, 80 apps)  ->  Sheffield United F.C. (1978-1979, 23 apps)"
"Steve Hardwick","United Kingdom",goalkeeper,7,"Chesterfield F.C. (1974-1977, 38 apps)  ->  Newcastle United F.C. (1977-1983, 92 apps)  ->  Detroit Express (1978-1978, 30 apps)  ->  Oxford United F.C. (1983-1988, 156 apps)  ->  Crystal Palace F.C. (1985-1985, 3 apps)  ->  Sunderland A.F.C. (1987-1987, 6 apps)  ->  Huddersfield Town A.F.C. (1988-1991, 109 apps)"
"Steve Harkness","United Kingdom",full-back,8,"Carlisle United F.C. (1989-1989, 13 apps)  ->  Liverpool F.C. (1989-1999, 102 apps)  ->  Huddersfield Town A.F.C. (1993-1993, 5 apps)  ->  Southend United F.C. (1995-1995, 6 apps)  ->  S.L. Benfica (1999-1999, 9 apps)  ->  Blackburn Rovers F.C. (1999-2000, 17 apps)  ->  Sheffield Wednesday F.C. (2000-2002, 30 apps)  ->  Chester City F.C. (2002-2002, 10 apps)"
"Steve Harper","United Kingdom",goalkeeper,9,"Newcastle United F.C. (1993-2013, 157 apps)  ->  Bradford City A.F.C. (1995-1995, 1 apps)  ->  Gateshead F.C. (1996-1996, 12 apps)  ->  Hartlepool United F.C. (1997-1997, 15 apps)  ->  Huddersfield Town A.F.C. (1997-1998, 24 apps)  ->  Stockport County F.C. (1997-1997, 0 apps)  ->  Brighton & Hove Albion F.C. (2011-2011, 5 apps)  ->  Hull City A.F.C. (2013-2015, 23 apps)  ->  Sunderland A.F.C. (2016-?, ? apps)"
"Steve Heighway",Ireland,"midfielder, wing half",3,"Liverpool F.C. (1970-1981, 329 apps)  ->  Philadelphia Fever (1981-1982, 23 apps)  ->  Minnesota Kicks (1981-1981, 26 apps)"
"Steve Howey","United Kingdom",centre-back,6,"Newcastle United F.C. (1989-2000, 191 apps)  ->  Manchester City F.C. (2000-2003, 94 apps)  ->  Leicester City F.C. (2003-2004, 13 apps)  ->  Bolton Wanderers F.C. (2004-2004, 3 apps)  ->  New England Revolution (2004-2004, 3 apps)  ->  Hartlepool United F.C. (2005-2005, 1 apps)"
"Steve James","United Kingdom","centre-back, defender",4,"Manchester United F.C. (1966-1976, 129 apps)  ->  York City F.C. (1976-1980, 105 apps)  ->  Kidderminster Harriers F.C. (1980-1982, ? apps)  ->  Tipton Town F.C. (1982-?, ? apps)"
"Steve Kember","United Kingdom",midfielder,5,"Crystal Palace F.C. (1965-1971, 245 apps)  ->  Chelsea F.C. (1971-1975, 130 apps)  ->  Leicester City F.C. (1975-1978, 117 apps)  ->  Crystal Palace F.C. (1978-1980, 50 apps)  ->  Vancouver Whitecaps (1980-1981, 22 apps)"
"Steve Kinsey","United Kingdom",forward,18,"Manchester City F.C. (1979-1986, 101 apps)  ->  Chester City F.C. (1982-1982, 33 apps)  ->  Chester City F.C. (1983-1983, 3 apps)  ->  Minnesota Strikers (1986-1988, 99 apps)  ->  Los Angeles Lazers (1988-1989, 19 apps)  ->  Fort Lauderdale Strikers (1988-1989, 16 apps)  ->  Dallas Sidekicks (1989-1990, 43 apps)  ->  Tacoma Stars (1990-1991, 48 apps)  ->  Miami Freedom (1990-1990, ? apps)  ->  St. Mirren F.C. (1991-1992, 6 apps)  ->  Rochdale A.F.C. (1991-1991, 6 apps)  ->  Tampa Bay Rowdies (1991-1991, 5 apps)  ->  Fort Lauderdale Strikers (1992-1992, 11 apps)  ->  Coleraine F.C. (1992-1992, 1 apps)  ->  Molde FK (1993-1993, 4 apps)  ->  Milwaukee Wave (1994-1994, 0 apps)  ->  Detroit Safari (1994-1995, 28 apps)  ->  Richmond Kickers (1996-1996, 16 apps)"
"Steve Lomas","United Kingdom",midfielder,5,"Manchester City F.C. (1991-1997, 111 apps)  ->  West Ham United F.C. (1997-2005, 187 apps)  ->  Queens Park Rangers F.C. (2005-2007, 55 apps)  ->  Gillingham F.C. (2007-2008, 8 apps)  ->  St Neots Town F.C. (2009-2010, ? apps)"
"Steve McMahon","United Kingdom",midfielder,5,"Everton F.C. (1979-1983, 100 apps)  ->  Aston Villa F.C. (1983-1985, 75 apps)  ->  Liverpool F.C. (1985-1991, 204 apps)  ->  Manchester City F.C. (1991-1994, 87 apps)  ->  Swindon Town F.C. (1994-1998, 42 apps)"
"Steve McManaman","United Kingdom",winger,3,"Liverpool F.C. (1990-1999, 272 apps)  ->  Real Madrid Club de Fútbol (1999-2003, 94 apps)  ->  Manchester City F.C. (2003-2005, 35 apps)"
"Steve Nicol","United Kingdom",defender,8,"Ayr United F.C. (1979-1981, 70 apps)  ->  Liverpool F.C. (1981-1994, 343 apps)  ->  Notts County F.C. (1994-1996, 32 apps)  ->  Sheffield Wednesday F.C. (1996-1998, 49 apps)  ->  West Bromwich Albion F.C. (1998-1998, 9 apps)  ->  Doncaster Rovers F.C. (1998-1999, 25 apps)  ->  Boston Bulldogs (1999-2001, 41 apps)  ->  New England Revolution (1999-1999, 0 apps)"
"Steve Perryman","United Kingdom",midfielder,3,"Tottenham Hotspur F.C. (1969-1986, 655 apps)  ->  Oxford United F.C. (1986-1987, 17 apps)  ->  Brentford F.C. (1987-1990, 53 apps)"
"Steve Redmond","United Kingdom",defender,5,"Manchester City F.C. (1984-1992, 235 apps)  ->  Oldham Athletic A.F.C. (1992-1998, 205 apps)  ->  Bury F.C. (1998-2003, 151 apps)  ->  Leigh Genesis F.C. (2003-2004, 25 apps)  ->  Burscough F.C. (2003-2003, 1 apps)"
"Steve Seargeant","United Kingdom",full-back,3,"Everton F.C. (1971-1978, 80 apps)  ->  Detroit Express (1978-1980, 79 apps)  ->  California Surf (1981-1981, 29 apps)"
"Steve Sedgley","United Kingdom",midfielder,4,"Coventry City F.C. (1986-1989, 84 apps)  ->  Tottenham Hotspur F.C. (1989-1994, 164 apps)  ->  Ipswich Town F.C. (1994-1997, 105 apps)  ->  Wolverhampton Wanderers F.C. (1997-2000, 106 apps)"
"Steve Watson","United Kingdom","midfielder, full-back",5,"Newcastle United F.C. (1990-1998, 208 apps)  ->  Aston Villa F.C. (1998-2000, 41 apps)  ->  Everton F.C. (2000-2005, 126 apps)  ->  West Bromwich Albion F.C. (2005-2007, 42 apps)  ->  Sheffield Wednesday F.C. (2007-2007, 11 apps)"
"Steve Wicks","United Kingdom",defender,6,"Chelsea F.C. (1974-1978, 118 apps)  ->  Derby County F.C. (1978-1979, 24 apps)  ->  Queens Park Rangers F.C. (1979-1981, 73 apps)  ->  Crystal Palace F.C. (1981-1981, 14 apps)  ->  Queens Park Rangers F.C. (1981-1986, 116 apps)  ->  Chelsea F.C. (1986-1988, 32 apps)"
"Steve Williams","United Kingdom",midfielder,5,"Southampton F.C. (1976-1984, 279 apps)  ->  Arsenal F.C. (1984-1988, 95 apps)  ->  Luton Town F.C. (1988-1991, 40 apps)  ->  Exeter City F.C. (1991-1993, 48 apps)  ->  Derry City F.C. (1993-1993, 2 apps)"
"Steven Gerrard","United Kingdom",midfielder,2,"Liverpool F.C. (1998-2015, 504 apps)  ->  LA Galaxy (2015-2016, 34 apps)"
"Steven Naismith","United Kingdom",forward,4,"Kilmarnock F.C. (2003-2007, 101 apps)  ->  Rangers F.C. (2007-2012, 98 apps)  ->  Everton F.C. (2012-2016, 103 apps)  ->  Norwich City F.C. (2016-?, ? apps)"
"Steven Nzonzi",France,"defensive midfielder",11,"Amiens SC (2007-2009, 37 apps)  ->  Blackburn Rovers F.C. (2009-2012, 86 apps)  ->  Stoke City F.C. (2012-2015, 109 apps)  ->  Sevilla FC (2015-2018, 90 apps)  ->  AS Roma (2018-2021, 30 apps)  ->  Galatasaray S.K. (2019-2020, 10 apps)  ->  Stade Rennais F.C. (2020-2021, 39 apps)  ->  Al-Rayyan (2021-2023, 39 apps)  ->  Konyaspor (2023-2024, 33 apps)  ->  Sepahan F.C. (2024-2025, 24 apps)  ->  Stoke City F.C. (2025-?, 8 apps)"
"Stewart Houston","United Kingdom",full-back,5,"Chelsea F.C. (1967-1972, 9 apps)  ->  Brentford F.C. (1972-1973, 77 apps)  ->  Manchester United F.C. (1973-1980, 205 apps)  ->  Sheffield United F.C. (1980-1983, 94 apps)  ->  Colchester United F.C. (1983-1986, 107 apps)"
"Stewart Robson","United Kingdom",midfielder,3,"Arsenal F.C. (1981-1986, 150 apps)  ->  West Ham United F.C. (1986-1991, 69 apps)  ->  Coventry City F.C. (1991-1995, 57 apps)"
"Stig Inge Bjørnebye",Norway,full-back,9,"Elverum Fotball (1985-1986, ? apps)  ->  Strømmen IF (1987-1988, 19 apps)  ->  Kongsvinger IL Toppfotball (1989-1992, 62 apps)  ->  Rosenborg BK (1992-1992, 21 apps)  ->  Liverpool F.C. (1992-2000, 139 apps)  ->  Rosenborg BK (1994-1994, 8 apps)  ->  Blackburn Rovers F.C. (2000-2003, 55 apps)  ->  Brøndby IF (2000-2000, 13 apps)  ->  IK Start (2006-2007, ? apps)"
"Stuart McCall","United Kingdom",midfielder,5,"Bradford City A.F.C. (1982-1988, 238 apps)  ->  Everton F.C. (1988-1991, 103 apps)  ->  Rangers F.C. (1991-1998, 194 apps)  ->  Bradford City A.F.C. (1998-2002, 157 apps)  ->  Sheffield United F.C. (2002-2005, 71 apps)"
"Stuart Pearson","United Kingdom",forward,3,"Hull City A.F.C. (1968-1974, 129 apps)  ->  Manchester United F.C. (1974-1979, 139 apps)  ->  West Ham United F.C. (1979-1982, 34 apps)"
"Stéphane Chapuisat",Switzerland,forward,7,"Étoile Sportive Malley (1986-1987, 32 apps)  ->  FC Lausanne-Sport (1987-1990, 104 apps)  ->  Borussia Dortmund (1991-1999, 218 apps)  ->  KFC Uerdingen 05 (1991-1991, 10 apps)  ->  Grasshopper Club Zürich (1999-2002, 61 apps)  ->  BSC Young Boys (2002-2005, 100 apps)  ->  FC Lausanne-Sport (2005-2006, 32 apps)"
"Stéphane Henchoz",Switzerland,"centre-back, defender",7,"Neuchâtel Xamax FCS (1991-1995, ? apps)  ->  Hamburger SV (1995-1997, 49 apps)  ->  Blackburn Rovers F.C. (1997-1999, 70 apps)  ->  Liverpool F.C. (1999-2005, 135 apps)  ->  Wigan Athletic F.C. (2005-2006, 26 apps)  ->  Celtic F.C. (2005-2005, 6 apps)  ->  Blackburn Rovers F.C. (2006-2007, ? apps)"
"Sun Jihai","People's Republic of China",full-back,8,"Dalian Shide F.C. (1995-2002, 123 apps)  ->  Crystal Palace F.C. (1998-1999, 23 apps)  ->  Manchester City F.C. (2002-2008, 130 apps)  ->  Sheffield United F.C. (2008-2009, 12 apps)  ->  Chengdu Tiancheng F.C. (2009-2009, 10 apps)  ->  Guizhou Renhe F.C. (2010-2014, 118 apps)  ->  Chongqing Liangjiang Athletic F.C. (2015-2015, 28 apps)  ->  Guizhou Renhe F.C. (2016-?, ? apps)"
Suso,Spain,midfielder,6,"Liverpool F.C. (2012-2015, 14 apps)  ->  Unión Deportiva Almería (2013-2014, 33 apps)  ->  AC Milan (2015-2020, 126 apps)  ->  Genoa CFC (2016-2016, 19 apps)  ->  Sevilla FC (2020-2025, ? apps)  ->  Cádiz Club de Fútbol (2025-?, ? apps)"
"Sven Bender",Germany,midfielder,3,"TSV 1860 München (2006-2009, 66 apps)  ->  Borussia Dortmund (2009-2017, 158 apps)  ->  Bayer 04 Leverkusen (2017-2021, 107 apps)"
"Syd Hoar","United Kingdom of Great Britain and Ireland, United Kingdom","wing half",3,"Luton Town F.C. (1919-1924, ? apps)  ->  Arsenal F.C. (1924-1929, 100 apps)  ->  Leyton Orient F.C. (1929-1930, ? apps)"
"Sylvain Distin",France,full-back,9,"US Joué-lès-Tours (1997-1998, 32 apps)  ->  Tours FC. (1998-1999, 26 apps)  ->  FC Gueugnon (1999-2000, 32 apps)  ->  Paris Saint-Germain FC (2000-2002, 28 apps)  ->  Newcastle United F.C. (2001-2002, 28 apps)  ->  Manchester City F.C. (2002-2007, 178 apps)  ->  Portsmouth F.C. (2007-2009, 77 apps)  ->  Everton F.C. (2009-2015, 174 apps)  ->  AFC Bournemouth (2015-2016, 12 apps)"
"Sylvain Wiltord",France,forward,9,"Stade Rennais F.C. (1993-1997, 115 apps)  ->  Deportivo de La Coruña (1996-1997, 0 apps)  ->  FC Girondins de Bordeaux (1997-2000, 99 apps)  ->  Arsenal F.C. (2000-2004, 175 apps)  ->  Olympique Lyonnais (2004-2007, 82 apps)  ->  Stade Rennais F.C. (2007-2009, 31 apps)  ->  Olympique de Marseille (2009-2009, 13 apps)  ->  FC Metz (2010-2010, 15 apps)  ->  FC Nantes (2011-2012, 28 apps)"
Sylvinho,Brazil,full-back,4,"S.C. Corinthians Paulista (1994-1999, 136 apps)  ->  Arsenal F.C. (1999-2001, 80 apps)  ->  RC Celta de Vigo (2001-2004, 84 apps)  ->  Manchester City F.C. (2009-2010, 10 apps)"
"Sávio","Brazil, France","wing half",11,"Clube de Regatas do Flamengo (1992-1997, 75 apps)  ->  Clube de Regatas do Flamengo (1993-1997, ? apps)  ->  Real Madrid Club de Fútbol (1997-2002, 105 apps)  ->  FC Girondins de Bordeaux (2002-2003, 27 apps)  ->  Real Zaragoza (2003-2006, 95 apps)  ->  Clube de Regatas do Flamengo (2006-2006, 10 apps)  ->  Levante UD (2007-2008, 12 apps)  ->  Real Sociedad (2007-2007, 19 apps)  ->  Associação Desportiva Ferroviária (2008-2008, 9 apps)  ->  Anorthosis Famagusta FC (2008-2009, 16 apps)  ->  Avaí Futebol Clube (2010-2010, 8 apps)"
"Séamus Coleman",Ireland,defender,3,"Sligo Rovers F.C. (2006-2008, 56 apps)  ->  Everton F.C. (2009-?, 372 apps)  ->  Blackpool F.C. (2010-2010, 9 apps)"
"Sígfrid Gràcia",Spain,defender,3,"CD Condal (1949-1952, ? apps)  ->  CD Condal (1953-1954, 10 apps)  ->  CD Condal (1954-1955, 3 apps)"
"Søren Lerby","Kingdom of Denmark",midfielder,6,"Fremad Amager (1975-1975, 13 apps)  ->  AFC Ajax (1975-1983, 206 apps)  ->  FC Bayern Munich (1983-1986, 89 apps)  ->  AS Monaco FC (1986-1987, 27 apps)  ->  PSV Eindhoven (1987-1990, 81 apps)  ->  FC Bayern Munich (1991-1992, ? apps)"
"T. G. Jones","United Kingdom of Great Britain and Ireland, United Kingdom",defender,3,"Wrexham A.F.C. (1934-1936, 6 apps)  ->  Everton F.C. (1936-1950, 178 apps)  ->  Pwllheli F.C. (1950-1956, ? apps)"
"Tarcisio Burgnich","Kingdom of Italy, Italy",defender,5,"Udinese Calcio (1958-1960, 8 apps)  ->  Juventus FC (1960-1961, 13 apps)  ->  Palermo F.C. (1961-1962, 31 apps)  ->  Inter Milan (1962-1974, 358 apps)  ->  SSC Napoli (1974-1977, 84 apps)"
"Ted Birnie","United Kingdom of Great Britain and Ireland, United Kingdom",centre-back,4,"Newcastle United F.C. (1898-1903, 19 apps)  ->  Crystal Palace F.C. (1905-1906, 22 apps)  ->  Chelsea F.C. (1906-1909, 101 apps)  ->  Tottenham Hotspur F.C. (1910-1910, 4 apps)"
"Ted Buckle","United Kingdom of Great Britain and Ireland, United Kingdom",forward,5,"Manchester United F.C. (1945-1949, 20 apps)  ->  Everton F.C. (1949-1955, 97 apps)  ->  Exeter City F.C. (1955-1957, 65 apps)  ->  Wigan Athletic F.C. (1957-1958, 20 apps)  ->  Prestatyn Town F.C. (1958-?, ? apps)"
"Ted Ditchburn","United Kingdom",goalkeeper,2,"Tottenham Hotspur F.C. (1939-1958, 418 apps)  ->  Romford F.C. (1959-1965, 147 apps)"
"Ted Drake","United Kingdom",forward,2,"Southampton F.C. (1931-1934, 71 apps)  ->  Arsenal F.C. (1934-1945, 167 apps)"
"Ted Hughes","United Kingdom of Great Britain and Ireland, United Kingdom","wing half",2,"Everton F.C. (1898-1899, 8 apps)  ->  Tottenham Hotspur F.C. (1899-1908, 148 apps)"
"Ted Sagar","United Kingdom of Great Britain and Ireland, United Kingdom",goalkeeper,2,"Everton F.C. (1929-1953, 463 apps)  ->  Portadown F.C. (1941-1941, 0 apps)"
"Teddy Sheringham","United Kingdom",forward,11,"Millwall F.C. (1983-1991, 220 apps)  ->  Djurgårdens IF Fotboll (1985-1985, 21 apps)  ->  Aldershot F.C. (1985-1985, 5 apps)  ->  Nottingham Forest F.C. (1991-1992, 42 apps)  ->  Tottenham Hotspur F.C. (1992-1997, 166 apps)  ->  Manchester United F.C. (1997-2001, 104 apps)  ->  Tottenham Hotspur F.C. (2001-2003, 70 apps)  ->  Portsmouth F.C. (2003-2004, 32 apps)  ->  West Ham United F.C. (2004-2007, 76 apps)  ->  Colchester United F.C. (2007-2008, 19 apps)  ->  Stevenage F.C. (2015-2015, 0 apps)"
"Telmo Zarra",Spain,forward,4,"SD Erandio Club (1939-1940, 20 apps)  ->  Athletic Club (1940-1955, 277 apps)  ->  SD Indautxu (1955-1956, 14 apps)  ->  Barakaldo CF (1956-1957, 12 apps)"
"Teobaldo Depetrini","Kingdom of Italy, Italy",midfielder,4,"F.C. Pro Vercelli 1892 (1930-1933, 66 apps)  ->  Juventus FC (1933-1943, 228 apps)  ->  Juventus FC (1944-1949, 141 apps)  ->  Torino FC (1949-1951, 30 apps)"
"Terry Darracott","United Kingdom","defender, full-back",3,"Everton F.C. (1967-1979, 148 apps)  ->  Wrexham A.F.C. (1979-1980, 22 apps)  ->  Tulsa Roughnecks (1979-1979, 29 apps)"
"Terry Dyson","United Kingdom","wing half",3,"Tottenham Hotspur F.C. (1955-1965, 184 apps)  ->  Fulham F.C. (1965-1968, 23 apps)  ->  Colchester United F.C. (1968-1970, 56 apps)"
"Terry Fenwick","United Kingdom",centre-back,5,"Crystal Palace F.C. (1976-1980, 70 apps)  ->  Queens Park Rangers F.C. (1980-1987, 256 apps)  ->  Tottenham Hotspur F.C. (1987-1993, 93 apps)  ->  Leicester City F.C. (1990-1991, 8 apps)  ->  Swindon Town F.C. (1993-1995, 28 apps)"
"Terry Hibbitt","United Kingdom",midfielder,5,"Leeds United F.C. (1963-1971, 63 apps)  ->  Newcastle United F.C. (1971-1975, 138 apps)  ->  Birmingham City F.C. (1975-1978, 110 apps)  ->  Newcastle United F.C. (1978-1981, 90 apps)  ->  Gateshead F.C. (1981-1986, ? apps)"
"Terry McDermott","United Kingdom",midfielder,5,"Bury F.C. (1969-1973, 90 apps)  ->  Newcastle United F.C. (1973-1974, 56 apps)  ->  Liverpool F.C. (1974-1982, 232 apps)  ->  Newcastle United F.C. (1982-1984, 74 apps)  ->  Cork City F.C. (1985-1985, 7 apps)"
"Terry Medwin","United Kingdom","wing half",2,"Swansea City A.F.C. (1949-1956, 148 apps)  ->  Tottenham Hotspur F.C. (1956-1963, 197 apps)"
"Terry Naylor","United Kingdom",full-back,2,"Tottenham Hotspur F.C. (1969-1979, 243 apps)  ->  Charlton Athletic F.C. (1980-1983, 73 apps)"
"Terry Neill","United Kingdom",centre-back,3,"Bangor City F.C. (1958-1959, ? apps)  ->  Arsenal F.C. (1959-1970, 241 apps)  ->  Hull City A.F.C. (1970-1973, 103 apps)"
"Terry Phelan",Ireland,defender,11,"Leeds United F.C. (1984-1986, 14 apps)  ->  Swansea City A.F.C. (1986-1987, 45 apps)  ->  Wimbledon F.C. (1987-1992, 159 apps)  ->  Manchester City F.C. (1992-1995, 104 apps)  ->  Chelsea F.C. (1995-1997, 15 apps)  ->  Everton F.C. (1997-2000, 25 apps)  ->  Crystal Palace F.C. (1999-1999, 14 apps)  ->  Fulham F.C. (2000-2001, 18 apps)  ->  Sheffield United F.C. (2001-2001, 8 apps)  ->  Charleston Battery (2001-2005, 39 apps)  ->  Southern United FC (2005-2009, 6 apps)"
"Terry Venables","United Kingdom",midfielder,4,"Chelsea F.C. (1960-1966, 202 apps)  ->  Tottenham Hotspur F.C. (1966-1969, 115 apps)  ->  Queens Park Rangers F.C. (1969-1974, 177 apps)  ->  Crystal Palace F.C. (1974-1975, 14 apps)"
"Theo Walcott","United Kingdom","wing half",5,"Southampton F.C. (2005-2006, 21 apps)  ->  Arsenal F.C. (2006-2018, 270 apps)  ->  Everton F.C. (2018-2021, 77 apps)  ->  Southampton F.C. (2020-2021, 21 apps)  ->  Southampton F.C. (2021-2023, 29 apps)"
"Theodor Redder",Germany,defender,1,"Borussia Dortmund (1962-1969, 117 apps)"
"Thiago Alcântara","Brazil, Spain",midfielder,3,"FC Barcelona Atlètic (2008-2011, 59 apps)  ->  FC Bayern Munich (2013-2020, 150 apps)  ->  Liverpool F.C. (2020-2024, 68 apps)"
"Thiago Motta","Brazil, Italy",midfielder,5,"FC Barcelona Atlètic (1999-2001, 84 apps)  ->  Atlético Madrid (2007-2008, 6 apps)  ->  Genoa CFC (2008-2009, 27 apps)  ->  Inter Milan (2009-2012, 55 apps)  ->  Paris Saint-Germain FC (2012-2018, 166 apps)"
"Thiago Silva","Brazil, France",centre-back,14,"Fluminense F.C. (1998-2000, ? apps)  ->  Barcelona Esporte Clube (2000-2001, ? apps)  ->  Fluminense F.C. (2001-2001, ? apps)  ->  Pedrabranca Futebol Clube (2002-2003, 25 apps)  ->  Esporte Clube Juventude (2003-2004, 28 apps)  ->  FC Porto (2004-2005, 0 apps)  ->  FC Porto B (2004-2005, 14 apps)  ->  FC Dinamo Moscow (2005-2005, 0 apps)  ->  Fluminense F.C. (2006-2008, 81 apps)  ->  AC Milan (2009-2012, 93 apps)  ->  Paris Saint-Germain FC (2012-2020, 204 apps)  ->  Chelsea F.C. (2020-2024, 113 apps)  ->  Fluminense F.C. (2024-2025, 47 apps)  ->  FC Porto (2026-2026, 8 apps)"
"Thibaut Courtois",Belgium,goalkeeper,4,"K.R.C. Genk (2009-2011, 41 apps)  ->  Chelsea F.C. (2011-2018, 126 apps)  ->  Atlético Madrid (2011-2014, 111 apps)  ->  Real Madrid Club de Fútbol (2018-?, 228 apps)"
"Thierry Henry",France,forward,5,"AS Monaco FC (1994-1999, 105 apps)  ->  Juventus FC (1999-1999, 16 apps)  ->  Arsenal F.C. (1999-2007, 377 apps)  ->  Red Bull New York (2010-2014, 122 apps)  ->  Arsenal F.C. (2012-2012, 4 apps)"
"Thomas Franck",Germany,midfielder,5,"SV Waldhof Mannheim (1988-1990, 19 apps)  ->  Borussia Dortmund (1990-1996, 104 apps)  ->  1. FC Kaiserslautern (1996-1998, 15 apps)  ->  SV Waldhof Mannheim (1999-2000, 1 apps)  ->  SV Darmstadt 98 (2000-2002, 8 apps)"
"Thomas Gravesen","Kingdom of Denmark",midfielder,6,"Vejle Boldklub (1995-1997, 58 apps)  ->  Hamburger SV (1997-2000, 51 apps)  ->  Everton F.C. (2000-2005, 141 apps)  ->  Real Madrid Club de Fútbol (2005-2006, 34 apps)  ->  Celtic F.C. (2006-2008, 22 apps)  ->  Everton F.C. (2007-2008, 8 apps)"
"Thomas Helmer",Germany,centre-back,6,"Arminia Bielefeld (1984-1986, 39 apps)  ->  Borussia Dortmund (1986-1992, 190 apps)  ->  FC Bayern Munich (1992-1999, 191 apps)  ->  Hertha BSC (1999-1999, 5 apps)  ->  Sunderland A.F.C. (1999-2000, 2 apps)  ->  SV Seligenporten (2002-2002, 1 apps)"
"Thomas Helveg","Kingdom of Denmark",defender,7,"Odense Boldklub (1989-1994, 103 apps)  ->  Udinese Calcio (1994-1998, 141 apps)  ->  AC Milan (1998-2003, 105 apps)  ->  Inter Milan (2003-2004, 23 apps)  ->  Norwich City F.C. (2004-2005, 20 apps)  ->  Borussia Mönchengladbach (2005-2007, 13 apps)  ->  Odense Boldklub (2007-2010, 75 apps)"
"Thomas Häßler",Germany,"attacking midfielder",7,"1. FC Köln (1984-1990, 149 apps)  ->  Juventus FC (1990-1991, 32 apps)  ->  AS Roma (1991-1994, 88 apps)  ->  Karlsruher SC (1994-1998, 118 apps)  ->  Borussia Dortmund (1998-1999, 18 apps)  ->  TSV 1860 München (1999-2003, 115 apps)  ->  FC Red Bull Salzburg (2003-2004, 19 apps)"
"Thomas Lemar",France,midfielder,4,"Stade Malherbe Caen (2013-2015, 32 apps)  ->  AS Monaco FC (2015-2018, 90 apps)  ->  Atlético Madrid (2018-?, 139 apps)  ->  Girona FC (2025-?, 5 apps)"
"Thomas Linke","German Democratic Republic, Germany",centre-back,4,"FC Rot-Weiß Erfurt (1988-1992, 85 apps)  ->  Schalke 04 (1992-1998, 175 apps)  ->  FC Bayern Munich (1998-2005, 165 apps)  ->  FC Red Bull Salzburg (2005-2007, 51 apps)"
"Thomas Mayer",Germany,midfielder,1,"FC Bayern Munich (1948-1958, 184 apps)"
"Thomas Müller",Germany,"forward, attacking midfielder",2,"FC Bayern Munich (2008-2025, 503 apps)  ->  Vancouver Whitecaps FC (2025-?, 0 apps)"
"Thomas Partey",Ghana,midfielder,6,"Atlético Madrid B (2012-2013, 33 apps)  ->  RCD Mallorca (2013-2014, 37 apps)  ->  Atlético Madrid (2013-2020, 132 apps)  ->  Unión Deportiva Almería (2014-2015, 31 apps)  ->  Arsenal F.C. (2020-2025, 130 apps)  ->  Villarreal CF (2025-?, 11 apps)"
"Thomas Strunz",Germany,midfielder,4,"MSV Duisburg (1986-1989, 94 apps)  ->  FC Bayern Munich (1989-1992, 59 apps)  ->  VfB Stuttgart (1992-1995, 79 apps)  ->  FC Bayern Munich (1995-2000, 97 apps)"
"Thomas Urwin","United Kingdom of Great Britain and Ireland, United Kingdom","wing half",1,"Newcastle United F.C. (1924-1930, 188 apps)"
"Thomas Vermaelen",Belgium,centre-back,5,"AFC Ajax (2003-2009, 97 apps)  ->  RKC Waalwijk (2004-2005, 13 apps)  ->  Arsenal F.C. (2009-2014, 110 apps)  ->  AS Roma (2016-2017, 9 apps)  ->  Vissel Kobe (2019-2021, 45 apps)"
"Thorgan Hazard",Belgium,midfielder,8,"R.C. Lens (2011-2012, 14 apps)  ->  S.V. Zulte Waregem (2012-2014, 73 apps)  ->  Chelsea F.C. (2012-2015, 0 apps)  ->  Borussia Mönchengladbach (2014-2015, 28 apps)  ->  Borussia Mönchengladbach (2015-2019, 119 apps)  ->  Borussia Dortmund (2019-2023, 87 apps)  ->  PSV Eindhoven (2023-2023, 9 apps)  ->  R.S.C. Anderlecht (2023-?, 54 apps)"
"Thorsten Fink",Germany,"defensive midfielder",3,"SG Wattenscheid 09 (1989-1994, 162 apps)  ->  Karlsruher SC (1994-1997, 92 apps)  ->  FC Bayern Munich (1997-2003, 150 apps)"
"Théo Hernandez",France,full-back,6,"Atlético Madrid B (2015-2017, 9 apps)  ->  Deportivo Alavés (2016-2017, 32 apps)  ->  Real Madrid Club de Fútbol (2017-2019, 13 apps)  ->  Real Sociedad (2018-2019, 24 apps)  ->  AC Milan (2019-2025, 195 apps)  ->  Al Hilal SFC (2025-?, 27 apps)"
Tiko,Spain,"inside forward",4,"Osasuna B (1995-1997, 67 apps)  ->  Club Atlético Osasuna (1997-1999, 41 apps)  ->  Athletic Club (1999-2009, 230 apps)  ->  SD Eibar (2008-2009, 17 apps)"
"Tim Cahill","Samoa, Australia",midfielder,8,"Millwall F.C. (1998-2004, 217 apps)  ->  Everton F.C. (2004-2012, 226 apps)  ->  Red Bull New York (2012-2015, 62 apps)  ->  Shanghai Shenhua F.C. (2015-2016, 28 apps)  ->  Zhejiang Professional F.C. (2016-2016, 17 apps)  ->  Melbourne City FC (2016-2017, 27 apps)  ->  Millwall F.C. (2018-2018, 10 apps)  ->  Jamshedpur FC (2018-2019, 12 apps)"
"Tim Coleman","United Kingdom of Great Britain and Ireland, United Kingdom",forward,8,"Northampton Town F.C. (1901-1902, ? apps)  ->  Kettering Town F.C. (1901-1901, ? apps)  ->  Arsenal F.C. (1902-1908, 172 apps)  ->  Everton F.C. (1908-1910, 71 apps)  ->  Sunderland A.F.C. (1910-1911, 32 apps)  ->  Fulham F.C. (1911-1914, 94 apps)  ->  Nottingham Forest F.C. (1914-1915, 37 apps)  ->  Tunbridge Wells F.C. (1920-1921, 37 apps)"
"Tim Howard","United States",goalkeeper,8,"North Jersey Imperials (1997-1997, 16 apps)  ->  Generation Adidas (1998-1998, 1 apps)  ->  Red Bull New York (1998-2003, 88 apps)  ->  Manchester United F.C. (2003-2007, 45 apps)  ->  Everton F.C. (2006-2007, 25 apps)  ->  Everton F.C. (2007-2016, 329 apps)  ->  Colorado Rapids (2016-2019, 100 apps)  ->  Memphis 901 FC (2020-2020, 6 apps)"
"Tim Krul","Kingdom of the Netherlands",goalkeeper,9,"Newcastle United F.C. (2006-2017, 160 apps)  ->  Falkirk F.C. (2007-2008, 22 apps)  ->  Carlisle United F.C. (2008-2009, 9 apps)  ->  Jong Ajax (2016-2017, 6 apps)  ->  AFC Ajax (2016-2017, 0 apps)  ->  AZ Alkmaar (2017-2017, 16 apps)  ->  Brighton & Hove Albion F.C. (2017-2018, 0 apps)  ->  Norwich City F.C. (2018-2023, 163 apps)  ->  Luton Town F.C. (2023-2025, 0 apps)"
"Tim Sherwood","United Kingdom",midfielder,6,"Watford F.C. (1987-1989, 32 apps)  ->  Norwich City F.C. (1989-1992, 71 apps)  ->  Blackburn Rovers F.C. (1992-1999, 246 apps)  ->  Tottenham Hotspur F.C. (1999-2003, 93 apps)  ->  Portsmouth F.C. (2003-2004, 30 apps)  ->  Coventry City F.C. (2004-2005, 11 apps)"
Tinga,Brazil,midfielder,8,"Grêmio FBPA (1997-2003, 89 apps)  ->  Kawasaki Frontale (1999-1999, 24 apps)  ->  Botafogo F.R. (2000-2000, 17 apps)  ->  Sporting CP (2004-2004, 20 apps)  ->  S.C. Internacional (2005-2006, 42 apps)  ->  Borussia Dortmund (2006-2010, 98 apps)  ->  S.C. Internacional (2010-2012, 43 apps)  ->  Cruzeiro E.C. (2012-2015, 40 apps)"
"Tino Livramento","Portugal, United Kingdom",defender,2,"Southampton F.C. (2021-2023, 30 apps)  ->  Newcastle United F.C. (2023-?, 80 apps)"
"Titus Bramble","United Kingdom",centre-back,5,"Ipswich Town F.C. (1998-2002, 48 apps)  ->  Colchester United F.C. (1999-2000, 2 apps)  ->  Newcastle United F.C. (2002-2007, 105 apps)  ->  Wigan Athletic F.C. (2007-2010, 96 apps)  ->  Sunderland A.F.C. (2010-2013, 47 apps)"
"Tiziano Ballarin","Kingdom of Italy, Italy",midfielder,2,"AC Milan (1922-1928, 85 apps)  ->  AC Pavia 1911 (1928-1931, 50 apps)"
"Toby Alderweireld",Belgium,centre-back,6,"AFC Ajax (2008-2013, 128 apps)  ->  Atlético Madrid (2013-2015, 12 apps)  ->  Southampton F.C. (2014-2015, 26 apps)  ->  Tottenham Hotspur F.C. (2015-2021, 174 apps)  ->  Al-Duhail SC (2021-2022, 20 apps)  ->  Royal Antwerp F.C. (2022-2025, 103 apps)"
"Tom Booth","United Kingdom of Great Britain and Ireland, United Kingdom",defender,4,"Blackburn Rovers F.C. (1896-1900, 111 apps)  ->  Everton F.C. (1900-1908, 175 apps)  ->  Preston North End F.C. (1908-1908, 0 apps)  ->  Carlisle United F.C. (1908-1909, ? apps)"
"Tom Bradshaw","United Kingdom of Great Britain and Ireland, United Kingdom","wing half",4,"Bury F.C. (1922-1930, ? apps)  ->  Liverpool F.C. (1930-1938, 277 apps)  ->  Third Lanark A.C. (1938-1939, ? apps)  ->  South Liverpool F.C. (1939-1939, ? apps)"
"Tom Chorlton","United Kingdom of Great Britain and Ireland, United Kingdom",defender,5,"Stockport County F.C. (1900-1902, 27 apps)  ->  Accrington Stanley F.C. (1902-1904, ? apps)  ->  Liverpool F.C. (1904-1912, 117 apps)  ->  Manchester United F.C. (1912-1914, 4 apps)  ->  Stalybridge Celtic F.C. (1914-1914, ? apps)"
"Tom Collins","United Kingdom of Great Britain and Ireland, United Kingdom",full-back,5,"Heart of Midlothian F.C. (1903-1905, ? apps)  ->  Bathgate F.C. (1905-1905, ? apps)  ->  East Fife F.C. (1905-1906, ? apps)  ->  Heart of Midlothian F.C. (1906-1910, 69 apps)  ->  Tottenham Hotspur F.C. (1910-1915, 113 apps)"
"Tom Cooper","United Kingdom of Great Britain and Ireland, United Kingdom",full-back,3,"Port Vale F.C. (1924-1926, 32 apps)  ->  Derby County F.C. (1926-1934, 248 apps)  ->  Liverpool F.C. (1934-1940, 150 apps)"
"Tom Curry","United Kingdom of Great Britain and Ireland, United Kingdom","wing half",2,"Newcastle United F.C. (1919-1929, 221 apps)  ->  Stockport County F.C. (1929-1930, 19 apps)"
"Tom Evans","United Kingdom of Great Britain and Ireland, United Kingdom","wing half",3,"Tottenham Hotspur F.C. (1927-?, ? apps)  ->  Tottenham Hotspur F.C. (1929-1936, 94 apps)  ->  West Bromwich Albion F.C. (1937-?, ? apps)"
"Tom Fern","United Kingdom of Great Britain and Ireland, United Kingdom",goalkeeper,3,"Lincoln City F.C. (1909-1913, 127 apps)  ->  Everton F.C. (1913-1924, 219 apps)  ->  Port Vale F.C. (1924-1927, 86 apps)"
"Tom Holford","United Kingdom of Great Britain and Ireland, United Kingdom","wing half",3,"Stoke City F.C. (1898-1908, 248 apps)  ->  Manchester City F.C. (1908-1914, 172 apps)  ->  Port Vale F.C. (1914-1924, 54 apps)"
"Tom Huddlestone","United Kingdom",midfielder,4,"Derby County F.C. (2003-2005, 88 apps)  ->  Wolverhampton Wanderers F.C. (2005-2006, 13 apps)  ->  Tottenham Hotspur F.C. (2005-2013, 144 apps)  ->  Hull City A.F.C. (2013-?, ? apps)"
"Tom Manley","United Kingdom of Great Britain and Ireland","wing half",2,"Manchester United F.C. (1931-1939, 188 apps)  ->  Brentford F.C. (1939-1952, 119 apps)"
"Tom Miller","United Kingdom of Great Britain and Ireland, United Kingdom",forward,4,"Third Lanark A.C. (1909-1910, ? apps)  ->  Hamilton Academical F.C. (1910-1912, ? apps)  ->  Liverpool F.C. (1912-1921, 127 apps)  ->  Manchester United F.C. (1921-1922, ? apps)"
"Tom Parker","United Kingdom of Great Britain and Ireland, United Kingdom",full-back,2,"Southampton F.C. (1919-1926, 246 apps)  ->  Arsenal F.C. (1926-1933, 258 apps)"
"Tom Robertson","United Kingdom of Great Britain and Ireland, United Kingdom","wing half",6,"Heart of Midlothian F.C. (1896-1898, ? apps)  ->  Liverpool F.C. (1898-1902, 126 apps)  ->  Dundee F.C. (1902-1903, ? apps)  ->  Heart of Midlothian F.C. (1902-1902, ? apps)  ->  Manchester United F.C. (1903-1903, 3 apps)  ->  Bathgate F.C. (1905-?, ? apps)"
"Tomasz Radzinski","Poland, Belgium, Canada",forward,9,"North York Rockets (1990-1993, ? apps)  ->  Beerschot A.C. (1994-1998, 104 apps)  ->  St. Catharines Wolves (1994-1994, ? apps)  ->  R.S.C. Anderlecht (1998-2001, 77 apps)  ->  Everton F.C. (2001-2004, 91 apps)  ->  Fulham F.C. (2004-2007, 103 apps)  ->  Xanthi F.C. (2007-2008, 25 apps)  ->  Lierse S.K. (2008-2012, 86 apps)  ->  Sportkring Beveren (2012-2012, 14 apps)"
"Tommaso Maestrelli","Kingdom of Italy, Italy",defender,4,"SSC Bari (1938-1948, 146 apps)  ->  AS Roma (1948-1951, 95 apps)  ->  Lucchese 1905 (1951-1953, 47 apps)  ->  SSC Bari (1953-1957, 73 apps)"
"Tommy Baldwin","United Kingdom",forward,6,"Arsenal F.C. (1962-1966, 17 apps)  ->  Chelsea F.C. (1966-1974, 187 apps)  ->  Manchester United F.C. (1974-1974, 2 apps)  ->  Millwall F.C. (1974-1974, 6 apps)  ->  Seattle Sounders (1975-1975, 15 apps)  ->  Brentford F.C. (1977-1978, 4 apps)"
"Tommy Bamford","United Kingdom of Great Britain and Ireland, United Kingdom",forward,3,"Wrexham A.F.C. (1928-1934, 204 apps)  ->  Manchester United F.C. (1934-1938, 98 apps)  ->  Swansea City A.F.C. (1938-1939, ? apps)"
"Tommy Booth","United Kingdom",defender,2,"Manchester City F.C. (1967-1981, 382 apps)  ->  Preston North End F.C. (1981-1984, 84 apps)"
"Tommy Briercliffe","United Kingdom of Great Britain and Ireland, United Kingdom",forward,5,"Blackburn Rovers F.C. (1897-1900, 56 apps)  ->  Stalybridge Rovers F.C. (1900-1901, ? apps)  ->  Arsenal F.C. (1901-1905, 122 apps)  ->  Plymouth Argyle F.C. (1905-1907, 85 apps)  ->  Brentford F.C. (1907-?, ? apps)"
"Tommy Browell","United Kingdom of Great Britain and Ireland, United Kingdom",forward,4,"Hull City A.F.C. (1910-1911, 48 apps)  ->  Everton F.C. (1911-1913, 50 apps)  ->  Manchester City F.C. (1913-1926, 222 apps)  ->  Blackpool F.C. (1926-1930, 67 apps)"
"Tommy Casey","United Kingdom","wing half",6,"Leeds United F.C. (1949-1950, 4 apps)  ->  AFC Bournemouth (1950-1952, 66 apps)  ->  Newcastle United F.C. (1952-1958, 116 apps)  ->  Portsmouth F.C. (1958-1959, 24 apps)  ->  Bristol City F.C. (1959-1963, 122 apps)  ->  Ammanford A.F.C. (1967-1967, ? apps)"
"Tommy Cassidy","United Kingdom",midfielder,3,"Glentoran F.C. (1968-1970, 3 apps)  ->  Newcastle United F.C. (1970-1980, 180 apps)  ->  Burnley F.C. (1980-1983, 72 apps)"
"Tommy Caton","United Kingdom",centre-back,4,"Manchester City F.C. (1979-1983, 165 apps)  ->  Arsenal F.C. (1983-1986, 81 apps)  ->  Oxford United F.C. (1986-1988, 53 apps)  ->  Charlton Athletic F.C. (1988-1991, 57 apps)"
"Tommy Craig","United Kingdom",midfielder,7,"Aberdeen F.C. (1967-1968, 45 apps)  ->  Sheffield Wednesday F.C. (1968-1974, 214 apps)  ->  Newcastle United F.C. (1974-1977, 124 apps)  ->  Aston Villa F.C. (1977-1979, 27 apps)  ->  Swansea City A.F.C. (1979-1981, 52 apps)  ->  Carlisle United F.C. (1981-1984, 98 apps)  ->  Hibernian F.C. (1984-1985, 11 apps)"
"Tommy Docherty","United Kingdom","wing half",5,"Celtic F.C. (1947-1949, 9 apps)  ->  Preston North End F.C. (1949-1958, 323 apps)  ->  Arsenal F.C. (1958-1961, 83 apps)  ->  Chelsea F.C. (1961-1962, 4 apps)  ->  Sydney FC Prague (1965-1965, 1 apps)"
"Tommy Eglington",Ireland,"wing half",4,"Shamrock Rovers F.C. (1942-1946, ? apps)  ->  Everton F.C. (1946-1957, 394 apps)  ->  Tranmere Rovers F.C. (1957-1961, 172 apps)  ->  Cork Hibernians F.C. (1961-1963, ? apps)"
"Tommy Gibb","United Kingdom",midfielder,4,"Partick Thistle F.C. (1963-1968, 111 apps)  ->  Newcastle United F.C. (1968-1975, 199 apps)  ->  Sunderland A.F.C. (1975-1977, 10 apps)  ->  Hartlepool United F.C. (1977-1978, 40 apps)"
"Tommy Harmer","United Kingdom","inside forward",3,"Tottenham Hotspur F.C. (1951-1960, 222 apps)  ->  Watford F.C. (1960-1962, 63 apps)  ->  Chelsea F.C. (1962-1963, 8 apps)"
"Tommy Johnson","United Kingdom of Great Britain and Ireland, United Kingdom",forward,4,"Manchester City F.C. (1919-1930, 328 apps)  ->  Everton F.C. (1930-1934, 146 apps)  ->  Liverpool F.C. (1934-1936, 36 apps)  ->  Darwen F.C. (1936-1939, ? apps)"
"Tommy Jones","United Kingdom",defender,1,"Everton F.C. (1948-1961, 383 apps)"
"Tommy Kelso","United Kingdom of Great Britain and Ireland, United Kingdom",full-back,6,"Third Lanark A.C. (1903-1906, 21 apps)  ->  Manchester City F.C. (1906-1911, 139 apps)  ->  Dundee F.C. (1912-1914, 37 apps)  ->  Rangers F.C. (1914-1918, 22 apps)  ->  Dumbarton F.C. (1915-1916, 10 apps)  ->  Dumbarton F.C. (1918-1919, 2 apps)"
"Tommy Lang","United Kingdom",forward,6,"Newcastle United F.C. (1926-1934, 215 apps)  ->  Huddersfield Town A.F.C. (1934-1935, 24 apps)  ->  Manchester United F.C. (1935-1937, 12 apps)  ->  Swansea City A.F.C. (1937-1938, 33 apps)  ->  Queen of the South F.C. (1938-1946, ? apps)  ->  Ipswich Town F.C. (1946-1947, 5 apps)"
"Tommy Langley","United Kingdom",forward,16,"Chelsea F.C. (1974-1980, 142 apps)  ->  Queens Park Rangers F.C. (1980-1981, 25 apps)  ->  Crystal Palace F.C. (1981-1983, 59 apps)  ->  Coventry City F.C. (1983-1984, 2 apps)  ->  Aldershot F.C. (1984-1985, 16 apps)  ->  Wolverhampton Wanderers F.C. (1984-1985, 23 apps)  ->  South China AA (1985-1986, ? apps)  ->  Aldershot F.C. (1986-1988, 81 apps)  ->  Exeter City F.C. (1988-1989, 21 apps)  ->  Tampa Bay Rowdies (1989-1989, 5 apps)  ->  Slough Town F.C. (1989-1991, 56 apps)  ->  St Albans City F.C. (1991-1991, 5 apps)  ->  Aylesbury United F.C. (1991-1991, 2 apps)  ->  Staines Town F.C. (1992-1992, ? apps)  ->  Basingstoke Town F.C. (1992-1992, ? apps)  ->  Wokingham & Emmbrook F.C. (1992-1993, ? apps)"
"Tommy Lawrence","United Kingdom",goalkeeper,2,"Liverpool F.C. (1957-1971, 306 apps)  ->  Tranmere Rovers F.C. (1971-1974, 80 apps)"
"Tommy Lawton","United Kingdom of Great Britain and Ireland, United Kingdom",forward,6,"Burnley F.C. (1935-1936, 25 apps)  ->  Everton F.C. (1936-1939, 87 apps)  ->  Chelsea F.C. (1945-1947, 42 apps)  ->  Notts County F.C. (1947-1951, 151 apps)  ->  Brentford F.C. (1951-1953, 50 apps)  ->  Arsenal F.C. (1953-1955, 35 apps)"
"Tommy Leishman","United Kingdom","wing half",5,"St. Mirren F.C. (1954-1959, 15 apps)  ->  Liverpool F.C. (1959-1963, 107 apps)  ->  Hibernian F.C. (1963-1965, 30 apps)  ->  Linfield F.C. (1965-1967, ? apps)  ->  Stranraer F.C. (1967-1970, 62 apps)"
"Tommy Logan","United Kingdom of Great Britain and Ireland, United Kingdom","centre-back, defender",2,"Falkirk F.C. (1910-1913, 100 apps)  ->  Chelsea F.C. (1913-1920, 107 apps)"
"Tommy Lucas","United Kingdom of Great Britain and Ireland","defender, full-back",1,"Liverpool F.C. (1919-1933, 341 apps)"
"Tommy Lunn","United Kingdom of Great Britain and Ireland, United Kingdom",goalkeeper,3,"Wolverhampton Wanderers F.C. (1904-1909, 129 apps)  ->  Tottenham Hotspur F.C. (1909-1912, 86 apps)  ->  Stockport County F.C. (1913-1913, 2 apps)"
"Tommy McDonald","United Kingdom of Great Britain and Ireland, United Kingdom","inside forward",4,"Rangers F.C. (1919-1921, ? apps)  ->  Newcastle United F.C. (1921-1931, 341 apps)  ->  York City F.C. (1931-1933, 75 apps)  ->  Goole A.F.C. (1933-1934, ? apps)"
"Tommy Meads","United Kingdom of Great Britain and Ireland, United Kingdom",midfielder,5,"Stockport County F.C. (1923-1926, 117 apps)  ->  Huddersfield Town A.F.C. (1926-1928, 40 apps)  ->  Reading F.C. (1928-1929, 31 apps)  ->  Tottenham Hotspur F.C. (1929-1934, 183 apps)  ->  Notts County F.C. (1935-?, ? apps)"
"Tommy Meehan","United Kingdom of Great Britain and Ireland","wing half",3,"Manchester United F.C. (1917-1920, 51 apps)  ->  Rochdale A.F.C. (1917-1917, ? apps)  ->  Chelsea F.C. (1920-1924, 124 apps)"
"Tommy Pearson","United Kingdom of Great Britain and Ireland, United Kingdom",midfielder,2,"Newcastle United F.C. (1933-1947, 212 apps)  ->  Aberdeen F.C. (1947-1953, 84 apps)"
"Tommy Smith","United Kingdom",defender,4,"Liverpool F.C. (1962-1978, 467 apps)  ->  Tampa Bay Rowdies (1976-1976, 17 apps)  ->  Swansea City A.F.C. (1978-1979, 36 apps)  ->  Los Angeles Aztecs (1978-1978, 12 apps)"
"Tommy Taylor","United Kingdom",forward,2,"Barnsley F.C. (1949-1953, 44 apps)  ->  Manchester United F.C. (1953-1958, 166 apps)"
"Tommy Walker","United Kingdom","forward, inside forward",3,"Heart of Midlothian F.C. (1933-1946, 170 apps)  ->  Chelsea F.C. (1946-1948, 97 apps)  ->  Heart of Midlothian F.C. (1948-1948, 1 apps)"
"Tommy White","United Kingdom of Great Britain and Ireland, United Kingdom",defender,4,"Southport F.C. (1925-1927, 17 apps)  ->  Everton F.C. (1927-1937, 193 apps)  ->  Northampton Town F.C. (1937-1938, 0 apps)  ->  New Brighton A.F.C. (1938-1939, 0 apps)"
"Tommy Wright","United Kingdom",defender,1,"Everton F.C. (1964-1974, 373 apps)"
"Tommy Younger","United Kingdom",goalkeeper,7,"Hibernian F.C. (1948-1956, 177 apps)  ->  Liverpool F.C. (1956-1959, 120 apps)  ->  Falkirk F.C. (1959-1960, 6 apps)  ->  Stoke City F.C. (1960-1960, 10 apps)  ->  Rhyl F.C. (1960-1961, 3 apps)  ->  Leeds United F.C. (1961-1963, 37 apps)  ->  Toronto City (1961-1961, 23 apps)"
"Tomás González Rivera",Spain,midfielder,3,"Real Oviedo (1985-1989, 138 apps)  ->  Valencia CF (1989-1994, 142 apps)  ->  Racing de Santander (1994-1996, 65 apps)"
"Tomás Reñones Crego",Spain,defender,6,"SD Compostela (1980-1981, ? apps)  ->  Atlético Madrid B (1981-1984, 78 apps)  ->  Atlético Madrid (1984-1996, 367 apps)  ->  UD Marbella (1996-1997, ? apps)  ->  CA Marbella (1996-1997, 30 apps)  ->  UD San Pedro (1997-1998, 21 apps)"
"Tomáš Rosický","Czech Republic",midfielder,4,"AC Sparta Prague (1998-2001, 41 apps)  ->  Borussia Dortmund (2001-2006, 149 apps)  ->  Arsenal F.C. (2006-2016, 170 apps)  ->  AC Sparta Prague (2016-2017, 12 apps)"
"Tomáš Ujfaluši","Czech Republic",centre-back,6,"SK Sigma Olomouc (1996-2000, 100 apps)  ->  Hamburger SV (2000-2004, 105 apps)  ->  ACF Fiorentina (2004-2008, 123 apps)  ->  Atlético Madrid (2008-2011, 92 apps)  ->  Galatasaray S.K. (2011-2013, 41 apps)  ->  AC Sparta Prague (2013-2013, 0 apps)"
"Toni Kroos",Germany,midfielder,3,"FC Bayern Munich (2007-2014, 130 apps)  ->  Bayer 04 Leverkusen (2009-2010, 43 apps)  ->  Real Madrid Club de Fútbol (2014-2024, 306 apps)"
"Toni Payne","Nigeria, United States",forward,2,"AFC Ajax Vrouwen (2017-2018, ? apps)  ->  Sevilla FC (2018-2024, 136 apps)"
"Toni Polster",Austria,forward,9,"FK Austria Wien (1982-1987, 147 apps)  ->  1. Simmeringer SC (1982-1982, 13 apps)  ->  Torino FC (1987-1988, 27 apps)  ->  Sevilla FC (1988-1991, 102 apps)  ->  CD Logroñés (1991-1992, 38 apps)  ->  Rayo Vallecano (1992-1993, 31 apps)  ->  1. FC Köln (1993-1998, 151 apps)  ->  Borussia Mönchengladbach (1998-1999, 38 apps)  ->  FC Red Bull Salzburg (1999-2000, 12 apps)"
"Tony Adams","United Kingdom","centre-back, defender",1,"Arsenal F.C. (1983-2002, 504 apps)"
"Tony Book","United Kingdom",full-back,5,"Frome Town F.C. (1955-1956, ? apps)  ->  Bath City F.C. (1956-1964, 387 apps)  ->  Plymouth Argyle F.C. (1964-1966, 81 apps)  ->  Toronto City (1964-1964, ? apps)  ->  Manchester City F.C. (1966-1974, 244 apps)"
"Tony Coleman","United Kingdom","wing half",16,"Stoke City F.C. (1961-1962, 0 apps)  ->  Tranmere Rovers F.C. (1962-1964, 8 apps)  ->  Ellesmere Port Town F.C. (1962-1962, ? apps)  ->  Preston North End F.C. (1964-1965, 5 apps)  ->  Bangor City F.C. (1965-1965, 12 apps)  ->  Doncaster Rovers F.C. (1965-1967, 58 apps)  ->  Manchester City F.C. (1967-1969, 83 apps)  ->  Sheffield Wednesday F.C. (1969-1970, 26 apps)  ->  Blackpool F.C. (1970-1971, 17 apps)  ->  Cape Town City F.C. (1971-1971, ? apps)  ->  Durban City F.C. (1972-1973, ? apps)  ->  Southport F.C. (1973-1974, 23 apps)  ->  Stockport County F.C. (1974-1976, 30 apps)  ->  Macclesfield Town F.C. (1975-1976, 16 apps)  ->  Cape Town City F.C. (1976-1976, 3 apps)  ->  Guisborough Town F.C. (1976-1980, ? apps)"
"Tony Coton","United Kingdom",goalkeeper,7,"Birmingham City F.C. (1978-1984, 94 apps)  ->  Hereford United F.C. (1979-1979, 0 apps)  ->  Watford F.C. (1984-1990, 233 apps)  ->  Manchester City F.C. (1990-1996, 164 apps)  ->  Manchester United F.C. (1996-1996, 0 apps)  ->  Sunderland A.F.C. (1996-1997, 10 apps)  ->  Hereford United F.C. (2004-2004, 0 apps)"
"Tony Cottee","United Kingdom",forward,10,"West Ham United F.C. (1982-1988, 212 apps)  ->  Everton F.C. (1988-1994, 184 apps)  ->  West Ham United F.C. (1994-1996, 67 apps)  ->  Selangor F.C. (1996-1997, 24 apps)  ->  Birmingham City F.C. (1997-1997, 5 apps)  ->  Leicester City F.C. (1997-2000, 85 apps)  ->  Selangor F.C. (1998-1998, 24 apps)  ->  Barnet F.C. (2000-2001, 16 apps)  ->  Norwich City F.C. (2000-2000, 7 apps)  ->  Millwall F.C. (2001-2001, 2 apps)"
"Tony Dorigo",Australia,full-back,6,"Aston Villa F.C. (1983-1987, 111 apps)  ->  Chelsea F.C. (1987-1991, 146 apps)  ->  Leeds United F.C. (1991-1997, 171 apps)  ->  Torino FC (1997-1998, 30 apps)  ->  Derby County F.C. (1998-2000, 41 apps)  ->  Stoke City F.C. (2000-2001, 36 apps)"
"Tony Dunne",Ireland,full-back,4,"Shelbourne F.C. (1958-1960, 18 apps)  ->  Manchester United F.C. (1960-1973, 414 apps)  ->  Bolton Wanderers F.C. (1973-1979, 170 apps)  ->  Detroit Express (1979-1979, 12 apps)"
"Tony Galvin",Ireland,"wing half",3,"Tottenham Hotspur F.C. (1978-1987, 201 apps)  ->  Sheffield Wednesday F.C. (1987-1989, 36 apps)  ->  Swindon Town F.C. (1989-1990, 11 apps)"
"Tony Grant","United Kingdom",midfielder,10,"Everton F.C. (1993-1999, 94 apps)  ->  Swindon Town F.C. (1996-1996, 3 apps)  ->  Manchester City F.C. (1999-2001, 31 apps)  ->  Tranmere Rovers F.C. (1999-1999, 9 apps)  ->  West Bromwich Albion F.C. (2000-2001, 5 apps)  ->  Burnley F.C. (2001-2005, 141 apps)  ->  Bristol City F.C. (2005-2006, 0 apps)  ->  Crewe Alexandra F.C. (2006-2007, 14 apps)  ->  Accrington Stanley F.C. (2007-2007, 6 apps)  ->  Chester City F.C. (2007-2008, 19 apps)"
"Tony Hibbert","United Kingdom",full-back,1,"Everton F.C. (1999-2016, 265 apps)"
"Tony Marchi","United Kingdom","wing half",6,"Tottenham Hotspur F.C. (1949-1957, 131 apps)  ->  Juventus FC (1957-1959, 0 apps)  ->  Vicenza Calcio (1957-1958, 30 apps)  ->  Torino FC (1958-1959, 29 apps)  ->  Tottenham Hotspur F.C. (1959-1965, 101 apps)  ->  Northampton Town F.C. (1967-1968, 101 apps)"
"Tony McNamara","United Kingdom","wing half",5,"Everton F.C. (1947-1957, 113 apps)  ->  Liverpool F.C. (1957-1958, 10 apps)  ->  Bury F.C. (1958-1959, 14 apps)  ->  Crewe Alexandra F.C. (1958-1958, 9 apps)  ->  Runcorn F.C. Halton (1959-1960, ? apps)"
"Tony Towers","United Kingdom",midfielder,8,"Manchester City F.C. (1968-1974, 122 apps)  ->  Sunderland A.F.C. (1974-1977, 108 apps)  ->  Birmingham City F.C. (1977-1980, 92 apps)  ->  Montreal Manic (1981-1983, 80 apps)  ->  Tacoma Stars (1983-1984, 26 apps)  ->  Tampa Bay Rowdies (1984-1984, 9 apps)  ->  Vancouver Whitecaps (1984-1984, 8 apps)  ->  Rochdale A.F.C. (1984-1985, 2 apps)"
"Tony Whitson","South Africa","defender, full-back",2,"Newcastle United F.C. (1906-1919, 124 apps)  ->  Carlisle United F.C. (1919-?, ? apps)"
"Tony Woodcock","United Kingdom",forward,8,"Nottingham Forest F.C. (1973-1979, 129 apps)  ->  Doncaster Rovers F.C. (1976-1976, 4 apps)  ->  Lincoln City F.C. (1976-1976, 4 apps)  ->  Doncaster Rovers F.C. (1977-1977, 6 apps)  ->  1. FC Köln (1979-1982, 81 apps)  ->  Arsenal F.C. (1982-1986, 131 apps)  ->  1. FC Köln (1986-1988, 49 apps)  ->  SC Fortuna Köln (1988-1990, 37 apps)"
"Tony Young","United Kingdom","defender, full-back",3,"Manchester United F.C. (1969-1976, 83 apps)  ->  Charlton Athletic F.C. (1976-1976, 20 apps)  ->  York City F.C. (1976-1978, 78 apps)"
"Tonín Conde",,,1,"Valencia CF (1930-1937, 229 apps)"
"Tore André Flo",Norway,forward,11,"Sogndal Fotball (1993-1994, 44 apps)  ->  Tromsø IL (1995-1995, 26 apps)  ->  SK Brann (1996-1997, 40 apps)  ->  Chelsea F.C. (1997-2000, 112 apps)  ->  Rangers F.C. (2000-2002, 53 apps)  ->  Sunderland A.F.C. (2002-2003, 29 apps)  ->  Siena FC (2003-2005, 63 apps)  ->  Vålerenga Fotball (2005-2006, 24 apps)  ->  Leeds United F.C. (2006-2008, 23 apps)  ->  Milton Keynes Dons F.C. (2008-2009, 13 apps)  ->  Sogndal Fotball (2011-2012, 22 apps)"
"Trent Alexander-Arnold","United Kingdom","midfielder, full-back",2,"Liverpool F.C. (2016-2025, 259 apps)  ->  Real Madrid Club de Fútbol (2025-?, 17 apps)"
"Trevor Ross","United Kingdom",midfielder,8,"Arsenal F.C. (1974-1977, 58 apps)  ->  Everton F.C. (1977-1983, 126 apps)  ->  Sheffield United F.C. (1982-1982, 4 apps)  ->  Portsmouth F.C. (1982-1982, 5 apps)  ->  Bury F.C. (1984-1987, 98 apps)  ->  Sheffield United F.C. (1984-1984, 4 apps)  ->  Hyde United F.C. (1987-1987, 5 apps)  ->  Altrincham F.C. (1987-1988, ? apps)"
"Trevor Sinclair","United Kingdom","wing half",6,"Blackpool F.C. (1989-1993, 112 apps)  ->  Queens Park Rangers F.C. (1993-1998, 168 apps)  ->  West Ham United F.C. (1998-2003, 177 apps)  ->  Manchester City F.C. (2003-2007, 82 apps)  ->  Cardiff City F.C. (2007-2008, 21 apps)  ->  Lancaster City F.C. (2014-2015, 1 apps)"
"Trevor Steven","United Kingdom",midfielder,5,"Burnley F.C. (1980-1983, 74 apps)  ->  Everton F.C. (1983-1989, 210 apps)  ->  Rangers F.C. (1989-1991, 55 apps)  ->  Olympique de Marseille (1991-1992, 28 apps)  ->  Rangers F.C. (1992-1997, 77 apps)"
"Txiki Begiristain",Spain,"midfielder, wing half",3,"Real Sociedad (1982-1988, 187 apps)  ->  Deportivo de La Coruña (1995-1997, 43 apps)  ->  Urawa Red Diamonds (1997-1999, 61 apps)"
Tzibi,Spain,defender,2,"Athletic Club (2002-2008, 164 apps)  ->  Atlético de Madrid Femenino (2006-2006, 2 apps)"
"Ubaldo Passalacqua",Italy,defender,5,"Siena FC (1936-1942, 186 apps)  ->  Calcio Padova (1942-1943, 31 apps)  ->  Inter Milan (1942-1949, 155 apps)  ->  AC Pavia 1911 (1949-1950, 35 apps)  ->  Calcio Lecco 1912 (1950-1951, 12 apps)"
"Ubaldo Righetti",Italy,defender,4,"AS Roma (1980-1987, 112 apps)  ->  Udinese Calcio (1987-1988, 24 apps)  ->  US Lecce (1988-1990, 53 apps)  ->  Delfino Pescara 1936 (1990-1995, 87 apps)"
"Udo Horsmann",Germany,defender,5,"SpVgg Beckum (1973-1975, ? apps)  ->  FC Bayern Munich (1975-1983, 229 apps)  ->  Stade Rennais F.C. (1983-1984, 32 apps)  ->  1. FC Nürnberg (1984-1985, 13 apps)  ->  TSV 1860 München (1985-1986, 34 apps)"
"Ugo Locatelli","Kingdom of Italy, Italy",midfielder,6,"Brescia Calcio (1932-1936, 24 apps)  ->  Atalanta BC (1934-1935, 15 apps)  ->  Inter Milan (1936-1941, 146 apps)  ->  Juventus FC (1941-1943, 56 apps)  ->  Brescia Calcio (1943-1944, 7 apps)  ->  Juventus FC (1944-1949, 117 apps)"
"Uli Hoeneß",Germany,"midfielder, forward",2,"FC Bayern Munich (1970-1979, 239 apps)  ->  1. FC Nürnberg (1978-1979, 11 apps)"
"Uli Stielike",Germany,"midfielder, defender",3,"Borussia Mönchengladbach (1972-1977, 109 apps)  ->  Real Madrid Club de Fútbol (1977-1985, 215 apps)  ->  Neuchâtel Xamax FCS (1985-1988, 66 apps)"
"Umberto Busani","Kingdom of Italy, Italy",forward,8,"AC ChievoVerona (1931-1933, 22 apps)  ->  Hellas Verona FC (1933-1934, 2 apps)  ->  Vigevano Calcio (1934-1935, 29 apps)  ->  US Alessandria Calcio 1912 (1935-1936, 28 apps)  ->  SS Lazio (1936-1940, 106 apps)  ->  SSC Napoli (1940-1948, 171 apps)  ->  A.S.D. Nerostellati Frattese (1945-1945, ? apps)  ->  A.S.D. Casertana Calcio (1948-1950, 34 apps)"
"Umberto Caligaris","Kingdom of Italy",defender,3,"Casale FBC (1919-1928, 182 apps)  ->  Juventus FC (1928-1935, 178 apps)  ->  Brescia Calcio (1935-1937, 40 apps)"
"Umberto Colombo",Italy,midfielder,5,"Juventus FC (1950-1952, 0 apps)  ->  AC Monza (1952-1954, 48 apps)  ->  Juventus FC (1954-1960, 173 apps)  ->  Atalanta BC (1961-1966, 142 apps)  ->  Hellas Verona FC (1966-1967, 4 apps)"
"Umberto Visentin","Kingdom of Italy, Italy",midfielder,6,"Treviso F.B.C. 1993 (1924-1928, 66 apps)  ->  Inter Milan (1928-1933, 118 apps)  ->  SSC Napoli (1933-1935, 27 apps)  ->  SS Lazio (1935-1936, 12 apps)  ->  Treviso F.B.C. 1993 (1936-1941, 82 apps)  ->  Treviso F.B.C. 1993 (1948-1949, 1 apps)"
"Unai Gómez",Spain,"inside forward, winger",6,"Athletic Club (2014-2016, ? apps)  ->  Danok Bat CF (2016-2019, ? apps)  ->  Athletic Club (2019-2021, ? apps)  ->  CD Baskonia (2021-2022, 31 apps)  ->  Athletic Bilbao B (2022-2024, 35 apps)  ->  Athletic Club (2023-?, 117 apps)"
"Unai López",Spain,"central midfielder",10,"Antiguoko (2008-2010, ? apps)  ->  Real Sociedad (2010-2011, ? apps)  ->  Athletic Club (2011-2013, ? apps)  ->  CD Baskonia (2012-2013, 21 apps)  ->  Athletic Bilbao B (2013-2016, 76 apps)  ->  Athletic Club (2014-2021, 93 apps)  ->  CD Leganés (2016-2017, 24 apps)  ->  Rayo Vallecano (2017-2018, 40 apps)  ->  Rayo Vallecano (2021-2022, 30 apps)  ->  Rayo Vallecano (2022-?, 109 apps)"
"Unai Núñez",Spain,centre-back,10,"Danok Bat CF (2004-2007, ? apps)  ->  Athletic Club (2007-2015, ? apps)  ->  CD Baskonia (2015-2016, 28 apps)  ->  Athletic Bilbao B (2016-2017, 33 apps)  ->  Athletic Club (2017-2024, 116 apps)  ->  RC Celta de Vigo (2022-2024, 76 apps)  ->  Athletic Club (2024-2025, 15 apps)  ->  RC Celta de Vigo (2024-?, ? apps)  ->  Hellas Verona FC (2025-2025, 18 apps)  ->  Valencia CF (2026-?, ? apps)"
"Unai Simón",Spain,goalkeeper,3,"CD Baskonia (2014-2016, 36 apps)  ->  Athletic Bilbao B (2016-2018, 58 apps)  ->  Athletic Club (2018-?, 264 apps)"
"Unai Vencedor",Spain,"defensive midfielder",7,"Santutxu FC (2007-2017, ? apps)  ->  Athletic Club (2017-2018, ? apps)  ->  Athletic Bilbao B (2018-2020, 63 apps)  ->  Athletic Club (2020-?, 82 apps)  ->  SD Eibar (2023-2024, 40 apps)  ->  Racing de Santander (2024-2025, 41 apps)  ->  Levante UD (2025-2026, 19 apps)"
"Urbano Ortega",Spain,midfielder,6,"RCD Espanyol de Barcelona (1979-1982, 54 apps)  ->  RCD Espanyol de Barcelona (1991-1993, 59 apps)  ->  UE Lleida (1993-1994, 36 apps)  ->  Mérida UD (1994-?, 59 apps)  ->  CP Mérida (1994-1996, 59 apps)  ->  Málaga CF (1996-1997, 25 apps)"
"Ustaritz Aldekoaotalora",Spain,centre-back,8,"Athletic Club (1999-2001, ? apps)  ->  CD Baskonia (2001-2003, 40 apps)  ->  Athletic Bilbao B (2003-2005, 57 apps)  ->  Athletic Club (2005-2012, 85 apps)  ->  Real Betis Balompié (2011-2012, 7 apps)  ->  FC Dinamo Tbilisi (2013-2014, 14 apps)  ->  F.C. Arouca (2014-2015, 2 apps)  ->  F.C. Penafiel (2015-2015, 7 apps)"
"Uwe Rösler","German Democratic Republic, Germany",forward,13,"1. FC Lokomotive Leipzig (1987-1988, 3 apps)  ->  FC Sachsen Leipzig (1988-1989, 27 apps)  ->  1. FC Magdeburg (1989-1990, 46 apps)  ->  Dynamo Dresden (1990-1992, 46 apps)  ->  1. FC Nürnberg (1992-1994, 28 apps)  ->  Dynamo Dresden (1993-1994, 7 apps)  ->  Manchester City F.C. (1994-1998, 152 apps)  ->  1. FC Kaiserslautern (1998-1999, 28 apps)  ->  Tennis Borussia Berlin (1999-2000, 28 apps)  ->  Southampton F.C. (2000-2002, 24 apps)  ->  West Bromwich Albion F.C. (2001-2001, 5 apps)  ->  Lillestrøm SK (2002-2003, 11 apps)  ->  SpVgg Unterhaching (2002-2002, 14 apps)"
"Val Harris",Ireland,"wing half",3,"Shelbourne F.C. (1903-?, ? apps)  ->  Everton F.C. (1908-1914, 190 apps)  ->  Shelbourne F.C. (1914-1927, ? apps)"
"Valerio Spadoni",Italy,forward,6,"A.S.D. Stuoie Baracca Lugo (1967-1968, 29 apps)  ->  Atalanta BC (1968-1969, 0 apps)  ->  A.S.D. Stuoie Baracca Lugo (1969-1970, 31 apps)  ->  Rimini FC (1970-1972, 71 apps)  ->  AS Roma (1972-1976, 80 apps)  ->  Rimini FC (1976-1977, ? apps)"
"Valter Bonacina",Italy,midfielder,7,"F.C. AlzanoCene 1909 (1981-1986, 103 apps)  ->  Centro Giovanile Virescit Boccaleone (1981-1986, 103 apps)  ->  Atalanta BC (1986-1991, 140 apps)  ->  AS Roma (1991-1994, 84 apps)  ->  Atalanta BC (1994-1999, 141 apps)  ->  AC Monza (1999-2001, 55 apps)  ->  A.C. Rodengo Saiano (2001-2002, 27 apps)"
"Vasilis Tsiartas",Greece,midfielder,3,"F.A.S. Naoussa (1989-1992, 92 apps)  ->  Sevilla FC (1996-2000, 139 apps)  ->  1. FC Köln (2004-2005, 4 apps)"
"Vedran Ćorluka",Croatia,full-back,6,"GNK Dinamo Zagreb (2003-2007, 61 apps)  ->  NK Inter Zaprešić (2004-2005, 27 apps)  ->  Manchester City F.C. (2007-2008, 38 apps)  ->  Tottenham Hotspur F.C. (2008-2012, 81 apps)  ->  Bayer 04 Leverkusen (2012-2012, 7 apps)  ->  FC Lokomotiv Moscow (2012-2021, 200 apps)"
"Venancio Pérez García",Spain,forward,4,"SD Erandio Club (1943-1945, ? apps)  ->  Athletic Club (1945-1955, 167 apps)  ->  Barakaldo CF (1947-1949, ? apps)  ->  Barakaldo CF (1955-1956, 12 apps)"
"Vic Buckingham","United Kingdom of Great Britain and Ireland, United Kingdom","wing half",2,"Northfleet United F.C. (1934-1935, ? apps)  ->  Tottenham Hotspur F.C. (1935-1949, 204 apps)"
"Vic Groves","United Kingdom",forward,5,"Tottenham Hotspur F.C. (1952-1953, 4 apps)  ->  Walthamstow Avenue F.C. (1953-1954, ? apps)  ->  Leyton Orient F.C. (1954-1955, 42 apps)  ->  Arsenal F.C. (1955-1964, 185 apps)  ->  Canterbury City F.C. (1964-1965, 9 apps)"
"Vic Keeble","United Kingdom",forward,3,"Colchester United F.C. (1947-1952, 114 apps)  ->  Newcastle United F.C. (1952-1957, 104 apps)  ->  West Ham United F.C. (1957-1960, 76 apps)"
"Vic Woodley","United Kingdom",goalkeeper,2,"Chelsea F.C. (1931-1945, 252 apps)  ->  Derby County F.C. (1946-1946, 30 apps)"
"Vic Wright","United Kingdom of Great Britain and Ireland, United Kingdom","inside forward",1,"Liverpool F.C. (1934-1937, 81 apps)"
"Vicente Asensi",Spain,"wing half",3,"Burjassot CF (1939-1940, ? apps)  ->  Valencia CF (1940-1954, 275 apps)  ->  Valencia CF Mestalla (1954-1955, 1 apps)"
"Vicente Biurrun","Brazil, Spain",goalkeeper,6,"Real Sociedad B (1978-1981, 78 apps)  ->  Real Sociedad (1981-1983, 0 apps)  ->  Club Atlético Osasuna (1983-1986, 80 apps)  ->  Athletic Club (1986-1990, 173 apps)  ->  RCD Espanyol de Barcelona (1990-1993, 89 apps)  ->  Real Sociedad (1993-1995, 6 apps)"
"Vicente Guillot",Spain,forward,3,"Valencia CF Mestalla (1959-1961, ? apps)  ->  Valencia CF (1961-1970, 153 apps)  ->  Elche CF (1970-1972, 14 apps)"
"Vicente Miera",Spain,defender,4,"Rayo Cantabria (1957-1960, ? apps)  ->  Racing de Santander (1960-1961, 34 apps)  ->  Real Madrid Club de Fútbol (1961-1969, 95 apps)  ->  Sporting de Gijón (1969-1971, 23 apps)"
"Vicente Piquer",Spain,defender,3,"Valencia CF Mestalla (1954-1957, 48 apps)  ->  Valencia CF (1956-1965, 197 apps)  ->  CD Málaga (1965-1967, 11 apps)"
"Vicente Rodríguez",Spain,"wing half, centre-forward",3,"Levante UD (1997-2000, 60 apps)  ->  Valencia CF (2000-2011, 243 apps)  ->  Brighton & Hove Albion F.C. (2011-2013, 32 apps)"
"Vicente del Bosque",Spain,midfielder,4,"Real Madrid Club de Fútbol (1968-1984, 445 apps)  ->  CD Castellón (1970-1971, 13 apps)  ->  Córdoba CF (1971-1972, 19 apps)  ->  CD Castellón (1972-1973, 30 apps)"
"Victor Anichebe",Nigeria,"wing half",4,"Everton F.C. (2006-2013, 131 apps)  ->  West Bromwich Albion F.C. (2013-2016, 55 apps)  ->  Sunderland A.F.C. (2016-2017, 18 apps)  ->  Beijing Sport University F.C. (2017-2017, 11 apps)"
"Victor Lindelöf",Sweden,defender,6,"Västerås SK Fotboll (2009-2012, 41 apps)  ->  Västerås IK (2010-2012, 41 apps)  ->  S.L. Benfica B (2012-2015, 96 apps)  ->  S.L. Benfica (2013-2017, 48 apps)  ->  Manchester United F.C. (2017-2025, 194 apps)  ->  Aston Villa F.C. (2025-?, 16 apps)"
"Victor Moses","Nigeria, United Kingdom","wing half",12,"Crystal Palace F.C. (2007-2010, 58 apps)  ->  Wigan Athletic F.C. (2010-2012, 74 apps)  ->  Chelsea F.C. (2012-2021, 87 apps)  ->  Liverpool F.C. (2013-2014, 19 apps)  ->  Stoke City F.C. (2014-2015, 19 apps)  ->  West Ham United F.C. (2015-2016, 21 apps)  ->  Fenerbahçe Istanbul (2019-2020, 20 apps)  ->  Inter Milan (2020-2020, 12 apps)  ->  Spartak Moscow (2020-2021, 19 apps)  ->  Spartak Moscow (2021-2024, 51 apps)  ->  Luton Town F.C. (2024-2025, 18 apps)  ->  FC Kaisar (2026-?, ? apps)"
"Victor Osimhen",Nigeria,forward,6,"VfL Wolfsburg (2017-2019, 14 apps)  ->  Royal Charleroi S.C. (2018-2019, 25 apps)  ->  Lille OSC (2019-2020, 27 apps)  ->  SSC Napoli (2020-2025, 108 apps)  ->  Galatasaray S.K. (2024-2025, 30 apps)  ->  Galatasaray S.K. (2025-?, 22 apps)"
"Vincent Candela",France,full-back,7,"Toulouse FC (1992-1995, 56 apps)  ->  En Avant de Guingamp (1995-1997, 48 apps)  ->  AS Roma (1997-2005, 210 apps)  ->  Udinese Calcio (2005-2006, 26 apps)  ->  Bolton Wanderers F.C. (2005-2005, 10 apps)  ->  Siena FC (2006-2007, 14 apps)  ->  A.C.R. Messina (2007-2007, 17 apps)"
"Vincent Kompany",Belgium,centre-back,4,"R.S.C. Anderlecht (2003-2006, 73 apps)  ->  Hamburger SV (2006-2008, 29 apps)  ->  Manchester City F.C. (2008-2019, 265 apps)  ->  R.S.C. Anderlecht (2019-2020, 15 apps)"
"Vincenzo Iaquinta",Italy,forward,5,"Calcio Padova (1998-1998, 13 apps)  ->  A.S.D. Castel di Sangro Calcio (1998-2000, 52 apps)  ->  Udinese Calcio (2000-2007, 176 apps)  ->  Juventus FC (2007-2013, 86 apps)  ->  AC Cesena (2012-2012, 7 apps)"
"Vincenzo Montefusco",Italy,midfielder,4,"SSC Napoli (1962-1977, 156 apps)  ->  Calcio Foggia 1920 (1970-1971, 26 apps)  ->  Vicenza Calcio (1972-1973, 26 apps)  ->  Taranto Sport (1974-1975, 16 apps)"
"Vincenzo Montella",Italy,forward,6,"Empoli FC (1990-1995, 51 apps)  ->  Genoa CFC (1995-1996, 34 apps)  ->  U.C. Sampdoria (1996-1999, 83 apps)  ->  AS Roma (1999-2009, 192 apps)  ->  Fulham F.C. (2007-2007, 10 apps)  ->  U.C. Sampdoria (2007-2008, 13 apps)"
"Vinicio Verza",Italy,midfielder,7,"Vicenza Calcio (1976-1977, 22 apps)  ->  Juventus FC (1977-1981, 41 apps)  ->  AC Cesena (1981-1982, 24 apps)  ->  AC Milan (1982-1985, 81 apps)  ->  Hellas Verona FC (1985-1988, 67 apps)  ->  Como 1907 (1988-1989, 16 apps)  ->  Treviso F.B.C. 1993 (1991-1992, ? apps)"
"Vinny Samways","United Kingdom",midfielder,8,"Tottenham Hotspur F.C. (1986-1994, 193 apps)  ->  Everton F.C. (1994-1996, 23 apps)  ->  Wolverhampton Wanderers F.C. (1995-1996, 3 apps)  ->  Birmingham City F.C. (1996-1996, 12 apps)  ->  UD Las Palmas (1996-2002, 160 apps)  ->  Sevilla FC (2002-2003, 10 apps)  ->  Walsall F.C. (2003-2004, 42 apps)  ->  Algeciras CF (2004-2005, 18 apps)"
"Vinícius Júnior","Brazil, Spain","midfielder, forward, wing half",2,"Clube de Regatas do Flamengo (2017-2018, 50 apps)  ->  Real Madrid Club de Fútbol (2018-?, 233 apps)"
"Virgil van Dijk","Kingdom of the Netherlands",defender,4,"FC Groningen (2011-2013, 62 apps)  ->  Celtic F.C. (2013-2015, 76 apps)  ->  Southampton F.C. (2015-2018, 67 apps)  ->  Liverpool F.C. (2018-?, 264 apps)"
"Virgilio Fossati","Kingdom of Italy",midfielder,1,"Inter Milan (1909-1915, 97 apps)"
"Virginio Rosetta","Kingdom of Italy, Italy",defender,2,"F.C. Pro Vercelli 1892 (1919-1920, 85 apps)  ->  Juventus FC (1923-1936, 338 apps)"
"Vitaliy Mykolenko",Ukraine,defender,2,"FC Dynamo Kyiv (2017-2022, 88 apps)  ->  Everton F.C. (2022-?, 118 apps)"
"Vittorio Sentimenti","Kingdom of Italy, Italy",midfielder,5,"Modena F.C. (1936-1941, 125 apps)  ->  Juventus FC (1941-1949, 210 apps)  ->  SS Lazio (1949-1952, 75 apps)  ->  Torino FC (1952-1956, 88 apps)  ->  Modena F.C. (1956-1957, 11 apps)"
"Viv Anderson","United Kingdom",defender,6,"Nottingham Forest F.C. (1974-1984, 328 apps)  ->  Arsenal F.C. (1984-1987, 120 apps)  ->  Manchester United F.C. (1987-1991, 54 apps)  ->  Sheffield Wednesday F.C. (1991-1993, 70 apps)  ->  Barnsley F.C. (1993-1994, 20 apps)  ->  Middlesbrough F.C. (1994-1995, 2 apps)"
"Vivian Woodward","United Kingdom of Great Britain and Ireland, United Kingdom",forward,4,"F.C. Clacton (1895-1901, ? apps)  ->  Tottenham Hotspur F.C. (1901-1909, 132 apps)  ->  Chelsea F.C. (1909-1915, 106 apps)  ->  F.C. Clacton (1919-1920, 6 apps)"
"Vladimír Šmicer","Czech Republic, Czechoslovakia",midfielder,5,"SK Slavia Prague (1992-1996, 81 apps)  ->  R.C. Lens (1996-1999, 91 apps)  ->  Liverpool F.C. (1999-2005, 121 apps)  ->  FC Girondins de Bordeaux (2005-2007, 28 apps)  ->  SK Slavia Prague (2007-2009, 23 apps)"
Voro,Spain,defender,5,"Valencia CF Mestalla (1982-1984, ? apps)  ->  C.D. Tenerife (1984-1985, 43 apps)  ->  Valencia CF (1984-1993, 216 apps)  ->  Deportivo de La Coruña (1993-1996, 102 apps)  ->  CD Logroñés (1996-1999, 45 apps)"
"Víctor",Spain,forward,8,"Real Madrid C (1993-1993, 12 apps)  ->  C.D. Tenerife (1994-1996, 16 apps)  ->  CD Toledo (1996-1996, 20 apps)  ->  Real Valladolid (1996-2000, 133 apps)  ->  Villarreal CF (2000-2004, 131 apps)  ->  Real Valladolid (2004-2009, 169 apps)  ->  FC Cartagena (2009-2011, 72 apps)  ->  CD Leganés (2011-2012, 29 apps)"
"Víctor Muñoz",Spain,midfielder,4,"Real Zaragoza (1976-1981, 127 apps)  ->  U.C. Sampdoria (1988-1990, 48 apps)  ->  Real Zaragoza (1990-1990, 4 apps)  ->  St. Mirren F.C. (1991-1991, 18 apps)"
"Víctor Salas",Spain,midfielder,7,"Sevilla FC (1999-2003, 93 apps)  ->  Unión Deportiva Almería (2004-2004, 20 apps)  ->  Polideportivo Ejido (2004-2007, 108 apps)  ->  CD Castellón (2007-2009, 46 apps)  ->  Sociedad Deportiva Ponferradina (2009-2011, 51 apps)  ->  CD Teruel (2011-2012, 29 apps)  ->  Coria CF (2012-2013, 28 apps)"
"Víctor Valdés",Spain,goalkeeper,5,"FC Barcelona C (2000-2000, 16 apps)  ->  FC Barcelona Atlètic (2000-2003, 77 apps)  ->  Manchester United F.C. (2015-2016, 2 apps)  ->  Standard Liège (2016-2016, 5 apps)  ->  Middlesbrough F.C. (2016-2017, 28 apps)"
"Waldo Machado",Brazil,forward,4,"Madureira Esporte Clube (1953-1954, ? apps)  ->  Fluminense F.C. (1954-1961, 403 apps)  ->  Valencia CF (1961-1970, 216 apps)  ->  Hércules CF (1970-1971, 19 apps)"
"Walley Barnes","United Kingdom of Great Britain and Ireland, United Kingdom",full-back,2,"Southampton F.C. (1941-1943, 0 apps)  ->  Arsenal F.C. (1943-1956, 267 apps)"
"Wally Fielding","United Kingdom of Great Britain and Ireland, United Kingdom","inside forward",2,"Everton F.C. (1945-1959, 380 apps)  ->  Southport F.C. (1959-1960, 20 apps)"
"Walter Abbott","United Kingdom of Great Britain and Ireland, United Kingdom","midfielder, forward, inside forward, wing half",4,"Birmingham City F.C. (1896-1899, 77 apps)  ->  Everton F.C. (1899-1908, 257 apps)  ->  Burnley F.C. (1908-1910, 57 apps)  ->  Birmingham City F.C. (1910-1911, 1 apps)"
"Walter Alsford","United Kingdom of Great Britain and Ireland","wing half",2,"Tottenham Hotspur F.C. (1930-1936, 81 apps)  ->  Nottingham Forest F.C. (1936-1937, 30 apps)"
"Walter De Vecchi",Italy,defender,9,"AC Milan (1973-1974, 1 apps)  ->  Varese Calcio (1974-1975, 9 apps)  ->  AC Milan (1975-1975, ? apps)  ->  AC Monza (1975-1978, 97 apps)  ->  AC Milan (1978-1981, 93 apps)  ->  Ascoli Calcio 1898 FC (1981-1984, 84 apps)  ->  SSC Napoli (1984-1985, 23 apps)  ->  Bologna F.C. 1909 (1985-1986, 33 apps)  ->  A.C. Reggiana 1919 (1986-1992, 185 apps)"
"Walter Gargano",Uruguay,midfielder,5,"Danubio F.C. (2003-2007, 102 apps)  ->  SSC Napoli (2007-2015, 189 apps)  ->  Inter Milan (2012-2013, 28 apps)  ->  Parma Calcio 1913 (2013-2014, 22 apps)  ->  Club de Fútbol Monterrey (2015-?, ? apps)"
"Walter Novellino",Italy,midfielder,10,"Torino FC (1970-1971, 0 apps)  ->  A.C. Legnano (1971-1972, 37 apps)  ->  Torino FC (1972-1973, 1 apps)  ->  US Cremonese (1973-1974, 30 apps)  ->  Empoli FC (1974-1975, 36 apps)  ->  A.C. Perugia Calcio (1975-1978, 81 apps)  ->  AC Milan (1978-1982, 120 apps)  ->  Ascoli Calcio 1898 FC (1982-1984, 59 apps)  ->  A.C. Perugia Calcio (1984-1986, 51 apps)  ->  Catania FC (1986-1987, 16 apps)"
"Walter Samuel",Argentina,"centre-back, defender",5,"Newell's Old Boys (1996-1997, 42 apps)  ->  AS Roma (2000-2004, 122 apps)  ->  Real Madrid Club de Fútbol (2004-2005, 30 apps)  ->  Inter Milan (2005-2014, 169 apps)  ->  FC Basel (2014-2016, 28 apps)"
"Walter Smith","United Kingdom of Great Britain and Ireland, United Kingdom",goalkeeper,5,"Leicester City F.C. (1903-1906, 79 apps)  ->  Manchester City F.C. (1906-1920, 232 apps)  ->  Port Vale F.C. (1920-1922, 41 apps)  ->  Plymouth Argyle F.C. (1922-1922, 0 apps)  ->  Grimsby Town F.C. (1922-1923, 10 apps)"
"Walter Zenga","Romania, Italy",goalkeeper,7,"U.S. Salernitana 1919 (1978-1979, 3 apps)  ->  Inter Milan (1978-1994, 328 apps)  ->  Savona F.B.C. (1979-1980, 23 apps)  ->  S.S. Sambenedettese Calcio (1980-1982, 67 apps)  ->  U.C. Sampdoria (1994-1996, 41 apps)  ->  Calcio Padova (1996-1997, 21 apps)  ->  New England Revolution (1997-1999, 47 apps)"
"Warney Cresswell","United Kingdom of Great Britain and Ireland, United Kingdom",full-back,3,"South Shields F.C. (1919-1922, 99 apps)  ->  Sunderland A.F.C. (1922-1927, 182 apps)  ->  Everton F.C. (1927-1936, 290 apps)"
"Warren Barton","United Kingdom",defender,7,"Maidstone United F.C. (1987) (1989-1990, 42 apps)  ->  Wimbledon F.C. (1990-1995, 180 apps)  ->  Newcastle United F.C. (1995-2002, 164 apps)  ->  Derby County F.C. (2002-2003, 54 apps)  ->  Queens Park Rangers F.C. (2003-2004, 3 apps)  ->  Dagenham & Redbridge F.C. (2004-2005, 2 apps)  ->  Wimbledon F.C. (2004-2004, 5 apps)"
"Wayne Bridge","United Kingdom",full-back,8,"Southampton F.C. (1998-2003, 151 apps)  ->  Chelsea F.C. (2003-2009, 87 apps)  ->  Fulham F.C. (2006-2006, 12 apps)  ->  Manchester City F.C. (2009-2013, 42 apps)  ->  West Ham United F.C. (2011-2011, 15 apps)  ->  Sunderland A.F.C. (2012-2012, 8 apps)  ->  Brighton & Hove Albion F.C. (2012-2013, 37 apps)  ->  Reading F.C. (2013-2014, 12 apps)"
"Wayne Rooney","United Kingdom","forward, central midfielder",5,"Everton F.C. (2002-2004, 67 apps)  ->  Manchester United F.C. (2004-2017, 393 apps)  ->  Everton F.C. (2017-2018, 31 apps)  ->  D.C. United (2018-2019, 48 apps)  ->  Derby County F.C. (2019-2021, 30 apps)"
"Werner Huber",Germany,winger,2,"FC Bayern Munich (1954-1960, 137 apps)  ->  Stuttgarter Kickers (1960-1967, 108 apps)"
"Werner Olk",Germany,defender,3,"SV Arminia Hannover (1956-1960, ? apps)  ->  FC Bayern Munich (1960-1970, 266 apps)  ->  FC Aarau (1970-1973, ? apps)"
"Werner Schneider",Germany,defender,3,"MSV Duisburg (1971-1977, 157 apps)  ->  Borussia Dortmund (1977-1981, 122 apps)  ->  Hertha BSC (1981-1983, 60 apps)"
"Wes Brown","United Kingdom","centre-back, defender",2,"Manchester United F.C. (1996-2011, 232 apps)  ->  Sunderland A.F.C. (2011-2016, ? apps)"
"Weston McKennie","United States",midfielder,4,"Schalke 04 (2017-2021, 75 apps)  ->  Juventus FC (2020-2021, 21 apps)  ->  Juventus FC (2021-?, 125 apps)  ->  Leeds United F.C. (2023-2023, 19 apps)"
"Wilf Chadwick","United Kingdom of Great Britain and Ireland, United Kingdom","inside forward",7,"Nelson F.C. (1920-1921, ? apps)  ->  Rossendale United F.C. (1921-1922, ? apps)  ->  Everton F.C. (1922-1925, 102 apps)  ->  Leeds United F.C. (1925-1926, 16 apps)  ->  Wolverhampton Wanderers F.C. (1926-1929, 97 apps)  ->  Stoke City F.C. (1929-1930, 7 apps)  ->  Halifax Town A.F.C. (1930-1932, 5 apps)"
"Wilf Copping","United Kingdom of Great Britain and Ireland, United Kingdom",centre-back,3,"Leeds United F.C. (1929-1934, 162 apps)  ->  Arsenal F.C. (1934-1939, 189 apps)  ->  Leeds United F.C. (1939-1942, 12 apps)"
"Wilf McGuinness","United Kingdom","wing half",1,"Manchester United F.C. (1954-1959, 81 apps)"
"Wilhelm Burgsmüller",Germany,full-back,1,"Borussia Dortmund (1952-1966, 241 apps)"
"Wilhelm Sturm",Germany,midfielder,1,"Borussia Dortmund (1961-1971, 239 apps)"
"Willi Knauer",Germany,defender,2,"TSV 1860 München (1952-1954, ? apps)  ->  FC Bayern Munich (1954-1961, 137 apps)"
"Willi Neuberger",Germany,midfielder,4,"Borussia Dortmund (1966-1971, 148 apps)  ->  SV Werder Bremen (1971-1973, 63 apps)  ->  Wuppertaler SV (1973-1974, 42 apps)  ->  Eintracht Frankfurt (1974-1983, 267 apps)"
"William Aitken","United Kingdom of Great Britain and Ireland, United Kingdom",forward,11,"Queen's Park F.C. (1916-1918, 62 apps)  ->  Rangers F.C. (1918-1919, 21 apps)  ->  Port Vale F.C. (1919-1920, 30 apps)  ->  Newcastle United F.C. (1920-1924, 104 apps)  ->  Preston North End F.C. (1924-1926, 56 apps)  ->  Chorley F.C. (1926-1926, ? apps)  ->  Norwich City F.C. (1926-1927, 14 apps)  ->  Juventus FC (1928-1930, 0 apps)  ->  AS Cannes (1931-1934, ? apps)  ->  Stade de Reims (1934-1936, ? apps)  ->  FC Antibes (1936-1939, 6 apps)"
"William Bryant","United Kingdom of Great Britain and Ireland",forward,3,"Rotherham United F.C. (1894-1896, 54 apps)  ->  Manchester United F.C. (1896-1900, 109 apps)  ->  Blackburn Rovers F.C. (1900-1902, 25 apps)"
"William Dickson","United Kingdom","wing half",6,"Notts County F.C. (1945-1947, 21 apps)  ->  Glenavon F.C. (1945-1945, ? apps)  ->  Chelsea F.C. (1947-1953, 101 apps)  ->  Arsenal F.C. (1953-1956, 29 apps)  ->  Mansfield Town F.C. (1956-1957, 19 apps)  ->  Glenavon F.C. (1958-1958, ? apps)"
"William Gallas",France,defender,6,"Stade Malherbe Caen (1995-1997, 34 apps)  ->  Olympique de Marseille (1997-2001, 84 apps)  ->  Chelsea F.C. (2001-2006, 159 apps)  ->  Arsenal F.C. (2006-2010, 101 apps)  ->  Tottenham Hotspur F.C. (2010-2013, 61 apps)  ->  Perth Glory FC (2013-2014, 15 apps)"
"William Goldie","United Kingdom of Great Britain and Ireland, United Kingdom","wing half",4,"Clyde F.C. (1897-1898, ? apps)  ->  Liverpool F.C. (1898-1903, 158 apps)  ->  Fulham F.C. (1903-1908, ? apps)  ->  Leicester City F.C. (1908-1911, ? apps)"
"William Saliba","Cameroon, Lebanon, France",defender,5,"AS Saint-Étienne (2018-2019, 16 apps)  ->  AS Saint-Étienne (2019-2020, 12 apps)  ->  Arsenal F.C. (2019-?, 125 apps)  ->  OGC Nice (2021-2021, 20 apps)  ->  Olympique de Marseille (2021-2022, 36 apps)"
"William Stewart","United Kingdom of Great Britain and Ireland, United Kingdom",midfielder,3,"Preston North End F.C. (1890-1893, 69 apps)  ->  Everton F.C. (1893-1897, 122 apps)  ->  Bristol City F.C. (1898-1900, 51 apps)"
Willian,Brazil,"wing half",9,"S.C. Corinthians Paulista (2006-2007, 20 apps)  ->  FC Shakhtar Donetsk (2007-2013, 140 apps)  ->  Chelsea F.C. (2013-2020, 234 apps)  ->  FC Anzhi Makhachkala (2013-2013, 11 apps)  ->  Arsenal F.C. (2020-2021, 25 apps)  ->  S.C. Corinthians Paulista (2021-2022, 35 apps)  ->  Fulham F.C. (2022-2024, 58 apps)  ->  Fulham F.C. (2025-2025, 10 apps)  ->  Grêmio FBPA (2025-?, 23 apps)"
"Willie Davies","United Kingdom of Great Britain and Ireland, United Kingdom",forward,5,"Swansea City A.F.C. (1921-1924, 43 apps)  ->  Cardiff City F.C. (1924-1928, 87 apps)  ->  Notts County F.C. (1928-1930, 71 apps)  ->  Tottenham Hotspur F.C. (1930-1933, 109 apps)  ->  Swansea City A.F.C. (1933-1936, 86 apps)"
"Willie Donachie","United Kingdom","defender, full-back",6,"Manchester City F.C. (1968-1980, 351 apps)  ->  Portland Timbers (1980-1981, 60 apps)  ->  Norwich City F.C. (1981-1982, 11 apps)  ->  Burnley F.C. (1982-1984, 60 apps)  ->  Portland Timbers (1982-1982, 31 apps)  ->  Oldham Athletic A.F.C. (1984-1990, 169 apps)"
"Willie Evans","United Kingdom of Great Britain and Ireland, United Kingdom",forward,3,"Cardiff City F.C. (1930-1931, 0 apps)  ->  Tottenham Hotspur F.C. (1931-1936, 178 apps)  ->  Fulham F.C. (1937-?, ? apps)"
"Willie Fagan","United Kingdom of Great Britain and Ireland, United Kingdom","inside forward",5,"Celtic F.C. (1934-1936, 12 apps)  ->  Preston North End F.C. (1936-1937, 35 apps)  ->  Liverpool F.C. (1937-1952, 158 apps)  ->  Weymouth F.C. (1952-1955, ? apps)  ->  Lisburn Distillery F.C. (1952-1952, ? apps)"
"Willie Gibson","United Kingdom of Great Britain and Ireland","wing half",1,"Newcastle United F.C. (1923-1929, 124 apps)"
"Willie Graham",,"wing half",2,"Preston North End F.C. (1888-1889, 5 apps)  ->  Newcastle United F.C. (1893-1896, 88 apps)"
"Willie Imrie","United Kingdom of Great Britain and Ireland, United Kingdom","wing half",5,"St Johnstone F.C. (1928-1929, ? apps)  ->  Blackburn Rovers F.C. (1929-1933, 165 apps)  ->  Newcastle United F.C. (1933-1938, 125 apps)  ->  Swansea City A.F.C. (1938-1939, 27 apps)  ->  Swindon Town F.C. (1939-1940, 2 apps)"
"Willie McFaul","United Kingdom",goalkeeper,2,"Linfield F.C. (1961-1966, ? apps)  ->  Newcastle United F.C. (1966-1975, 290 apps)"
"Willie Morgan","United Kingdom","wing half",7,"Burnley F.C. (1960-1968, 231 apps)  ->  Manchester United F.C. (1968-1975, 236 apps)  ->  Burnley F.C. (1975-1976, 16 apps)  ->  Bolton Wanderers F.C. (1976-1980, 154 apps)  ->  Chicago Sting (1977-1977, 20 apps)  ->  Minnesota Kicks (1978-1980, 65 apps)  ->  Blackpool F.C. (1980-1981, 41 apps)"
"Willie Steel","United Kingdom of Great Britain and Ireland, United Kingdom",full-back,5,"St Johnstone F.C. (1926-1931, ? apps)  ->  Liverpool F.C. (1931-1935, 120 apps)  ->  Birmingham City F.C. (1935-1939, 92 apps)  ->  Dumbarton F.C. (1939-1940, 19 apps)  ->  Derby County F.C. (1939-1939, 11 apps)"
"Willie Stevenson","United Kingdom","wing half",8,"Rangers F.C. (1958-1962, 73 apps)  ->  Liverpool F.C. (1962-1967, 188 apps)  ->  Stoke City F.C. (1967-1973, 94 apps)  ->  Hellenic F.C. (1971-1971, 5 apps)  ->  Tranmere Rovers F.C. (1973-1974, 20 apps)  ->  Limerick F.C. (1974-1974, 4 apps)  ->  Macclesfield Town F.C. (1974-1975, 32 apps)  ->  Vancouver Whitecaps (1974-1974, 19 apps)"
"Willie Young","United Kingdom","defender, centre-back",7,"Aberdeen F.C. (1970-1975, 133 apps)  ->  Tottenham Hotspur F.C. (1975-1977, 54 apps)  ->  Arsenal F.C. (1977-1981, 170 apps)  ->  Nottingham Forest F.C. (1981-1983, 59 apps)  ->  Norwich City F.C. (1983-1983, 6 apps)  ->  Brighton & Hove Albion F.C. (1983-1984, 4 apps)  ->  Darlington F.C. (1984-1984, 4 apps)"
"Willy Giesemann",Germany,defender,4,"VfL Wolfsburg (1956-1959, 57 apps)  ->  FC Bayern Munich (1959-1963, 114 apps)  ->  Hamburger SV (1963-1968, 104 apps)  ->  HSV Barmbek-Uhlenhorst (1968-1973, 104 apps)"
"Willy Sagnol",France,defender,3,"AS Saint-Étienne (1995-1997, 46 apps)  ->  AS Monaco FC (1997-2000, 71 apps)  ->  FC Bayern Munich (2000-2009, 184 apps)"
"Wissam Ben Yedder",France,forward,6,"UJA Maccabi Paris Métropole (2009-2010, 23 apps)  ->  Toulouse FC (2010-2016, 156 apps)  ->  Sevilla FC (2016-2019, 91 apps)  ->  AS Monaco FC (2019-2024, 164 apps)  ->  Sepahan F.C. (2025-2025, 5 apps)  ->  Sakaryaspor (2025-?, 0 apps)"
"Wojciech Szczęsny",Poland,goalkeeper,4,"Arsenal F.C. (2006-2017, 132 apps)  ->  Brentford F.C. (2009-2010, 28 apps)  ->  AS Roma (2015-2017, 72 apps)  ->  Juventus FC (2017-2024, 200 apps)"
"Wolfgang Dremmler",Germany,midfielder,2,"Eintracht Braunschweig (1973-1979, 138 apps)  ->  FC Bayern Munich (1979-1986, 172 apps)"
"Wolfgang Kraus",Germany,midfielder,4,"Eintracht Frankfurt (1971-1979, 174 apps)  ->  FC Bayern Munich (1979-1984, 138 apps)  ->  FC Zürich (1984-1986, 37 apps)  ->  Eintracht Frankfurt (1986-1987, 15 apps)"
"Wolfgang Paul",Germany,defender,1,"Borussia Dortmund (1961-1971, 198 apps)"
"Wolfgang Vöge",Germany,forward,5,"Borussia Dortmund (1975-1980, 112 apps)  ->  Bayer 04 Leverkusen (1980-1984, 125 apps)  ->  FC Lugano (1984-1986, ? apps)  ->  FC Winterthur (1986-1987, ? apps)  ->  FC Zürich (1987-1988, 13 apps)"
"Wolfgang de Beer",Germany,goalkeeper,2,"MSV Duisburg (1981-1986, 62 apps)  ->  Borussia Dortmund (1986-2001, 181 apps)"
"Wyn Davies","United Kingdom",forward,12,"Caernarfon Town F.C. (1959-1960, ? apps)  ->  Wrexham A.F.C. (1960-1962, 55 apps)  ->  Bolton Wanderers F.C. (1962-1966, 155 apps)  ->  Newcastle United F.C. (1966-1971, 181 apps)  ->  Manchester City F.C. (1971-1972, 45 apps)  ->  Manchester United F.C. (1972-1973, 16 apps)  ->  Blackpool F.C. (1973-1975, 36 apps)  ->  Stockport County F.C. (1975-1976, 30 apps)  ->  Crystal Palace F.C. (1975-1975, 3 apps)  ->  Crewe Alexandra F.C. (1976-1978, 55 apps)  ->  Bangor City F.C. (1978-1979, 4 apps)  ->  Cape Town City F.C. (1979-1979, ? apps)"
"Xabi Alonso",Spain,midfielder,7,"Antiguoko (1990-1999, ? apps)  ->  Real Sociedad B (1999-2000, 39 apps)  ->  Real Sociedad (2000-2004, 114 apps)  ->  SD Eibar (2000-2001, 14 apps)  ->  Liverpool F.C. (2004-2009, 143 apps)  ->  Real Madrid Club de Fútbol (2009-2014, 158 apps)  ->  FC Bayern Munich (2014-2017, 79 apps)"
"Xabier Eskurza",Spain,midfielder,5,"Athletic Bilbao B (1988-1991, 54 apps)  ->  Athletic Club (1989-1994, 130 apps)  ->  Valencia CF (1995-1997, 59 apps)  ->  RCD Mallorca (1997-1998, 30 apps)  ->  Real Oviedo (1998-2000, 56 apps)"
"Xabier Etxeita",Spain,centre-back,10,"SD Amorebieta (2004-2006, 62 apps)  ->  Athletic Bilbao B (2006-2009, 66 apps)  ->  Athletic Club (2008-2010, 21 apps)  ->  FC Cartagena (2009-2010, 14 apps)  ->  Elche CF (2010-2013, 100 apps)  ->  Athletic Club (2013-2018, 119 apps)  ->  Sociedad Deportiva Huesca (2018-2019, 32 apps)  ->  Getafe CF (2019-2021, 34 apps)  ->  SD Eibar (2021-2022, 21 apps)  ->  SD Amorebieta (2022-2024, 55 apps)"
"Xavi Hernández",Spain,midfielder,2,"FC Barcelona Atlètic (1997-2000, 61 apps)  ->  Al Sadd Sports Club (2015-2019, 82 apps)"
"Xavier Roca Mateo",Spain,defender,10,"FC Barcelona C (1993-1995, 63 apps)  ->  FC Barcelona Atlètic (1994-1997, 71 apps)  ->  CD Logroñés (1997-1998, 18 apps)  ->  CD Toledo (1998-1999, 25 apps)  ->  Villarreal CF (1999-2002, 81 apps)  ->  RCD Espanyol de Barcelona (2002-2003, 1 apps)  ->  Rayo Vallecano (2003-2004, 3 apps)  ->  Centre d'Esports Sabadell Futbol Club (2006-2008, 54 apps)  ->  Auckland City FC (2008-2009, 17 apps)  ->  CE Europa (2009-2010, 9 apps)"
Yakubu,Nigeria,forward,14,"Bridge F.C. (1997-1998, ? apps)  ->  Maccabi Haifa F.C. (1998-2003, 49 apps)  ->  Gil Vicente F.C. (1998-1998, ? apps)  ->  Hapoel Kfar Saba F.C. (1999-2000, 23 apps)  ->  Portsmouth F.C. (2003-2005, 67 apps)  ->  Middlesbrough F.C. (2005-2007, 73 apps)  ->  Everton F.C. (2007-2011, 82 apps)  ->  Blackburn Rovers F.C. (2011-2012, 30 apps)  ->  Leicester City F.C. (2011-2011, 20 apps)  ->  Guangzhou City F.C. (2012-2013, 43 apps)  ->  Al-Rayyan (2014-2015, 10 apps)  ->  Reading F.C. (2015-2015, 7 apps)  ->  Kayserispor (2015-2016, 12 apps)  ->  Coventry City F.C. (2017-2017, 3 apps)"
"Yannick Carrasco",Belgium,"wing half",5,"AS Monaco FC (2012-2015, 81 apps)  ->  Atlético Madrid (2015-2018, 81 apps)  ->  Dalian Professional F.C. (2018-2020, 50 apps)  ->  Atlético Madrid (2020-2023, 102 apps)  ->  Al-Shabab Football Club (2023-?, 48 apps)"
"Yassine Bounou",Morocco,goalkeeper,8,"Wydad Athletic Club (2010-2012, 10 apps)  ->  Atlético Madrid B (2012-2014, 47 apps)  ->  Atlético Madrid (2012-2016, 0 apps)  ->  Real Zaragoza (2014-2016, 35 apps)  ->  Girona FC (2016-2020, 83 apps)  ->  Sevilla FC (2019-2020, 6 apps)  ->  Sevilla FC (2020-2023, 90 apps)  ->  Al Hilal SFC (2023-?, 88 apps)"
"Yaya Touré","Ivory Coast, United Kingdom","midfielder, centre-back",5,"K.S.K. Beveren (2001-2003, 70 apps)  ->  FC Metalurh Donetsk (2003-2005, 33 apps)  ->  AS Monaco FC (2006-2007, 27 apps)  ->  Manchester City F.C. (2010-2018, 230 apps)  ->  Qingdao F.C. (2019-2019, 14 apps)"
"Yeray Álvarez",Spain,centre-back,6,"Barakaldo CF (2005-2007, ? apps)  ->  Danok Bat CF (2007-2008, ? apps)  ->  Athletic Club (2008-2013, ? apps)  ->  CD Baskonia (2013-2014, 26 apps)  ->  Athletic Bilbao B (2014-2016, 68 apps)  ->  Athletic Club (2016-?, 264 apps)"
"Yerry Mina",Colombia,centre-back,6,"Deportivo Pasto (2013-2014, 19 apps)  ->  Independiente Santa Fe (2014-2016, 67 apps)  ->  Sociedade Esportiva Palmeiras (2016-2017, 28 apps)  ->  Everton F.C. (2018-2023, 86 apps)  ->  ACF Fiorentina (2023-2024, 4 apps)  ->  Cagliari Calcio (2024-?, 54 apps)"
"Yossi Benayoun",Israel,midfielder,14,"Hapoel Be'er Sheva F.C. (1997-2001, 25 apps)  ->  Maccabi Haifa F.C. (1998-2002, 130 apps)  ->  Racing de Santander (2002-2005, 101 apps)  ->  West Ham United F.C. (2005-2007, 63 apps)  ->  Liverpool F.C. (2007-2010, 92 apps)  ->  Chelsea F.C. (2010-2013, 14 apps)  ->  Arsenal F.C. (2011-2012, 19 apps)  ->  West Ham United F.C. (2012-2012, 6 apps)  ->  Queens Park Rangers F.C. (2013-2014, 16 apps)  ->  Maccabi Haifa F.C. (2014-2016, 55 apps)  ->  Maccabi Tel Aviv F.C. (2016-2017, 27 apps)  ->  Beitar Jerusalem F.C. (2017-2018, 14 apps)  ->  Maccabi Petah Tikva F.C. (2018-2019, 22 apps)  ->  Beitar Jerusalem F.C. (2019-2019, 15 apps)"
"Younes Kaboul","Morocco, France",centre-back,6,"AJ Auxerre (2004-2007, 52 apps)  ->  Tottenham Hotspur F.C. (2007-2008, 21 apps)  ->  Portsmouth F.C. (2008-2010, 39 apps)  ->  Tottenham Hotspur F.C. (2010-2015, 89 apps)  ->  Sunderland A.F.C. (2015-2016, 24 apps)  ->  Watford F.C. (2016-2018, 25 apps)"
"Youri Djorkaeff",France,"midfielder, forward",9,"Grenoble Foot 38 (1985-1989, ? apps)  ->  RC Strasbourg Alsace (1989-1990, 35 apps)  ->  AS Monaco FC (1990-1995, 155 apps)  ->  Paris Saint-Germain FC (1995-1996, 35 apps)  ->  Inter Milan (1996-1999, 87 apps)  ->  1. FC Kaiserslautern (1999-2002, 55 apps)  ->  Bolton Wanderers F.C. (2002-2004, 75 apps)  ->  Blackburn Rovers F.C. (2004-2005, 3 apps)  ->  Red Bull New York (2005-2006, 45 apps)"
"Youssef En-Nesyri",Morocco,forward,6,"Málaga CF (2016-2018, 38 apps)  ->  Atlético Malagueño (2016-2017, 10 apps)  ->  CD Leganés (2018-2020, 49 apps)  ->  Sevilla FC (2020-2024, 143 apps)  ->  Fenerbahçe Istanbul (2024-2026, 50 apps)  ->  Al Ittihad FC (2026-?, 1 apps)"
"Yunus Musah","United States",forward,3,"Valencia CF Mestalla (2019-2020, 17 apps)  ->  Valencia CF (2020-2023, 94 apps)  ->  AC Milan (2023-?, ? apps)"
"Yuri Berchiche",Spain,full-back,12,"Antiguoko (2000-2004, ? apps)  ->  Real Sociedad (2004-2005, ? apps)  ->  Athletic Club (2005-2007, ? apps)  ->  Tottenham Hotspur F.C. (2007-2010, 0 apps)  ->  Cheltenham Town F.C. (2008-2009, 7 apps)  ->  Real Valladolid B (2009-2010, 25 apps)  ->  Real Valladolid (2009-2010, 3 apps)  ->  Real Unión (2010-2012, 46 apps)  ->  SD Eibar (2012-2014, 71 apps)  ->  Real Sociedad (2014-2017, 88 apps)  ->  Paris Saint-Germain FC (2017-2018, 32 apps)  ->  Athletic Club (2018-?, 278 apps)"
"Yéremy Pino",Spain,midfielder,2,"Villarreal CF (2020-2025, 134 apps)  ->  Crystal Palace F.C. (2025-?, 26 apps)"
"Yūto Nagatomo",Japan,full-back,6,"FC Tokyo (2007-2010, 72 apps)  ->  AC Cesena (2010-2010, 16 apps)  ->  Inter Milan (2011-2018, 170 apps)  ->  Galatasaray S.K. (2018-2020, 32 apps)  ->  Olympique de Marseille (2020-2021, 25 apps)  ->  FC Tokyo (2021-?, 120 apps)"
"Zbigniew Boniek",Poland,"midfielder, forward",4,"Zawisza Bydgoszcz (1973-1975, 41 apps)  ->  RTS Widzew Łódź (1975-1982, 172 apps)  ->  Juventus FC (1982-1985, 81 apps)  ->  AS Roma (1985-1988, 76 apps)"
"Zdeněk Grygera","Czech Republic",defender,6,"FC Zlín (1997-1998, 20 apps)  ->  FK Drnovice (1998-2000, 54 apps)  ->  AC Sparta Prague (2000-2003, 65 apps)  ->  AFC Ajax (2003-2007, 78 apps)  ->  Juventus FC (2007-2011, 87 apps)  ->  Fulham F.C. (2011-2012, 5 apps)"
"Zinedine Zidane",France,"midfielder, attacking midfielder",4,"AS Cannes (1989-1992, 61 apps)  ->  FC Girondins de Bordeaux (1992-1996, 139 apps)  ->  Juventus FC (1996-2001, 151 apps)  ->  Real Madrid Club de Fútbol (2001-2006, 155 apps)"
"Zlatan Ibrahimović",Sweden,forward,9,"Malmö FF (1999-2001, 40 apps)  ->  AFC Ajax (2000-2004, 74 apps)  ->  Juventus FC (2004-2006, 70 apps)  ->  Inter Milan (2006-2009, 88 apps)  ->  AC Milan (2010-2012, 61 apps)  ->  Paris Saint-Germain FC (2012-2016, 122 apps)  ->  Manchester United F.C. (2016-2018, 33 apps)  ->  LA Galaxy (2018-2019, 56 apps)  ->  AC Milan (2020-2023, 64 apps)"
"Zvonimir Boban","Socialist Federal Republic of Yugoslavia, Croatia",midfielder,5,"GNK Dinamo Zagreb (1985-1991, 109 apps)  ->  SSC Bari (1991-1992, 17 apps)  ->  AC Milan (1991-1991, ? apps)  ->  AC Milan (1992-2001, 178 apps)  ->  RC Celta de Vigo (2001-2001, 4 apps)"
"Zé Roberto","Germany, Brazil","wing half",13,"Associação Portuguesa de Desportos (1994-1997, 61 apps)  ->  Real Madrid Club de Fútbol (1997-1998, 15 apps)  ->  Bayer 04 Leverkusen (1998-2002, 113 apps)  ->  Clube de Regatas do Flamengo (1998-1998, 24 apps)  ->  FC Bayern Munich (2002-2006, 110 apps)  ->  Santos F.C. (2006-2007, 48 apps)  ->  Club Nacional de Football (2006-2006, 0 apps)  ->  FC Bayern Munich (2007-2009, 59 apps)  ->  Hamburger SV (2009-2011, 54 apps)  ->  Al-Gharafa SC (2011-2012, 14 apps)  ->  Grêmio FBPA (2012-2014, 83 apps)  ->  Sociedade Esportiva Palmeiras (2014-?, ? apps)  ->  Sociedade Esportiva Palmeiras (2015-?, ? apps)"
elpisha,Spain,"wing half",6,"Real Betis B (1999-2000, 27 apps)  ->  Real Betis Balompié (2000-2006, 218 apps)  ->  Valencia CF (2006-2011, 158 apps)  ->  Málaga CF (2011-2013, 57 apps)  ->  ACF Fiorentina (2013-2015, 49 apps)  ->  Real Betis Balompié (2015-2023, 227 apps)"
"paulo foutro",Portugal,"wing half",11,"Sporting CP (1983-1984, 21 apps)  ->  FC Porto (1984-1987, 81 apps)  ->  Atlético Madrid (1987-1993, 163 apps)  ->  Olympique de Marseille (1993-1993, 8 apps)  ->  S.L. Benfica (1993-1993, 11 apps)  ->  Olympique de Marseille (1994-1994, ? apps)  ->  A.C. Reggiana 1919 (1994-1995, ? apps)  ->  AC Milan (1995-1996, 1 apps)  ->  West Ham United F.C. (1996-1997, 9 apps)  ->  Atlético Madrid (1997-1998, 10 apps)  ->  Yokohama Flügels (1998-1998, 13 apps)"
"Álex Baena",Spain,,5,"Villarreal CF C (2019-2019, 1 apps)  ->  Villarreal CF B (2019-2021, 23 apps)  ->  Villarreal CF (2020-2025, 108 apps)  ->  Girona FC (2021-2022, 38 apps)  ->  Atlético Madrid (2025-?, 26 apps)"
"Álvaro Arbeloa",Spain,full-back,7,"Real Zaragoza (1991-2002, 98 apps)  ->  Real Madrid C (2002-2003, 16 apps)  ->  Real Madrid Club de Fútbol (2004-2006, 2 apps)  ->  Deportivo de La Coruña (2006-2007, 20 apps)  ->  Liverpool F.C. (2007-2009, 66 apps)  ->  Real Madrid Club de Fútbol (2009-2016, 153 apps)  ->  West Ham United F.C. (2016-2017, 3 apps)"
"Álvaro Cervera",Spain,midfielder,10,"Racing de Santander (1984-1987, 40 apps)  ->  RCD Mallorca (1987-1992, 159 apps)  ->  Valencia CF (1992-1995, 100 apps)  ->  Racing de Santander (1995-1997, 47 apps)  ->  Hércules CF (1997-1997, 3 apps)  ->  Ontinyent CF (1998-1999, 2 apps)  ->  Águilas CF (1998-1998, 13 apps)  ->  Unión Deportiva Almería (1999-1999, 19 apps)  ->  CD San Fernando (1999-2000, 25 apps)  ->  Ontinyent CF (2000-2001, ? apps)"
"Álvaro Negredo",Spain,forward,13,"Rayo Vallecano B (2003-2005, 40 apps)  ->  Rayo Vallecano (2004-2005, 12 apps)  ->  Unión Deportiva Almería (2007-2009, 70 apps)  ->  Sevilla FC (2009-2013, 139 apps)  ->  Real Madrid Club de Fútbol (2009-2009, 0 apps)  ->  Manchester City F.C. (2013-2015, 32 apps)  ->  Valencia CF (2014-2015, 30 apps)  ->  Valencia CF (2015-2017, 25 apps)  ->  Middlesbrough F.C. (2016-2017, 36 apps)  ->  Beşiktaş J.K. (Football) (2017-2018, 35 apps)  ->  Alshariqa (2018-2020, 36 apps)  ->  Cádiz Club de Fútbol (2020-2024, 97 apps)  ->  Real Valladolid (2024-2024, 12 apps)"
"Álvaro Recoba",Uruguay,forward,8,"Danubio F.C. (1994-1995, 34 apps)  ->  Club Nacional de Football (1996-1997, 33 apps)  ->  Inter Milan (1997-2008, 248 apps)  ->  Venezia F.C. (1999-1999, 19 apps)  ->  Torino FC (2007-2008, 22 apps)  ->  Panionios F.C. (2008-2009, 19 apps)  ->  Danubio F.C. (2010-2011, 31 apps)  ->  Club Nacional de Football (2011-2015, 82 apps)"
"Ángel Abelardo González Bernardo",Spain,goalkeeper,3,"Unión Popular de Langreo (1963-1965, 42 apps)  ->  Valencia CF (1966-1974, 125 apps)  ->  Sporting de Gijón (1974-1977, 23 apps)"
"Ángel Correa",Argentina,midfielder,2,"Atlético Madrid (2014-2025, 335 apps)  ->  Tigres UANL (2025-?, ? apps)"
"Ángel Di María","Argentina, Italy","wing half",8,"Club Atlético Rosario Central (2005-2007, 35 apps)  ->  S.L. Benfica (2007-2010, 76 apps)  ->  Real Madrid Club de Fútbol (2010-2014, 124 apps)  ->  Manchester United F.C. (2014-2015, 27 apps)  ->  Paris Saint-Germain FC (2015-2022, 197 apps)  ->  Juventus FC (2022-2023, 26 apps)  ->  S.L. Benfica (2023-2025, 53 apps)  ->  Club Atlético Rosario Central (2025-?, 11 apps)"
"Ángel Jesús Mejías Rodríguez",Spain,goalkeeper,5,"CD Toledo (1977-1979, ? apps)  ->  Atlético Madrid B (1979-1981, 19 apps)  ->  Atlético Madrid (1981-1993, 109 apps)  ->  Talavera CF (1993-1994, 16 apps)  ->  CF Rayo Majadahonda (1994-1998, ? apps)"
"Ángel López",Spain,defender,6,"UD Las Palmas Atlético (1998-2000, ? apps)  ->  UD Las Palmas (2000-2003, 81 apps)  ->  RC Celta de Vigo (2003-2007, 159 apps)  ->  Villarreal CF (2007-2012, 104 apps)  ->  Real Betis Balompié (2012-2013, 11 apps)  ->  UD Las Palmas (2013-2016, 71 apps)"
"Ángel María Villar",Spain,"winger, full-back",1,"Athletic Club (1968-1981, 362 apps)"
"Ángel de los Santos",Spain,midfielder,4,"UE Sant Andreu (1975-1976, 27 apps)  ->  Real Jaén (1976-1977, 37 apps)  ->  UD Salamanca (1977-1979, 64 apps)  ->  Real Madrid Club de Fútbol (1979-1985, 161 apps)"
"Árpád Fazekas",Hungary,goalkeeper,4,"MTK Budapest FC (1948-1956, ? apps)  ->  FC Bayern Munich (1957-1961, 100 apps)  ->  KSV Hessen Kassel (1961-1962, 18 apps)  ->  R.S.C. Anderlecht (1962-1964, 13 apps)"
"Éder Militão",Brazil,centre-back,3,"São Paulo FC (2017-2018, 49 apps)  ->  FC Porto (2018-2019, 29 apps)  ->  Real Madrid Club de Fútbol (2019-?, 131 apps)"
"Éric Maxim Choupo-Moting","Cameroon, Germany",forward,8,"Hamburger SV (2007-2011, 23 apps)  ->  1. FC Nürnberg (2009-2010, 25 apps)  ->  1. FSV Mainz 05 (2011-2014, 74 apps)  ->  Schalke 04 (2014-2017, 82 apps)  ->  Stoke City F.C. (2017-2018, 30 apps)  ->  Paris Saint-Germain FC (2018-2020, 31 apps)  ->  FC Bayern Munich (2020-2024, 88 apps)  ->  Red Bull New York (2025-?, 23 apps)"
"Éver Banega",Argentina,midfielder,9,"Valencia CF (2008-2014, 136 apps)  ->  Atlético Madrid (2008-2009, 24 apps)  ->  Newell's Old Boys (2014-2014, 14 apps)  ->  Sevilla FC (2014-2016, 59 apps)  ->  Inter Milan (2016-2017, 28 apps)  ->  Sevilla FC (2017-2020, 96 apps)  ->  Al-Shabab Football Club (2020-2024, 94 apps)  ->  Newell's Old Boys (2024-2025, 59 apps)  ->  Defensa y Justicia (2026-?, ? apps)"
"Óscar Tabuenka",Spain,"centre-back, full-back",5,"Athletic Bilbao B (1989-1991, 13 apps)  ->  Athletic Club (1990-1997, 118 apps)  ->  SD Compostela (1997-1999, 44 apps)  ->  Granada CF (1999-2001, 56 apps)  ->  CD Aurrerá de Vitoria (2001-2002, 10 apps)"
"Óscar Vales",Spain,"centre-back, defensive midfielder, full-back",5,"CD Baskonia (1991-1991, 1 apps)  ->  Athletic Club (1991-1993, ? apps)  ->  Athletic Bilbao B (1993-1995, 14 apps)  ->  Athletic Club (1994-2005, 202 apps)  ->  RC Celta de Vigo (1997-1999, 66 apps)"
"Óscar de Marcos",Spain,"inside forward, full-back, winger",5,"Deportivo Alavés (2001-2007, ? apps)  ->  Deportivo Alavés B (2007-2009, 16 apps)  ->  Deportivo Alavés (2008-2009, 20 apps)  ->  Athletic Club (2009-2025, 573 apps)  ->  Athletic Bilbao B (2009-2010, 1 apps)"
"İlkay Gündoğan",Germany,midfielder,5,"1. FC Nürnberg (2009-2011, 48 apps)  ->  Borussia Dortmund (2011-2016, 105 apps)  ->  Manchester City F.C. (2016-2023, 188 apps)  ->  Manchester City F.C. (2024-2025, 33 apps)  ->  Galatasaray S.K. (2025-?, 17 apps)"
"Łukasz Piszczek",Poland,"defender, full-back",5,"Hertha BSC (2004-2010, 68 apps)  ->  Zagłębie Lubin (2004-2007, 69 apps)  ->  Borussia Dortmund (2010-2021, 264 apps)  ->  ŁKS Goczałkowice-Zdrój (2021-2024, 51 apps)  ->  ŁKS Goczałkowice-Zdrój (2025-2025, 23 apps)"
