display_name,nationality,position,club,start_year,end_year,apps
"Aaron Hughes","United Kingdom","centre-back, defender","Newcastle United F.C.",1997,2005,205
"Aaron Hughes","United Kingdom","centre-back, defender","Aston Villa F.C.",2005,2007,54
"Aaron Hughes","United Kingdom","centre-back, defender","Fulham F.C.",2007,2014,196
"Aaron Hughes","United Kingdom","centre-back, defender","Queens Park Rangers F.C.",2014,2014,11
"Aaron Hughes","United Kingdom","centre-back, defender","Brighton & Hove Albion F.C.",2014,2015,10
"Aaron Hughes","United Kingdom","centre-back, defender","Melbourne City FC",2015,2016,6
"Aaron Hughes","United Kingdom","centre-back, defender","Kerala Blasters FC",2016,2017,11
"Aaron Hughes","United Kingdom","centre-back, defender","Heart of Midlothian F.C.",2017,2019,32
"Aaron Lennon","United Kingdom","wing half","Leeds United F.C.",2003,2005,38
"Aaron Lennon","United Kingdom","wing half","Tottenham Hotspur F.C.",2005,2015,266
"Aaron Lennon","United Kingdom","wing half","Everton F.C.",2015,2018,51
"Aaron Lennon","United Kingdom","wing half","Burnley F.C.",2018,2020,46
"Aaron Lennon","United Kingdom","wing half",Kayserispor,2020,2021,36
"Aaron Lennon","United Kingdom","wing half","Burnley F.C.",2021,2022,28
"Aaron Ramsey","United Kingdom","midfielder, central midfielder","Cardiff City F.C.",2006,2008,16
"Aaron Ramsey","United Kingdom","midfielder, central midfielder","Arsenal F.C.",2008,2019,262
"Aaron Ramsey","United Kingdom","midfielder, central midfielder","Nottingham Forest F.C.",2010,2011,5
"Aaron Ramsey","United Kingdom","midfielder, central midfielder","Cardiff City F.C.",2011,2011,6
"Aaron Ramsey","United Kingdom","midfielder, central midfielder","Juventus FC",2019,2022,49
"Aaron Ramsey","United Kingdom","midfielder, central midfielder","OGC Nice",2022,2023,27
"Aaron Ramsey","United Kingdom","midfielder, central midfielder","Rangers F.C.",2022,2022,7
"Aaron Ramsey","United Kingdom","midfielder, central midfielder","Cardiff City F.C.",2023,2025,21
"Aaron Ramsey","United Kingdom","midfielder, central midfielder","Pumas UNAM",2025,2025,6
"Aaron Wan-Bissaka","Democratic Republic of the Congo, United Kingdom",full-back,"Crystal Palace F.C.",2016,2019,42
"Aaron Wan-Bissaka","Democratic Republic of the Congo, United Kingdom",full-back,"Manchester United F.C.",2019,2024,130
"Aaron Wan-Bissaka","Democratic Republic of the Congo, United Kingdom",full-back,"West Ham United F.C.",2024,,
"Abel Balbo",Argentina,forward,"Newell's Old Boys",1987,1988,23
"Abel Balbo",Argentina,forward,"Club Atlético River Plate",1988,1989,38
"Abel Balbo",Argentina,forward,"Udinese Calcio",1989,1993,134
"Abel Balbo",Argentina,forward,"AS Roma",1993,1998,146
"Abel Balbo",Argentina,forward,"Parma Calcio 1913",1998,1999,25
"Abel Balbo",Argentina,forward,"ACF Fiorentina",1999,2000,19
"Abel Balbo",Argentina,forward,"AS Roma",2000,2002,3
"Abelardo Fernández",Spain,centre-back,"Sporting de Gijón",1989,1994,179
"Abelardo Fernández",Spain,centre-back,"Deportivo Alavés",2002,2003,28
"Abou Diaby","Ivory Coast, France",midfielder,"AJ Auxerre",2004,2006,10
"Abou Diaby","Ivory Coast, France",midfielder,"Arsenal F.C.",2006,2015,180
"Abou Diaby","Ivory Coast, France",midfielder,"Olympique de Marseille",2015,2017,5
"Adam Lallana","United Kingdom","attacking midfielder","Southampton F.C.",2006,2014,235
"Adam Lallana","United Kingdom","attacking midfielder","AFC Bournemouth",2007,2007,3
"Adam Lallana","United Kingdom","attacking midfielder","Liverpool F.C.",2014,2020,128
"Adam Lallana","United Kingdom","attacking midfielder","Brighton & Hove Albion F.C.",2020,2024,95
"Adam Lallana","United Kingdom","attacking midfielder","Southampton F.C.",2024,2025,14
"Adil Rami","Morocco, France","centre-back, defender","Étoile Fréjus Saint-Raphaël",2003,2006,58
"Adil Rami","Morocco, France","centre-back, defender","Lille OSC",2006,2011,163
"Adil Rami","Morocco, France","centre-back, defender","Valencia CF",2011,2014,93
"Adil Rami","Morocco, France","centre-back, defender","AC Milan",2014,2014,22
"Adil Rami","Morocco, France","centre-back, defender","Sevilla FC",2015,2017,79
"Adil Rami","Morocco, France","centre-back, defender","Olympique de Marseille",2017,2019,75
"Adil Rami","Morocco, France","centre-back, defender","Fenerbahçe Istanbul",2019,2020,7
"Adil Rami","Morocco, France","centre-back, defender","Boavista F.C.",2020,2021,22
"Adil Rami","Morocco, France","centre-back, defender","PFC Sochi",2020,2020,0
"Adil Rami","Morocco, France","centre-back, defender","ES Troyes AC",2021,2023,39
"Adrian Ilie",Romania,"wing half","FC Caracal",1991,1993,31
"Adrian Ilie",Romania,"wing half",FCSB,1993,1996,85
"Adrian Ilie",Romania,"wing half","Galatasaray S.K.",1996,1998,30
"Adrian Ilie",Romania,"wing half","Valencia CF",1998,2002,150
"Adrian Ilie",Romania,"wing half","Deportivo Alavés",2002,2003,22
"Adrian Ilie",Romania,"wing half","Beşiktaş J.K. (Football)",2003,2004,13
"Adrian Ilie",Romania,"wing half","FC Zürich",2004,2005,23
Adriano,Brazil,forward,"Clube de Regatas do Flamengo",2000,2001,24
Adriano,Brazil,forward,"Inter Milan",2001,2002,8
Adriano,Brazil,forward,"ACF Fiorentina",2002,2002,15
Adriano,Brazil,forward,"Parma Calcio 1913",2002,2004,37
Adriano,Brazil,forward,"Inter Milan",2004,2009,115
Adriano,Brazil,forward,"São Paulo FC",2008,2008,19
Adriano,Brazil,forward,"Clube de Regatas do Flamengo",2009,2010,32
Adriano,Brazil,forward,"AS Roma",2010,2011,5
Adriano,Brazil,forward,"S.C. Corinthians Paulista",2011,2012,4
Adriano,Brazil,forward,"Clube de Regatas do Flamengo",2012,2012,0
Adriano,Brazil,forward,"Club Athletico Paranaense",2014,2014,1
"Adriano Correia Claro",Brazil,full-back,"Coritiba F.C.",2002,2005,81
"Adriano Correia Claro",Brazil,full-back,"Sevilla FC",2005,2010,157
"Adriano Correia Claro",Brazil,full-back,"Beşiktaş J.K. (Football)",2016,2019,78
"Adriano Correia Claro",Brazil,full-back,"Club Athletico Paranaense",2019,2020,15
"Adriano Correia Claro",Brazil,full-back,"K.A.S. Eupen",2020,2021,24
"Adrien Rabiot",France,midfielder,"Paris Saint-Germain FC",2012,2019,150
"Adrien Rabiot",France,midfielder,"Toulouse FC",2013,2013,13
"Adrien Rabiot",France,midfielder,"Juventus FC",2019,2024,157
"Adrien Rabiot",France,midfielder,"Olympique de Marseille",2024,2025,30
"Adrien Rabiot",France,midfielder,"AC Milan",2025,,29
"Adrián López Álvarez",Spain,forward,"Real Oviedo",2005,2006,30
"Adrián López Álvarez",Spain,forward,"Deportivo de La Coruña",2006,2011,92
"Adrián López Álvarez",Spain,forward,"Deportivo Alavés",2008,2008,10
"Adrián López Álvarez",Spain,forward,"Málaga CF",2008,2009,28
"Adrián López Álvarez",Spain,forward,"Atlético Madrid",2011,2014,90
"Adrián López Álvarez",Spain,forward,"FC Porto",2014,2019,25
"Adrián López Álvarez",Spain,forward,"Villarreal CF",2015,2016,16
"Adrián López Álvarez",Spain,forward,"Villarreal CF",2017,2017,15
"Adrián López Álvarez",Spain,forward,"Deportivo de La Coruña",2017,2018,30
"Adrián López Álvarez",Spain,forward,"Club Atlético Osasuna",2019,2021,43
"Adrián López Álvarez",Spain,forward,"Málaga CF",2022,2022,2
"Aitor Arregi Artano",Spain,full-back,"CD Elgoibar",1990,1991,
"Aitor Arregi Artano",Spain,full-back,"Deportivo Alavés",1991,1996,165
"Aitor Arregi Artano",Spain,full-back,"SD Eibar",1996,1997,38
"Aitor Arregi Artano",Spain,full-back,"Villarreal CF",1997,2000,103
"Aitor Arregi Artano",Spain,full-back,"Elche CF",2000,2001,32
"Aitor Arregi Artano",Spain,full-back,"Burgos CF",2001,2002,23
"Aitor Karanka",Spain,centre-back,"Athletic Club",1991,1993,
"Aitor Karanka",Spain,centre-back,"Athletic Bilbao B",1992,1994,53
"Aitor Karanka",Spain,centre-back,"Athletic Club",1993,1997,118
"Aitor Karanka",Spain,centre-back,"Real Madrid Club de Fútbol",1997,2002,93
"Aitor Karanka",Spain,centre-back,"Athletic Club",2002,2006,64
"Aitor Karanka",Spain,centre-back,"Colorado Rapids",2006,2006,28
"Aitor Larrazábal",Spain,full-back,"Athletic Club",1982,1989,
"Aitor Larrazábal",Spain,full-back,"Athletic Bilbao B",1989,1991,43
"Aitor Larrazábal",Spain,full-back,"Athletic Club",1990,2004,445
"Aitor Ocio",Spain,centre-back,"CD Aurrerá de Vitoria",1994,1998,69
"Aitor Ocio",Spain,centre-back,"SD Eibar",1998,1999,30
"Aitor Ocio",Spain,centre-back,"Albacete Balompié",1999,2000,37
"Aitor Ocio",Spain,centre-back,"Club Atlético Osasuna",2000,2001,16
"Aitor Ocio",Spain,centre-back,"Athletic Club",2001,2003,37
"Aitor Ocio",Spain,centre-back,"Sevilla FC",2003,2007,99
"Aitor Ocio",Spain,centre-back,"Athletic Club",2007,2012,82
"Aitor Paredes",Spain,centre-back,"Athletic Club",2010,2018,
"Aitor Paredes",Spain,centre-back,"CD Baskonia",2018,2020,50
"Aitor Paredes",Spain,centre-back,"Athletic Bilbao B",2020,2022,48
"Aitor Paredes",Spain,centre-back,"Athletic Club",2022,,123
"Alan Shearer","United Kingdom",forward,"Southampton F.C.",1988,1992,118
"Alan Shearer","United Kingdom",forward,"Blackburn Rovers F.C.",1992,1996,138
"Alan Shearer","United Kingdom",forward,"Newcastle United F.C.",1996,2006,303
"Alan Smith","United Kingdom","midfielder, forward","Leeds United F.C.",1998,2004,172
"Alan Smith","United Kingdom","midfielder, forward","Manchester United F.C.",2004,2007,61
"Alan Smith","United Kingdom","midfielder, forward","Newcastle United F.C.",2007,2012,84
"Alan Smith","United Kingdom","midfielder, forward","Milton Keynes Dons F.C.",2012,2014,51
"Alan Smith","United Kingdom","midfielder, forward","Notts County F.C.",2014,,
"Alan Stubbs","United Kingdom",defender,"Bolton Wanderers F.C.",1990,1996,202
"Alan Stubbs","United Kingdom",defender,"Celtic F.C.",1996,2001,93
"Alan Stubbs","United Kingdom",defender,"Everton F.C.",2001,2005,124
"Alan Stubbs","United Kingdom",defender,"Sunderland A.F.C.",2005,2006,10
"Alan Stubbs","United Kingdom",defender,"Everton F.C.",2006,2008,45
"Alan Stubbs","United Kingdom",defender,"Derby County F.C.",2008,2008,9
"Albert Ferrer",Spain,full-back,"FC Barcelona Atlètic",1988,1990,47
"Albert Ferrer",Spain,full-back,"C.D. Tenerife",1989,1990,17
"Albert Ferrer",Spain,full-back,"C.D. Tenerife",1990,1990,17
"Albert Ferrer",Spain,full-back,"Chelsea F.C.",1998,2003,76
"Alberto Aquilani",Italy,midfielder,"AS Roma",2002,2009,102
"Alberto Aquilani",Italy,midfielder,"US Triestina Calcio 1918",2003,2004,41
"Alberto Aquilani",Italy,midfielder,"Liverpool F.C.",2009,2012,18
"Alberto Aquilani",Italy,midfielder,"Juventus FC",2010,2011,33
"Alberto Aquilani",Italy,midfielder,"AC Milan",2011,2012,23
"Alberto Aquilani",Italy,midfielder,"ACF Fiorentina",2012,2015,81
"Alberto Aquilani",Italy,midfielder,"Sporting CP",2015,2016,19
"Alberto Aquilani",Italy,midfielder,"Delfino Pescara 1936",2016,2017,9
"Alberto Aquilani",Italy,midfielder,"UD Las Palmas",2017,2018,21
"Alberto Aquilani",Italy,midfielder,"US Sassuolo Calcio",2017,2017,16
"Alberto Costa","Argentina, France","wing half","Racing Club de France",2004,2005,28
"Alberto Costa","Argentina, France","wing half","Pau Football Club",2005,2007,62
"Alberto Costa","Argentina, France","wing half","SC Sétois",2007,2008,29
"Alberto Costa","Argentina, France","wing half","Montpellier Hérault Sport Club",2008,2010,66
"Alberto Costa","Argentina, France","wing half","Valencia CF",2010,2013,84
"Alberto Costa","Argentina, France","wing half","Spartak Moscow",2013,2015,31
"Alberto Costa","Argentina, France","wing half","Genoa CFC",2015,2016,18
"Alberto Costa","Argentina, France","wing half","ACF Fiorentina",2016,2016,7
"Alberto Costa","Argentina, France","wing half","Unión Deportiva Almería",2017,2018,14
"Alberto Costa","Argentina, France","wing half","Atlético Nacional",2019,2020,11
"Alberto Costa","Argentina, France","wing half","Club Deportivo Morón",2023,2023,2
"Alberto Costa","Argentina, France","wing half","Pau Football Club",2023,2024,3
"Alberto Gilardino",Italy,forward,"Piacenza Calcio",1999,2000,17
"Alberto Gilardino",Italy,forward,"Hellas Verona FC",2000,2002,39
"Alberto Gilardino",Italy,forward,"Parma Calcio 1913",2002,2005,96
"Alberto Gilardino",Italy,forward,"AC Milan",2005,2008,94
"Alberto Gilardino",Italy,forward,"ACF Fiorentina",2008,2012,118
"Alberto Gilardino",Italy,forward,"Bologna F.C. 1909",2012,2013,36
"Alberto Gilardino",Italy,forward,"Genoa CFC",2012,2014,50
"Alberto Gilardino",Italy,forward,"Guangzhou F.C.",2014,2015,14
"Alberto Gilardino",Italy,forward,"ACF Fiorentina",2015,2015,14
"Alberto Gilardino",Italy,forward,"Palermo F.C.",2015,2016,33
"Alberto Gilardino",Italy,forward,"Empoli FC",2016,2017,12
"Alberto Gilardino",Italy,forward,"Delfino Pescara 1936",2017,2017,3
"Alberto Gilardino",Italy,forward,"Spezia Calcio",2017,2018,16
"Alberto Moreno",Spain,full-back,"Sevilla Atlético",2011,2013,55
"Alberto Moreno",Spain,full-back,"Sevilla FC",2012,2014,45
"Alberto Moreno",Spain,full-back,"Liverpool F.C.",2014,2019,90
"Alberto Moreno",Spain,full-back,"Villarreal CF",2019,2024,98
"Alberto Moreno",Spain,full-back,"Como 1907",2024,,26
Aldair,Brazil,centre-back,"Clube de Regatas do Flamengo",1985,1989,54
Aldair,Brazil,centre-back,"S.L. Benfica",1989,1990,22
Aldair,Brazil,centre-back,"AS Roma",1990,2003,330
Aldair,Brazil,centre-back,"Genoa CFC",2003,2004,17
Aldair,Brazil,centre-back,"S.S. Murata",2007,2010,10
"Alejandro Balde","Dominican Republic, Spain",full-back,Q8347106,2009,2010,
"Alejandro Balde","Dominican Republic, Spain",full-back,"RCD Espanyol de Barcelona",2010,2011,
"Alejandro Balde","Dominican Republic, Spain",full-back,"FC Barcelona Atlètic",2020,2022,29
"Alejandro Berenguer Remiro",Spain,"inside forward, winger","Club Atlético Osasuna",2005,2014,
"Alejandro Berenguer Remiro",Spain,"inside forward, winger","Osasuna B",2013,2015,33
"Alejandro Berenguer Remiro",Spain,"inside forward, winger","Club Atlético Osasuna",2014,2017,84
"Alejandro Berenguer Remiro",Spain,"inside forward, winger","Torino FC",2017,2020,97
"Alejandro Berenguer Remiro",Spain,"inside forward, winger","Athletic Club",2020,,262
"Alejandro Garnacho","Argentina, Spain","wing half","Manchester United F.C.",2022,2025,93
"Alejandro Garnacho","Argentina, Spain","wing half","Chelsea F.C.",2025,,23
"Aleksandar Kolarov",Serbia,full-back,"FK Čukarički",2004,2006,44
"Aleksandar Kolarov",Serbia,full-back,"OFK Beograd",2006,2007,38
"Aleksandar Kolarov",Serbia,full-back,"SS Lazio",2007,2010,82
"Aleksandar Kolarov",Serbia,full-back,"Manchester City F.C.",2010,2017,165
"Aleksandar Kolarov",Serbia,full-back,"AS Roma",2017,2020,100
"Aleksandar Kolarov",Serbia,full-back,"Inter Milan",2020,2022,10
"Alessandro Bastoni",Italy,centre-back,"Atalanta BC",2016,2017,3
"Alessandro Bastoni",Italy,centre-back,"Atalanta BC",2017,2018,4
"Alessandro Bastoni",Italy,centre-back,"Inter Milan",2017,,207
"Alessandro Bastoni",Italy,centre-back,"Parma Calcio 1913",2018,2019,24
"Alessandro Bianchi",Italy,midfielder,"AC Cesena",1983,1988,40
"Alessandro Bianchi",Italy,midfielder,"Calcio Padova",1986,1987,28
"Alessandro Bianchi",Italy,midfielder,"Inter Milan",1988,1996,178
"Alessandro Bianchi",Italy,midfielder,"AC Cesena",1996,2001,130
"Alessandro Birindelli",Italy,defender,"Empoli FC",1992,1997,118
"Alessandro Birindelli",Italy,defender,"Juventus FC",1997,2008,196
"Alessandro Birindelli",Italy,defender,"Pisa SC",2008,2009,37
"Alessandro Birindelli",Italy,defender,"A.S. Pescina Valle del Giovenco",2009,2010,27
"Alessandro Costacurta",Italy,"centre-back, full-back","AC Milan",1986,2007,458
"Alessandro Costacurta",Italy,"centre-back, full-back","AC Monza",1986,1987,30
"Alessandro Del Piero",Italy,forward,"Calcio Padova",1991,1993,14
"Alessandro Del Piero",Italy,forward,"Juventus FC",1993,2012,513
"Alessandro Del Piero",Italy,forward,"Sydney FC",2012,2014,48
"Alessandro Del Piero",Italy,forward,"Odisha FC",2014,2014,10
"Alessandro Florenzi",Italy,midfielder,"AS Roma",2011,2022,227
"Alessandro Florenzi",Italy,midfielder,"F.C. Crotone",2011,2012,35
"Alessandro Florenzi",Italy,midfielder,"Valencia CF",2020,2020,12
"Alessandro Florenzi",Italy,midfielder,"Paris Saint-Germain FC",2020,2021,21
"Alessandro Florenzi",Italy,midfielder,"AC Milan",2021,2022,24
"Alessandro Florenzi",Italy,midfielder,"AC Milan",2022,2025,38
"Alessandro Nesta",Italy,"centre-back, defender","SS Lazio",1993,2002,193
"Alessandro Nesta",Italy,"centre-back, defender","AC Milan",2002,2012,224
"Alessandro Nesta",Italy,"centre-back, defender","CF Montréal",2012,2013,31
"Alessandro Nesta",Italy,"centre-back, defender","Chennaiyin FC",2014,2014,3
"Alessandro Pistone",Italy,defender,"A.S.D. Solbiatese Calcio 1911",1993,1994,20
"Alessandro Pistone",Italy,defender,"Associazione Calcio Crevalcore",1994,1995,29
"Alessandro Pistone",Italy,defender,"Vicenza Calcio",1995,1996,6
"Alessandro Pistone",Italy,defender,"Inter Milan",1996,1997,45
"Alessandro Pistone",Italy,defender,"Newcastle United F.C.",1997,2000,46
"Alessandro Pistone",Italy,defender,"Venezia F.C.",1999,1999,10
"Alessandro Pistone",Italy,defender,"Everton F.C.",2000,2007,103
"Alessandro Pistone",Italy,defender,"R.A.E.C. Mons",2007,2008,4
"Alessio Romagnoli",Italy,"centre-back, full-back","AS Roma",2003,2012,
"Alessio Romagnoli",Italy,"centre-back, full-back","AS Roma",2012,2015,13
"Alessio Romagnoli",Italy,"centre-back, full-back","U.C. Sampdoria",2014,2015,30
"Alessio Romagnoli",Italy,"centre-back, full-back","AC Milan",2015,2022,197
"Alessio Romagnoli",Italy,"centre-back, full-back","SS Lazio",2022,,
"Alessio Tacchinardi",Italy,midfielder,"Atalanta BC",1992,1994,8
"Alessio Tacchinardi",Italy,midfielder,"Juventus FC",1994,2007,261
"Alessio Tacchinardi",Italy,midfielder,"Villarreal CF",2005,2007,45
"Alessio Tacchinardi",Italy,midfielder,"Brescia Calcio",2007,2008,34
"Alex Iwobi",Nigeria,playmaker,"Arsenal F.C.",2015,2019,100
"Alex Iwobi",Nigeria,playmaker,"Everton F.C.",2019,2023,123
"Alex Iwobi",Nigeria,playmaker,"Fulham F.C.",2023,,84
"Alex Meret",Italy,goalkeeper,"Udinese Calcio",2015,2018,0
"Alex Meret",Italy,goalkeeper,SPAL,2016,2018,43
"Alex Meret",Italy,goalkeeper,"SSC Napoli",2018,,168
"Alex Oxlade-Chamberlain","United Kingdom",midfielder,"Southampton F.C.",2010,2011,36
"Alex Oxlade-Chamberlain","United Kingdom",midfielder,"Arsenal F.C.",2011,2017,132
"Alex Oxlade-Chamberlain","United Kingdom",midfielder,"Liverpool F.C.",2017,2023,103
"Alex Oxlade-Chamberlain","United Kingdom",midfielder,"Beşiktaş J.K. (Football)",2023,2025,38
"Alex Oxlade-Chamberlain","United Kingdom",midfielder,"Celtic F.C.",2026,,0
"Alex Rodrigo Dias da Costa",Brazil,"centre-back, full-back","Santos F.C.",2002,2004,78
"Alex Rodrigo Dias da Costa",Brazil,"centre-back, full-back","PSV Eindhoven",2004,2007,84
"Alex Rodrigo Dias da Costa",Brazil,"centre-back, full-back","Chelsea F.C.",2004,2012,86
"Alex Rodrigo Dias da Costa",Brazil,"centre-back, full-back","Paris Saint-Germain FC",2012,2014,70
"Alex Rodrigo Dias da Costa",Brazil,"centre-back, full-back","AC Milan",2014,2016,48
"Alex Sandro",Brazil,full-back,"Club Athletico Paranaense",2008,2011,17
"Alex Sandro",Brazil,full-back,"Deportivo Maldonado",2010,2010,0
"Alex Sandro",Brazil,full-back,"Santos F.C.",2010,2011,38
"Alex Sandro",Brazil,full-back,"FC Porto",2011,2015,87
"Alex Sandro",Brazil,full-back,"Juventus FC",2015,2024,230
"Alex Sandro",Brazil,full-back,"Clube de Regatas do Flamengo",2024,,31
"Alex Song","Cameroon, France",defender,"SC Bastia",2004,2006,32
"Alex Song","Cameroon, France",defender,"Arsenal F.C.",2005,2006,5
"Alex Song","Cameroon, France",defender,"Arsenal F.C.",2006,2012,138
"Alex Song","Cameroon, France",defender,"Charlton Athletic F.C.",2007,2007,12
"Alex Song","Cameroon, France",defender,"West Ham United F.C.",2014,2015,28
"Alex Song","Cameroon, France",defender,"West Ham United F.C.",2015,,
"Alexander Isak",Sweden,forward,"AIK Fotboll",2016,2017,24
"Alexander Isak",Sweden,forward,"Borussia Dortmund",2017,2019,5
"Alexander Isak",Sweden,forward,"Real Sociedad",2019,2022,105
"Alexander Isak",Sweden,forward,"Willem II",2019,2019,16
"Alexander Isak",Sweden,forward,"Newcastle United F.C.",2022,2025,86
"Alexander Isak",Sweden,forward,"Liverpool F.C.",2025,,10
"Alexander Zickler",Germany,forward,"Dynamo Dresden",1992,1993,18
"Alexander Zickler",Germany,forward,"FC Bayern Munich",1993,2005,214
"Alexander Zickler",Germany,forward,"FC Red Bull Salzburg",2005,2010,137
"Alexander Zickler",Germany,forward,"LASK Linz",2010,2011,15
"Alexandre Lacazette",France,centre-forward,"Olympique Lyonnais",2010,2017,203
"Alexandre Lacazette",France,centre-forward,"Arsenal F.C.",2017,2022,158
"Alexandre Lacazette",France,centre-forward,"Olympique Lyonnais",2022,2025,94
"Alexandre Lacazette",France,centre-forward,"Neom Club",2025,,
"Alexandre Pato",Brazil,forward,"S.C. Internacional",2006,2007,10
"Alexandre Pato",Brazil,forward,"AC Milan",2007,2013,117
"Alexandre Pato",Brazil,forward,"S.C. Corinthians Paulista",2013,2016,30
"Alexandre Pato",Brazil,forward,"São Paulo FC",2014,2015,59
"Alexandre Pato",Brazil,forward,"Villarreal CF",2016,2017,14
"Alexandre Pato",Brazil,forward,"Chelsea F.C.",2016,2016,2
"Alexandre Pato",Brazil,forward,"Tianjin Tianhai F.C.",2017,2018,47
"Alexandre Pato",Brazil,forward,"São Paulo FC",2019,2020,20
"Alexandre Pato",Brazil,forward,"Orlando City SC",2021,2022,26
"Alexandre Pato",Brazil,forward,"São Paulo FC",2023,2023,9
"Alexis Mac Allister",Argentina,midfielder,"Argentinos Juniors",2016,2019,56
"Alexis Mac Allister",Argentina,midfielder,"Brighton & Hove Albion F.C.",2019,2023,98
"Alexis Mac Allister",Argentina,midfielder,"Argentinos Juniors",2019,2019,10
"Alexis Mac Allister",Argentina,midfielder,"Liverpool F.C.",2023,,97
"Alexis Saelemaekers",Belgium,midfielder,"R.S.C. Anderlecht",2018,2020,57
"Alexis Saelemaekers",Belgium,midfielder,"AC Milan",2020,2020,13
"Alexis Saelemaekers",Belgium,midfielder,"Bologna F.C. 1909",2023,2024,30
"Alexis Saelemaekers",Belgium,midfielder,"AS Roma",2024,2025,22
"Alexis Sánchez",Chile,"wing half",Cobreloa,2005,2006,47
"Alexis Sánchez",Chile,"wing half","Club Social y Deportivo Colo Colo",2006,2008,32
"Alexis Sánchez",Chile,"wing half","Udinese Calcio",2006,2011,95
"Alexis Sánchez",Chile,"wing half","Club Atlético River Plate",2007,2008,23
"Alexis Sánchez",Chile,"wing half","Arsenal F.C.",2014,2018,122
"Alexis Sánchez",Chile,"wing half","Manchester United F.C.",2018,2020,32
"Alexis Sánchez",Chile,"wing half","Inter Milan",2019,2020,22
"Alexis Sánchez",Chile,"wing half","Inter Milan",2020,2022,57
"Alexis Sánchez",Chile,"wing half","Olympique de Marseille",2022,2023,35
"Alexis Sánchez",Chile,"wing half","Inter Milan",2023,2024,23
"Alexis Sánchez",Chile,"wing half","Udinese Calcio",2024,2025,13
"Alexis Sánchez",Chile,"wing half","Sevilla FC",2025,,26
"Alfonso Pérez",Spain,forward,"Real Madrid Club de Fútbol",1990,1995,88
"Alfonso Pérez",Spain,forward,"Real Betis Balompié",1995,2000,152
"Alfonso Pérez",Spain,forward,"Olympique de Marseille",2002,2002,11
"Alfonso Pérez",Spain,forward,"Real Betis Balompié",2002,2005,45
"Alfredo Santaelena",Spain,midfielder,"Galáctico Pegaso",1987,1988,
"Alfredo Santaelena",Spain,midfielder,"Getafe CF",1988,1989,
"Alfredo Santaelena",Spain,midfielder,"Atlético Madrid",1989,1993,101
"Alfredo Santaelena",Spain,midfielder,"Deportivo de La Coruña",1993,1997,104
"Alfredo Santaelena",Spain,midfielder,"Sevilla FC",1997,2000,25
"Alfredo Santaelena",Spain,midfielder,"Getafe CF",2000,2002,24
"Alfredo Santaelena",Spain,midfielder,"Galáctico Pegaso",2002,2003,
"Aliaksandr Hleb",Belarus,"wing half","FC Dinamo-Juni Minsk",1998,1998,11
"Aliaksandr Hleb",Belarus,"wing half","FC BATE Borisov",1999,2000,25
"Aliaksandr Hleb",Belarus,"wing half","VfB Stuttgart",2000,2005,137
"Aliaksandr Hleb",Belarus,"wing half","Arsenal F.C.",2005,2008,89
"Aliaksandr Hleb",Belarus,"wing half","VfB Stuttgart",2009,2010,27
"Aliaksandr Hleb",Belarus,"wing half","Birmingham City F.C.",2010,2011,19
"Aliaksandr Hleb",Belarus,"wing half","VfL Wolfsburg",2011,2011,4
"Aliaksandr Hleb",Belarus,"wing half","FC BATE Borisov",2012,2013,29
"Aliaksandr Hleb",Belarus,"wing half","FC Krylia Sovetov Samara",2012,2012,8
"Aliaksandr Hleb",Belarus,"wing half",Konyaspor,2014,2015,30
"Aliaksandr Hleb",Belarus,"wing half","FC BATE Borisov",2015,2015,4
"Aliaksandr Hleb",Belarus,"wing half","Gençlerbirliği S.K.",2015,2015,15
"Aliaksandr Hleb",Belarus,"wing half","FC BATE Borisov",2016,2016,6
"Aliaksandr Hleb",Belarus,"wing half","Gençlerbirliği S.K.",2016,2016,12
"Aliaksandr Hleb",Belarus,"wing half","FC Krylia Sovetov Samara",2017,2017,7
"Aliaksandr Hleb",Belarus,"wing half","FC BATE Borisov",2018,2019,16
"Aliaksandr Hleb",Belarus,"wing half","FC Isloch Minsk Raion",2019,2019,13
"Alisson Becker",Brazil,goalkeeper,"S.C. Internacional",2013,2016,44
"Alisson Becker",Brazil,goalkeeper,"AS Roma",2016,2018,37
"Alisson Becker",Brazil,goalkeeper,"Liverpool F.C.",2018,,254
"Allan Nielsen","Kingdom of Denmark",midfielder,"FC Bayern Munich",1989,1991,1
"Allan Nielsen","Kingdom of Denmark",midfielder,"Esbjerg fB",1989,1989,0
"Allan Nielsen","Kingdom of Denmark",midfielder,"Odense Boldklub",1991,1993,55
"Allan Nielsen","Kingdom of Denmark",midfielder,"FC Sion",1991,1991,0
"Allan Nielsen","Kingdom of Denmark",midfielder,"F.C. Copenhagen",1994,1995,26
"Allan Nielsen","Kingdom of Denmark",midfielder,"Brøndby IF",1995,1996,42
"Allan Nielsen","Kingdom of Denmark",midfielder,"Tottenham Hotspur F.C.",1996,2000,97
"Allan Nielsen","Kingdom of Denmark",midfielder,"Wolverhampton Wanderers F.C.",2000,2000,7
"Allan Nielsen","Kingdom of Denmark",midfielder,"Watford F.C.",2000,2003,100
"Allan Nielsen","Kingdom of Denmark",midfielder,"Herfølge Boldklub",2003,2004,18
"Alphonso Davies","Liberia, Canada","defender, wing half","Vancouver Whitecaps FC",2016,2018,65
"Alphonso Davies","Liberia, Canada","defender, wing half","FC Bayern Munich",2019,,162
"Amedeo Carboni",Italy,full-back,"S.S. Arezzo",1982,1983,22
"Amedeo Carboni",Italy,full-back,"ACF Fiorentina",1983,1984,0
"Amedeo Carboni",Italy,full-back,"S.S. Arezzo",1983,1986,22
"Amedeo Carboni",Italy,full-back,"SSC Bari",1985,1986,10
"Amedeo Carboni",Italy,full-back,"Empoli FC",1986,1987,11
"Amedeo Carboni",Italy,full-back,"Parma Calcio 1913",1987,1988,28
"Amedeo Carboni",Italy,full-back,"U.C. Sampdoria",1988,1990,60
"Amedeo Carboni",Italy,full-back,"AS Roma",1990,1997,186
"Amedeo Carboni",Italy,full-back,"Valencia CF",1997,2006,245
"Anatolii Tymoshchuk",Ukraine,midfielder,"FC Volyn Lutsk",1995,1997,62
"Anatolii Tymoshchuk",Ukraine,midfielder,"FC Shakhtar Donetsk",1998,2007,227
"Anatolii Tymoshchuk",Ukraine,midfielder,"FC Shakhtar-2 Donetsk",1998,2001,25
"Anatolii Tymoshchuk",Ukraine,midfielder,"FC Zenit Saint Petersburg",2007,2009,67
"Anatolii Tymoshchuk",Ukraine,midfielder,"FC Bayern Munich",2009,2013,86
"Anatolii Tymoshchuk",Ukraine,midfielder,"FC Zenit Saint Petersburg",2013,2015,22
"Anatolii Tymoshchuk",Ukraine,midfielder,"FC Kairat",2015,2016,34
"Ander Capa",Spain,"winger, full-back","Danok Bat CF",2001,2002,
"Ander Capa",Spain,"winger, full-back","Athletic Club",2002,2005,
"Ander Capa",Spain,"winger, full-back","Danok Bat CF",2005,2011,
"Ander Capa",Spain,"winger, full-back","SD Eibar B",2011,2012,34
"Ander Capa",Spain,"winger, full-back","SD Eibar",2011,2018,213
"Ander Capa",Spain,"winger, full-back","Athletic Club",2018,2023,112
"Ander Capa",Spain,"winger, full-back","Levante UD",2023,2024,21
"Ander Capa",Spain,"winger, full-back","Club Portugalete",2024,2025,21
"Ander Garitano",Spain,midfielder,"Athletic Bilbao B",1986,1988,68
"Ander Garitano",Spain,midfielder,"Athletic Club",1988,1996,275
"Ander Garitano",Spain,midfielder,"Real Zaragoza",1996,2002,164
"Ander Herrera",Spain,"central midfielder, inside forward","Deportivo Aragón",2008,2009,10
"Ander Herrera",Spain,"central midfielder, inside forward","Real Zaragoza",2009,2011,82
"Ander Herrera",Spain,"central midfielder, inside forward","Athletic Club",2011,2014,94
"Ander Herrera",Spain,"central midfielder, inside forward","Manchester United F.C.",2014,2019,132
"Ander Herrera",Spain,"central midfielder, inside forward","Paris Saint-Germain FC",2019,2023,58
"Ander Herrera",Spain,"central midfielder, inside forward","Athletic Club",2022,2022,8
"Ander Herrera",Spain,"central midfielder, inside forward","Athletic Club",2023,2025,40
"Ander Iturraspe",Spain,"central midfielder, defensive midfielder","Athletic Club",1999,2007,
"Ander Iturraspe",Spain,"central midfielder, defensive midfielder","CD Baskonia",2007,2008,30
"Ander Iturraspe",Spain,"central midfielder, defensive midfielder","Athletic Bilbao B",2008,2010,40
"Ander Iturraspe",Spain,"central midfielder, defensive midfielder","Athletic Club",2008,2019,320
"Ander Iturraspe",Spain,"central midfielder, defensive midfielder","RCD Espanyol de Barcelona",2019,2020,18
"Ander Murillo",Spain,centre-back,Antiguoko,1992,1999,
"Ander Murillo",Spain,centre-back,"Athletic Club",1999,2001,
"Ander Murillo",Spain,centre-back,"Athletic Bilbao B",2001,2002,14
"Ander Murillo",Spain,centre-back,"Athletic Club",2001,2010,157
"Ander Murillo",Spain,centre-back,"UD Salamanca",2009,2010,37
"Ander Murillo",Spain,centre-back,"RC Celta de Vigo",2010,2011,23
"Ander Murillo",Spain,centre-back,"AEK Larnaca F.C.",2011,2018,184
"Ander Murillo",Spain,centre-back,"ASIL Lysi",2020,2021,
"Anders Limpar",Sweden,midfielder,"IF Brommapojkarna",1981,1986,77
"Anders Limpar",Sweden,midfielder,"Örgryte IS Fotboll",1986,1988,47
"Anders Limpar",Sweden,midfielder,"BSC Young Boys",1988,1989,27
"Anders Limpar",Sweden,midfielder,"US Cremonese",1989,1990,24
"Anders Limpar",Sweden,midfielder,"Arsenal F.C.",1990,1994,96
"Anders Limpar",Sweden,midfielder,"Everton F.C.",1994,1997,66
"Anders Limpar",Sweden,midfielder,"Birmingham City F.C.",1997,1997,4
"Anders Limpar",Sweden,midfielder,"AIK Fotboll",1998,1999,22
"Anders Limpar",Sweden,midfielder,"Colorado Rapids",1999,2000,36
"Anders Limpar",Sweden,midfielder,"Djurgårdens IF Fotboll",2000,2000,0
"Anders Limpar",Sweden,midfielder,"IF Brommapojkarna",2001,2002,
"Anders Limpar",Sweden,midfielder,"Sollentuna United FF",2008,2008,0
Anderson,Brazil,midfielder,"Grêmio FBPA",2004,2006,19
Anderson,Brazil,midfielder,"FC Porto",2006,2007,18
Anderson,Brazil,midfielder,"Manchester United F.C.",2007,2015,105
Anderson,Brazil,midfielder,"ACF Fiorentina",2014,2014,7
Anderson,Brazil,midfielder,"S.C. Internacional",2015,,
"Andoni Iraola",Spain,"central midfielder, full-back",Antiguoko,1991,1999,
"Andoni Iraola",Spain,"central midfielder, full-back","Athletic Club",1999,2000,
"Andoni Iraola",Spain,"central midfielder, full-back","CD Baskonia",2000,2001,35
"Andoni Iraola",Spain,"central midfielder, full-back","Athletic Bilbao B",2001,2003,75
"Andoni Iraola",Spain,"central midfielder, full-back","Athletic Club",2003,2015,406
"Andoni Iraola",Spain,"central midfielder, full-back","New York City FC",2015,2016,38
"Andoni Lakabeg",Spain,full-back,"Athletic Bilbao B",1986,1988,37
"Andoni Lakabeg",Spain,full-back,"Athletic Club",1988,1995,213
"Andoni Lakabeg",Spain,full-back,"RC Celta de Vigo",1996,1997,14
"Andoni Lakabeg",Spain,full-back,"Villarreal CF",1998,1998,11
"Andoni Lakabeg",Spain,full-back,"Amurrio Club",1998,1998,14
"Andoni Lakabeg",Spain,full-back,"Centre d'Esports Sabadell Futbol Club",1999,2001,57
"Andoni Lakabeg",Spain,full-back,"UD Pájara Playas de Jandía",1999,1999,14
"Andoni Lakabeg",Spain,full-back,"Castillo CF",2001,2003,
"Andoni Lakabeg",Spain,full-back,"SD Indautxu",2003,2006,
"Andoni Lakabeg",Spain,full-back,"SD Leioa",2006,2007,31
"Andrea Barzagli",Italy,centre-back,"San Frediano Rondinella S.S.",1998,2000,51
"Andrea Barzagli",Italy,centre-back,"Pistoiese FC",2000,2000,5
"Andrea Barzagli",Italy,centre-back,"San Frediano Rondinella S.S.",2001,2001,13
"Andrea Barzagli",Italy,centre-back,"Piacenza Calcio",2001,2003,0
"Andrea Barzagli",Italy,centre-back,"Ascoli Calcio 1898 FC",2001,2003,46
"Andrea Barzagli",Italy,centre-back,"AC ChievoVerona",2003,2004,29
"Andrea Barzagli",Italy,centre-back,"Palermo F.C.",2004,2008,142
"Andrea Barzagli",Italy,centre-back,"VfL Wolfsburg",2008,2011,75
"Andrea Barzagli",Italy,centre-back,"Juventus FC",2011,2019,206
"Andrea Dossena",Italy,full-back,"Hellas Verona FC",2001,2005,99
"Andrea Dossena",Italy,full-back,"Treviso F.B.C. 1993",2005,2006,21
"Andrea Dossena",Italy,full-back,"Udinese Calcio",2006,2008,63
"Andrea Dossena",Italy,full-back,"Liverpool F.C.",2008,2010,18
"Andrea Dossena",Italy,full-back,"SSC Napoli",2010,2013,83
"Andrea Dossena",Italy,full-back,"Sunderland A.F.C.",2013,2014,7
"Andrea Dossena",Italy,full-back,"Palermo F.C.",2013,2013,11
"Andrea Dossena",Italy,full-back,"Leyton Orient F.C.",2014,2015,15
"Andrea Dossena",Italy,full-back,"FC Chiasso",2015,,
"Andrea Pirlo",Italy,midfielder,"Brescia Calcio",1995,1998,47
"Andrea Pirlo",Italy,midfielder,"Inter Milan",1998,2001,22
"Andrea Pirlo",Italy,midfielder,"AS Reggina 1914",1999,2000,28
"Andrea Pirlo",Italy,midfielder,"AC Milan",2001,2011,284
"Andrea Pirlo",Italy,midfielder,"Brescia Calcio",2001,2001,10
"Andrea Pirlo",Italy,midfielder,"Juventus FC",2011,2015,119
"Andrea Pirlo",Italy,midfielder,"New York City FC",2015,2017,60
"Andrea Poli",Italy,midfielder,"Treviso F.B.C. 1993",2006,2007,4
"Andrea Poli",Italy,midfielder,"U.C. Sampdoria",2007,2013,84
"Andrea Poli",Italy,midfielder,"US Sassuolo Calcio",2008,2009,32
"Andrea Poli",Italy,midfielder,"Inter Milan",2011,2012,18
"Andrea Poli",Italy,midfielder,"AC Milan",2013,2017,90
"Andrea Poli",Italy,midfielder,"Bologna F.C. 1909",2017,2021,108
"Andrea Poli",Italy,midfielder,Antalyaspor,2021,2022,28
"Andrea Poli",Italy,midfielder,"Modena F.C.",2022,2023,11
"Andrea Poli",Italy,midfielder,"Pro Sesto 1913",2024,2024,10
"Andrea Ranocchia",Italy,centre-back,"S.S. Arezzo",2006,2008,56
"Andrea Ranocchia",Italy,centre-back,"Genoa CFC",2008,2010,0
"Andrea Ranocchia",Italy,centre-back,"SSC Bari",2008,2010,34
"Andrea Ranocchia",Italy,centre-back,"Genoa CFC",2010,2011,16
"Andrea Ranocchia",Italy,centre-back,"Inter Milan",2010,2022,170
"Andrea Ranocchia",Italy,centre-back,"U.C. Sampdoria",2016,2016,14
"Andrea Ranocchia",Italy,centre-back,"Hull City A.F.C.",2017,2017,16
"Andrea Ranocchia",Italy,centre-back,"AC Monza",2022,2022,1
"Andreas Christensen","Kingdom of Denmark",centre-back,"Chelsea F.C.",2014,2022,93
"Andreas Christensen","Kingdom of Denmark",centre-back,"Borussia Mönchengladbach",2015,2017,62
"Andreas Möller",Germany,midfielder,"Eintracht Frankfurt",1985,1987,35
"Andreas Möller",Germany,midfielder,"Borussia Dortmund",1988,1990,75
"Andreas Möller",Germany,midfielder,"Eintracht Frankfurt",1990,1992,69
"Andreas Möller",Germany,midfielder,"Juventus FC",1992,1994,56
"Andreas Möller",Germany,midfielder,"Borussia Dortmund",1994,2000,153
"Andreas Möller",Germany,midfielder,"Schalke 04",2000,2003,86
"Andreas Möller",Germany,midfielder,"Eintracht Frankfurt",2003,2004,11
"Andreas Ottl",Germany,midfielder,"FC Bayern Munich",2005,2011,92
"Andreas Ottl",Germany,midfielder,"1. FC Nürnberg",2010,2010,17
"Andreas Ottl",Germany,midfielder,"Hertha BSC",2011,2012,26
"Andreas Ottl",Germany,midfielder,"FC Augsburg",2012,2014,13
"Andrei Kanchelskis","Soviet Union, Russia","wing-back, right winger","FC Dynamo Kyiv",1988,1990,22
"Andrei Kanchelskis","Soviet Union, Russia","wing-back, right winger","FC Shakhtar Donetsk",1990,1991,21
"Andrei Kanchelskis","Soviet Union, Russia","wing-back, right winger","Manchester United F.C.",1991,1995,123
"Andrei Kanchelskis","Soviet Union, Russia","wing-back, right winger","Everton F.C.",1995,1997,52
"Andrei Kanchelskis","Soviet Union, Russia","wing-back, right winger","ACF Fiorentina",1997,1998,26
"Andrei Kanchelskis","Soviet Union, Russia","wing-back, right winger","Rangers F.C.",1998,2002,76
"Andrei Kanchelskis","Soviet Union, Russia","wing-back, right winger","Manchester City F.C.",2001,2001,10
"Andrei Kanchelskis","Soviet Union, Russia","wing-back, right winger","Southampton F.C.",2002,2003,1
"Andrei Kanchelskis","Soviet Union, Russia","wing-back, right winger","Al Hilal SFC",2003,2003,3
"Andrei Kanchelskis","Soviet Union, Russia","wing-back, right winger","FC Leon Saturn",2004,2005,39
"Andrei Kanchelskis","Soviet Union, Russia","wing-back, right winger","FC Krylia Sovetov Samara",2006,2006,24
"Andrey Arshavin",Russia,"midfielder, forward, wing half","FC Zenit Saint Petersburg",1999,2009,236
"Andrey Arshavin",Russia,"midfielder, forward, wing half","FC Zenit-2",1999,2000,56
"Andrey Arshavin",Russia,"midfielder, forward, wing half","Arsenal F.C.",2009,2013,105
"Andrey Arshavin",Russia,"midfielder, forward, wing half","FC Zenit Saint Petersburg",2012,2012,10
"Andrey Arshavin",Russia,"midfielder, forward, wing half","FC Zenit Saint Petersburg",2013,2015,35
"Andrey Arshavin",Russia,"midfielder, forward, wing half","FC Kuban Krasnodar",2015,2016,8
"Andrey Arshavin",Russia,"midfielder, forward, wing half","FC Kairat",2016,2018,84
"Andriy Shevchenko",Ukraine,forward,"FC Dynamo Kyiv",1994,1999,117
"Andriy Shevchenko",Ukraine,forward,"AC Milan",1999,2006,208
"Andriy Shevchenko",Ukraine,forward,"Chelsea F.C.",2006,2009,48
"Andriy Shevchenko",Ukraine,forward,"AC Milan",2008,2009,18
"Andriy Shevchenko",Ukraine,forward,"FC Dynamo Kyiv",2009,2012,55
"André Cruz",Brazil,defender,"Associação Atlética Ponte Preta",1986,1989,14
"André Cruz",Brazil,defender,"Clube de Regatas do Flamengo",1989,1990,26
"André Cruz",Brazil,defender,"Standard Liège",1990,1994,107
"André Cruz",Brazil,defender,"SSC Napoli",1994,1997,83
"André Cruz",Brazil,defender,"AC Milan",1997,1999,13
"André Cruz",Brazil,defender,"Standard Liège",1999,1999,10
"André Cruz",Brazil,defender,"Torino FC",1999,1999,13
"André Cruz",Brazil,defender,"Sporting CP",1999,2002,78
"André Cruz",Brazil,defender,"Goiás Esporte Clube",2002,2003,16
"André Cruz",Brazil,defender,"S.C. Internacional",2003,2004,10
"André Cruz",Brazil,defender,"Goiás Esporte Clube",2004,2004,2
"André-Frank Zambo Anguissa",Cameroon,midfielder,"Olympique de Marseille",2015,2018,79
"André-Frank Zambo Anguissa",Cameroon,midfielder,"Fulham F.C.",2018,2022,61
"André-Frank Zambo Anguissa",Cameroon,midfielder,"Villarreal CF",2019,2020,36
"André-Frank Zambo Anguissa",Cameroon,midfielder,"SSC Napoli",2021,2022,25
"André-Frank Zambo Anguissa",Cameroon,midfielder,"SSC Napoli",2022,,116
"Andrés Iniesta",Spain,midfielder,"FC Barcelona Atlètic",2001,2003,54
"Andrés Iniesta",Spain,midfielder,"Vissel Kobe",2018,2023,114
"Andrés Iniesta",Spain,midfielder,"Emirates Club",2023,2024,20
"Andrés Palop",Spain,goalkeeper,"Valencia CF Mestalla",1993,1997,68
"Andrés Palop",Spain,goalkeeper,"Valencia CF",1997,2005,43
"Andrés Palop",Spain,goalkeeper,"Villarreal CF",1997,1999,74
"Andrés Palop",Spain,goalkeeper,"Sevilla FC",2005,2013,217
"Andrés Palop",Spain,goalkeeper,"Bayer 04 Leverkusen",2013,2014,0
"Andy Carroll","United Kingdom",forward,"Newcastle United F.C.",2006,2011,80
"Andy Carroll","United Kingdom",forward,"Preston North End F.C.",2007,2008,11
"Andy Carroll","United Kingdom",forward,"Liverpool F.C.",2011,2013,44
"Andy Carroll","United Kingdom",forward,"West Ham United F.C.",2012,2013,24
"Andy Carroll","United Kingdom",forward,"West Ham United F.C.",2013,2019,102
"Andy Carroll","United Kingdom",forward,"Newcastle United F.C.",2019,2021,37
"Andy Carroll","United Kingdom",forward,"Reading F.C.",2021,2022,8
"Andy Carroll","United Kingdom",forward,"Reading F.C.",2022,2023,32
"Andy Carroll","United Kingdom",forward,"West Bromwich Albion F.C.",2022,2022,15
"Andy Carroll","United Kingdom",forward,"Amiens SC",2023,2024,32
"Andy Carroll","United Kingdom",forward,"FC Girondins de Bordeaux",2024,2025,21
"Andy Carroll","United Kingdom",forward,"Dagenham & Redbridge F.C.",2025,,1
"Andy Cole","United Kingdom",forward,"Arsenal F.C.",1989,1992,1
"Andy Cole","United Kingdom",forward,"Fulham F.C.",1991,1991,13
"Andy Cole","United Kingdom",forward,"Bristol City F.C.",1992,1993,41
"Andy Cole","United Kingdom",forward,"Newcastle United F.C.",1993,1995,70
"Andy Cole","United Kingdom",forward,"Manchester United F.C.",1995,2001,195
"Andy Cole","United Kingdom",forward,"Blackburn Rovers F.C.",2001,2004,83
"Andy Cole","United Kingdom",forward,"Fulham F.C.",2004,2005,31
"Andy Cole","United Kingdom",forward,"Manchester City F.C.",2005,2006,22
"Andy Cole","United Kingdom",forward,"Portsmouth F.C.",2006,2007,18
"Andy Cole","United Kingdom",forward,"Sunderland A.F.C.",2007,2008,7
"Andy Cole","United Kingdom",forward,"Birmingham City F.C.",2007,2007,5
"Andy Cole","United Kingdom",forward,"Burnley F.C.",2008,2008,13
"Andy Cole","United Kingdom",forward,"Nottingham Forest F.C.",2008,2008,10
"Andy Dibble","United Kingdom",goalkeeper,"Cardiff City F.C.",1982,1984,62
"Andy Dibble","United Kingdom",goalkeeper,"Luton Town F.C.",1984,1988,30
"Andy Dibble","United Kingdom",goalkeeper,"Sunderland A.F.C.",1986,1986,12
"Andy Dibble","United Kingdom",goalkeeper,"Huddersfield Town A.F.C.",1987,1987,5
"Andy Dibble","United Kingdom",goalkeeper,"Manchester City F.C.",1988,1997,116
"Andy Dibble","United Kingdom",goalkeeper,"Aberdeen F.C.",1990,1990,5
"Andy Dibble","United Kingdom",goalkeeper,"Middlesbrough F.C.",1991,1991,19
"Andy Dibble","United Kingdom",goalkeeper,"Bolton Wanderers F.C.",1991,1991,13
"Andy Dibble","United Kingdom",goalkeeper,"West Bromwich Albion F.C.",1992,1992,9
"Andy Dibble","United Kingdom",goalkeeper,"Luton Town F.C.",1997,1997,1
"Andy Dibble","United Kingdom",goalkeeper,"Rangers F.C.",1997,1997,7
"Andy Dibble","United Kingdom",goalkeeper,"Sheffield United F.C.",1997,1997,0
"Andy Dibble","United Kingdom",goalkeeper,"Altrincham F.C.",1998,1998,0
"Andy Dibble","United Kingdom",goalkeeper,"Middlesbrough F.C.",1998,1998,2
"Andy Dibble","United Kingdom",goalkeeper,"Barry Town F.C.",1998,1998,1
"Andy Dibble","United Kingdom",goalkeeper,"Carlisle United F.C.",1999,1999,2
"Andy Dibble","United Kingdom",goalkeeper,"Hartlepool United F.C.",1999,2000,6
"Andy Dibble","United Kingdom",goalkeeper,"Stockport County F.C.",2000,2002,23
"Andy Dibble","United Kingdom",goalkeeper,"Wrexham A.F.C.",2002,2005,83
"Andy Dibble","United Kingdom",goalkeeper,"Accrington Stanley F.C.",2005,2006,1
"Andy Hinchcliffe","United Kingdom",defender,"Manchester City F.C.",1986,1990,112
"Andy Hinchcliffe","United Kingdom",defender,"Everton F.C.",1990,1998,182
"Andy Hinchcliffe","United Kingdom",defender,"Sheffield Wednesday F.C.",1998,2002,86
"Andy Linighan","United Kingdom",centre-back,"Hartlepool United F.C.",1980,1984,110
"Andy Linighan","United Kingdom",centre-back,"Leeds United F.C.",1984,1986,66
"Andy Linighan","United Kingdom",centre-back,"Oldham Athletic A.F.C.",1986,1988,87
"Andy Linighan","United Kingdom",centre-back,"Norwich City F.C.",1988,1990,74
"Andy Linighan","United Kingdom",centre-back,"Arsenal F.C.",1990,1997,118
"Andy Linighan","United Kingdom",centre-back,"Crystal Palace F.C.",1997,2000,111
"Andy Linighan","United Kingdom",centre-back,"Queens Park Rangers F.C.",1998,1999,7
"Andy Linighan","United Kingdom",centre-back,"Oxford United F.C.",2000,2000,13
"Andy Linighan","United Kingdom",centre-back,"St Albans City F.C.",2001,2001,4
"Andy Myers","United Kingdom",centre-back,"Chelsea F.C.",1991,1999,84
"Andy Myers","United Kingdom",centre-back,"Bradford City A.F.C.",1999,2003,89
"Andy Myers","United Kingdom",centre-back,"Portsmouth F.C.",2000,2000,8
"Andy Myers","United Kingdom",centre-back,"Colchester United F.C.",2003,2004,21
"Andy Myers","United Kingdom",centre-back,"Brentford F.C.",2004,2005,10
"Andy O'Brien","United Kingdom",centre-back,"Bradford City A.F.C.",1996,2001,133
"Andy O'Brien","United Kingdom",centre-back,"Newcastle United F.C.",2001,2005,120
"Andy O'Brien","United Kingdom",centre-back,"Portsmouth F.C.",2005,2007,32
"Andy O'Brien","United Kingdom",centre-back,"Bolton Wanderers F.C.",2007,2011,74
"Andy O'Brien","United Kingdom",centre-back,"Leeds United F.C.",2010,2011,11
"Andy O'Brien","United Kingdom",centre-back,"Leeds United F.C.",2011,2012,23
"Andy O'Brien","United Kingdom",centre-back,"Vancouver Whitecaps FC",2012,2014,50
"Andy Robertson","United Kingdom",full-back,"Queen's Park F.C.",2012,2013,34
"Andy Robertson","United Kingdom",full-back,"Dundee United F.C.",2013,2014,36
"Andy Robertson","United Kingdom",full-back,"Hull City A.F.C.",2014,2017,99
"Andy Robertson","United Kingdom",full-back,"Liverpool F.C.",2017,,269
"Andy Sinton","United Kingdom",midfielder,"Cambridge United F.C.",1982,1985,93
"Andy Sinton","United Kingdom",midfielder,"Brentford F.C.",1985,1989,149
"Andy Sinton","United Kingdom",midfielder,"Queens Park Rangers F.C.",1989,1993,161
"Andy Sinton","United Kingdom",midfielder,"Sheffield Wednesday F.C.",1993,1996,62
"Andy Sinton","United Kingdom",midfielder,"Tottenham Hotspur F.C.",1996,1999,83
"Andy Sinton","United Kingdom",midfielder,"Wolverhampton Wanderers F.C.",1999,2002,71
"Andy Sinton","United Kingdom",midfielder,"Burton Albion F.C.",2002,2004,38
"Andy Sinton","United Kingdom",midfielder,"Bromsgrove Rovers F.C.",2004,2004,6
"Andy Sinton","United Kingdom",midfielder,"Fleet Town F.C.",2004,2007,21
"Andy Townsend",Ireland,midfielder,"Welling United F.C.",1980,1984,105
"Andy Townsend",Ireland,midfielder,"Weymouth F.C.",1984,1985,40
"Andy Townsend",Ireland,midfielder,"Southampton F.C.",1985,1988,83
"Andy Townsend",Ireland,midfielder,"Norwich City F.C.",1988,1990,71
"Andy Townsend",Ireland,midfielder,"Chelsea F.C.",1990,1993,110
"Andy Townsend",Ireland,midfielder,"Aston Villa F.C.",1993,1997,134
"Andy Townsend",Ireland,midfielder,"Middlesbrough F.C.",1997,1999,77
"Andy Townsend",Ireland,midfielder,"West Bromwich Albion F.C.",1999,2000,18
"Angelo Di Livio",Italy,"wing half","AS Roma",1984,1985,0
"Angelo Di Livio",Italy,"wing half","A.C. Reggiana 1919",1985,1986,13
"Angelo Di Livio",Italy,"wing half","Nocerina 1910",1986,1987,31
"Angelo Di Livio",Italy,"wing half","A.C. Perugia Calcio",1987,1989,72
"Angelo Di Livio",Italy,"wing half","Calcio Padova",1989,1993,138
"Angelo Di Livio",Italy,"wing half","Juventus FC",1993,1999,186
"Angelo Di Livio",Italy,"wing half","ACF Fiorentina",1999,2005,169
"Angelo Peruzzi",Italy,goalkeeper,"AS Roma",1986,1989,13
"Angelo Peruzzi",Italy,goalkeeper,"Hellas Verona FC",1989,1990,29
"Angelo Peruzzi",Italy,goalkeeper,"AS Roma",1990,1991,3
"Angelo Peruzzi",Italy,goalkeeper,"Juventus FC",1991,1999,208
"Angelo Peruzzi",Italy,goalkeeper,"Inter Milan",1999,2000,33
"Angelo Peruzzi",Italy,goalkeeper,"SS Lazio",2000,2007,192
"Ansu Fati","Guinea-Bissau, Spain","forward, wing half","Brighton & Hove Albion F.C.",2023,2024,19
"Ansu Fati","Guinea-Bissau, Spain","forward, wing half","AS Monaco FC",2025,,25
"Anthony Gardner","United Kingdom","centre-back, defender","Port Vale F.C.",1998,2000,41
"Anthony Gardner","United Kingdom","centre-back, defender","Tottenham Hotspur F.C.",2000,2008,114
"Anthony Gardner","United Kingdom","centre-back, defender","Hull City A.F.C.",2008,2008,0
"Anthony Gardner","United Kingdom","centre-back, defender","Everton F.C.",2008,2008,0
"Anthony Gardner","United Kingdom","centre-back, defender","Crystal Palace F.C.",2010,2011,28
"Anthony Gardner","United Kingdom","centre-back, defender","Crystal Palace F.C.",2011,2012,28
"Anthony Gardner","United Kingdom","centre-back, defender","Sheffield Wednesday F.C.",2012,2014,42
"Anthony Gordon","United Kingdom",winger,"Everton F.C.",2017,2023,65
"Anthony Gordon","United Kingdom",winger,"Preston North End F.C.",2021,2021,11
"Anthony Gordon","United Kingdom",winger,"Newcastle United F.C.",2023,2026,111
"Anthony Martial",France,"forward, wing half","Olympique Lyonnais",2012,2013,3
"Anthony Martial",France,"forward, wing half","AS Monaco FC",2013,2015,49
"Anthony Martial",France,"forward, wing half","Manchester United F.C.",2015,2024,209
"Anthony Martial",France,"forward, wing half","Sevilla FC",2022,2022,9
"Anthony Martial",France,"forward, wing half","Club de Fútbol Monterrey",2025,,17
"Antoine Griezmann",France,forward,"Real Sociedad",2009,2014,180
"Antoine Griezmann",France,forward,"Atlético Madrid",2014,2019,180
"Antoine Griezmann",France,forward,"Atlético Madrid",2021,2022,34
"Antoine Griezmann",France,forward,"Atlético Madrid",2022,,135
"Antoine Sibierski",France,"midfielder, forward","Lille OSC",1992,1996,97
"Antoine Sibierski",France,"midfielder, forward","AJ Auxerre",1996,1998,42
"Antoine Sibierski",France,"midfielder, forward","FC Nantes",1998,2000,50
"Antoine Sibierski",France,"midfielder, forward","R.C. Lens",2000,2003,89
"Antoine Sibierski",France,"midfielder, forward","Manchester City F.C.",2003,2006,92
"Antoine Sibierski",France,"midfielder, forward","Newcastle United F.C.",2006,2007,26
"Antoine Sibierski",France,"midfielder, forward","Wigan Athletic F.C.",2007,2009,33
"Antoine Sibierski",France,"midfielder, forward","Norwich City F.C.",2008,2008,15
"Antonio Barragán",Spain,full-back,"Liverpool F.C.",2005,2006,0
"Antonio Barragán",Spain,full-back,"Deportivo de La Coruña",2006,2009,26
"Antonio Barragán",Spain,full-back,"Real Valladolid",2009,2011,41
"Antonio Barragán",Spain,full-back,"Valencia CF",2011,2016,110
"Antonio Barragán",Spain,full-back,"Middlesbrough F.C.",2016,2018,26
"Antonio Barragán",Spain,full-back,"Real Betis Balompié",2017,2018,29
"Antonio Barragán",Spain,full-back,"Real Betis Balompié",2018,2020,26
"Antonio Barragán",Spain,full-back,"Elche CF",2020,2022,43
"Antonio Candreva",Italy,"wing half","Ternana Calcio",2004,2007,45
"Antonio Candreva",Italy,"wing half","Udinese Calcio",2007,2012,3
"Antonio Candreva",Italy,"wing half","US Livorno 1915",2008,2010,52
"Antonio Candreva",Italy,"wing half","Juventus FC",2010,2010,16
"Antonio Candreva",Italy,"wing half","Parma Calcio 1913",2010,2011,31
"Antonio Candreva",Italy,"wing half","AC Cesena",2011,2012,18
"Antonio Candreva",Italy,"wing half","SS Lazio",2012,2016,151
"Antonio Candreva",Italy,"wing half","Inter Milan",2016,2021,124
"Antonio Candreva",Italy,"wing half","U.C. Sampdoria",2020,2021,35
"Antonio Candreva",Italy,"wing half","U.C. Sampdoria",2021,2023,36
"Antonio Candreva",Italy,"wing half","U.S. Salernitana 1919",2022,2023,35
"Antonio Candreva",Italy,"wing half","U.S. Salernitana 1919",2023,2024,34
"Antonio Cassano",Italy,forward,"SSC Bari",1999,2001,48
"Antonio Cassano",Italy,forward,"AS Roma",2001,2006,118
"Antonio Cassano",Italy,forward,"Real Madrid Club de Fútbol",2006,2008,19
"Antonio Cassano",Italy,forward,"U.C. Sampdoria",2007,2008,22
"Antonio Cassano",Italy,forward,"U.C. Sampdoria",2008,2011,74
"Antonio Cassano",Italy,forward,"AC Milan",2011,2012,33
"Antonio Cassano",Italy,forward,"Inter Milan",2012,2013,28
"Antonio Cassano",Italy,forward,"Parma Calcio 1913",2013,2015,53
"Antonio Cassano",Italy,forward,"U.C. Sampdoria",2015,2016,24
"Antonio Cassano",Italy,forward,"Hellas Verona FC",2017,2017,0
"Antonio Conte",Italy,midfielder,"US Lecce",1985,1991,71
"Antonio Conte",Italy,midfielder,"Juventus FC",1991,2004,296
"Antonio Díaz Jurado",Spain,midfielder,"Tomelloso CF",1990,1991,
"Antonio Díaz Jurado",Spain,midfielder,"Getafe CF",1991,1993,32
"Antonio Díaz Jurado",Spain,midfielder,"UD Salamanca",1993,1995,61
"Antonio Díaz Jurado",Spain,midfielder,"Club Atlético Osasuna",1995,1996,33
"Antonio Díaz Jurado",Spain,midfielder,"Villarreal CF",1996,1999,92
"Antonio Díaz Jurado",Spain,midfielder,"SD Compostela",1999,2001,59
"Antonio Díaz Jurado",Spain,midfielder,"Granada CF",2001,2002,34
"Antonio Díaz Jurado",Spain,midfielder,"Águilas CF",2002,2003,
"Antonio Díaz Jurado",Spain,midfielder,"Vinaròs CF",2003,2004,
"Antonio Guayre",Spain,"wing half","UD Las Palmas Atlético",1999,2000,
"Antonio Guayre",Spain,"wing half","UD Las Palmas",2000,2001,31
"Antonio Guayre",Spain,"wing half","Villarreal CF",2001,2006,137
"Antonio Guayre",Spain,"wing half","RC Celta de Vigo",2006,2008,20
"Antonio Guayre",Spain,"wing half","Club Deportivo Numancia de Soria",2008,2009,6
"Antonio Guayre",Spain,"wing half","UD Las Palmas",2009,2011,28
"Antonio Guayre",Spain,"wing half","Club Deportivo Lugo",2013,2013,2
"Antonio López",Spain,full-back,"Atlético Madrid B",1999,2001,39
"Antonio López",Spain,full-back,"Atlético Madrid",2000,2012,216
"Antonio López",Spain,full-back,"Club Atlético Osasuna",2002,2004,71
"Antonio López",Spain,full-back,"RCD Mallorca",2012,2014,17
"Antonio Muñoz Gómez",Spain,defender,"Córdoba CF",1987,1988,
"Antonio Muñoz Gómez",Spain,defender,"Atlético Madrid B",1988,1990,31
"Antonio Muñoz Gómez",Spain,defender,"Atlético Madrid",1990,2001,251
"Antonio Notario",Spain,goalkeeper,"Granada CF",1991,1993,41
"Antonio Notario",Spain,goalkeeper,"Valencia CF Mestalla",1993,1994,17
"Antonio Notario",Spain,goalkeeper,"Real Murcia",1994,1995,18
"Antonio Notario",Spain,goalkeeper,"CP Almería",1995,1996,2
"Antonio Notario",Spain,goalkeeper,"Granada CF",1997,2000,119
"Antonio Notario",Spain,goalkeeper,"Sevilla FC",2000,2006,124
"Antonio Notario",Spain,goalkeeper,"Real Murcia",2006,2008,62
"Antonio Notario",Spain,goalkeeper,"RC Celta de Vigo",2008,2009,30
"Antonio Notario",Spain,goalkeeper,"Albacete Balompié",2009,2010,13
"Antonio Paganin",Italy,defender,"Bologna F.C. 1909",1982,1984,0
"Antonio Paganin",Italy,defender,"U.C. Sampdoria",1984,1988,46
"Antonio Paganin",Italy,defender,"Udinese Calcio",1988,1990,53
"Antonio Paganin",Italy,defender,"Inter Milan",1990,1995,109
"Antonio Paganin",Italy,defender,"Atalanta BC",1995,1996,27
"Antonio Paganin",Italy,defender,"Hellas Verona FC",1996,1997,11
"Antonio Paganin",Italy,defender,"U.C. Montecchio Maggiore",1999,2003,65
"Antonio Paganin",Italy,defender,"Bassano Virtus 55 S.T.",2012,2014,
"Antonio Rüdiger",Germany,"centre-back, defender","VfB Stuttgart",2012,2016,66
"Antonio Rüdiger",Germany,"centre-back, defender","AS Roma",2015,2016,30
"Antonio Rüdiger",Germany,"centre-back, defender","AS Roma",2016,2017,26
"Antonio Rüdiger",Germany,"centre-back, defender","Chelsea F.C.",2017,2022,133
"Antonio Rüdiger",Germany,"centre-back, defender","Real Madrid Club de Fútbol",2022,,106
"Antonio Valencia",Ecuador,"wing half","Club Deportivo El Nacional",2003,2005,88
"Antonio Valencia",Ecuador,"wing half","Recreativo de Huelva",2005,2006,12
"Antonio Valencia",Ecuador,"wing half","Villarreal CF",2005,2008,2
"Antonio Valencia",Ecuador,"wing half","Wigan Athletic F.C.",2006,2008,37
"Antonio Valencia",Ecuador,"wing half","Wigan Athletic F.C.",2008,2009,47
"Antonio Valencia",Ecuador,"wing half","Manchester United F.C.",2009,2019,241
"Antonio Valencia",Ecuador,"wing half","Liga Deportiva Universitaria de Quito",2019,2020,20
"Antonio Valencia",Ecuador,"wing half","Querétaro F.C.",2020,2021,15
"Antoñito",Spain,forward,"UD Los Palacios",1999,2000,
"Antoñito",Spain,forward,"Sevilla Atlético",2000,2002,47
"Antoñito",Spain,forward,"Sevilla FC",2001,2006,95
"Antoñito",Spain,forward,"Recreativo de Huelva",2002,2002,18
"Antoñito",Spain,forward,"Racing de Santander",2005,2006,32
"Antoñito",Spain,forward,"Real Murcia",2006,2007,34
"Antoñito",Spain,forward,"Xerez C.D.",2007,2011,118
"Antoñito",Spain,forward,"CD Atlético Baleares",2011,2012,33
"Antoñito",Spain,forward,"San Fernando Island Sports Club S.A.D",2012,2013,25
"Antônio Carlos Zago",Brazil,defender,"São Paulo FC",1990,1992,64
"Antônio Carlos Zago",Brazil,defender,"Albacete Balompié",1992,1993,12
"Antônio Carlos Zago",Brazil,defender,"Sociedade Esportiva Palmeiras",1993,1995,58
"Antônio Carlos Zago",Brazil,defender,"Kashiwa Reysol",1996,1997,24
"Antônio Carlos Zago",Brazil,defender,"S.C. Corinthians Paulista",1997,1998,12
"Antônio Carlos Zago",Brazil,defender,"AS Roma",1998,2002,107
"Antônio Carlos Zago",Brazil,defender,"Beşiktaş J.K. (Football)",2002,2004,56
"Antônio Carlos Zago",Brazil,defender,"Santos F.C.",2004,2005,7
"Antônio Carlos Zago",Brazil,defender,"Esporte Clube Juventude",2005,2006,52
"Antônio Carlos Zago",Brazil,defender,"Santos F.C.",2007,2007,1
"Arda Turan",Turkey,"midfielder, wing half","Galatasaray S.K.",2004,2011,130
"Arda Turan",Turkey,"midfielder, wing half",Manisaspor,2006,2006,15
"Arda Turan",Turkey,"midfielder, wing half","Atlético Madrid",2011,2015,127
"Arda Turan",Turkey,"midfielder, wing half","İstanbul Başakşehir F.K.",2018,2020,37
"Arda Turan",Turkey,"midfielder, wing half","Galatasaray S.K.",2020,2022,39
"Ariel Ibagaza","Argentina, Spain",midfielder,"Club Atlético Lanús",1994,1998,97
"Ariel Ibagaza","Argentina, Spain",midfielder,"RCD Mallorca",1998,2003,143
"Ariel Ibagaza","Argentina, Spain",midfielder,"Atlético Madrid",2003,2006,85
"Ariel Ibagaza","Argentina, Spain",midfielder,"RCD Mallorca",2006,2008,61
"Ariel Ibagaza","Argentina, Spain",midfielder,"Villarreal CF",2008,2010,54
"Ariel Ibagaza","Argentina, Spain",midfielder,"Panionios F.C.",2014,2015,23
"Aritz Aduriz",Spain,centre-forward,Antiguoko,1994,1999,
"Aritz Aduriz",Spain,centre-forward,"CD Aurrerá de Vitoria",1999,2000,25
"Aritz Aduriz",Spain,centre-forward,"Athletic Bilbao B",2000,2003,90
"Aritz Aduriz",Spain,centre-forward,"Athletic Club",2002,2003,3
"Aritz Aduriz",Spain,centre-forward,"Burgos CF",2003,2004,36
"Aritz Aduriz",Spain,centre-forward,"Real Valladolid",2004,2005,46
"Aritz Aduriz",Spain,centre-forward,"Athletic Club",2005,2008,82
"Aritz Aduriz",Spain,centre-forward,"RCD Mallorca",2008,2010,69
"Aritz Aduriz",Spain,centre-forward,"Valencia CF",2010,2012,58
"Aritz Aduriz",Spain,centre-forward,"Athletic Club",2012,2020,231
"Arjen Robben","Kingdom of the Netherlands","attacking midfielder, right winger","VV Bedum",1989,1996,
"Arjen Robben","Kingdom of the Netherlands","attacking midfielder, right winger","FC Groningen",1996,2000,
"Arjen Robben","Kingdom of the Netherlands","attacking midfielder, right winger","FC Groningen",2000,2002,46
"Arjen Robben","Kingdom of the Netherlands","attacking midfielder, right winger","PSV Eindhoven",2002,2004,56
"Arjen Robben","Kingdom of the Netherlands","attacking midfielder, right winger","Chelsea F.C.",2004,2007,67
"Arjen Robben","Kingdom of the Netherlands","attacking midfielder, right winger","Real Madrid Club de Fútbol",2007,2009,50
"Arjen Robben","Kingdom of the Netherlands","attacking midfielder, right winger","FC Bayern Munich",2009,2019,201
"Arjen Robben","Kingdom of the Netherlands","attacking midfielder, right winger","FC Groningen",2020,2021,7
"Arkadiusz Milik",Poland,forward,"Rozwój Katowice",2010,2011,10
"Arkadiusz Milik",Poland,forward,"Górnik Zabrze",2011,2013,38
"Arkadiusz Milik",Poland,forward,"Bayer 04 Leverkusen",2013,2015,6
"Arkadiusz Milik",Poland,forward,"FC Augsburg",2013,2014,18
"Arkadiusz Milik",Poland,forward,"AFC Ajax",2014,2015,21
"Arkadiusz Milik",Poland,forward,"AFC Ajax",2015,2016,31
"Arkadiusz Milik",Poland,forward,"SSC Napoli",2016,2022,93
"Arkadiusz Milik",Poland,forward,"Olympique de Marseille",2021,2022,38
"Arkadiusz Milik",Poland,forward,"Olympique de Marseille",2022,2023,2
"Arkadiusz Milik",Poland,forward,"Juventus FC",2022,2023,27
"Arkadiusz Milik",Poland,forward,"Juventus FC",2023,,32
"Arquímedes Figuera",Venezuela,midfielder,"Villarreal CF",2009,2013,111
"Arquímedes Figuera",Venezuela,midfielder,"Deportivo La Guaira F.C.",2014,,
"Arturo Vidal",Chile,midfielder,"Club Social y Deportivo Colo Colo",2005,2007,36
"Arturo Vidal",Chile,midfielder,"Club Universidad de Chile",2007,2011,117
"Arturo Vidal",Chile,midfielder,"Juventus FC",2011,2015,124
"Arturo Vidal",Chile,midfielder,"FC Bayern Munich",2015,2018,79
"Arturo Vidal",Chile,midfielder,"Inter Milan",2020,2022,51
"Arturo Vidal",Chile,midfielder,"Clube de Regatas do Flamengo",2022,2023,28
"Arturo Vidal",Chile,midfielder,"Club Athletico Paranaense",2023,2024,16
"Arturo Vidal",Chile,midfielder,"Club Social y Deportivo Colo Colo",2024,,47
"Ashley Cole","United Kingdom",full-back,"Arsenal F.C.",1998,2006,156
"Ashley Cole","United Kingdom",full-back,"Crystal Palace F.C.",1999,2000,14
"Ashley Cole","United Kingdom",full-back,"Chelsea F.C.",2006,2014,229
"Ashley Cole","United Kingdom",full-back,"AS Roma",2014,2016,11
"Ashley Cole","United Kingdom",full-back,"LA Galaxy",2016,2018,86
"Ashley Cole","United Kingdom",full-back,"Derby County F.C.",2019,2019,9
"Ashley Young","United Kingdom","wing half, full-back","Watford F.C.",2003,2007,98
"Ashley Young","United Kingdom","wing half, full-back","Aston Villa F.C.",2007,2011,157
"Ashley Young","United Kingdom","wing half, full-back","Manchester United F.C.",2011,2020,192
"Ashley Young","United Kingdom","wing half, full-back","Inter Milan",2020,2021,44
"Ashley Young","United Kingdom","wing half, full-back","Aston Villa F.C.",2021,2023,53
"Ashley Young","United Kingdom","wing half, full-back","Everton F.C.",2023,2025,63
"Ashley Young","United Kingdom","wing half, full-back","Ipswich Town F.C.",2025,2026,
"Asier Illarramendi",Spain,midfielder,"Real Sociedad B",2007,2011,73
"Asier Illarramendi",Spain,midfielder,"Real Sociedad",2009,2013,56
"Asier Illarramendi",Spain,midfielder,"Real Madrid Club de Fútbol",2013,2015,90
"Asier Illarramendi",Spain,midfielder,"Real Sociedad",2015,2023,197
"Asier Illarramendi",Spain,midfielder,"FC Dallas",2023,2024,42
"Asier Illarramendi",Spain,midfielder,"Kitchee SC",2025,,
"Asier Villalibre",Spain,centre-forward,"Athletic Club",2011,2014,
"Asier Villalibre",Spain,centre-forward,"CD Baskonia",2013,2015,45
"Asier Villalibre",Spain,centre-forward,"Athletic Bilbao B",2014,2019,101
"Asier Villalibre",Spain,centre-forward,"Athletic Club",2016,2024,127
"Asier Villalibre",Spain,centre-forward,"Real Valladolid",2017,2017,17
"Asier Villalibre",Spain,centre-forward,"Club Deportivo Numancia de Soria",2017,2017,6
"Asier Villalibre",Spain,centre-forward,"Lorca Fútbol Club",2018,2018,12
"Asier Villalibre",Spain,centre-forward,"Deportivo Alavés",2023,2023,20
"Asier Villalibre",Spain,centre-forward,"Deportivo Alavés",2024,,18
"Asier Villalibre",Spain,centre-forward,"Racing de Santander",2025,,
"Asier del Horno",Spain,"centre-back, full-back","Athletic Club",1993,1999,
"Asier del Horno",Spain,"centre-back, full-back","Athletic Bilbao B",1999,2000,26
"Asier del Horno",Spain,"centre-back, full-back","Athletic Club",2000,2005,126
"Asier del Horno",Spain,"centre-back, full-back","Chelsea F.C.",2005,2006,29
"Asier del Horno",Spain,"centre-back, full-back","Valencia CF",2006,2009,32
"Asier del Horno",Spain,"centre-back, full-back","Athletic Club",2007,2008,21
"Asier del Horno",Spain,"centre-back, full-back","Real Valladolid",2010,2010,13
"Asier del Horno",Spain,"centre-back, full-back","Levante UD",2010,2011,24
"Asier del Horno",Spain,"centre-back, full-back","Levante UD",2011,2012,13
"Aurélien Tchouaméni",France,midfielder,"FC Girondins de Bordeaux",2018,2020,25
"Aurélien Tchouaméni",France,midfielder,"AS Monaco FC",2020,2022,74
"Aurélien Tchouaméni",France,midfielder,"Real Madrid Club de Fútbol",2022,,117
"Axel Witsel",Belgium,"centre-back, defensive midfielder","Standard Liège",2006,2011,148
"Axel Witsel",Belgium,"centre-back, defensive midfielder","S.L. Benfica",2011,2012,32
"Axel Witsel",Belgium,"centre-back, defensive midfielder","FC Zenit Saint Petersburg",2012,2016,121
"Axel Witsel",Belgium,"centre-back, defensive midfielder","Tianjin Tianhai F.C.",2017,2018,36
"Axel Witsel",Belgium,"centre-back, defensive midfielder","Borussia Dortmund",2018,2022,105
"Axel Witsel",Belgium,"centre-back, defensive midfielder","Atlético Madrid",2022,2025,82
"Axel Witsel",Belgium,"centre-back, defensive midfielder","Girona FC",2025,,32
"Aymeric Laporte","France, Spain",centre-back,"SU Agen Football",2000,2009,
"Aymeric Laporte","France, Spain",centre-back,"Aviron Bayonnais FC",2009,2010,
"Aymeric Laporte","France, Spain",centre-back,"Athletic Club",2010,2011,
"Aymeric Laporte","France, Spain",centre-back,"CD Baskonia",2011,2012,33
"Aymeric Laporte","France, Spain",centre-back,"Athletic Bilbao B",2012,2012,8
"Aymeric Laporte","France, Spain",centre-back,"Athletic Club",2012,2018,161
"Aymeric Laporte","France, Spain",centre-back,"Manchester City F.C.",2018,2023,121
"Aymeric Laporte","France, Spain",centre-back,Al-Nassr,2023,2025,47
"Aymeric Laporte","France, Spain",centre-back,"Athletic Club",2025,,30
"Ayoze Pérez",Spain,forward,"CD Tenerife B",2011,2013,35
"Ayoze Pérez",Spain,forward,"C.D. Tenerife",2012,2014,50
"Ayoze Pérez",Spain,forward,"Newcastle United F.C.",2014,2019,179
"Ayoze Pérez",Spain,forward,"Leicester City F.C.",2019,2023,80
"Ayoze Pérez",Spain,forward,"Real Betis Balompié",2023,2023,19
"Ayoze Pérez",Spain,forward,"Villarreal CF",2024,,35
"Bacary Sagna",France,full-back,"AJ Auxerre",2004,2007,89
"Bacary Sagna",France,full-back,"Arsenal F.C.",2007,2014,213
"Bacary Sagna",France,full-back,"Manchester City F.C.",2014,2017,54
"Bacary Sagna",France,full-back,"CF Montréal",2018,2019,35
"Bacary Sagna",France,full-back,"Benevento Calcio",2018,2018,13
"Barry Horne","United Kingdom",midfielder,"Wrexham A.F.C.",1984,1987,136
"Barry Horne","United Kingdom",midfielder,"Portsmouth F.C.",1987,1989,70
"Barry Horne","United Kingdom",midfielder,"Southampton F.C.",1989,1992,112
"Barry Horne","United Kingdom",midfielder,"Everton F.C.",1992,1996,123
"Barry Horne","United Kingdom",midfielder,"Birmingham City F.C.",1996,1997,33
"Barry Horne","United Kingdom",midfielder,"Huddersfield Town A.F.C.",1997,2000,64
"Barry Horne","United Kingdom",midfielder,"Kidderminster Harriers F.C.",2000,2001,27
"Barry Horne","United Kingdom",midfielder,"Sheffield Wednesday F.C.",2000,2000,7
"Barry Horne","United Kingdom",midfielder,"Belper Town F.C.",2001,2002,
"Barry Horne","United Kingdom",midfielder,"Walsall F.C.",2001,2001,3
"Bastian Schweinsteiger",Germany,midfielder,"FC Bayern Munich",2002,2015,342
"Bastian Schweinsteiger",Germany,midfielder,"Manchester United F.C.",2015,2017,18
"Bastian Schweinsteiger",Germany,midfielder,"Chicago Fire FC",2017,2019,85
"Ben Davies","United Kingdom","centre-back, full-back","Swansea City A.F.C.",2012,2014,71
"Ben Davies","United Kingdom","centre-back, full-back","Tottenham Hotspur F.C.",2014,,241
"Ben Godfrey","United Kingdom",centre-back,"York City F.C.",2014,2016,12
"Ben Godfrey","United Kingdom",centre-back,"Norwich City F.C.",2016,2020,66
"Ben Godfrey","United Kingdom",centre-back,"Shrewsbury Town F.C.",2017,2018,40
"Ben Godfrey","United Kingdom",centre-back,"Everton F.C.",2020,2024,82
"Ben Godfrey","United Kingdom",centre-back,"Atalanta BC",2024,,
"Ben Godfrey","United Kingdom",centre-back,"Ipswich Town F.C.",2025,,
"Benjamin Pavard",France,"centre-back, full-back","Lille OSC",2015,2016,21
"Benjamin Pavard",France,"centre-back, full-back","VfB Stuttgart",2016,2019,84
"Benjamin Pavard",France,"centre-back, full-back","FC Bayern Munich",2019,2023,111
"Benjamin Pavard",France,"centre-back, full-back","Inter Milan",2023,,47
"Benjamin Pavard",France,"centre-back, full-back","Olympique de Marseille",2025,,9
"Benoît Assou-Ekotto",France,full-back,"R.C. Lens",2003,2006,66
"Benoît Assou-Ekotto",France,full-back,"Tottenham Hotspur F.C.",2006,2015,155
"Benoît Assou-Ekotto",France,full-back,"Queens Park Rangers F.C.",2013,2014,31
"Benoît Assou-Ekotto",France,full-back,"AS Saint-Étienne",2015,2016,20
"Benoît Assou-Ekotto",France,full-back,"FC Metz",2016,,18
"Benoît Cauet",France,midfielder,"Olympique de Marseille",1987,1990,33
"Benoît Cauet",France,midfielder,"Stade Malherbe Caen",1990,1994,144
"Benoît Cauet",France,midfielder,"FC Nantes",1994,1996,56
"Benoît Cauet",France,midfielder,"Paris Saint-Germain FC",1996,1997,35
"Benoît Cauet",France,midfielder,"Inter Milan",1997,2001,147
"Benoît Cauet",France,midfielder,"Torino FC",2001,2002,16
"Benoît Cauet",France,midfielder,"Como 1907",2002,2003,31
"Benoît Cauet",France,midfielder,"SC Bastia",2003,2004,32
"Benoît Cauet",France,midfielder,"PFC CSKA Sofia",2005,2005,15
"Benoît Cauet",France,midfielder,"FC Sion",2005,2006,15
"Bernardo Silva",Portugal,"midfielder, wing half","S.L. Benfica",2013,2015,1
"Bernardo Silva",Portugal,"midfielder, wing half","S.L. Benfica B",2013,2015,38
"Bernardo Silva",Portugal,"midfielder, wing half","AS Monaco FC",2014,2015,15
"Bernardo Silva",Portugal,"midfielder, wing half","AS Monaco FC",2015,2017,86
"Bernardo Silva",Portugal,"midfielder, wing half","Manchester City F.C.",2017,2026,304
"Bernd Leno",Germany,goalkeeper,"Bayer 04 Leverkusen",2011,2018,233
"Bernd Leno",Germany,goalkeeper,"Arsenal F.C.",2018,2022,101
"Bernd Leno",Germany,goalkeeper,"Fulham F.C.",2022,,75
"Beñat Etxebarria",Spain,"central midfielder","Athletic Club",1998,2005,
"Beñat Etxebarria",Spain,"central midfielder","CD Baskonia",2005,2006,21
"Beñat Etxebarria",Spain,"central midfielder","Athletic Bilbao B",2006,2008,75
"Beñat Etxebarria",Spain,"central midfielder","Athletic Club",2006,2009,1
"Beñat Etxebarria",Spain,"central midfielder","UB Conquense",2008,2009,35
"Beñat Etxebarria",Spain,"central midfielder","Real Betis B",2009,2010,34
"Beñat Etxebarria",Spain,"central midfielder","Real Betis Balompié",2010,2013,118
"Beñat Etxebarria",Spain,"central midfielder","Athletic Club",2013,2020,241
"Beñat Etxebarria",Spain,"central midfielder","Macarthur FC",2020,2021,24
"Beñat Prados",Spain,"central midfielder","Athletic Club",2015,2018,
"Beñat Prados",Spain,"central midfielder","CD Baskonia",2018,2020,38
"Beñat Prados",Spain,"central midfielder","Athletic Bilbao B",2019,2022,71
"Beñat Prados",Spain,"central midfielder","CD Mirandés",2022,2023,41
"Beñat Prados",Spain,"central midfielder","Athletic Club",2023,,80
"Bittor Alkiza",Spain,midfielder,"Real Sociedad B",1989,1991,66
"Bittor Alkiza",Spain,midfielder,"Real Sociedad",1991,1994,105
"Bittor Alkiza",Spain,midfielder,"Athletic Club",1994,2003,328
"Bittor Alkiza",Spain,midfielder,"Real Sociedad",2003,2005,48
"Bixente Lizarazu",France,full-back,"FC Girondins de Bordeaux",1988,1996,295
"Bixente Lizarazu",France,full-back,"Athletic Club",1996,1997,18
"Bixente Lizarazu",France,full-back,"FC Bayern Munich",1997,2004,227
"Bixente Lizarazu",France,full-back,"Paris Saint-Germain FC",2004,2005,14
"Bixente Lizarazu",France,full-back,"FC Bayern Munich",2005,2006,46
"Blaise Matuidi","Angola, France",midfielder,"ES Troyes AC",2004,2007,67
"Blaise Matuidi","Angola, France",midfielder,"AS Saint-Étienne",2007,2011,132
"Blaise Matuidi","Angola, France",midfielder,"Paris Saint-Germain FC",2011,2017,203
"Blaise Matuidi","Angola, France",midfielder,"Juventus FC",2017,2020,98
"Blaise Matuidi","Angola, France",midfielder,"Inter Miami CF",2020,2021,47
"Blerim Džemaili","North Macedonia, Switzerland",midfielder,"FC Zürich",2003,2007,111
"Blerim Džemaili","North Macedonia, Switzerland",midfielder,"Bolton Wanderers F.C.",2007,2009,0
"Blerim Džemaili","North Macedonia, Switzerland",midfielder,"Torino FC",2008,2009,23
"Blerim Džemaili","North Macedonia, Switzerland",midfielder,"Parma Calcio 1913",2009,2010,19
"Blerim Džemaili","North Macedonia, Switzerland",midfielder,"Torino FC",2009,2010,7
"Blerim Džemaili","North Macedonia, Switzerland",midfielder,"Parma Calcio 1913",2010,2011,30
"Blerim Džemaili","North Macedonia, Switzerland",midfielder,"SSC Napoli",2011,2014,86
"Blerim Džemaili","North Macedonia, Switzerland",midfielder,"Galatasaray S.K.",2014,2016,11
"Blerim Džemaili","North Macedonia, Switzerland",midfielder,"Genoa CFC",2015,2016,27
"Blerim Džemaili","North Macedonia, Switzerland",midfielder,"Bologna F.C. 1909",2016,2020,88
"Blerim Džemaili","North Macedonia, Switzerland",midfielder,"CF Montréal",2017,2017,22
"Blerim Džemaili","North Macedonia, Switzerland",midfielder,"Shenzhen F.C.",2020,2020,0
"Blerim Džemaili","North Macedonia, Switzerland",midfielder,"FC Zürich",2020,2023,59
"Bobby Charlton","United Kingdom","midfielder, forward","Manchester United F.C.",1953,1956,
"Bobby Charlton","United Kingdom","midfielder, forward","Manchester United F.C.",1956,1973,606
"Bobby Charlton","United Kingdom","midfielder, forward","Preston North End F.C.",1974,1975,38
"Bobby Charlton","United Kingdom","midfielder, forward","Melbourne Victory FC",1976,1976,14
"Bobby Charlton","United Kingdom","midfielder, forward","Waterford United F.C.",1976,1976,3
"Bodo Illgner","Germany, Spain",goalkeeper,"1. FC Köln",1985,1996,326
"Bodo Illgner","Germany, Spain",goalkeeper,"Real Madrid Club de Fútbol",1996,2001,91
"Bodo Schmidt",Germany,defender,"SpVgg Unterhaching",1989,1991,
"Bodo Schmidt",Germany,defender,"Borussia Dortmund",1991,1996,116
"Bodo Schmidt",Germany,defender,"1. FC Köln",1996,1998,64
"Bodo Schmidt",Germany,defender,"1. FC Magdeburg",1998,2002,104
"Bodo Schmidt",Germany,defender,"FC Viktoria Köln",1998,1998,
"Bojan Krkić","Serbia, Spain",forward,"FC Barcelona Atlètic",2006,2007,22
"Bojan Krkić","Serbia, Spain",forward,"AS Roma",2011,2013,33
"Bojan Krkić","Serbia, Spain",forward,"AC Milan",2012,2013,19
"Bojan Krkić","Serbia, Spain",forward,"AFC Ajax",2013,2014,24
"Bojan Krkić","Serbia, Spain",forward,"Stoke City F.C.",2014,2019,74
"Bojan Krkić","Serbia, Spain",forward,"Deportivo Alavés",2017,2018,13
"Bojan Krkić","Serbia, Spain",forward,"CF Montréal",2019,2021,22
"Bojan Krkić","Serbia, Spain",forward,"Vissel Kobe",2021,2023,20
"Borja Ekiza",Spain,centre-back,"Athletic Club",2002,2006,
"Borja Ekiza",Spain,centre-back,"CD Baskonia",2006,2008,41
"Borja Ekiza",Spain,centre-back,"Athletic Bilbao B",2008,2011,36
"Borja Ekiza",Spain,centre-back,"Athletic Club",2010,2014,82
"Borja Ekiza",Spain,centre-back,"SD Eibar",2014,2016,20
"Borja Ekiza",Spain,centre-back,"FC Zirka Kropyvnytskyi",2016,2017,11
"Borja Ekiza",Spain,centre-back,"AC Omonia",2017,2018,6
"Borja Ekiza",Spain,centre-back,"Enosis Neon Paralimni FC",2018,2019,1
"Borja Ekiza",Spain,centre-back,"UDC Chantrea",2021,2022,14
"Borja Valero",Spain,midfielder,"Real Madrid C",2004,2005,0
"Borja Valero",Spain,midfielder,"Real Madrid Club de Fútbol",2006,2006,2
"Borja Valero",Spain,midfielder,"RCD Mallorca",2007,2008,41
"Borja Valero",Spain,midfielder,"West Bromwich Albion F.C.",2008,2011,31
"Borja Valero",Spain,midfielder,"RCD Mallorca",2009,2010,38
"Borja Valero",Spain,midfielder,"Villarreal CF",2010,2011,54
"Borja Valero",Spain,midfielder,"Villarreal CF",2011,2012,43
"Borja Valero",Spain,midfielder,"ACF Fiorentina",2012,2017,199
"Borja Valero",Spain,midfielder,"Junior de Barranquilla",2017,,
"Borja Valero",Spain,midfielder,"Inter Milan",2017,2020,97
"Borja Valero",Spain,midfielder,"ACF Fiorentina",2020,2021,20
"Borja Valero",Spain,midfielder,"Centro Histórico de Lebowski",2021,,
"Brahim Díaz","Morocco, Spain",midfielder,"Manchester City F.C.",2016,2019,5
"Brahim Díaz","Morocco, Spain",midfielder,"Real Madrid Club de Fútbol",2019,,97
"Brahim Díaz","Morocco, Spain",midfielder,"AC Milan",2020,2023,91
"Branislav Ivanović",Serbia,full-back,"FK Srem",2002,2003,19
"Branislav Ivanović",Serbia,full-back,"OFK Beograd",2003,2006,55
"Branislav Ivanović",Serbia,full-back,"FC Lokomotiv Moscow",2006,2008,54
"Branislav Ivanović",Serbia,full-back,"Chelsea F.C.",2008,2017,261
"Branislav Ivanović",Serbia,full-back,"FC Zenit Saint Petersburg",2017,2020,90
"Branislav Ivanović",Serbia,full-back,"West Bromwich Albion F.C.",2020,2021,13
Bremer,Brazil,centre-back,"Clube Atlético Mineiro",2017,2018,25
Bremer,Brazil,centre-back,"Torino FC",2018,2022,98
Bremer,Brazil,centre-back,"Juventus FC",2022,,98
"Brennan Johnson","United Kingdom","forward, winger","Nottingham Forest F.C.",2019,2023,91
"Brennan Johnson","United Kingdom","forward, winger","Lincoln City F.C.",2020,2021,40
"Brennan Johnson","United Kingdom","forward, winger","Tottenham Hotspur F.C.",2023,2026,107
"Brennan Johnson","United Kingdom","forward, winger","Crystal Palace F.C.",2026,,
"Bruce Grobbelaar","Zimbabwe Rhodesia, Rhodesia, Zimbabwe",goalkeeper,"Highlanders F.C.",1973,1974,
"Bruce Grobbelaar","Zimbabwe Rhodesia, Rhodesia, Zimbabwe",goalkeeper,"Highlands Park F.C.",1976,1976,0
"Bruce Grobbelaar","Zimbabwe Rhodesia, Rhodesia, Zimbabwe",goalkeeper,"Durban City F.C.",1977,1978,
"Bruce Grobbelaar","Zimbabwe Rhodesia, Rhodesia, Zimbabwe",goalkeeper,"Vancouver Whitecaps",1979,1981,24
"Bruce Grobbelaar","Zimbabwe Rhodesia, Rhodesia, Zimbabwe",goalkeeper,"Crewe Alexandra F.C.",1979,1980,24
"Bruce Grobbelaar","Zimbabwe Rhodesia, Rhodesia, Zimbabwe",goalkeeper,"Liverpool F.C.",1981,1994,440
"Bruce Grobbelaar","Zimbabwe Rhodesia, Rhodesia, Zimbabwe",goalkeeper,"Stoke City F.C.",1993,1993,4
"Bruce Grobbelaar","Zimbabwe Rhodesia, Rhodesia, Zimbabwe",goalkeeper,"Southampton F.C.",1994,1996,32
"Bruce Grobbelaar","Zimbabwe Rhodesia, Rhodesia, Zimbabwe",goalkeeper,"Plymouth Argyle F.C.",1996,1997,36
"Bruce Grobbelaar","Zimbabwe Rhodesia, Rhodesia, Zimbabwe",goalkeeper,"Sheffield Wednesday F.C.",1997,1997,0
"Bruce Grobbelaar","Zimbabwe Rhodesia, Rhodesia, Zimbabwe",goalkeeper,"Oldham Athletic A.F.C.",1997,1998,4
"Bruce Grobbelaar","Zimbabwe Rhodesia, Rhodesia, Zimbabwe",goalkeeper,"Oxford United F.C.",1997,1997,0
"Bruce Grobbelaar","Zimbabwe Rhodesia, Rhodesia, Zimbabwe",goalkeeper,"Lincoln City F.C.",1998,1998,2
"Bruce Grobbelaar","Zimbabwe Rhodesia, Rhodesia, Zimbabwe",goalkeeper,"Bury F.C.",1998,1998,1
"Bruce Grobbelaar","Zimbabwe Rhodesia, Rhodesia, Zimbabwe",goalkeeper,"Chesham United F.C.",1998,1998,4
"Bruce Grobbelaar","Zimbabwe Rhodesia, Rhodesia, Zimbabwe",goalkeeper,"Northwich Victoria F.C.",1999,1999,1
"Bruce Grobbelaar","Zimbabwe Rhodesia, Rhodesia, Zimbabwe",goalkeeper,"Hellenic F.C.",2002,2002,1
"Bruce Grobbelaar","Zimbabwe Rhodesia, Rhodesia, Zimbabwe",goalkeeper,"Glasshoughton Welfare A.F.C.",2007,2007,1
"Bruno Fernandes",Portugal,"midfielder, attacking midfielder","Novara Calcio",2012,2013,23
"Bruno Fernandes",Portugal,"midfielder, attacking midfielder","Udinese Calcio",2013,2016,86
"Bruno Fernandes",Portugal,"midfielder, attacking midfielder","U.C. Sampdoria",2016,2017,33
"Bruno Fernandes",Portugal,"midfielder, attacking midfielder","Sporting CP",2017,2020,83
"Bruno Fernandes",Portugal,"midfielder, attacking midfielder","Manchester United F.C.",2020,,230
"Bruno Guimarães","Brazil, Spain",midfielder,"Grêmio Osasco Audax",2015,2017,9
"Bruno Guimarães","Brazil, Spain",midfielder,"Club Athletico Paranaense",2017,2020,110
"Bruno Guimarães","Brazil, Spain",midfielder,"Olympique Lyonnais",2020,2022,56
"Bruno Guimarães","Brazil, Spain",midfielder,"Newcastle United F.C.",2022,,147
"Bruno Labbadia",Germany,forward,"SV Darmstadt 98",1984,1987,105
"Bruno Labbadia",Germany,forward,"Hamburger SV",1987,1989,41
"Bruno Labbadia",Germany,forward,"1. FC Kaiserslautern",1988,1991,67
"Bruno Labbadia",Germany,forward,"FC Bayern Munich",1991,1994,82
"Bruno Labbadia",Germany,forward,"1. FC Köln",1994,1995,41
"Bruno Labbadia",Germany,forward,"SV Werder Bremen",1996,1998,63
"Bruno Labbadia",Germany,forward,"Arminia Bielefeld",1998,2001,98
"Bruno Labbadia",Germany,forward,"Karlsruher SC",2001,2003,60
"Bruno Soriano",Spain,midfielder,"Villarreal CF B",2004,2007,57
"Bruno Soriano",Spain,midfielder,"Villarreal CF",2006,2020,324
"Bukayo Saka","United Kingdom",winger,"Arsenal F.C.",2018,,222
Cafu,Brazil,full-back,"São Paulo FC",1990,1994,117
Cafu,Brazil,full-back,"Real Zaragoza",1995,1995,16
Cafu,Brazil,full-back,"Sociedade Esportiva Palmeiras",1995,1997,35
Cafu,Brazil,full-back,"Esporte Clube Juventude",1995,1995,2
Cafu,Brazil,full-back,"AS Roma",1997,2003,163
Cafu,Brazil,full-back,"AC Milan",2003,2008,119
"Callum Wilson","United Kingdom",forward,"Coventry City F.C.",2009,2014,49
"Callum Wilson","United Kingdom",forward,"Kettering Town F.C.",2011,2011,17
"Callum Wilson","United Kingdom",forward,"Tamworth F.C.",2011,2012,3
"Callum Wilson","United Kingdom",forward,"AFC Bournemouth",2014,2020,171
"Callum Wilson","United Kingdom",forward,"Newcastle United F.C.",2020,2025,113
"Carles Puyol",Spain,centre-back,"FC Barcelona C",1996,1997,1
"Carles Puyol",Spain,centre-back,"FC Barcelona Atlètic",1997,2000,89
"Carlo Cudicini",Italy,goalkeeper,"AC Milan",1992,1995,0
"Carlo Cudicini",Italy,goalkeeper,"Como 1907",1993,1994,6
"Carlo Cudicini",Italy,goalkeeper,"A.C. Prato",1995,1996,30
"Carlo Cudicini",Italy,goalkeeper,"SS Lazio",1996,1997,1
"Carlo Cudicini",Italy,goalkeeper,"A.S.D. Castel di Sangro Calcio",1997,2000,14
"Carlo Cudicini",Italy,goalkeeper,"Chelsea F.C.",1999,2000,1
"Carlo Cudicini",Italy,goalkeeper,"Chelsea F.C.",2000,2009,141
"Carlo Cudicini",Italy,goalkeeper,"Tottenham Hotspur F.C.",2009,2012,19
"Carlo Cudicini",Italy,goalkeeper,"LA Galaxy",2013,2013,21
"Carlos Aguilera",Spain,defender,"Atlético Madrid B",1987,1988,
"Carlos Aguilera",Spain,defender,"Atlético Madrid",1988,1993,96
"Carlos Aguilera",Spain,defender,"C.D. Tenerife",1993,1996,88
"Carlos Aguilera",Spain,defender,"Atlético Madrid",1996,2005,269
"Carlos García García",Spain,"defensive midfielder","SCD Durango",1988,1990,55
"Carlos García García",Spain,"defensive midfielder","Sestao Sport Club",1990,1991,21
"Carlos García García",Spain,"defensive midfielder","Athletic Bilbao B",1991,1992,28
"Carlos García García",Spain,"defensive midfielder","Athletic Club",1992,2003,264
"Carlos García García",Spain,"defensive midfielder","Club Atlético Osasuna",1995,1995,21
"Carlos Gurpegui",Spain,"centre-back, inside forward, defensive midfielder","CD Izarra",1996,1998,
"Carlos Gurpegui",Spain,"centre-back, inside forward, defensive midfielder","CD Izarra",1998,1998,1
"Carlos Gurpegui",Spain,"centre-back, inside forward, defensive midfielder","Athletic Club",1998,1999,
"Carlos Gurpegui",Spain,"centre-back, inside forward, defensive midfielder","CD Baskonia",1999,2000,33
"Carlos Gurpegui",Spain,"centre-back, inside forward, defensive midfielder","Athletic Bilbao B",2000,2002,56
"Carlos Gurpegui",Spain,"centre-back, inside forward, defensive midfielder","Athletic Club",2002,2016,393
"Carlos Marchena",Spain,centre-back,"Sevilla FC",1997,2000,68
"Carlos Marchena",Spain,centre-back,"Sevilla Atlético",1998,1998,3
"Carlos Marchena",Spain,centre-back,"S.L. Benfica",2000,2001,20
"Carlos Marchena",Spain,centre-back,"Valencia CF",2001,2010,230
"Carlos Marchena",Spain,centre-back,"Villarreal CF",2010,2012,45
"Carlos Marchena",Spain,centre-back,"Deportivo de La Coruña",2012,2014,44
"Carlos Marchena",Spain,centre-back,"Kerala Blasters FC",2015,2015,1
"Carlos Orejuela",Peru,forward,Cienciano,2000,2001,23
"Carlos Orejuela",Peru,forward,"Sport Boys",2003,2003,30
"Carlos Orejuela",Peru,forward,Cienciano,2004,2004,20
"Carlos Orejuela",Peru,forward,"Real Madrid Club de Fútbol",2005,2010,190
"Carlos Orejuela",Peru,forward,"Club Alianza Lima",2006,2006,23
"Carlos Orejuela",Peru,forward,"Club Sporting Cristal",2007,2007,36
"Carlos Orejuela",Peru,forward,"Total Chalaco",2009,2009,13
"Carlos Orejuela",Peru,forward,"Club Universitario de Deportes",2010,2010,17
"Carlos Orejuela",Peru,forward,"Ayacucho FC",2013,2014,47
"Carlos Orejuela",Peru,forward,Cienciano,2013,2013,19
"Carlos Orejuela",Peru,forward,Cienciano,2015,,
"Carlos Soler",Spain,midfielder,"Valencia CF",2016,2022,182
"Carlos Soler",Spain,midfielder,"Paris Saint-Germain FC",2022,2025,63
"Carlos Soler",Spain,midfielder,"West Ham United F.C.",2024,2025,31
"Carlos Soler",Spain,midfielder,"Real Sociedad",2025,,
"Carlos Tevez",Argentina,forward,"S.C. Corinthians Paulista",2005,2006,38
"Carlos Tevez",Argentina,forward,"West Ham United F.C.",2006,2007,26
"Carlos Tevez",Argentina,forward,"Manchester United F.C.",2007,2009,63
"Carlos Tevez",Argentina,forward,"Manchester City F.C.",2009,2013,113
"Carlos Tevez",Argentina,forward,"Juventus FC",2013,2015,66
"Carlos Tevez",Argentina,forward,"Shanghai Shenhua F.C.",2017,2017,16
"Carsten Jancker","German Democratic Republic, Germany",forward,"1. FC Köln",1993,1996,5
"Carsten Jancker","German Democratic Republic, Germany",forward,"SK Rapid Wien",1995,1996,27
"Carsten Jancker","German Democratic Republic, Germany",forward,"FC Bayern Munich",1996,2002,143
"Carsten Jancker","German Democratic Republic, Germany",forward,"Udinese Calcio",2002,2004,36
"Carsten Jancker","German Democratic Republic, Germany",forward,"1. FC Kaiserslautern",2004,2006,30
"Carsten Jancker","German Democratic Republic, Germany",forward,"SV Mattersburg",2006,2009,81
"Carsten Jancker","German Democratic Republic, Germany",forward,"Shanghai Shenhua F.C.",2006,2006,7
Casemiro,"Brazil, United Kingdom, Spain",midfielder,"São Paulo FC",2010,2013,92
Casemiro,"Brazil, United Kingdom, Spain",midfielder,"Real Madrid Club de Fútbol",2013,2022,221
Casemiro,"Brazil, United Kingdom, Spain",midfielder,"FC Porto",2014,2015,28
Casemiro,"Brazil, United Kingdom, Spain",midfielder,"Manchester United F.C.",2022,2026,89
"Celestine Babayaro",Nigeria,full-back,"R.S.C. Anderlecht",1994,1997,75
"Celestine Babayaro",Nigeria,full-back,"Plateau United F.C.",1994,1994,
"Celestine Babayaro",Nigeria,full-back,"Chelsea F.C.",1997,2005,132
"Celestine Babayaro",Nigeria,full-back,"Newcastle United F.C.",2005,2008,47
"Celestine Babayaro",Nigeria,full-back,"LA Galaxy",2008,2008,0
"Cesc Fàbregas",Spain,midfielder,"CE Mataró",1995,1997,
"Cesc Fàbregas",Spain,midfielder,"Arsenal F.C. Under-21s and Academy",2003,2003,
"Cesc Fàbregas",Spain,midfielder,"Arsenal F.C.",2003,2011,212
"Cesc Fàbregas",Spain,midfielder,"Chelsea F.C.",2014,2019,138
"Cesc Fàbregas",Spain,midfielder,"AS Monaco FC",2019,2022,54
"Cesc Fàbregas",Spain,midfielder,"Como 1907",2022,2023,17
"Charles N'Zogbia",France,midfielder,"Newcastle United F.C.",2004,2009,118
"Charles N'Zogbia",France,midfielder,"Wigan Athletic F.C.",2009,2011,83
"Charles N'Zogbia",France,midfielder,"Aston Villa F.C.",2011,2016,80
"Chris Armstrong","United Kingdom",forward,"Wrexham A.F.C.",1989,1991,60
"Chris Armstrong","United Kingdom",forward,"Millwall F.C.",1991,1992,28
"Chris Armstrong","United Kingdom",forward,"Crystal Palace F.C.",1992,1995,118
"Chris Armstrong","United Kingdom",forward,"Tottenham Hotspur F.C.",1995,2002,141
"Chris Armstrong","United Kingdom",forward,"Bolton Wanderers F.C.",2002,2003,0
"Chris Armstrong","United Kingdom",forward,"Wrexham A.F.C.",2003,2005,59
"Chris Perry","United Kingdom",centre-back,"Wimbledon F.C.",1991,1999,167
"Chris Perry","United Kingdom",centre-back,"Tottenham Hotspur F.C.",1999,2003,120
"Chris Perry","United Kingdom",centre-back,"Charlton Athletic F.C.",2003,2003,8
"Chris Perry","United Kingdom",centre-back,"West Bromwich Albion F.C.",2006,2007,23
"Chris Perry","United Kingdom",centre-back,"Luton Town F.C.",2007,2008,35
"Chris Perry","United Kingdom",centre-back,"Southampton F.C.",2008,2008,6
"Chris Smalling","United Kingdom",centre-back,"Maidstone United F.C.",2007,2008,11
"Chris Smalling","United Kingdom",centre-back,"Fulham F.C.",2008,2010,13
"Chris Smalling","United Kingdom",centre-back,"Manchester United F.C.",2010,2020,206
"Chris Smalling","United Kingdom",centre-back,"AS Roma",2019,2020,30
"Chris Smalling","United Kingdom",centre-back,"AS Roma",2020,2024,83
"Chris Smalling","United Kingdom",centre-back,"Al-Feiha FC",2024,,39
"Chris Waddle","United Kingdom","wing half","Tow Law Town A.F.C.",1978,1980,
"Chris Waddle","United Kingdom","wing half","Newcastle United F.C.",1982,1985,
"Chris Waddle","United Kingdom","wing half","Tottenham Hotspur F.C.",1985,1989,138
"Chris Waddle","United Kingdom","wing half","Olympique de Marseille",1989,1992,107
"Chris Waddle","United Kingdom","wing half","Sheffield Wednesday F.C.",1992,1996,109
"Chris Waddle","United Kingdom","wing half","Falkirk F.C.",1996,1996,4
"Chris Waddle","United Kingdom","wing half","Bradford City A.F.C.",1996,1997,25
"Chris Waddle","United Kingdom","wing half","Sunderland A.F.C.",1997,1997,7
"Chris Waddle","United Kingdom","wing half","Burnley F.C.",1997,1998,32
"Chris Waddle","United Kingdom","wing half","Falkirk F.C.",1997,1997,4
"Chris Waddle","United Kingdom","wing half","Torquay United F.C.",1998,1999,7
"Chris Waddle","United Kingdom","wing half","Worksop Town F.C.",2000,2002,60
"Chris Waddle","United Kingdom","wing half","Stocksbridge Park Steels F.C.",2002,2002,1
"Chris Waddle","United Kingdom","wing half","Glapwell F.C.",2002,2002,2
"Chris Waddle","United Kingdom","wing half","Hallam F.C.",2013,,
"Chris Whyte","United Kingdom",centre-back,"Arsenal F.C.",1978,1986,90
"Chris Whyte","United Kingdom",centre-back,"Crystal Palace F.C.",1984,1985,13
"Chris Whyte","United Kingdom",centre-back,"New York Express",1986,1987,26
"Chris Whyte","United Kingdom",centre-back,"Los Angeles Lazers",1987,1988,77
"Chris Whyte","United Kingdom",centre-back,"West Bromwich Albion F.C.",1988,1990,84
"Chris Whyte","United Kingdom",centre-back,"Leeds United F.C.",1990,1993,113
"Chris Whyte","United Kingdom",centre-back,"Birmingham City F.C.",1993,1996,68
"Chris Whyte","United Kingdom",centre-back,"Coventry City F.C.",1995,1995,1
"Chris Whyte","United Kingdom",centre-back,"West Ham United F.C.",1996,1996,0
"Chris Whyte","United Kingdom",centre-back,"Charlton Athletic F.C.",1996,1996,11
"Chris Whyte","United Kingdom",centre-back,"Detroit Safari",1996,1996,4
"Chris Whyte","United Kingdom",centre-back,"Rushden & Diamonds F.C.",1997,1999,53
"Chris Whyte","United Kingdom",centre-back,"Leyton Orient F.C.",1997,1997,1
"Chris Whyte","United Kingdom",centre-back,"Oxford United F.C.",1997,1997,10
"Chris Whyte","United Kingdom",centre-back,"Detroit Safari",1997,1997,12
"Chris Whyte","United Kingdom",centre-back,"Harlow Town F.C.",1999,2000,34
"Chris Whyte","United Kingdom",centre-back,"Raleigh Express",1999,1999,7
"Chris Whyte","United Kingdom",centre-back,"Hyvinkään Palloseura",2000,2000,10
"Christian Abbiati",Italy,goalkeeper,"AC Monza",1994,1998,52
"Christian Abbiati",Italy,goalkeeper,"Borgosesia Calcio",1995,1996,29
"Christian Abbiati",Italy,goalkeeper,"AC Milan",1998,2005,110
"Christian Abbiati",Italy,goalkeeper,"Juventus FC",2005,2006,19
"Christian Abbiati",Italy,goalkeeper,"Torino FC",2006,2007,36
"Christian Abbiati",Italy,goalkeeper,"Atlético Madrid",2007,2008,21
"Christian Abbiati",Italy,goalkeeper,"AC Milan",2008,2016,171
"Christian Atsu",Ghana,"midfielder, wing half","FC Porto",2011,2013,17
"Christian Atsu",Ghana,"midfielder, wing half","Rio Ave F.C.",2011,2012,27
"Christian Atsu",Ghana,"midfielder, wing half","SBV Vitesse",2013,2014,28
"Christian Atsu",Ghana,"midfielder, wing half","Chelsea F.C.",2013,2013,
"Christian Atsu",Ghana,"midfielder, wing half","Everton F.C.",2014,2015,5
"Christian Atsu",Ghana,"midfielder, wing half","AFC Bournemouth",2015,2016,2
"Christian Atsu",Ghana,"midfielder, wing half","Newcastle United F.C.",2016,2021,107
"Christian Atsu",Ghana,"midfielder, wing half","Málaga CF",2016,2023,
"Christian Atsu",Ghana,"midfielder, wing half","Al-Raed FC",2021,2022,8
"Christian Atsu",Ghana,"midfielder, wing half",Hatayspor,2022,2023,3
"Christian Eriksen","Kingdom of Denmark","attacking midfielder","Middelfart Boldklub",1995,2005,
"Christian Eriksen","Kingdom of Denmark","attacking midfielder","Odense Boldklub",2005,2008,
"Christian Eriksen","Kingdom of Denmark","attacking midfielder","AFC Ajax",2010,2013,113
"Christian Eriksen","Kingdom of Denmark","attacking midfielder","Tottenham Hotspur F.C.",2013,2020,226
"Christian Eriksen","Kingdom of Denmark","attacking midfielder","Inter Milan",2020,2021,43
"Christian Eriksen","Kingdom of Denmark","attacking midfielder","Manchester United F.C.",2022,2025,73
"Christian Eriksen","Kingdom of Denmark","attacking midfielder","Brentford F.C.",2022,2022,11
"Christian Eriksen","Kingdom of Denmark","attacking midfielder","VfL Wolfsburg",2025,,31
"Christian Giménez","Argentina, Mexico","wing half","Club Atlético Independiente",2003,2004,33
"Christian Giménez","Argentina, Mexico","wing half","Unión de Santa Fe",2003,2003,16
"Christian Giménez","Argentina, Mexico","wing half","Tiburones Rojos de Veracruz",2004,2005,34
"Christian Giménez","Argentina, Mexico","wing half","Club América",2005,2006,34
"Christian Giménez","Argentina, Mexico","wing half","CF Pachuca",2006,2009,127
"Christian Giménez","Argentina, Mexico","wing half","Real Madrid Club de Fútbol",2006,2009,127
"Christian Giménez","Argentina, Mexico","wing half","Cruz Azul",2010,,
"Christian Maggio",Italy,"midfielder, defender","LR Vicenza",2000,2003,38
"Christian Maggio",Italy,"midfielder, defender","ACF Fiorentina",2003,2006,56
"Christian Maggio",Italy,"midfielder, defender","U.C. Sampdoria",2006,2008,60
"Christian Maggio",Italy,"midfielder, defender","Treviso F.B.C. 1993",2006,2006,11
"Christian Maggio",Italy,"midfielder, defender","SSC Napoli",2008,2018,233
"Christian Maggio",Italy,"midfielder, defender","Benevento Calcio",2018,2021,58
"Christian Maggio",Italy,"midfielder, defender","US Lecce",2021,2021,17
"Christian Maggio",Italy,"midfielder, defender","LR Vicenza",2022,2022,12
"Christian Nerlinger",Germany,midfielder,"FC Bayern Munich",1992,1998,156
"Christian Nerlinger",Germany,midfielder,"Borussia Dortmund",1998,2001,59
"Christian Nerlinger",Germany,midfielder,"Rangers F.C.",2001,2004,25
"Christian Nerlinger",Germany,midfielder,"1. FC Kaiserslautern",2004,2006,9
"Christian Panucci",Italy,defender,"Genoa CFC",1991,1993,31
"Christian Panucci",Italy,defender,"AC Milan",1993,1997,89
"Christian Panucci",Italy,defender,"Real Madrid Club de Fútbol",1997,1999,73
"Christian Panucci",Italy,defender,"Inter Milan",1999,2001,26
"Christian Panucci",Italy,defender,"Chelsea F.C.",2000,2001,8
"Christian Panucci",Italy,defender,"AS Monaco FC",2001,2001,14
"Christian Panucci",Italy,defender,"AS Roma",2001,2009,229
"Christian Panucci",Italy,defender,"Parma Calcio 1913",2009,2010,19
"Christian Pulisic","Croatia, United States",midfielder,"Borussia Dortmund",2016,2019,81
"Christian Pulisic","Croatia, United States",midfielder,"Borussia Dortmund",2019,2019,9
"Christian Pulisic","Croatia, United States",midfielder,"Chelsea F.C.",2019,2023,98
"Christian Pulisic","Croatia, United States",midfielder,"AC Milan",2023,,99
"Christian Vieri",Italy,forward,"A.C. Prato",1989,1990,0
"Christian Vieri",Italy,forward,"Torino FC",1991,1992,7
"Christian Vieri",Italy,forward,"Pisa SC",1992,1993,18
"Christian Vieri",Italy,forward,"S.C. Ravenna Sport",1993,1994,32
"Christian Vieri",Italy,forward,"Venezia F.C.",1994,1995,29
"Christian Vieri",Italy,forward,"Atalanta BC",1995,1996,21
"Christian Vieri",Italy,forward,"Juventus FC",1996,1997,23
"Christian Vieri",Italy,forward,"Atlético Madrid",1997,1998,24
"Christian Vieri",Italy,forward,"SS Lazio",1998,1999,22
"Christian Vieri",Italy,forward,"Inter Milan",1999,2005,143
"Christian Vieri",Italy,forward,"AC Milan",2005,2006,8
"Christian Vieri",Italy,forward,"AS Monaco FC",2006,2006,7
"Christian Vieri",Italy,forward,"Atalanta BC",2006,2007,7
"Christian Vieri",Italy,forward,"ACF Fiorentina",2007,2008,26
"Christian Vieri",Italy,forward,"Atalanta BC",2008,2009,9
"Christian Wörns",Germany,centre-back,"SV Waldhof Mannheim",1989,1991,52
"Christian Wörns",Germany,centre-back,"Bayer 04 Leverkusen",1991,1998,211
"Christian Wörns",Germany,centre-back,"Paris Saint-Germain FC",1998,1999,28
"Christian Wörns",Germany,centre-back,"Borussia Dortmund",1999,2008,240
"Christian Ziege",Germany,"full-back, left midfielder","FC Bayern Munich",1990,1997,185
"Christian Ziege",Germany,"full-back, left midfielder","AC Milan",1997,1999,39
"Christian Ziege",Germany,"full-back, left midfielder","Middlesbrough F.C.",1999,2000,29
"Christian Ziege",Germany,"full-back, left midfielder","Liverpool F.C.",2000,2001,16
"Christian Ziege",Germany,"full-back, left midfielder","Tottenham Hotspur F.C.",2001,2004,47
"Christian Ziege",Germany,"full-back, left midfielder","Borussia Mönchengladbach",2004,2006,13
"Christofer Gonzáles",Peru,midfielder,"Club Universitario de Deportes",2012,2015,84
"Christofer Gonzáles",Peru,midfielder,"Club Social y Deportivo Colo Colo",2015,,
"Christoph Metzelder",Germany,centre-back,"SC Preußen Münster",1999,2000,32
"Christoph Metzelder",Germany,centre-back,"Borussia Dortmund",2000,2007,126
"Christoph Metzelder",Germany,centre-back,"Real Madrid Club de Fútbol",2007,2010,23
"Christoph Metzelder",Germany,centre-back,"Schalke 04",2010,2013,52
"Ciaran Clark","United Kingdom, Ireland",centre-back,"Aston Villa F.C.",2009,2016,134
"Ciaran Clark","United Kingdom, Ireland",centre-back,"Newcastle United F.C.",2016,2023,114
"Ciaran Clark","United Kingdom, Ireland",centre-back,"Sheffield United F.C.",2022,2023,10
"Ciaran Clark","United Kingdom, Ireland",centre-back,"Stoke City F.C.",2023,2024,3
"Ciro Ferrara",Italy,"centre-back, defender","SSC Napoli",1984,1994,247
"Ciro Ferrara",Italy,"centre-back, defender","Juventus FC",1994,2005,253
"Clarence Seedorf","Kingdom of the Netherlands","wing half","AFC Ajax",1992,1995,65
"Clarence Seedorf","Kingdom of the Netherlands","wing half","U.C. Sampdoria",1995,1996,32
"Clarence Seedorf","Kingdom of the Netherlands","wing half","Real Madrid Club de Fútbol",1996,1999,121
"Clarence Seedorf","Kingdom of the Netherlands","wing half","Inter Milan",2000,2003,64
"Clarence Seedorf","Kingdom of the Netherlands","wing half","AC Milan",2002,2011,300
"Clarence Seedorf","Kingdom of the Netherlands","wing half","Botafogo F.R.",2012,2014,58
"Claude Makelélé","Democratic Republic of the Congo, France","defensive midfielder","Stade Brestois 29",1990,1991,12
"Claude Makelélé","Democratic Republic of the Congo, France","defensive midfielder","FC Nantes",1991,1997,169
"Claude Makelélé","Democratic Republic of the Congo, France","defensive midfielder","Olympique de Marseille",1997,1998,32
"Claude Makelélé","Democratic Republic of the Congo, France","defensive midfielder","RC Celta de Vigo",1998,2000,70
"Claude Makelélé","Democratic Republic of the Congo, France","defensive midfielder","Real Madrid Club de Fútbol",2000,2003,94
"Claude Makelélé","Democratic Republic of the Congo, France","defensive midfielder","Chelsea F.C.",2003,2008,144
"Claude Makelélé","Democratic Republic of the Congo, France","defensive midfielder","Paris Saint-Germain FC",2008,2011,98
"Claudio Bellucci",Italy,forward,"U.C. Sampdoria",1993,1996,39
"Claudio Bellucci",Italy,forward,"US Fiorenzuola 1922",1994,1995,7
"Claudio Bellucci",Italy,forward,"Venezia F.C.",1996,1997,33
"Claudio Bellucci",Italy,forward,"SSC Napoli",1997,2001,91
"Claudio Bellucci",Italy,forward,"Bologna F.C. 1909",2001,2007,184
"Claudio Bellucci",Italy,forward,"U.C. Sampdoria",2007,2010,59
"Claudio Bellucci",Italy,forward,"US Livorno 1915",2010,2010,14
"Claudio Bellucci",Italy,forward,"Modena F.C.",2010,2011,16
"Claudio López",Argentina,"wing half","Estudiantes de La Plata",1990,1992,39
"Claudio López",Argentina,"wing half","Racing Club",1992,1996,116
"Claudio López",Argentina,"wing half","Valencia CF",1996,2000,126
"Claudio López",Argentina,"wing half","SS Lazio",2000,2004,106
"Claudio López",Argentina,"wing half","Club América",2004,2007,87
"Claudio López",Argentina,"wing half","Racing Club",2007,2008,34
"Claudio López",Argentina,"wing half","Sporting Kansas City",2008,2009,57
"Claudio López",Argentina,"wing half","Colorado Rapids",2010,2011,2
"Claudio Marchisio",Italy,midfielder,"Juventus FC",2005,2018,294
"Claudio Marchisio",Italy,midfielder,"Empoli FC",2007,2008,26
"Claudio Marchisio",Italy,midfielder,"FC Zenit Saint Petersburg",2018,2019,9
"Claudio Pizarro","Peru, Germany, Italy",forward,"Deportivo Wanka",1996,1997,41
"Claudio Pizarro","Peru, Germany, Italy",forward,"Club Alianza Lima",1997,1999,44
"Claudio Pizarro","Peru, Germany, Italy",forward,"SV Werder Bremen",1999,2020,56
"Claudio Pizarro","Peru, Germany, Italy",forward,"FC Bayern Munich",2001,2007,174
"Claudio Pizarro","Peru, Germany, Italy",forward,"Chelsea F.C.",2007,2009,21
"Claudio Pizarro","Peru, Germany, Italy",forward,"SV Werder Bremen",2008,2009,26
"Claudio Pizarro","Peru, Germany, Italy",forward,"SV Werder Bremen",2009,2012,77
"Claudio Pizarro","Peru, Germany, Italy",forward,"FC Bayern Munich",2012,2015,50
"Claudio Pizarro","Peru, Germany, Italy",forward,"SV Werder Bremen",2015,2017,47
"Claudio Pizarro","Peru, Germany, Italy",forward,"1. FC Köln",2017,2018,16
"Claudio Pizarro","Peru, Germany, Italy",forward,"SV Werder Bremen",2018,2020,44
"Claudio Reyna","United States",midfielder,"Bayer 04 Leverkusen",1994,1999,26
"Claudio Reyna","United States",midfielder,"VfL Wolfsburg",1997,1999,48
"Claudio Reyna","United States",midfielder,"Rangers F.C.",1999,2001,64
"Claudio Reyna","United States",midfielder,"Sunderland A.F.C.",2001,2003,28
"Claudio Reyna","United States",midfielder,"Manchester City F.C.",2003,2007,87
"Claudio Reyna","United States",midfielder,"Red Bull New York",2007,2008,29
"Clayton Blackmore","United Kingdom",full-back,"Manchester United F.C.",1982,1994,186
"Clayton Blackmore","United Kingdom",full-back,"Middlesbrough F.C.",1994,1999,53
"Clayton Blackmore","United Kingdom",full-back,"Bristol City F.C.",1996,1996,5
"Clayton Blackmore","United Kingdom",full-back,"Barnsley F.C.",1999,1999,7
"Clayton Blackmore","United Kingdom",full-back,"Notts County F.C.",1999,2000,21
"Clayton Blackmore","United Kingdom",full-back,"Leigh Genesis F.C.",2000,2000,1
"Clayton Blackmore","United Kingdom",full-back,"Bangor City F.C.",2000,2006,176
"Clayton Blackmore","United Kingdom",full-back,"Porthmadog F.C.",2006,2007,18
"Clayton Blackmore","United Kingdom",full-back,"Neath F.C.",2007,2010,22
"Clive Wilson","United Kingdom",defender,"Manchester City F.C.",1979,1987,98
"Clive Wilson","United Kingdom",defender,"Chester City F.C.",1982,1982,21
"Clive Wilson","United Kingdom",defender,"Manchester City F.C.",1987,1987,11
"Clive Wilson","United Kingdom",defender,"Chelsea F.C.",1987,1990,81
"Clive Wilson","United Kingdom",defender,"Queens Park Rangers F.C.",1990,1995,173
"Clive Wilson","United Kingdom",defender,"Tottenham Hotspur F.C.",1995,1999,70
"Clive Wilson","United Kingdom",defender,"Cambridge United F.C.",1999,2000,27
"Clément Lenglet",France,centre-back,"A.S. Nancy-Lorraine",2013,2017,77
"Clément Lenglet",France,centre-back,"Sevilla FC",2017,2018,52
"Clément Lenglet",France,centre-back,"Tottenham Hotspur F.C.",2022,2023,26
"Clément Lenglet",France,centre-back,"Aston Villa F.C.",2023,2024,14
"Clément Lenglet",France,centre-back,"Atlético Madrid",2024,2025,23
"Clément Lenglet",France,centre-back,"Atlético Madrid",2025,,0
"Cody Gakpo","Kingdom of the Netherlands","centre-forward, left winger","Jong PSV",2016,2019,26
"Cody Gakpo","Kingdom of the Netherlands","centre-forward, left winger","PSV Eindhoven",2018,2023,106
"Cody Gakpo","Kingdom of the Netherlands","centre-forward, left winger","Liverpool F.C.",2023,,127
"Cole Palmer","United Kingdom","winger, attacking midfielder","Manchester City F.C.",2020,2023,19
"Cole Palmer","United Kingdom","winger, attacking midfielder","Chelsea F.C.",2023,,93
"Colin Calderwood","United Kingdom",defender,"Mansfield Town F.C.",1982,1985,100
"Colin Calderwood","United Kingdom",defender,"Swindon Town F.C.",1985,1993,330
"Colin Calderwood","United Kingdom",defender,"Tottenham Hotspur F.C.",1993,1999,162
"Colin Calderwood","United Kingdom",defender,"Aston Villa F.C.",1999,2000,26
"Colin Calderwood","United Kingdom",defender,"Nottingham Forest F.C.",2000,2001,8
"Colin Calderwood","United Kingdom",defender,"Notts County F.C.",2001,2001,5
"Craig Bellamy","United Kingdom",forward,"Norwich City F.C.",1996,2000,84
"Craig Bellamy","United Kingdom",forward,"Coventry City F.C.",2000,2001,34
"Craig Bellamy","United Kingdom",forward,"Newcastle United F.C.",2001,2005,93
"Craig Bellamy","United Kingdom",forward,"Blackburn Rovers F.C.",2005,2006,27
"Craig Bellamy","United Kingdom",forward,"Celtic F.C.",2005,2005,12
"Craig Bellamy","United Kingdom",forward,"Liverpool F.C.",2006,2007,27
"Craig Bellamy","United Kingdom",forward,"West Ham United F.C.",2007,2009,24
"Craig Bellamy","United Kingdom",forward,"Manchester City F.C.",2009,2011,40
"Craig Bellamy","United Kingdom",forward,"Cardiff City F.C.",2010,2011,35
"Craig Bellamy","United Kingdom",forward,"Liverpool F.C.",2011,2012,24
"Craig Bellamy","United Kingdom",forward,"Cardiff City F.C.",2012,2014,55
"Craig Burley","United Kingdom",midfielder,"Chelsea F.C.",1989,1997,113
"Craig Burley","United Kingdom",midfielder,"Celtic F.C.",1997,1999,64
"Craig Burley","United Kingdom",midfielder,"Derby County F.C.",1999,2003,73
"Craig Burley","United Kingdom",midfielder,"Dundee F.C.",2003,2003,2
"Craig Burley","United Kingdom",midfielder,"Preston North End F.C.",2004,2004,4
"Craig Burley","United Kingdom",midfielder,"Walsall F.C.",2004,2004,5
"Craig Short","United Kingdom",defender,"Scarborough F.C.",1987,1989,63
"Craig Short","United Kingdom",defender,"Notts County F.C.",1989,1992,128
"Craig Short","United Kingdom",defender,"Derby County F.C.",1992,1995,118
"Craig Short","United Kingdom",defender,"Everton F.C.",1995,1999,99
"Craig Short","United Kingdom",defender,"Blackburn Rovers F.C.",1999,2005,134
"Craig Short","United Kingdom",defender,"Sheffield United F.C.",2005,2007,23
"Craig Short","United Kingdom",defender,"Ferencvárosi TC",2008,2008,0
"Cristhian Mosquera",Spain,centre-back,"Valencia CF",2021,2025,82
"Cristhian Mosquera",Spain,centre-back,"Valencia CF Mestalla",2022,2023,10
"Cristhian Mosquera",Spain,centre-back,"Arsenal F.C.",2025,,0
"Cristian Brocchi",Italy,midfielder,"AC Milan",1994,1998,0
"Cristian Brocchi",Italy,midfielder,"Pro Sesto 1913",1995,1997,57
"Cristian Brocchi",Italy,midfielder,"A.C. Lumezzane",1997,1998,30
"Cristian Brocchi",Italy,midfielder,"Hellas Verona FC",1998,2000,59
"Cristian Brocchi",Italy,midfielder,"Inter Milan",2000,2001,15
"Cristian Brocchi",Italy,midfielder,"AC Milan",2001,2008,99
"Cristian Brocchi",Italy,midfielder,"ACF Fiorentina",2005,2006,35
"Cristian Brocchi",Italy,midfielder,"SS Lazio",2008,2013,111
"Cristian Chivu",Romania,centre-back,"CSM Reșița",1996,1998,24
"Cristian Chivu",Romania,centre-back,"FC U Craiova 1948",1998,1999,32
"Cristian Chivu",Romania,centre-back,"AFC Ajax",1999,2003,107
"Cristian Chivu",Romania,centre-back,"AS Roma",2003,2007,85
"Cristian Chivu",Romania,centre-back,"Inter Milan",2007,2014,115
"Cristian Romero",Argentina,defender,"Genoa CFC",2018,2019,27
"Cristian Romero",Argentina,defender,"Juventus FC",2019,2021,0
"Cristian Romero",Argentina,defender,"Genoa CFC",2019,2020,30
"Cristian Romero",Argentina,defender,"Atalanta BC",2020,2021,31
"Cristian Romero",Argentina,defender,"Tottenham Hotspur F.C.",2021,2022,22
"Cristian Romero",Argentina,defender,"Atalanta BC",2021,2022,0
"Cristian Romero",Argentina,defender,"Tottenham Hotspur F.C.",2022,,101
"Cristiano Ronaldo",Portugal,"forward, wing half","Sporting CP",2002,2003,25
"Cristiano Ronaldo",Portugal,"forward, wing half","Manchester United F.C.",2003,2009,196
"Cristiano Ronaldo",Portugal,"forward, wing half","Real Madrid Club de Fútbol",2009,2018,292
"Cristiano Ronaldo",Portugal,"forward, wing half","Juventus FC",2018,2021,98
"Cristiano Ronaldo",Portugal,"forward, wing half","Manchester United F.C.",2021,2022,40
"Cristiano Ronaldo",Portugal,"forward, wing half",Al-Nassr,2023,,86
"Cristiano Zanetti",Italy,midfielder,"Inter Milan",1990,1999,0
"Cristiano Zanetti",Italy,midfielder,"ACF Fiorentina",1993,1996,4
"Cristiano Zanetti",Italy,midfielder,"Venezia F.C.",1996,1997,21
"Cristiano Zanetti",Italy,midfielder,"A.C. Reggiana 1919",1997,1998,31
"Cristiano Zanetti",Italy,midfielder,"Cagliari Calcio",1998,1999,18
"Cristiano Zanetti",Italy,midfielder,"Inter Milan",1998,1998,0
"Cristiano Zanetti",Italy,midfielder,"AS Roma",1999,2001,38
"Cristiano Zanetti",Italy,midfielder,"Inter Milan",2001,2006,99
"Cristiano Zanetti",Italy,midfielder,"Juventus FC",2006,2009,63
"Cristiano Zanetti",Italy,midfielder,"ACF Fiorentina",2009,2011,29
"Cristiano Zanetti",Italy,midfielder,"Brescia Calcio",2011,2012,8
"Cristián Zapata",Colombia,centre-back,"Deportivo Cali",2004,2005,17
"Cristián Zapata",Colombia,centre-back,"Udinese Calcio",2005,2011,168
"Cristián Zapata",Colombia,centre-back,"Villarreal CF",2011,2013,28
"Cristián Zapata",Colombia,centre-back,"AC Milan",2012,2013,23
"Cristián Zapata",Colombia,centre-back,"AC Milan",2013,2019,88
"Cristián Zapata",Colombia,centre-back,"Genoa CFC",2019,2021,32
"Cristián Zapata",Colombia,centre-back,"Atlético Nacional",2023,2023,38
"Cristián Zapata",Colombia,centre-back,"E.C. Vitória",2024,2024,2
"Cristián Zapata",Colombia,centre-back,"Atlético Bucaramanga",2024,2025,15
"Curro Torres",Spain,defender,"UDA Gramenet",1995,1997,53
"Curro Torres",Spain,defender,"Valencia CF Mestalla",1997,1999,65
"Curro Torres",Spain,defender,"Valencia CF",1999,2009,117
"Curro Torres",Spain,defender,"Recreativo de Huelva",1999,2000,37
"Curro Torres",Spain,defender,"C.D. Tenerife",2000,2001,39
"Curro Torres",Spain,defender,"Real Murcia",2007,2008,2
"Curro Torres",Spain,defender,"Gimnàstic de Tarragona",2009,2011,0
"Curtis Jones","United Kingdom",midfielder,"Liverpool F.C.",2018,,122
"César Azpilicueta",Spain,"centre-back, full-back","Club Atlético Osasuna",2001,2006,
"César Azpilicueta",Spain,"centre-back, full-back","Osasuna B",2006,2007,27
"César Azpilicueta",Spain,"centre-back, full-back","Club Atlético Osasuna",2007,2010,99
"César Azpilicueta",Spain,"centre-back, full-back","Olympique de Marseille",2010,2012,47
"César Azpilicueta",Spain,"centre-back, full-back","Chelsea F.C.",2012,2023,349
"César Azpilicueta",Spain,"centre-back, full-back","Atlético Madrid",2023,2025,39
"César Azpilicueta",Spain,"centre-back, full-back","Sevilla FC",2025,2026,16
"Daley Blind","Kingdom of the Netherlands","midfielder, defender, full-back","AFC Ajax",2008,2014,102
"Daley Blind","Kingdom of the Netherlands","midfielder, defender, full-back","FC Groningen",2010,2010,17
"Daley Blind","Kingdom of the Netherlands","midfielder, defender, full-back","Manchester United F.C.",2014,2018,90
"Daley Blind","Kingdom of the Netherlands","midfielder, defender, full-back","AFC Ajax",2018,2023,124
"Daley Blind","Kingdom of the Netherlands","midfielder, defender, full-back","Girona FC",2023,,80
"Daley Blind","Kingdom of the Netherlands","midfielder, defender, full-back","FC Bayern Munich",2023,2023,4
"Damiano Tommasi",Italy,midfielder,"Hellas Verona FC",1993,1996,77
"Damiano Tommasi",Italy,midfielder,"AS Roma",1996,2006,262
"Damiano Tommasi",Italy,midfielder,"Levante UD",2006,2008,44
"Damiano Tommasi",Italy,midfielder,"Queens Park Rangers F.C.",2008,2008,7
"Damiano Tommasi",Italy,midfielder,"Tianjin Jinmen Tiger F.C.",2009,2009,29
"Damiano Tommasi",Italy,midfielder,"S.P. La Fiorita",2015,2015,1
"Damien Duff",Ireland,"wing half","Blackburn Rovers F.C.",1996,2003,185
"Damien Duff",Ireland,"wing half","Chelsea F.C.",2003,2006,81
"Damien Duff",Ireland,"wing half","Newcastle United F.C.",2006,2009,69
"Damien Duff",Ireland,"wing half","Fulham F.C.",2009,2014,130
"Damien Duff",Ireland,"wing half","Melbourne City FC",2014,2015,15
"Damien Duff",Ireland,"wing half","Shamrock Rovers F.C.",2015,2015,9
"Dan Burn","United Kingdom",defender,"Darlington F.C.",2009,2011,14
"Dan Burn","United Kingdom",defender,"Fulham F.C.",2011,2016,61
"Dan Burn","United Kingdom",defender,"Yeovil Town F.C.",2012,2013,34
"Dan Burn","United Kingdom",defender,"Birmingham City F.C.",2013,2014,24
"Dan Burn","United Kingdom",defender,"Wigan Athletic F.C.",2016,2018,87
"Dan Burn","United Kingdom",defender,"Brighton & Hove Albion F.C.",2018,2022,74
"Dan Burn","United Kingdom",defender,"Newcastle United F.C.",2022,,124
"Dan Petrescu","Romania, United Kingdom",fullback,FCSB,1985,1991,95
"Dan Petrescu","Romania, United Kingdom",fullback,"FC Olt Scornicești",1986,1987,24
"Dan Petrescu","Romania, United Kingdom",fullback,"Calcio Foggia 1920",1991,1993,55
"Dan Petrescu","Romania, United Kingdom",fullback,"Genoa CFC",1993,1994,24
"Dan Petrescu","Romania, United Kingdom",fullback,"Sheffield Wednesday F.C.",1994,1995,39
"Dan Petrescu","Romania, United Kingdom",fullback,"Chelsea F.C.",1995,2000,152
"Dan Petrescu","Romania, United Kingdom",fullback,"Bradford City A.F.C.",2000,2001,17
"Dan Petrescu","Romania, United Kingdom",fullback,"Southampton F.C.",2001,2002,11
"Dan Petrescu","Romania, United Kingdom",fullback,"FC Progresul București",2002,2003,20
"Dani Aranzubia",Spain,goalkeeper,"Athletic Club",1994,1997,
"Dani Aranzubia",Spain,goalkeeper,"Athletic Bilbao B",1996,2000,70
"Dani Aranzubia",Spain,goalkeeper,"CD Baskonia",1997,1998,31
"Dani Aranzubia",Spain,goalkeeper,"Athletic Club",2000,2008,162
"Dani Aranzubia",Spain,goalkeeper,"Deportivo de La Coruña",2008,2013,178
"Dani Aranzubia",Spain,goalkeeper,"Atlético Madrid",2013,2014,1
"Dani Carvajal",Spain,,"Bayer 04 Leverkusen",2012,2013,32
"Dani Carvajal",Spain,,"Real Madrid Club de Fútbol",2013,2026,297
"Dani Ceballos",Spain,"central midfielder, attacking midfielder","Real Betis Balompié",2014,2017,98
"Dani Ceballos",Spain,"central midfielder, attacking midfielder","Real Madrid Club de Fútbol",2017,,134
"Dani Ceballos",Spain,"central midfielder, attacking midfielder","Arsenal F.C.",2019,2021,49
"Daniel Agger","Kingdom of Denmark",defender,"Brøndby IF",2004,2006,34
"Daniel Agger","Kingdom of Denmark",defender,"Liverpool F.C.",2006,2014,175
"Daniel Agger","Kingdom of Denmark",defender,"Brøndby IF",2014,2016,32
"Daniel Alves","Brazil, Spain","defender, full-back","Esporte Clube Bahia",2001,2002,25
"Daniel Alves","Brazil, Spain","defender, full-back","Sevilla FC",2002,2008,175
"Daniel Alves","Brazil, Spain","defender, full-back","Juventus FC",2016,2017,33
"Daniel Alves","Brazil, Spain","defender, full-back","Paris Saint-Germain FC",2017,2019,48
"Daniel Alves","Brazil, Spain","defender, full-back","São Paulo FC",2019,2021,76
"Daniel Alves","Brazil, Spain","defender, full-back","Pumas UNAM",2022,2023,13
"Daniel García Carrillo",Spain,"defensive midfielder",Q5409057,2005,2007,
"Daniel García Carrillo",Spain,"defensive midfielder","Real Sociedad",2007,2009,
"Daniel García Carrillo",Spain,"defensive midfielder","Alicante CF B",2009,2010,26
"Daniel García Carrillo",Spain,"defensive midfielder","Alicante CF",2010,2011,29
"Daniel García Carrillo",Spain,"defensive midfielder","Getafe CF B",2011,2012,36
"Daniel García Carrillo",Spain,"defensive midfielder","Real Sociedad",2012,2014,
"Daniel García Carrillo",Spain,"defensive midfielder","SD Eibar",2012,2018,224
"Daniel García Carrillo",Spain,"defensive midfielder","Athletic Club",2018,2024,195
"Daniel Sturridge","United Kingdom",forward,"Manchester City F.C.",2006,2009,21
"Daniel Sturridge","United Kingdom",forward,"Chelsea F.C.",2009,2013,63
"Daniel Sturridge","United Kingdom",forward,"Bolton Wanderers F.C.",2011,2011,12
"Daniel Sturridge","United Kingdom",forward,"Liverpool F.C.",2013,2019,116
"Daniel Sturridge","United Kingdom",forward,"West Bromwich Albion F.C.",2018,2018,6
"Daniel Sturridge","United Kingdom",forward,Trabzonspor,2019,2020,11
"Daniel Sturridge","United Kingdom",forward,"Perth Glory FC",2021,2022,6
"Daniel Van Buyten",Belgium,"defender, centre-back","Royal Charleroi S.C.",1998,1999,19
"Daniel Van Buyten",Belgium,"defender, centre-back","Standard Liège",1999,2001,57
"Daniel Van Buyten",Belgium,"defender, centre-back","Olympique de Marseille",2001,2004,76
"Daniel Van Buyten",Belgium,"defender, centre-back","Manchester City F.C.",2004,2004,5
"Daniel Van Buyten",Belgium,"defender, centre-back","Hamburger SV",2004,2006,61
"Daniel Van Buyten",Belgium,"defender, centre-back","FC Bayern Munich",2006,2014,158
"Daniel Vivian",Spain,centre-back,"Deportivo Alavés",2009,2011,
"Daniel Vivian",Spain,centre-back,"CD Ariznabarra",2012,2015,
"Daniel Vivian",Spain,centre-back,"Santutxu FC",2015,2016,
"Daniel Vivian",Spain,centre-back,"CD Baskonia",2016,2018,44
"Daniel Vivian",Spain,centre-back,"Athletic Bilbao B",2017,2020,48
"Daniel Vivian",Spain,centre-back,"CD Mirandés",2020,2021,32
"Daniel Vivian",Spain,centre-back,"Athletic Club",2021,,190
"Daniel Wass","Kingdom of Denmark","wing half","Brøndby IF",2007,2011,85
"Daniel Wass","Kingdom of Denmark","wing half","Fredrikstad FK",2009,2009,3
"Daniel Wass","Kingdom of Denmark","wing half","S.L. Benfica",2011,2012,0
"Daniel Wass","Kingdom of Denmark","wing half","Evian Thonon Gaillard F.C.",2011,2012,29
"Daniel Wass","Kingdom of Denmark","wing half","Evian Thonon Gaillard F.C.",2012,2015,104
"Daniel Wass","Kingdom of Denmark","wing half","RC Celta de Vigo",2015,2018,103
"Daniel Wass","Kingdom of Denmark","wing half","Valencia CF",2018,2022,152
"Daniel Wass","Kingdom of Denmark","wing half","Brøndby IF",2022,,98
"Daniel Wass","Kingdom of Denmark","wing half","Atlético Madrid",2022,2022,1
"Daniele Bonera",Italy,full-back,"Brescia Calcio",1999,2002,60
"Daniele Bonera",Italy,full-back,"Parma Calcio 1913",2002,2006,114
"Daniele Bonera",Italy,full-back,"AC Milan",2006,2015,152
"Daniele Bonera",Italy,full-back,"Villarreal CF",2015,2019,40
"Daniele De Rossi",Italy,midfielder,"AS Roma",2001,2019,459
Danilo,Brazil,defender,"América Futebol Clube",2009,2010,29
Danilo,Brazil,defender,"Santos F.C.",2010,2012,62
Danilo,Brazil,defender,"FC Porto",2012,2015,91
Danilo,Brazil,defender,"Real Madrid Club de Fútbol",2015,2017,41
Danilo,Brazil,defender,"Manchester City F.C.",2017,2019,34
Danilo,Brazil,defender,"Juventus FC",2019,2025,156
Danilo,Brazil,defender,"Clube de Regatas do Flamengo",2025,,23
"Danny Cadamarteri","United Kingdom",forward,"Everton F.C.",1996,2002,92
"Danny Cadamarteri","United Kingdom",forward,"Fulham F.C.",1999,1999,5
"Danny Cadamarteri","United Kingdom",forward,"Bradford City A.F.C.",2002,2004,52
"Danny Cadamarteri","United Kingdom",forward,"Leeds United F.C.",2004,2004,0
"Danny Cadamarteri","United Kingdom",forward,"Sheffield United F.C.",2004,2005,21
"Danny Cadamarteri","United Kingdom",forward,"Bradford City A.F.C.",2005,2006,39
"Danny Cadamarteri","United Kingdom",forward,"Leicester City F.C.",2006,2007,9
"Danny Cadamarteri","United Kingdom",forward,"Grays Athletic F.C.",2006,2006,1
"Danny Cadamarteri","United Kingdom",forward,"Huddersfield Town A.F.C.",2007,2009,44
"Danny Cadamarteri","United Kingdom",forward,"Doncaster Rovers F.C.",2007,2007,6
"Danny Cadamarteri","United Kingdom",forward,"Dundee United F.C.",2009,2011,29
"Danny Cadamarteri","United Kingdom",forward,"Huddersfield Town A.F.C.",2011,2012,26
"Danny Cadamarteri","United Kingdom",forward,"Carlisle United F.C.",2012,2014,25
"Danny Guthrie","United Kingdom",midfielder,"Manchester United F.C.",2000,2002,
"Danny Guthrie","United Kingdom",midfielder,"Liverpool F.C.",2005,2008,3
"Danny Guthrie","United Kingdom",midfielder,"Southampton F.C.",2007,2007,10
"Danny Guthrie","United Kingdom",midfielder,"Bolton Wanderers F.C.",2007,2008,25
"Danny Guthrie","United Kingdom",midfielder,"Newcastle United F.C.",2008,2012,92
"Danny Guthrie","United Kingdom",midfielder,"Reading F.C.",2012,2015,62
"Danny Guthrie","United Kingdom",midfielder,"Fulham F.C.",2015,2015,6
"Danny Guthrie","United Kingdom",midfielder,"Blackburn Rovers F.C.",2015,,
"Danny Murphy","United Kingdom",midfielder,"Crewe Alexandra F.C.",1993,1997,134
"Danny Murphy","United Kingdom",midfielder,"Liverpool F.C.",1997,2004,170
"Danny Murphy","United Kingdom",midfielder,"Crewe Alexandra F.C.",1999,1999,16
"Danny Murphy","United Kingdom",midfielder,"Charlton Athletic F.C.",2004,2006,56
"Danny Murphy","United Kingdom",midfielder,"Tottenham Hotspur F.C.",2006,2007,22
"Danny Murphy","United Kingdom",midfielder,"Fulham F.C.",2007,2012,169
"Danny Murphy","United Kingdom",midfielder,"Blackburn Rovers F.C.",2012,2013,33
"Danny Rose","United Kingdom",full-back,"Leeds United F.C.",2006,2007,0
"Danny Rose","United Kingdom",full-back,"Tottenham Hotspur F.C.",2007,2021,156
"Danny Rose","United Kingdom",full-back,"Peterborough United F.C.",2009,2009,6
"Danny Rose","United Kingdom",full-back,"Watford F.C.",2009,2009,7
"Danny Rose","United Kingdom",full-back,"Bristol City F.C.",2010,2011,17
"Danny Rose","United Kingdom",full-back,"Sunderland A.F.C.",2012,2013,27
"Danny Rose","United Kingdom",full-back,"Newcastle United F.C.",2020,2020,11
"Danny Rose","United Kingdom",full-back,"Watford F.C.",2021,2022,8
"Danny Simpson","United Kingdom",full-back,"Manchester United F.C.",2006,2010,3
"Danny Simpson","United Kingdom",full-back,"Royal Antwerp F.C.",2006,2006,14
"Danny Simpson","United Kingdom",full-back,"Sunderland A.F.C.",2007,2007,14
"Danny Simpson","United Kingdom",full-back,"Blackburn Rovers F.C.",2008,2009,12
"Danny Simpson","United Kingdom",full-back,"Ipswich Town F.C.",2008,2008,8
"Danny Simpson","United Kingdom",full-back,"Newcastle United F.C.",2009,2010,20
"Danny Simpson","United Kingdom",full-back,"Newcastle United F.C.",2010,2013,103
"Danny Simpson","United Kingdom",full-back,"Queens Park Rangers F.C.",2013,2014,37
"Danny Simpson","United Kingdom",full-back,"Leicester City F.C.",2014,,
"Danny Tiatto",Australia,defender,"Western Eagles",1990,1991,30
"Danny Tiatto",Australia,defender,"Melbourne Knights Football Club",1992,1994,36
"Danny Tiatto",Australia,defender,"Bulleen Lions",1992,1994,36
"Danny Tiatto",Australia,defender,"Melbourne Knights Football Club",1994,1996,43
"Danny Tiatto",Australia,defender,"FC Baden",1996,1996,
"Danny Tiatto",Australia,defender,"U.S. Salernitana 1919",1996,1997,11
"Danny Tiatto",Australia,defender,"FC Baden",1997,1997,
"Danny Tiatto",Australia,defender,"Stoke City F.C.",1998,1998,15
"Danny Tiatto",Australia,defender,"Manchester City F.C.",1998,2004,139
"Danny Tiatto",Australia,defender,"Leicester City F.C.",2004,2007,73
"Danny Tiatto",Australia,defender,"Brisbane Roar FC",2007,2010,49
"Danny Tiatto",Australia,defender,"Melbourne Knights Football Club",2010,2010,11
"Danny Tiatto",Australia,defender,"St Albans Saints",2011,2011,2
"Danny Tiatto",Australia,defender,"Werribee City football club",2012,2012,3
"Danny Tiatto",Australia,defender,"Point Cook SC",2013,2013,10
"Danny Welbeck","United Kingdom",forward,"Manchester United F.C.",2008,2014,92
"Danny Welbeck","United Kingdom",forward,"Sunderland A.F.C.",2010,2011,26
"Danny Welbeck","United Kingdom",forward,"Preston North End F.C.",2010,2010,8
"Danny Welbeck","United Kingdom",forward,"Arsenal F.C.",2014,2019,88
"Danny Welbeck","United Kingdom",forward,"Watford F.C.",2019,2020,18
"Danny Welbeck","United Kingdom",forward,"Brighton & Hove Albion F.C.",2020,,151
Dante,Brazil,centre-back,"Esporte Clube Juventude",2002,2004,55
Dante,Brazil,centre-back,"Lille OSC",2004,2006,12
Dante,Brazil,centre-back,"Royal Charleroi S.C.",2006,2007,24
Dante,Brazil,centre-back,"Standard Liège",2007,2009,62
Dante,Brazil,centre-back,"Borussia Mönchengladbach",2009,2012,93
Dante,Brazil,centre-back,"FC Bayern Munich",2012,2015,86
Dante,Brazil,centre-back,"VfL Wolfsburg",2015,2016,23
Dante,Brazil,centre-back,"OGC Nice",2016,,262
"Dario Šimić","Socialist Federal Republic of Yugoslavia, Croatia",defender,"GNK Dinamo Zagreb",1992,1998,140
"Dario Šimić","Socialist Federal Republic of Yugoslavia, Croatia",defender,"Inter Milan",1998,2002,
"Dario Šimić","Socialist Federal Republic of Yugoslavia, Croatia",defender,"AC Milan",2002,2008,82
"Dario Šimić","Socialist Federal Republic of Yugoslavia, Croatia",defender,"AS Monaco FC",2008,2010,27
"Dario Šimić","Socialist Federal Republic of Yugoslavia, Croatia",defender,"GNK Dinamo Zagreb",2010,2010,0
"Darius Vassell","United Kingdom","wing half","Aston Villa F.C.",1998,2005,162
"Darius Vassell","United Kingdom","wing half","Manchester City F.C.",2005,2009,103
"Darius Vassell","United Kingdom","wing half","MKE Ankaragücü",2009,2010,22
"Darius Vassell","United Kingdom","wing half","Leicester City F.C.",2010,2012,44
"Darren Anderton","United Kingdom","wing half","Portsmouth F.C.",1990,1992,62
"Darren Anderton","United Kingdom","wing half","Tottenham Hotspur F.C.",1992,2004,299
"Darren Anderton","United Kingdom","wing half","Birmingham City F.C.",2004,2005,20
"Darren Anderton","United Kingdom","wing half","Wolverhampton Wanderers F.C.",2005,2006,24
"Darren Anderton","United Kingdom","wing half","AFC Bournemouth",2006,2008,66
"Darren Fletcher","United Kingdom",midfielder,"Manchester United F.C.",2003,2015,223
"Darren Fletcher","United Kingdom",midfielder,"West Bromwich Albion F.C.",2015,2017,91
"Darren Fletcher","United Kingdom",midfielder,"Stoke City F.C.",2017,2019,38
"Darren Peacock","United Kingdom",defender,"Newport County A.F.C.",1986,1989,28
"Darren Peacock","United Kingdom",defender,"Hereford United F.C.",1989,1990,59
"Darren Peacock","United Kingdom",defender,"Queens Park Rangers F.C.",1990,1994,126
"Darren Peacock","United Kingdom",defender,"Newcastle United F.C.",1994,1998,133
"Darren Peacock","United Kingdom",defender,"Blackburn Rovers F.C.",1998,2000,47
"Darren Peacock","United Kingdom",defender,"West Ham United F.C.",2000,2000,0
"Darren Peacock","United Kingdom",defender,"Wolverhampton Wanderers F.C.",2000,2000,4
"Darwin Núñez",Uruguay,,"Club Atlético Peñarol",2017,2019,14
"Darwin Núñez",Uruguay,,"Unión Deportiva Almería",2019,2020,30
"Darwin Núñez",Uruguay,,"S.L. Benfica",2020,2022,57
"Darwin Núñez",Uruguay,,"Liverpool F.C.",2022,2025,95
"Darwin Núñez",Uruguay,,"Al Hilal SFC",2025,,16
"Dave Beasant","United Kingdom",goalkeeper,"Edgware Town F.C.",1978,1979,0
"Dave Beasant","United Kingdom",goalkeeper,"Wimbledon F.C.",1979,1988,340
"Dave Beasant","United Kingdom",goalkeeper,"Newcastle United F.C.",1988,1989,20
"Dave Beasant","United Kingdom",goalkeeper,"Chelsea F.C.",1989,1993,133
"Dave Beasant","United Kingdom",goalkeeper,"Grimsby Town F.C.",1992,1992,6
"Dave Beasant","United Kingdom",goalkeeper,"Wolverhampton Wanderers F.C.",1992,1992,4
"Dave Beasant","United Kingdom",goalkeeper,"Southampton F.C.",1993,1997,88
"Dave Beasant","United Kingdom",goalkeeper,"Nottingham Forest F.C.",1997,2001,139
"Dave Beasant","United Kingdom",goalkeeper,"Tottenham Hotspur F.C.",2001,2001,0
"Dave Beasant","United Kingdom",goalkeeper,"Portsmouth F.C.",2001,2002,27
"Dave Beasant","United Kingdom",goalkeeper,"Wigan Athletic F.C.",2002,2002,0
"Dave Beasant","United Kingdom",goalkeeper,"Bradford City A.F.C.",2002,2002,0
"Dave Beasant","United Kingdom",goalkeeper,"Fulham F.C.",2003,2004,0
"Dave Beasant","United Kingdom",goalkeeper,"Brighton & Hove Albion F.C.",2003,2003,16
"Dave Beasant","United Kingdom",goalkeeper,"North Greenford United F.C.",2013,2013,1
"Dave Beasant","United Kingdom",goalkeeper,"Stevenage F.C.",2014,2015,0
"Dave Watson","United Kingdom",defender,"Norwich City F.C.",1980,1986,212
"Dave Watson","United Kingdom",defender,"Everton F.C.",1986,2001,419
"David Alaba",Austria,"midfielder, centre-back, full-back","FK Austria Wien",2002,2008,
"David Alaba",Austria,"midfielder, centre-back, full-back","FC Bayern Munich",2010,2021,281
"David Alaba",Austria,"midfielder, centre-back, full-back","TSG 1899 Hoffenheim",2011,2011,17
"David Alaba",Austria,"midfielder, centre-back, full-back","Real Madrid Club de Fútbol",2021,,82
"David Albelda",Spain,midfielder,"Valencia CF Mestalla",1995,1996,31
"David Albelda",Spain,midfielder,"Valencia CF",1996,2013,351
"David Albelda",Spain,midfielder,"Villarreal CF",1996,1997,34
"David Albelda",Spain,midfielder,"Villarreal CF",1998,1999,35
"David Batty","United Kingdom","defensive midfielder","Leeds United F.C.",1986,1993,211
"David Batty","United Kingdom","defensive midfielder","Blackburn Rovers F.C.",1993,1996,54
"David Batty","United Kingdom","defensive midfielder","Newcastle United F.C.",1996,1998,83
"David Batty","United Kingdom","defensive midfielder","Leeds United F.C.",1998,2004,90
"David Beckham","United Kingdom",midfielder,"Manchester United F.C.",1992,2003,265
"David Beckham","United Kingdom",midfielder,"Preston North End F.C.",1994,1995,5
"David Beckham","United Kingdom",midfielder,"Real Madrid Club de Fútbol",2003,2007,116
"David Beckham","United Kingdom",midfielder,"LA Galaxy",2007,2012,98
"David Beckham","United Kingdom",midfielder,"AC Milan",2009,2009,18
"David Beckham","United Kingdom",midfielder,"AC Milan",2010,2010,11
"David Beckham","United Kingdom",midfielder,"Paris Saint-Germain FC",2013,2013,11
"David Burrows","United Kingdom",full-back,"West Bromwich Albion F.C.",1985,1988,46
"David Burrows","United Kingdom",full-back,"Liverpool F.C.",1988,1993,146
"David Burrows","United Kingdom",full-back,"West Ham United F.C.",1993,1994,29
"David Burrows","United Kingdom",full-back,"Everton F.C.",1994,1995,19
"David Burrows","United Kingdom",full-back,"Coventry City F.C.",1995,2000,111
"David Burrows","United Kingdom",full-back,"Birmingham City F.C.",2000,2002,25
"David Burrows","United Kingdom",full-back,"Sheffield Wednesday F.C.",2002,2003,21
"David Castedo",Spain,defender,"RCD Mallorca",1993,2000,119
"David Castedo",Spain,defender,"Hércules CF",1997,1998,23
"David Castedo",Spain,defender,"CF Extremadura",1998,1999,32
"David Castedo",Spain,defender,"Sevilla FC",2000,2007,235
"David Castedo",Spain,defender,"Levante UD",2007,2008,18
"David Ginola",France,"forward, wing half","OGC Nice",1983,1984,
"David Ginola",France,"forward, wing half","Sporting Toulon Var",1984,1988,26
"David Ginola",France,"forward, wing half","Racing Club de France",1988,1990,61
"David Ginola",France,"forward, wing half","Stade Brestois 29",1990,1992,50
"David Ginola",France,"forward, wing half","Paris Saint-Germain FC",1992,1995,115
"David Ginola",France,"forward, wing half","Newcastle United F.C.",1995,1997,58
"David Ginola",France,"forward, wing half","Tottenham Hotspur F.C.",1997,2000,100
"David Ginola",France,"forward, wing half","Aston Villa F.C.",2000,2002,32
"David Ginola",France,"forward, wing half","Everton F.C.",2002,2002,5
"David Hillier","United Kingdom",midfielder,"Arsenal F.C.",1988,1996,104
"David Hillier","United Kingdom",midfielder,"Portsmouth F.C.",1996,1999,67
"David Hillier","United Kingdom",midfielder,"Bristol Rovers F.C.",1999,2002,83
"David Hillier","United Kingdom",midfielder,"Barnet F.C.",2002,2003,6
"David Howells","United Kingdom",midfielder,"Tottenham Hotspur F.C.",1985,1998,277
"David Howells","United Kingdom",midfielder,"Southampton F.C.",1998,2000,9
"David Howells","United Kingdom",midfielder,"Bristol City F.C.",1999,1999,8
"David Howells","United Kingdom",midfielder,"Havant & Waterlooville F.C.",2003,2004,
"David Howells","United Kingdom",midfielder,"Guildford City F.C.",2004,2006,17
"David James","United Kingdom",goalkeeper,"Watford F.C.",1988,1992,89
"David James","United Kingdom",goalkeeper,"Liverpool F.C.",1992,1999,214
"David James","United Kingdom",goalkeeper,"Aston Villa F.C.",1999,2001,67
"David James","United Kingdom",goalkeeper,"West Ham United F.C.",2001,2004,91
"David James","United Kingdom",goalkeeper,"Manchester City F.C.",2004,2006,93
"David James","United Kingdom",goalkeeper,"Portsmouth F.C.",2006,2010,134
"David James","United Kingdom",goalkeeper,"Bristol City F.C.",2010,2012,81
"David James","United Kingdom",goalkeeper,"AFC Bournemouth",2012,2013,19
"David James","United Kingdom",goalkeeper,"Íþróttabandalag Vestmannaeyja",2013,2013,17
"David James","United Kingdom",goalkeeper,"Kerala Blasters FC",2014,2014,12
"David Lee","United Kingdom",centre-back,"Chelsea F.C.",1988,1998,151
"David Lee","United Kingdom",centre-back,"Reading F.C.",1992,1992,5
"David Lee","United Kingdom",centre-back,"Plymouth Argyle F.C.",1992,1992,9
"David Lee","United Kingdom",centre-back,"Portsmouth F.C.",1994,1994,5
"David Lee","United Kingdom",centre-back,"Sheffield United F.C.",1997,1997,5
"David Lee","United Kingdom",centre-back,"Bristol Rovers F.C.",1998,1999,11
"David Lee","United Kingdom",centre-back,"Crystal Palace F.C.",1999,1999,0
"David Lee","United Kingdom",centre-back,"Colchester United F.C.",1999,2000,0
"David Lee","United Kingdom",centre-back,"Exeter City F.C.",2000,2000,4
"David Lee","United Kingdom",centre-back,"Parramatta Power",2000,2001,11
"David Lee","United Kingdom",centre-back,"Havant & Waterlooville F.C.",2001,2002,
"David Lee","United Kingdom",centre-back,"Forest Green Rovers F.C.",2002,2002,6
"David Lee","United Kingdom",centre-back,"Weston-super-Mare A.F.C.",2002,2003,2
"David Lee","United Kingdom",centre-back,"Mangotsfield United F.C.",2003,2004,14
"David Lee","United Kingdom",centre-back,"Yate Town F.C.",2003,2003,
"David Luiz",Brazil,centre-back,"São Paulo FC",1999,2001,
"David Luiz",Brazil,centre-back,"E.C. Vitória",2001,2005,
"David Luiz",Brazil,centre-back,"E.C. Vitória",2006,2007,26
"David Luiz",Brazil,centre-back,"S.L. Benfica",2007,2011,72
"David Luiz",Brazil,centre-back,"Chelsea F.C.",2011,2014,81
"David Luiz",Brazil,centre-back,"Paris Saint-Germain FC",2014,2016,56
"David Luiz",Brazil,centre-back,"Chelsea F.C.",2016,2019,79
"David Luiz",Brazil,centre-back,"Arsenal F.C.",2019,2020,53
"David Luiz",Brazil,centre-back,"Clube de Regatas do Flamengo",2021,2024,86
"David Luiz",Brazil,centre-back,"Pafos FC",2025,,8
"David Luiz",Brazil,centre-back,"Fortaleza E.C.",2025,2025,8
"David López Moreno",Spain,"central midfielder, inside forward, winger","Club Atlético Osasuna",2000,2001,
"David López Moreno",Spain,"central midfielder, inside forward, winger","Osasuna B",2001,2004,81
"David López Moreno",Spain,"central midfielder, inside forward, winger","Club Atlético Osasuna",2004,2007,102
"David López Moreno",Spain,"central midfielder, inside forward, winger","Athletic Club",2007,2012,144
"David López Moreno",Spain,"central midfielder, inside forward, winger","Brighton & Hove Albion F.C.",2012,2014,71
"David López Moreno",Spain,"central midfielder, inside forward, winger","Club Deportivo Lugo",2014,2016,71
"David López Moreno",Spain,"central midfielder, inside forward, winger","Sociedad Deportiva Huesca",2016,2017,23
"David López Moreno",Spain,"central midfielder, inside forward, winger","UCAM Murcia CF",2017,2018,14
"David López Moreno",Spain,"central midfielder, inside forward, winger","Novelda CF",2018,2019,28
"David López Moreno",Spain,"central midfielder, inside forward, winger","CD Eldense",2019,2021,49
"David López Moreno",Spain,"central midfielder, inside forward, winger","CF Intercity",2019,2019,7
"David López Moreno",Spain,"central midfielder, inside forward, winger","Callosa Deportiva Club de Fútbol",2021,2022,31
"David López Moreno",Spain,"central midfielder, inside forward, winger","Caravaca CF",2022,2023,21
"David May","United Kingdom","centre-back, full-back","Blackburn Rovers F.C.",1988,1994,123
"David May","United Kingdom","centre-back, full-back","Manchester United F.C.",1994,2003,85
"David May","United Kingdom","centre-back, full-back","Huddersfield Town A.F.C.",1999,2000,1
"David May","United Kingdom","centre-back, full-back","Burnley F.C.",2003,2004,35
"David May","United Kingdom","centre-back, full-back","Bacup Borough F.C.",2005,2006,
"David Navarro",Spain,defender,"Valencia CF Mestalla",1999,2003,56
"David Navarro",Spain,defender,"Valencia CF",2002,2011,97
"David Navarro",Spain,defender,"RCD Mallorca",2007,2009,48
"David Navarro",Spain,defender,"Neuchâtel Xamax FCS",2011,2012,16
"David Navarro",Spain,defender,"Levante UD",2012,,
"David Phillips","United Kingdom",midfielder,"Plymouth Argyle F.C.",1981,1984,73
"David Phillips","United Kingdom",midfielder,"Manchester City F.C.",1984,1986,81
"David Phillips","United Kingdom",midfielder,"Coventry City F.C.",1986,1989,100
"David Phillips","United Kingdom",midfielder,"Norwich City F.C.",1989,1993,152
"David Phillips","United Kingdom",midfielder,"Nottingham Forest F.C.",1993,1997,126
"David Phillips","United Kingdom",midfielder,"Huddersfield Town A.F.C.",1997,1999,52
"David Phillips","United Kingdom",midfielder,"Lincoln City F.C.",1999,2000,17
"David Phillips","United Kingdom",midfielder,"Stevenage F.C.",2000,2001,19
"David Pizarro",Chile,midfielder,"Santiago Wanderers",1997,1998,41
"David Pizarro",Chile,midfielder,"Udinese Calcio",1999,2005,126
"David Pizarro",Chile,midfielder,"Club Universidad de Chile",2001,2001,6
"David Pizarro",Chile,midfielder,"Inter Milan",2005,2006,24
"David Pizarro",Chile,midfielder,"AS Roma",2006,2012,148
"David Pizarro",Chile,midfielder,"ACF Fiorentina",2012,2015,83
"David Pizarro",Chile,midfielder,"Manchester City F.C.",2012,2012,5
"David Pizarro",Chile,midfielder,"Santiago Wanderers",2015,2016,9
"David Pizarro",Chile,midfielder,"Club Universidad de Chile",2017,2018,52
"David Platt","United Kingdom",midfielder,"Crewe Alexandra F.C.",1985,1988,134
"David Platt","United Kingdom",midfielder,"Aston Villa F.C.",1988,1991,121
"David Platt","United Kingdom",midfielder,"SSC Bari",1991,1992,29
"David Platt","United Kingdom",midfielder,"Juventus FC",1992,1993,16
"David Platt","United Kingdom",midfielder,"U.C. Sampdoria",1993,1995,55
"David Platt","United Kingdom",midfielder,"Arsenal F.C.",1995,1998,88
"David Platt","United Kingdom",midfielder,"Nottingham Forest F.C.",1999,2001,5
"David Seaman","United Kingdom",goalkeeper,"Leeds United F.C.",1981,1982,0
"David Seaman","United Kingdom",goalkeeper,"Peterborough United F.C.",1982,1984,91
"David Seaman","United Kingdom",goalkeeper,"Birmingham City F.C.",1984,1986,75
"David Seaman","United Kingdom",goalkeeper,"Queens Park Rangers F.C.",1986,1990,141
"David Seaman","United Kingdom",goalkeeper,"Arsenal F.C.",1990,2003,405
"David Seaman","United Kingdom",goalkeeper,"Manchester City F.C.",2003,2004,19
"David Silva",Spain,"wing half","Valencia CF Mestalla",2003,2004,14
"David Silva",Spain,"wing half","Valencia CF",2004,2010,119
"David Silva",Spain,"wing half","SD Eibar",2004,2005,35
"David Silva",Spain,"wing half","RC Celta de Vigo",2005,2006,34
"David Silva",Spain,"wing half","Manchester City F.C.",2010,2020,309
"David Silva",Spain,"wing half","Real Sociedad",2020,2023,74
"David Speedie","United Kingdom",forward,"Barnsley F.C.",1978,1980,23
"David Speedie","United Kingdom",forward,"Darlington F.C.",1980,1982,88
"David Speedie","United Kingdom",forward,"Chelsea F.C.",1982,1987,162
"David Speedie","United Kingdom",forward,"Coventry City F.C.",1987,1991,122
"David Speedie","United Kingdom",forward,"Liverpool F.C.",1991,1991,12
"David Speedie","United Kingdom",forward,"Blackburn Rovers F.C.",1991,1992,36
"David Speedie","United Kingdom",forward,"Southampton F.C.",1992,1993,7
"David Speedie","United Kingdom",forward,"West Bromwich Albion F.C.",1992,1992,10
"David Speedie","United Kingdom",forward,"Birmingham City F.C.",1992,1992,11
"David Speedie","United Kingdom",forward,"Southampton F.C.",1993,1993,11
"David Speedie","United Kingdom",forward,"West Bromwich Albion F.C.",1993,1993,7
"David Speedie","United Kingdom",forward,"West Ham United F.C.",1993,1993,11
"David Speedie","United Kingdom",forward,"Leicester City F.C.",1993,1994,37
"David Speedie","United Kingdom",forward,"Crawley Town F.C.",1994,1995,
"David Speedie","United Kingdom",forward,"Atherstone Town F.C.",1995,1996,
"David Speedie","United Kingdom",forward,"Hendon F.C.",1996,1997,5
"David Speedie","United Kingdom",forward,"Stamford A.F.C.",1997,1999,
"David Speedie","United Kingdom",forward,"Harrow Borough F.C.",1999,2000,
"David Speedie","United Kingdom",forward,"Crook Town A.F.C.",2000,2001,
"David Speedie","United Kingdom",forward,"Darlington Railway Athletic F.C.",2001,,
"David Trezeguet","Argentina, France",forward,"AS Monaco FC",1995,2000,93
"David Trezeguet","Argentina, France",forward,"Juventus FC",2000,2010,245
"David Trezeguet","Argentina, France",forward,"Hércules CF",2010,2011,31
"David Trezeguet","Argentina, France",forward,"Baniyas SC",2011,2011,3
"David Trezeguet","Argentina, France",forward,"Club Atlético River Plate",2012,2014,
"David Trezeguet","Argentina, France",forward,"Newell's Old Boys",2013,2014,24
"David Trezeguet","Argentina, France",forward,"FC Pune City",2014,2014,9
"David Unsworth","United Kingdom","centre-back, full-back","Everton F.C.",1992,1997,116
"David Unsworth","United Kingdom","centre-back, full-back","West Ham United F.C.",1997,1998,32
"David Unsworth","United Kingdom","centre-back, full-back","Aston Villa F.C.",1998,1998,0
"David Unsworth","United Kingdom","centre-back, full-back","Everton F.C.",1998,2004,188
"David Unsworth","United Kingdom","centre-back, full-back","Portsmouth F.C.",2004,2005,15
"David Unsworth","United Kingdom","centre-back, full-back","Sheffield United F.C.",2005,2007,39
"David Unsworth","United Kingdom","centre-back, full-back","Ipswich Town F.C.",2005,2005,16
"David Unsworth","United Kingdom","centre-back, full-back","Wigan Athletic F.C.",2007,2007,10
"David Unsworth","United Kingdom","centre-back, full-back","Burnley F.C.",2007,2008,29
"David Unsworth","United Kingdom","centre-back, full-back","Huddersfield Town A.F.C.",2008,2009,4
"David Villa",Spain,forward,"Sporting de Gijón B",2000,2001,36
"David Villa",Spain,forward,"Sporting de Gijón",2001,2003,80
"David Villa",Spain,forward,"Real Zaragoza",2003,2005,73
"David Villa",Spain,forward,"Valencia CF",2005,2010,166
"David Villa",Spain,forward,"Atlético Madrid",2013,2014,36
"David Villa",Spain,forward,"New York City FC",2014,2018,124
"David Villa",Spain,forward,"Melbourne City FC",2014,2014,4
"David Villa",Spain,forward,"Vissel Kobe",2019,2020,28
"David Weir","United Kingdom","centre-back, defender","Falkirk F.C.",1992,1996,133
"David Weir","United Kingdom","centre-back, defender","Heart of Midlothian F.C.",1996,1999,76
"David Weir","United Kingdom","centre-back, defender","Everton F.C.",1999,2007,235
"David Weir","United Kingdom","centre-back, defender","Rangers F.C.",2007,2012,162
"David de Gea",Spain,goalkeeper,"Atlético Madrid B",2008,2009,35
"David de Gea",Spain,goalkeeper,"Atlético Madrid",2009,2011,57
"David de Gea",Spain,goalkeeper,"Manchester United F.C.",2011,2023,415
"David de Gea",Spain,goalkeeper,"ACF Fiorentina",2024,,64
"Davide Calabria",Italy,full-back,"AC Milan",2014,2025,210
"Davide Calabria",Italy,full-back,"Bologna F.C. 1909",2025,2025,11
"Davide Fontolan",Italy,midfielder,"A.C. Legnano",1982,1986,67
"Davide Fontolan",Italy,midfielder,"Parma Calcio 1913",1986,1987,31
"Davide Fontolan",Italy,midfielder,"Udinese Calcio",1987,1988,25
"Davide Fontolan",Italy,midfielder,"Genoa CFC",1988,1990,67
"Davide Fontolan",Italy,midfielder,"Inter Milan",1990,1996,127
"Davide Fontolan",Italy,midfielder,"Bologna F.C. 1909",1996,2000,82
"Davide Fontolan",Italy,midfielder,"Cagliari Calcio",2000,2001,9
"Davide Santon",Italy,full-back,"Inter Milan",2008,2011,40
"Davide Santon",Italy,full-back,"Newcastle United F.C.",2011,2015,82
"Davide Santon",Italy,full-back,"AC Cesena",2011,2011,11
"Davide Santon",Italy,full-back,"Inter Milan",2015,2015,9
"Davor Šuker","Socialist Federal Republic of Yugoslavia, Croatia",forward,"NK Osijek",1984,1989,91
"Davor Šuker","Socialist Federal Republic of Yugoslavia, Croatia",forward,"GNK Dinamo Zagreb",1989,1991,60
"Davor Šuker","Socialist Federal Republic of Yugoslavia, Croatia",forward,"Sevilla FC",1991,1996,153
"Davor Šuker","Socialist Federal Republic of Yugoslavia, Croatia",forward,"Real Madrid Club de Fútbol",1996,1999,86
"Davor Šuker","Socialist Federal Republic of Yugoslavia, Croatia",forward,"Arsenal F.C.",1999,2000,22
"Davor Šuker","Socialist Federal Republic of Yugoslavia, Croatia",forward,"West Ham United F.C.",2000,2001,11
"Davor Šuker","Socialist Federal Republic of Yugoslavia, Croatia",forward,"TSV 1860 München",2001,2003,25
"Dean Austin","United Kingdom",defender,"St Albans City F.C.",1989,1990,75
"Dean Austin","United Kingdom",defender,"Southend United F.C.",1990,1992,96
"Dean Austin","United Kingdom",defender,"Tottenham Hotspur F.C.",1992,1998,124
"Dean Austin","United Kingdom",defender,"Crystal Palace F.C.",1998,2002,142
"Dean Austin","United Kingdom",defender,"Woking F.C.",2002,2003,17
"Declan Rice","United Kingdom","defensive midfielder","West Ham United F.C.",2015,2023,204
"Declan Rice","United Kingdom","defensive midfielder","Arsenal F.C.",2023,,109
Deco,"Brazil, Portugal",midfielder,"Nacional Atlético Clube",1995,1996,
Deco,"Brazil, Portugal",midfielder,"S.C. Corinthians Paulista",1996,1997,2
Deco,"Brazil, Portugal",midfielder,"S.L. Benfica",1997,1998,0
Deco,"Brazil, Portugal",midfielder,"F.C. Alverca",1997,1998,32
Deco,"Brazil, Portugal",midfielder,"Centro Sportivo Alagoano",1997,1997,0
Deco,"Brazil, Portugal",midfielder,"S.C. Salgueiros",1998,1999,12
Deco,"Brazil, Portugal",midfielder,"FC Porto",1999,2004,154
Deco,"Brazil, Portugal",midfielder,"Chelsea F.C.",2008,2010,42
Deco,"Brazil, Portugal",midfielder,"Fluminense F.C.",2010,2013,56
"Dedê","Germany, Brazil",full-back,"Clube Atlético Mineiro",1996,1998,36
"Dedê","Germany, Brazil",full-back,"Borussia Dortmund",1998,2011,322
"Dedê","Germany, Brazil",full-back,"Eskişehirspor",2011,2014,75
"Dejan Lovren",Croatia,centre-back,"GNK Dinamo Zagreb",2006,2009,37
"Dejan Lovren",Croatia,centre-back,"NK Inter Zaprešić",2006,2008,50
"Dejan Lovren",Croatia,centre-back,"Olympique Lyonnais",2010,2013,72
"Dejan Lovren",Croatia,centre-back,"Southampton F.C.",2013,2014,31
"Dejan Lovren",Croatia,centre-back,"Liverpool F.C.",2014,2020,131
"Dejan Lovren",Croatia,centre-back,"FC Zenit Saint Petersburg",2020,2023,50
"Dejan Lovren",Croatia,centre-back,"Olympique Lyonnais",2023,2024,27
"Dejan Savićević",Montenegro,midfielder,"FK Budućnost Podgorica",1983,1988,131
"Dejan Savićević",Montenegro,midfielder,"FK Crvena zvezda",1988,1992,72
"Dejan Savićević",Montenegro,midfielder,"AC Milan",1992,1998,97
"Dejan Savićević",Montenegro,midfielder,"SK Rapid Wien",1999,2001,44
"Dejan Savićević",Montenegro,midfielder,"FK Crvena zvezda",1999,1999,3
"Dejan Stanković","Serbia and Montenegro, Federal Republic of Yugoslavia, Socialist Federal Republic of Yugoslavia, Serbia",midfielder,"FK Crvena zvezda",1995,1998,85
"Dejan Stanković","Serbia and Montenegro, Federal Republic of Yugoslavia, Socialist Federal Republic of Yugoslavia, Serbia",midfielder,"SS Lazio",1998,2004,137
"Dejan Stanković","Serbia and Montenegro, Federal Republic of Yugoslavia, Socialist Federal Republic of Yugoslavia, Serbia",midfielder,"Inter Milan",2004,2013,231
"Dele Alli","United Kingdom",midfielder,"Milton Keynes Dons F.C.",2011,2015,62
"Dele Alli","United Kingdom",midfielder,"Tottenham Hotspur F.C.",2015,2022,181
"Dele Alli","United Kingdom",midfielder,"Milton Keynes Dons F.C.",2015,2015,12
"Dele Alli","United Kingdom",midfielder,"Beşiktaş J.K. (Football)",2022,2023,13
"Dele Alli","United Kingdom",midfielder,"Everton F.C.",2022,2024,13
"Dele Alli","United Kingdom",midfielder,"Como 1907",2025,2025,1
"Delfí Geli",Spain,defender,"Girona FC",1987,1989,30
"Delfí Geli",Spain,defender,"FC Barcelona Atlètic",1989,1991,65
"Delfí Geli",Spain,defender,"Albacete Balompié",1991,1992,32
"Delfí Geli",Spain,defender,"Albacete Balompié",1992,1994,71
"Delfí Geli",Spain,defender,"Atlético Madrid",1994,1999,139
"Delfí Geli",Spain,defender,"Albacete Balompié",1999,2000,23
"Delfí Geli",Spain,defender,"Deportivo Alavés",2000,2003,100
"Delfí Geli",Spain,defender,"Girona FC",2003,2005,60
"Demetrio Albertini",Italy,midfielder,"AC Milan",1988,2002,293
"Demetrio Albertini",Italy,midfielder,"Calcio Padova",1990,1991,28
"Demetrio Albertini",Italy,midfielder,"Atlético Madrid",2002,2003,28
"Demetrio Albertini",Italy,midfielder,"SS Lazio",2003,2004,23
"Demetrio Albertini",Italy,midfielder,"Atalanta BC",2004,2005,14
"Denis Irwin",Ireland,full-back,"Leeds United F.C.",1983,1986,72
"Denis Irwin",Ireland,full-back,"Oldham Athletic A.F.C.",1986,1990,167
"Denis Irwin",Ireland,full-back,"Manchester United F.C.",1990,2002,368
"Denis Irwin",Ireland,full-back,"Wolverhampton Wanderers F.C.",2002,2004,75
"Dennis Bergkamp","Kingdom of the Netherlands",forward,"AFC Ajax",1986,1993,185
"Dennis Bergkamp","Kingdom of the Netherlands",forward,"Inter Milan",1993,1995,52
"Dennis Bergkamp","Kingdom of the Netherlands",forward,"Arsenal F.C.",1995,2006,315
"Dennis Wise","United Kingdom",midfielder,"Wimbledon F.C.",1985,1990,135
"Dennis Wise","United Kingdom",midfielder,"Grebbestads IF",1985,1985,10
"Dennis Wise","United Kingdom",midfielder,"Chelsea F.C.",1990,2001,332
"Dennis Wise","United Kingdom",midfielder,"Leicester City F.C.",2001,2002,17
"Dennis Wise","United Kingdom",midfielder,"Millwall F.C.",2002,2005,85
"Dennis Wise","United Kingdom",midfielder,"Southampton F.C.",2005,2006,11
"Dennis Wise","United Kingdom",midfielder,"Coventry City F.C.",2006,2006,13
"Denzel Dumfries","Kingdom of the Netherlands",full-back,"Sparta Rotterdam",2014,2017,67
"Denzel Dumfries","Kingdom of the Netherlands",full-back,"SC Heerenveen",2017,2018,33
"Denzel Dumfries","Kingdom of the Netherlands",full-back,"PSV Eindhoven",2018,2021,89
"Denzel Dumfries","Kingdom of the Netherlands",full-back,"Inter Milan",2021,,147
"Denílson Pereira Neves",Brazil,midfielder,"São Paulo FC",2005,2006,13
"Denílson Pereira Neves",Brazil,midfielder,"Arsenal F.C.",2006,2013,96
"Denílson Pereira Neves",Brazil,midfielder,"São Paulo FC",2011,2013,45
"Denílson Pereira Neves",Brazil,midfielder,"São Paulo FC",2013,2015,93
"Denílson Pereira Neves",Brazil,midfielder,"Al-Wahda S.C.C.",2015,,
Dida,"Brazil, Italy",goalkeeper,"E.C. Vitória",1992,1993,24
Dida,"Brazil, Italy",goalkeeper,"Cruzeiro E.C.",1994,1998,120
Dida,"Brazil, Italy",goalkeeper,"FC Lugano",1998,1999,0
Dida,"Brazil, Italy",goalkeeper,"S.C. Corinthians Paulista",1999,2000,24
Dida,"Brazil, Italy",goalkeeper,"AC Milan",2000,2010,206
Dida,"Brazil, Italy",goalkeeper,"S.C. Corinthians Paulista",2001,2002,8
Dida,"Brazil, Italy",goalkeeper,"Associação Portuguesa de Desportos",2012,2012,32
Dida,"Brazil, Italy",goalkeeper,"Grêmio FBPA",2013,2013,37
Dida,"Brazil, Italy",goalkeeper,"S.C. Internacional",2014,2015,27
"Didier Deschamps",France,midfielder,"FC Nantes",1985,1989,111
"Didier Deschamps",France,midfielder,"Olympique de Marseille",1989,1994,123
"Didier Deschamps",France,midfielder,"FC Girondins de Bordeaux",1990,1991,29
"Didier Deschamps",France,midfielder,"Juventus FC",1994,1999,124
"Didier Deschamps",France,midfielder,"Chelsea F.C.",1999,2000,27
"Didier Deschamps",France,midfielder,"Valencia CF",2000,2001,13
"Didier Drogba","Ivory Coast, France",forward,"Le Mans F.C.",1998,2002,64
"Didier Drogba","Ivory Coast, France",forward,"En Avant de Guingamp",2002,2003,45
"Didier Drogba","Ivory Coast, France",forward,"Olympique de Marseille",2003,2004,35
"Didier Drogba","Ivory Coast, France",forward,"Chelsea F.C.",2004,2012,226
"Didier Drogba","Ivory Coast, France",forward,"Shanghai Shenhua F.C.",2012,2013,11
"Didier Drogba","Ivory Coast, France",forward,"Galatasaray S.K.",2013,2014,37
"Didier Drogba","Ivory Coast, France",forward,"Chelsea F.C.",2014,2015,28
"Didier Drogba","Ivory Coast, France",forward,"CF Montréal",2015,2016,39
"Didier Drogba","Ivory Coast, France",forward,"Phoenix Rising FC",2017,2018,26
"Didier Zokora","Ivory Coast",midfielder,"ASEC Mimosas",1999,2000,10
"Didier Zokora","Ivory Coast",midfielder,"K.R.C. Genk",2000,2004,122
"Didier Zokora","Ivory Coast",midfielder,"AS Saint-Étienne",2004,2006,66
"Didier Zokora","Ivory Coast",midfielder,"Tottenham Hotspur F.C.",2006,2009,88
"Didier Zokora","Ivory Coast",midfielder,"Sevilla FC",2009,2011,49
"Didier Zokora","Ivory Coast",midfielder,Trabzonspor,2011,2014,78
"Didier Zokora","Ivory Coast",midfielder,"Akhisar Belediyespor",2014,2015,25
"Didier Zokora","Ivory Coast",midfielder,"FC Pune City",2015,,
"Diego Alves","Brazil, Italy",goalkeeper,"Clube Atlético Mineiro",2004,2007,38
"Diego Alves","Brazil, Italy",goalkeeper,"Unión Deportiva Almería",2007,2011,123
"Diego Alves","Brazil, Italy",goalkeeper,"Valencia CF",2011,2017,146
"Diego Alves","Brazil, Italy",goalkeeper,"Clube de Regatas do Flamengo",2017,2022,115
"Diego Alves","Brazil, Italy",goalkeeper,"RC Celta de Vigo",2023,2023,0
"Diego Capel",Spain,"wing half","Sevilla FC",2004,2011,126
"Diego Capel",Spain,"wing half","Sevilla Atlético",2004,2007,84
"Diego Capel",Spain,"wing half","Sporting CP",2011,2015,99
"Diego Capel",Spain,"wing half","Genoa CFC",2015,,
"Diego Costa","Brazil, Spain",forward,"F.C. Penafiel",2006,2006,13
"Diego Costa","Brazil, Spain",forward,"S.C. Braga",2006,2006,2
"Diego Costa","Brazil, Spain",forward,"S.C. Braga",2007,2007,6
"Diego Costa","Brazil, Spain",forward,"Atlético Madrid",2007,2009,0
"Diego Costa","Brazil, Spain",forward,"RC Celta de Vigo",2007,2008,30
"Diego Costa","Brazil, Spain",forward,"Albacete Balompié",2008,2009,35
"Diego Costa","Brazil, Spain",forward,"Real Valladolid",2009,2010,36
"Diego Costa","Brazil, Spain",forward,"Atlético Madrid",2010,2014,94
"Diego Costa","Brazil, Spain",forward,"Rayo Vallecano",2012,2012,16
"Diego Costa","Brazil, Spain",forward,"Chelsea F.C.",2014,2017,89
"Diego Costa","Brazil, Spain",forward,"Atlético Madrid",2017,2020,61
"Diego Costa","Brazil, Spain",forward,"Clube Atlético Mineiro",2021,2021,15
"Diego Costa","Brazil, Spain",forward,"Wolverhampton Wanderers F.C.",2022,2023,23
"Diego Costa","Brazil, Spain",forward,"Botafogo F.R.",2023,2024,12
"Diego Costa","Brazil, Spain",forward,"Grêmio FBPA",2024,2024,20
"Diego Forlán","Uruguay, Spain",forward,"Club Atlético Independiente",1997,2002,80
"Diego Forlán","Uruguay, Spain",forward,"Manchester United F.C.",2002,2004,63
"Diego Forlán","Uruguay, Spain",forward,"Villarreal CF",2004,2007,106
"Diego Forlán","Uruguay, Spain",forward,"Atlético Madrid",2007,2011,134
"Diego Forlán","Uruguay, Spain",forward,"Inter Milan",2011,2012,18
"Diego Forlán","Uruguay, Spain",forward,"S.C. Internacional",2012,2014,34
"Diego Forlán","Uruguay, Spain",forward,"Cerezo Osaka",2014,2015,42
"Diego Forlán","Uruguay, Spain",forward,"Club Atlético Peñarol",2015,,
"Diego Godín",Uruguay,centre-back,"C.A. Cerro",2003,2006,63
"Diego Godín",Uruguay,centre-back,"Club Nacional de Football",2006,2007,26
"Diego Godín",Uruguay,centre-back,"Villarreal CF",2007,2010,91
"Diego Godín",Uruguay,centre-back,"Atlético Madrid",2010,2019,277
"Diego Godín",Uruguay,centre-back,"Inter Milan",2019,2020,23
"Diego Godín",Uruguay,centre-back,"Cagliari Calcio",2020,2022,39
"Diego Godín",Uruguay,centre-back,"Club Atlético Vélez Sarsfield",2022,2023,18
"Diego Godín",Uruguay,centre-back,"Clube Atlético Mineiro",2022,2022,1
"Diego Godín",Uruguay,centre-back,Q8343694,2024,2024,14
"Diego López",Spain,goalkeeper,"Club Deportivo Lugo",1999,2000,2
"Diego López",Spain,goalkeeper,"Real Madrid C",2000,2003,41
"Diego López",Spain,goalkeeper,"AD Alcorcón",2001,2002,0
"Diego López",Spain,goalkeeper,"Real Madrid Club de Fútbol",2005,2007,2
"Diego López",Spain,goalkeeper,"Villarreal CF",2007,2012,171
"Diego López",Spain,goalkeeper,"Sevilla FC",2012,2013,8
"Diego López",Spain,goalkeeper,"Real Madrid Club de Fútbol",2013,2014,52
"Diego López",Spain,goalkeeper,"AC Milan",2014,,
"Diego Maradona",Argentina,"midfielder, forward","Argentinos Juniors",1976,1981,166
"Diego Maradona",Argentina,"midfielder, forward","SSC Napoli",1984,1991,188
"Diego Maradona",Argentina,"midfielder, forward","Sevilla FC",1992,1993,26
"Diego Maradona",Argentina,"midfielder, forward","Newell's Old Boys",1993,1994,5
"Diego Milito",Argentina,forward,"Racing Club",1999,2003,137
"Diego Milito",Argentina,forward,"Genoa CFC",2003,2005,59
"Diego Milito",Argentina,forward,"Real Zaragoza",2005,2008,108
"Diego Milito",Argentina,forward,"Genoa CFC",2008,2009,31
"Diego Milito",Argentina,forward,"Inter Milan",2009,2014,128
"Diego Milito",Argentina,forward,"Racing Club",2014,2016,49
"Diego Perotti",Argentina,forward,"Club Deportivo Morón",2006,2007,72
"Diego Perotti",Argentina,forward,"Sevilla Atlético",2007,2009,52
"Diego Perotti",Argentina,forward,"Sevilla FC",2009,2014,117
"Diego Perotti",Argentina,forward,"Genoa CFC",2014,2016,43
"Diego Perotti",Argentina,forward,"AS Roma",2016,2016,5
"Diego Rodríguez Fernández",Spain,defender,"C.D. Tenerife",1978,1982,68
"Diego Rodríguez Fernández",Spain,defender,"Real Betis Balompié",1982,1988,198
"Diego Rodríguez Fernández",Spain,defender,"Sevilla FC",1988,1996,252
"Diego Rodríguez Fernández",Spain,defender,"Albacete Balompié",1996,1998,46
"Diego Rodríguez Fernández",Spain,defender,"Dos Hermanas CF",1998,2002,110
"Diego Simeone",Argentina,midfielder,"Club Atlético Vélez Sarsfield",1987,1990,76
"Diego Simeone",Argentina,midfielder,"Pisa SC",1990,1992,55
"Diego Simeone",Argentina,midfielder,"Sevilla FC",1992,1994,64
"Diego Simeone",Argentina,midfielder,"Atlético Madrid",1994,1997,98
"Diego Simeone",Argentina,midfielder,"Inter Milan",1997,1999,57
"Diego Simeone",Argentina,midfielder,"SS Lazio",1999,2003,90
"Diego Simeone",Argentina,midfielder,"Atlético Madrid",2003,2005,36
"Diego Simeone",Argentina,midfielder,"Racing Club",2005,2006,37
"Dietmar Hamann",Germany,midfielder,"FC Bayern Munich",1993,1998,105
"Dietmar Hamann",Germany,midfielder,"Newcastle United F.C.",1998,1999,23
"Dietmar Hamann",Germany,midfielder,"Liverpool F.C.",1999,2006,191
"Dietmar Hamann",Germany,midfielder,"Bolton Wanderers F.C.",2006,2006,0
"Dietmar Hamann",Germany,midfielder,"Manchester City F.C.",2006,2009,54
"Dietmar Hamann",Germany,midfielder,"Milton Keynes Dons F.C.",2010,2011,12
"Dimitar Berbatov",Bulgaria,forward,"PFC CSKA Sofia",1998,2001,49
"Dimitar Berbatov",Bulgaria,forward,"PFC Pirin Blagoevgrad",1998,1998,9
"Dimitar Berbatov",Bulgaria,forward,"Bayer 04 Leverkusen",2001,2001,7
"Dimitar Berbatov",Bulgaria,forward,"Tottenham Hotspur F.C.",2006,2008,70
"Dimitar Berbatov",Bulgaria,forward,"Manchester United F.C.",2008,2012,108
"Dimitar Berbatov",Bulgaria,forward,"Fulham F.C.",2012,2014,51
"Dimitar Berbatov",Bulgaria,forward,"AS Monaco FC",2014,2015,38
"Dimitar Berbatov",Bulgaria,forward,"Kerala Blasters FC",2017,2018,9
"Diogo Jota",Portugal,"forward, winger","F.C. Paços de Ferreira",2014,2016,41
"Diogo Jota",Portugal,"forward, winger","FC Porto",2016,2017,27
"Diogo Jota",Portugal,"forward, winger","Atlético Madrid",2016,2018,0
"Diogo Jota",Portugal,"forward, winger","Wolverhampton Wanderers F.C.",2018,2020,67
"Diogo Jota",Portugal,"forward, winger","Liverpool F.C.",2020,2025,123
"Dirk Kuyt","Kingdom of the Netherlands","wing half","FC Utrecht",1998,2003,160
"Dirk Kuyt","Kingdom of the Netherlands","wing half","Feyenoord Rotterdam",2003,2006,101
"Dirk Kuyt","Kingdom of the Netherlands","wing half","Liverpool F.C.",2006,2012,208
"Dirk Kuyt","Kingdom of the Netherlands","wing half","Fenerbahçe Istanbul",2012,2015,95
"Dirk Kuyt","Kingdom of the Netherlands","wing half","Feyenoord Rotterdam",2015,2017,63
"Dirk Kuyt","Kingdom of the Netherlands","wing half","Quick Boys",2018,2018,3
"Divock Origi kolman",Belgium,forward,"K.R.C. Zuid-West-Vlaanderen",1999,2001,
"Divock Origi kolman",Belgium,forward,"K.R.C. Genk",2001,2010,
"Divock Origi kolman",Belgium,forward,"Lille OSC",2010,2012,
"Divock Origi kolman",Belgium,forward,"Lille OSC",2012,2014,40
"Divock Origi kolman",Belgium,forward,"Liverpool F.C.",2014,2022,107
"Divock Origi kolman",Belgium,forward,"Lille OSC",2014,2015,33
"Divock Origi kolman",Belgium,forward,"VfL Wolfsburg",2017,2018,31
"Divock Origi kolman",Belgium,forward,"AC Milan",2022,2025,27
"Divock Origi kolman",Belgium,forward,"Nottingham Forest F.C.",2023,2024,20
"Djimi Traoré","Mali, France",defender,"Stade Lavallois",1997,1999,5
"Djimi Traoré","Mali, France",defender,"Liverpool F.C.",1999,2006,88
"Djimi Traoré","Mali, France",defender,"R.C. Lens",2001,2002,19
"Djimi Traoré","Mali, France",defender,"Charlton Athletic F.C.",2006,2007,11
"Djimi Traoré","Mali, France",defender,"Portsmouth F.C.",2007,2009,13
"Djimi Traoré","Mali, France",defender,"Stade Rennais F.C.",2008,2008,15
"Djimi Traoré","Mali, France",defender,"AS Monaco FC",2009,2011,36
"Djimi Traoré","Mali, France",defender,"Birmingham City F.C.",2009,2009,3
"Djimi Traoré","Mali, France",defender,"Olympique de Marseille",2011,2012,11
"Djimi Traoré","Mali, France",defender,"Seattle Sounders FC",2013,2014,42
"Dmitri Kharine","Soviet Union, Russia",goalkeeper,"FC Torpedo Moscow",1982,1987,63
"Dmitri Kharine","Soviet Union, Russia",goalkeeper,"FC Dinamo Moscow",1988,1991,40
"Dmitri Kharine","Soviet Union, Russia",goalkeeper,"PFC CSKA Moscow",1991,1992,34
"Dmitri Kharine","Soviet Union, Russia",goalkeeper,"Chelsea F.C.",1992,1999,118
"Dmitri Kharine","Soviet Union, Russia",goalkeeper,"Celtic F.C.",1999,2002,11
"Dmitri Kharine","Soviet Union, Russia",goalkeeper,"Hornchurch F.C.",2002,2004,23
"Dominic Matteo","United Kingdom",full-back,"Liverpool F.C.",1992,2000,129
"Dominic Matteo","United Kingdom",full-back,"Sunderland A.F.C.",1995,1995,1
"Dominic Matteo","United Kingdom",full-back,"Leeds United F.C.",2000,2004,115
"Dominic Matteo","United Kingdom",full-back,"Blackburn Rovers F.C.",2004,2007,34
"Dominic Matteo","United Kingdom",full-back,"Stoke City F.C.",2007,2009,23
"Dominik Szoboszlai",Hungary,midfielder,"FC Liefering",2017,2018,42
"Dominik Szoboszlai",Hungary,midfielder,"FC Red Bull Salzburg",2018,2023,56
"Dominik Szoboszlai",Hungary,midfielder,"Liverpool F.C.",2023,,97
"Donato Gama da Silveira",Brazil,defender,"America Football Club",1982,1984,36
"Donato Gama da Silveira",Brazil,defender,"CR Vasco da Gama",1984,1988,49
"Donato Gama da Silveira",Brazil,defender,"Atlético Madrid",1988,1993,163
"Donato Gama da Silveira",Brazil,defender,"Deportivo de La Coruña",1993,2003,303
Doni,Brazil,goalkeeper,"Botafogo Futebol Clube",2001,2001,0
Doni,Brazil,goalkeeper,"S.C. Corinthians Paulista",2001,2003,59
Doni,Brazil,goalkeeper,"Cruzeiro E.C.",2004,2005,6
Doni,Brazil,goalkeeper,"Santos F.C.",2004,2004,0
Doni,Brazil,goalkeeper,"AS Roma",2005,2011,147
Doni,Brazil,goalkeeper,"Esporte Clube Juventude",2005,2005,20
Doni,Brazil,goalkeeper,"Liverpool F.C.",2011,2013,4
Doni,Brazil,goalkeeper,"Botafogo Futebol Clube",2013,2013,0
"Donyell Malen","Kingdom of the Netherlands",forward,"Jong PSV",2017,2018,22
"Donyell Malen","Kingdom of the Netherlands",forward,"PSV Eindhoven",2018,2021,81
"Donyell Malen","Kingdom of the Netherlands",forward,"Borussia Dortmund",2021,2025,94
"Donyell Malen","Kingdom of the Netherlands",forward,"Aston Villa F.C.",2025,,35
"Donyell Malen","Kingdom of the Netherlands",forward,"AS Roma",2026,,17
"Dries Mertens",Belgium,"wing half","SC Eendracht Aalst",2005,2006,14
"Dries Mertens",Belgium,"wing half","KAA Gent",2005,2006,0
"Dries Mertens",Belgium,"wing half","AGOVV Apeldoorn",2006,2009,108
"Dries Mertens",Belgium,"wing half","FC Utrecht",2009,2011,69
"Dries Mertens",Belgium,"wing half","PSV Eindhoven",2011,2013,62
"Dries Mertens",Belgium,"wing half","SSC Napoli",2013,2022,295
"Dries Mertens",Belgium,"wing half","Galatasaray S.K.",2022,2025,100
"Duncan Ferguson","United Kingdom",forward,"Dundee United F.C.",1990,1993,77
"Duncan Ferguson","United Kingdom",forward,"Rangers F.C.",1993,1994,14
"Duncan Ferguson","United Kingdom",forward,"Everton F.C.",1994,1994,9
"Duncan Ferguson","United Kingdom",forward,"Newcastle United F.C.",1998,2000,30
"Duncan Ferguson","United Kingdom",forward,"Everton F.C.",2000,2006,123
"Dušan Vlahović",Serbia,forward,"FK Partizan",2016,2018,21
"Dušan Vlahović",Serbia,forward,"ACF Fiorentina",2018,2022,98
"Dušan Vlahović",Serbia,forward,"Juventus FC",2022,,115
"Dwight Yorke","Trinidad and Tobago",forward,"Aston Villa F.C.",1989,1998,232
"Dwight Yorke","Trinidad and Tobago",forward,"Manchester United F.C.",1998,2002,96
"Dwight Yorke","Trinidad and Tobago",forward,"Blackburn Rovers F.C.",2002,2004,60
"Dwight Yorke","Trinidad and Tobago",forward,"Birmingham City F.C.",2004,2005,13
"Dwight Yorke","Trinidad and Tobago",forward,"Sydney FC",2005,2006,21
"Dwight Yorke","Trinidad and Tobago",forward,"Sunderland A.F.C.",2006,2009,59
"Dwight Yorke","Trinidad and Tobago",forward,"Tobago United F.C.",2009,2010,0
"EL KÁISER ESPAÑOL",Spain,centre-back,"Real Sociedad B",2009,2011,54
"EL KÁISER ESPAÑOL",Spain,centre-back,"Real Sociedad",2011,2018,205
"EL KÁISER ESPAÑOL",Spain,centre-back,"Athletic Club",2018,2023,152
"EL KÁISER ESPAÑOL",Spain,centre-back,Al-Nassr,2025,,0
"Ebi Smolarek",Poland,"wing half","Feyenoord Rotterdam",2000,2005,68
"Ebi Smolarek",Poland,"wing half","Borussia Dortmund",2005,2007,81
"Ebi Smolarek",Poland,"wing half","Racing de Santander",2007,2009,34
"Ebi Smolarek",Poland,"wing half","Bolton Wanderers F.C.",2008,2009,12
"Ebi Smolarek",Poland,"wing half","Polonia Warsaw",2010,2011,23
"Ebi Smolarek",Poland,"wing half","Al-Khor Sports Club",2011,2012,10
"Ebi Smolarek",Poland,"wing half","Jagiellonia Białystok",2012,2013,20
"Ebi Smolarek",Poland,"wing half","ADO Den Haag",2012,2012,12
"Ed de Goey","Kingdom of the Netherlands",goalkeeper,"Sparta Rotterdam",1985,1990,145
"Ed de Goey","Kingdom of the Netherlands",goalkeeper,"Feyenoord Rotterdam",1990,1997,235
"Ed de Goey","Kingdom of the Netherlands",goalkeeper,"Chelsea F.C.",1997,2003,123
"Ed de Goey","Kingdom of the Netherlands",goalkeeper,"Stoke City F.C.",2003,2006,56
"Eddie Newton","United Kingdom","wing half","Chelsea F.C.",1990,1999,165
"Eddie Newton","United Kingdom","wing half","Cardiff City F.C.",1992,1992,18
"Eddie Newton","United Kingdom","wing half","Birmingham City F.C.",1999,2000,4
"Eddie Newton","United Kingdom","wing half","Hayes F.C.",2000,2001,6
"Eddie Newton","United Kingdom","wing half","Oxford United F.C.",2000,2000,7
"Eddie Newton","United Kingdom","wing half","Barnet F.C.",2000,2000,4
"Eden Hazard",Belgium,winger,"Lille OSC",2007,2012,147
"Eden Hazard",Belgium,winger,"Chelsea F.C.",2012,2019,245
"Eden Hazard",Belgium,winger,"Real Madrid Club de Fútbol",2019,2023,54
"Ederson Santana de Moraes","Brazil, Portugal",goalkeeper,"G.D. Ribeirão",2011,2012,29
"Ederson Santana de Moraes","Brazil, Portugal",goalkeeper,"Rio Ave F.C.",2012,2015,37
"Ederson Santana de Moraes","Brazil, Portugal",goalkeeper,"S.L. Benfica",2015,2017,37
"Ederson Santana de Moraes","Brazil, Portugal",goalkeeper,"S.L. Benfica B",2015,2015,4
"Ederson Santana de Moraes","Brazil, Portugal",goalkeeper,"Manchester City F.C.",2017,2025,276
"Ederson Santana de Moraes","Brazil, Portugal",goalkeeper,"Fenerbahçe Istanbul",2025,,0
"Edgar Davids","Kingdom of the Netherlands",midfielder,"AFC Ajax",1991,1996,106
"Edgar Davids","Kingdom of the Netherlands",midfielder,"AC Milan",1996,1997,19
"Edgar Davids","Kingdom of the Netherlands",midfielder,"Juventus FC",1997,2004,159
"Edgar Davids","Kingdom of the Netherlands",midfielder,"Inter Milan",2004,2005,14
"Edgar Davids","Kingdom of the Netherlands",midfielder,"Tottenham Hotspur F.C.",2005,2007,40
"Edgar Davids","Kingdom of the Netherlands",midfielder,"AFC Ajax",2007,2008,25
"Edgar Davids","Kingdom of the Netherlands",midfielder,"Crystal Palace F.C.",2010,2010,6
"Edgar Davids","Kingdom of the Netherlands",midfielder,"Barnet F.C.",2012,2014,36
"Edin Džeko","Bosnia and Herzegovina",forward,"F.K. Željezničar Sarajevo",2003,2005,40
"Edin Džeko","Bosnia and Herzegovina",forward,"FK Ústí nad Labem",2005,2005,15
"Edin Džeko","Bosnia and Herzegovina",forward,"FK Teplice",2005,2007,43
"Edin Džeko","Bosnia and Herzegovina",forward,"VfL Wolfsburg",2007,2011,111
"Edin Džeko","Bosnia and Herzegovina",forward,"Manchester City F.C.",2011,2016,130
"Edin Džeko","Bosnia and Herzegovina",forward,"AS Roma",2015,2016,31
"Edin Džeko","Bosnia and Herzegovina",forward,"AS Roma",2016,2021,168
"Edin Džeko","Bosnia and Herzegovina",forward,"Inter Milan",2021,2023,69
"Edin Džeko","Bosnia and Herzegovina",forward,"Fenerbahçe Istanbul",2023,2025,71
"Edin Džeko","Bosnia and Herzegovina",forward,"ACF Fiorentina",2025,2026,11
"Edin Džeko","Bosnia and Herzegovina",forward,"Schalke 04",2026,,11
"Edinson Cavani",Uruguay,forward,"Danubio F.C.",2005,2007,25
"Edinson Cavani",Uruguay,forward,"Palermo F.C.",2007,2010,109
"Edinson Cavani",Uruguay,forward,"SSC Napoli",2010,2013,138
"Edinson Cavani",Uruguay,forward,"Paris Saint-Germain FC",2013,2020,200
"Edinson Cavani",Uruguay,forward,"Manchester United F.C.",2020,2022,41
"Edinson Cavani",Uruguay,forward,"Valencia CF",2022,2023,25
Edu,"Brazil, Portugal","midfielder, central midfielder, attacking midfielder","S.C. Corinthians Paulista",1998,2001,23
Edu,"Brazil, Portugal","midfielder, central midfielder, attacking midfielder","Arsenal F.C.",2001,2005,100
Edu,"Brazil, Portugal","midfielder, central midfielder, attacking midfielder","Valencia CF",2005,2009,50
Edu,"Brazil, Portugal","midfielder, central midfielder, attacking midfielder","S.C. Corinthians Paulista",2009,2010,11
"Eduardo Estíbariz",Spain,full-back,"CD Aurrerá de Vitoria",1984,1985,
"Eduardo Estíbariz",Spain,full-back,"Deportivo Alavés",1985,1987,51
"Eduardo Estíbariz",Spain,full-back,"Sestao Sport Club",1987,1989,42
"Eduardo Estíbariz",Spain,full-back,"Athletic Club",1989,1997,148
"Eduardo Estíbariz",Spain,full-back,"Rayo Vallecano",1997,2000,92
"Eduardo Estíbariz",Spain,full-back,"CD Aurrerá de Vitoria",2000,2001,25
"Edwin van der Sar","Kingdom of the Netherlands",goalkeeper,"Juventus FC",1999,2001,66
"Edwin van der Sar","Kingdom of the Netherlands",goalkeeper,"Fulham F.C.",2001,2005,127
"Edwin van der Sar","Kingdom of the Netherlands",goalkeeper,"Manchester United F.C.",2005,2011,186
"Edwin van der Sar","Kingdom of the Netherlands",goalkeeper,"VV Noordwijk",2016,2016,1
"Eiður Guðjohnsen",Iceland,forward,Valur,1994,1994,17
"Eiður Guðjohnsen",Iceland,forward,"PSV Eindhoven",1995,1997,13
"Eiður Guðjohnsen",Iceland,forward,"KR Reykjavík",1997,1998,6
"Eiður Guðjohnsen",Iceland,forward,"Bolton Wanderers F.C.",1998,2000,55
"Eiður Guðjohnsen",Iceland,forward,"KR Reykjavík",1998,1998,6
"Eiður Guðjohnsen",Iceland,forward,"Chelsea F.C.",2000,2006,186
"Eiður Guðjohnsen",Iceland,forward,"AS Monaco FC",2009,2010,9
"Eiður Guðjohnsen",Iceland,forward,"Stoke City F.C.",2010,2011,4
"Eiður Guðjohnsen",Iceland,forward,"Tottenham Hotspur F.C.",2010,2010,11
"Eiður Guðjohnsen",Iceland,forward,"Fulham F.C.",2011,2011,10
"Eiður Guðjohnsen",Iceland,forward,"Cercle Brugge K.S.V.",2012,2013,13
"Eiður Guðjohnsen",Iceland,forward,"Club Brugge K.V.",2013,2014,46
"Eiður Guðjohnsen",Iceland,forward,"Bolton Wanderers F.C.",2014,2015,21
"Eiður Guðjohnsen",Iceland,forward,"Cangzhou Mighty Lions F.C.",2015,2015,14
"Eiður Guðjohnsen",Iceland,forward,"Pune FC",2016,2016,0
"Eiður Guðjohnsen",Iceland,forward,"Molde FK",2016,2016,13
"Eljif Elmas","North Macedonia",midfielder,"FK Rabotnički",2015,2017,44
"Eljif Elmas","North Macedonia",midfielder,"Fenerbahçe Istanbul",2018,2019,34
"Eljif Elmas","North Macedonia",midfielder,"SSC Napoli",2019,2023,143
"Eljif Elmas","North Macedonia",midfielder,"RB Leipzig",2024,,16
"Eljif Elmas","North Macedonia",midfielder,"SSC Napoli",2025,2026,32
"Eljif Elmas","North Macedonia",midfielder,"Torino FC",2025,2025,13
"Elseid Hisaj",Albania,full-back,"Empoli FC",2011,2015,102
"Elseid Hisaj",Albania,full-back,"SSC Napoli",2015,2021,178
"Elseid Hisaj",Albania,full-back,"SS Lazio",2021,,73
"Emanuele Calaiò",Italy,forward,"Torino FC",1999,2003,20
"Emanuele Calaiò",Italy,forward,"A.C.R. Messina",2002,2003,12
"Emanuele Calaiò",Italy,forward,"Ternana Calcio",2002,2002,10
"Emanuele Calaiò",Italy,forward,"Delfino Pescara 1936",2003,2005,70
"Emanuele Calaiò",Italy,forward,"SSC Napoli",2005,2008,112
"Emanuele Calaiò",Italy,forward,"Siena FC",2008,2013,148
"Emanuele Calaiò",Italy,forward,"Genoa CFC",2013,2014,22
"Emanuele Calaiò",Italy,forward,"SSC Napoli",2013,2014,0
"Emanuele Calaiò",Italy,forward,"Catania FC",2014,2015,35
"Emanuele Calaiò",Italy,forward,"Spezia Calcio",2015,,
Emerson,Brazil,midfielder,"Grêmio FBPA",1994,1997,54
Emerson,Brazil,midfielder,"Bayer 04 Leverkusen",1997,2000,82
Emerson,Brazil,midfielder,"AS Roma",2000,2004,105
Emerson,Brazil,midfielder,"Juventus FC",2004,2006,67
Emerson,Brazil,midfielder,"Real Madrid Club de Fútbol",2006,2007,28
Emerson,Brazil,midfielder,"AC Milan",2007,2009,27
Emerson,Brazil,midfielder,"Santos F.C.",2009,2009,6
"Emil Krafth",Sweden,defender,"Östers IF",2011,2011,24
"Emil Krafth",Sweden,defender,"Helsingborgs IF",2012,2015,76
"Emil Krafth",Sweden,defender,"Bologna F.C. 1909",2015,2019,42
"Emil Krafth",Sweden,defender,"Newcastle United F.C.",2019,,83
"Emile Heskey","United Kingdom",forward,"Leicester City F.C.",1994,2000,154
"Emile Heskey","United Kingdom",forward,"Liverpool F.C.",2000,2004,150
"Emile Heskey","United Kingdom",forward,"Birmingham City F.C.",2004,2006,68
"Emile Heskey","United Kingdom",forward,"Wigan Athletic F.C.",2006,2009,82
"Emile Heskey","United Kingdom",forward,"Aston Villa F.C.",2009,2012,92
"Emile Heskey","United Kingdom",forward,"Newcastle Jets FC",2012,2014,42
"Emile Heskey","United Kingdom",forward,"Bolton Wanderers F.C.",2014,2016,45
"Emiliano Moretti",Italy,full-back,"ACF Fiorentina",1998,2002,36
"Emiliano Moretti",Italy,full-back,"A.S. Lodigiani",1998,1998,5
"Emiliano Moretti",Italy,full-back,"Atletico Roma F.C.",1998,1998,5
"Emiliano Moretti",Italy,full-back,"Atletico Roma F.C.",1999,2000,5
"Emiliano Moretti",Italy,full-back,"Juventus FC",2002,2003,8
"Emiliano Moretti",Italy,full-back,"Bologna F.C. 1909",2003,2004,32
"Emiliano Moretti",Italy,full-back,"Parma Calcio 1913",2003,2004,0
"Emiliano Moretti",Italy,full-back,"Modena F.C.",2003,2003,9
"Emiliano Moretti",Italy,full-back,"Valencia CF",2004,2009,135
"Emiliano Moretti",Italy,full-back,"Genoa CFC",2009,2013,107
"Emiliano Moretti",Italy,full-back,"Torino FC",2013,,
"Emilio Butragueño",Spain,forward,"Real Madrid C",1981,1982,
"Emilio Butragueño",Spain,forward,"Real Madrid Club de Fútbol",1984,1995,341
"Emilio Butragueño",Spain,forward,"Club Celaya",1995,1998,91
"Emilio Butragueño",Spain,forward,"Atlético Celaya",1995,1998,91
"Emmanuel Adebayor",Togo,forward,"FC Metz",2001,2003,44
"Emmanuel Adebayor",Togo,forward,"AS Monaco FC",2003,2006,78
"Emmanuel Adebayor",Togo,forward,"Arsenal F.C.",2006,2009,104
"Emmanuel Adebayor",Togo,forward,"Manchester City F.C.",2009,2012,34
"Emmanuel Adebayor",Togo,forward,"Real Madrid Club de Fútbol",2010,2011,22
"Emmanuel Adebayor",Togo,forward,"Tottenham Hotspur F.C.",2011,2012,33
"Emmanuel Adebayor",Togo,forward,"Tottenham Hotspur F.C.",2012,2015,59
"Emmanuel Adebayor",Togo,forward,"Crystal Palace F.C.",2016,2016,12
"Emmanuel Adebayor",Togo,forward,"İstanbul Başakşehir F.K.",2017,2019,60
"Emmanuel Adebayor",Togo,forward,Kayserispor,2019,2019,8
"Emmanuel Adebayor",Togo,forward,"Club Olimpia",2020,2020,2
"Emmanuel Adebayor",Togo,forward,"AC Semassi F.C.",2021,2023,
"Emmanuel Eboué","Ivory Coast",full-back,"ASEC Mimosas",2001,2002,25
"Emmanuel Eboué","Ivory Coast",full-back,"K.S.K. Beveren",2002,2005,70
"Emmanuel Eboué","Ivory Coast",full-back,"Arsenal F.C.",2005,2011,132
"Emmanuel Eboué","Ivory Coast",full-back,"Galatasaray S.K.",2011,2015,77
"Emmanuel Eboué","Ivory Coast",full-back,"Sunderland A.F.C.",2016,2016,0
"Emmanuel Petit",France,"defensive midfielder","AS Monaco FC",1988,1997,222
"Emmanuel Petit",France,"defensive midfielder","Arsenal F.C.",1997,2000,85
"Emmanuel Petit",France,"defensive midfielder","Chelsea F.C.",2001,2004,55
"Emre Can","Germany, Turkey",midfielder,"FC Bayern Munich",2012,2013,4
"Emre Can","Germany, Turkey",midfielder,"Bayer 04 Leverkusen",2013,2014,29
"Emre Can","Germany, Turkey",midfielder,"Liverpool F.C.",2014,2018,115
"Emre Can","Germany, Turkey",midfielder,"Juventus FC",2018,2020,37
"Emre Can","Germany, Turkey",midfielder,"Borussia Dortmund",2020,2020,12
"Enrique Romero",Spain,defender,"CD Logroñés",1990,1993,65
"Enrique Romero",Spain,defender,"Valencia CF",1994,1997,91
"Enrique Romero",Spain,defender,"RCD Mallorca",1997,1998,38
"Enrique Romero",Spain,defender,"Deportivo de La Coruña",1998,2006,218
"Enrique Romero",Spain,defender,"Real Betis Balompié",2006,2007,17
"Enzo Fernández",Argentina,midfielder,"Club Atlético River Plate",2019,2022,40
"Enzo Fernández",Argentina,midfielder,"Defensa y Justicia",2020,2021,14
"Enzo Fernández",Argentina,midfielder,"S.L. Benfica",2022,2023,17
"Enzo Fernández",Argentina,midfielder,"Chelsea F.C.",2023,,118
"Enzo Maresca",Italy,midfielder,"West Bromwich Albion F.C.",1998,2000,47
"Enzo Maresca",Italy,midfielder,"Juventus FC",2000,2004,37
"Enzo Maresca",Italy,midfielder,"Bologna F.C. 1909",2000,2001,23
"Enzo Maresca",Italy,midfielder,"Piacenza Calcio",2002,2003,31
"Enzo Maresca",Italy,midfielder,"ACF Fiorentina",2004,2005,25
"Enzo Maresca",Italy,midfielder,"Sevilla FC",2005,2009,96
"Enzo Maresca",Italy,midfielder,"Málaga CF",2011,2012,39
"Enzo Maresca",Italy,midfielder,"U.C. Sampdoria",2012,2014,17
"Enzo Maresca",Italy,midfielder,"Palermo F.C.",2014,2016,47
"Enzo Maresca",Italy,midfielder,"Hellas Verona FC",2016,2017,8
"Eric Abidal",France,"defender, full-back","Sporting Club Lyon",1999,2000,
"Eric Abidal",France,"defender, full-back","AS Monaco FC",2000,2002,22
"Eric Abidal",France,"defender, full-back","Lille OSC",2002,2004,62
"Eric Abidal",France,"defender, full-back","Olympique Lyonnais",2004,2007,76
"Eric Abidal",France,"defender, full-back","AS Monaco FC",2013,2014,26
"Eric Cantona",France,forward,"AJ Auxerre",1983,1988,82
"Eric Cantona",France,forward,"FC Martigues",1985,1986,15
"Eric Cantona",France,forward,"Paris Saint-Germain FC",1988,1991,40
"Eric Cantona",France,forward,"FC Girondins de Bordeaux",1989,1989,11
"Eric Cantona",France,forward,"Montpellier Hérault Sport Club",1989,1990,33
"Eric Cantona",France,forward,"Nîmes Olympique",1991,1991,17
"Eric Cantona",France,forward,"Leeds United F.C.",1992,1992,28
"Eric Cantona",France,forward,"Manchester United F.C.",1992,1997,143
"Eric Dier","United Kingdom",centre-back,"Sporting CP B",2012,2014,16
"Eric Dier","United Kingdom",centre-back,"Sporting CP",2012,2014,27
"Eric Dier","United Kingdom",centre-back,"Tottenham Hotspur F.C.",2014,2024,274
"Eric Dier","United Kingdom",centre-back,"FC Bayern Munich",2024,2024,15
"Eric Dier","United Kingdom",centre-back,"AS Monaco FC",2025,,6
"Eric García",Spain,centre-back,"Manchester City F.C.",2018,2021,19
"Eric García",Spain,centre-back,"Girona FC",2023,2024,32
"Erik Lamela",Argentina,"wing half","Club Atlético River Plate",2009,2011,36
"Erik Lamela",Argentina,"wing half","AS Roma",2011,2013,62
"Erik Lamela",Argentina,"wing half","Tottenham Hotspur F.C.",2013,2021,177
"Erik Lamela",Argentina,"wing half","Sevilla FC",2021,2024,65
"Erland Johnsen",Norway,defender,"Moss FK",1983,1988,55
"Erland Johnsen",Norway,defender,"FC Bayern Munich",1988,1989,21
"Erland Johnsen",Norway,defender,"Chelsea F.C.",1989,1997,145
"Erland Johnsen",Norway,defender,"Rosenborg BK",1997,1998,12
"Erland Johnsen",Norway,defender,"Strømsgodset TF",1999,2002,
"Erland Johnsen",Norway,defender,"Moss FK",2002,2003,
"Erland Johnsen",Norway,defender,"Follo FK",2003,2006,
"Erland Johnsen",Norway,defender,"Lillestrøm SK",2008,2008,
"Erland Johnsen",Norway,defender,"Strømmen IF",2012,2013,
"Erling Haaland",Norway,forward,"Bryne FK",2016,2017,16
"Erling Haaland",Norway,forward,"Molde FK",2017,2019,39
"Erling Haaland",Norway,forward,"FC Red Bull Salzburg",2019,2020,16
"Erling Haaland",Norway,forward,"Borussia Dortmund",2020,2022,67
"Erling Haaland",Norway,forward,"Manchester City F.C.",2022,,131
"Esteban Cambiasso",Argentina,midfielder,"Club Atlético Independiente",1998,2001,98
"Esteban Cambiasso",Argentina,midfielder,"Club Atlético River Plate",2001,2002,37
"Esteban Cambiasso",Argentina,midfielder,"Real Madrid Club de Fútbol",2002,2004,41
"Esteban Cambiasso",Argentina,midfielder,"Inter Milan",2004,2014,315
"Esteban Cambiasso",Argentina,midfielder,"Leicester City F.C.",2014,2015,31
"Eusebio Di Francesco",Italy,midfielder,"Empoli FC",1987,1991,102
"Eusebio Di Francesco",Italy,midfielder,"Lucchese 1905",1991,1995,139
"Eusebio Di Francesco",Italy,midfielder,"Piacenza Calcio",1995,1997,67
"Eusebio Di Francesco",Italy,midfielder,"AS Roma",1997,2001,168
"Eusebio Di Francesco",Italy,midfielder,"Piacenza Calcio",2001,2003,61
"Eusebio Di Francesco",Italy,midfielder,"SSC Ancona",2003,2004,10
"Eusebio Di Francesco",Italy,midfielder,"A.C. Perugia Calcio",2004,2005,30
"Eusebio Sacristán",Spain,midfielder,"Real Valladolid B",1982,1983,
"Eusebio Sacristán",Spain,midfielder,"Real Valladolid",1983,1987,117
"Eusebio Sacristán",Spain,midfielder,"Atlético Madrid",1987,1988,27
"Eusebio Sacristán",Spain,midfielder,"RC Celta de Vigo",1995,1997,67
"Eusebio Sacristán",Spain,midfielder,"Real Valladolid",1997,2002,129
"Evanílson Aparecido Ferreira",Brazil,full-back,"América Futebol Clube",1996,1998,19
"Evanílson Aparecido Ferreira",Brazil,full-back,"Clube Atlético Mineiro",1998,1998,19
"Evanílson Aparecido Ferreira",Brazil,full-back,"Cruzeiro E.C.",1999,1999,
"Evanílson Aparecido Ferreira",Brazil,full-back,"Borussia Dortmund",1999,2005,123
"Evanílson Aparecido Ferreira",Brazil,full-back,"Parma Calcio 1913",2001,2001,
"Evanílson Aparecido Ferreira",Brazil,full-back,"Clube Atlético Mineiro",2005,2005,7
"Evanílson Aparecido Ferreira",Brazil,full-back,"1. FC Köln",2006,2006,3
"Evanílson Aparecido Ferreira",Brazil,full-back,"Club Athletico Paranaense",2006,2006,7
"Evanílson Aparecido Ferreira",Brazil,full-back,"Sport Club do Recife",2007,2007,2
"Evanílson Aparecido Ferreira",Brazil,full-back,"E.C. Vitória",2008,2008,0
"Evanílson Aparecido Ferreira",Brazil,full-back,"América Futebol Clube",2009,2010,7
"Evanílson Aparecido Ferreira",Brazil,full-back,"Timbaúba Futebol Clube",2011,2011,
"Evanílson Aparecido Ferreira",Brazil,full-back,"Botafogo Futebol Clube",2012,2013,
"Evanílson Aparecido Ferreira",Brazil,full-back,"Independente Futebol Clube",2012,2012,
Ewerthon,Brazil,forward,"S.C. Corinthians Paulista",1998,2001,31
Ewerthon,Brazil,forward,"Rio Branco Esporte Clube",1999,2000,22
Ewerthon,Brazil,forward,"Borussia Dortmund",2001,2005,119
Ewerthon,Brazil,forward,"Real Zaragoza",2005,2010,111
Ewerthon,Brazil,forward,"VfB Stuttgart",2007,2007,11
Ewerthon,Brazil,forward,"RCD Espanyol de Barcelona",2008,2008,8
Ewerthon,Brazil,forward,"Sociedade Esportiva Palmeiras",2010,2011,25
Ewerthon,Brazil,forward,"FC Akhmat Grozny",2011,2011,6
Ewerthon,Brazil,forward,"Al Ahli SC",2012,2012,5
Ewerthon,Brazil,forward,"América Futebol Clube",2012,2012,12
Ewerthon,Brazil,forward,"Clube Atlético Sorocaba",2014,,
"Ezequiel Garay",Argentina,full-back,"Newell's Old Boys",2004,2005,14
"Ezequiel Garay",Argentina,full-back,"Racing de Santander",2005,2008,60
"Ezequiel Garay",Argentina,full-back,"Racing de Santander",2008,2009,24
"Ezequiel Garay",Argentina,full-back,"Real Madrid Club de Fútbol",2008,2011,31
"Ezequiel Garay",Argentina,full-back,"S.L. Benfica",2011,2014,78
"Ezequiel Garay",Argentina,full-back,"FC Zenit Saint Petersburg",2014,2016,50
"Ezequiel Garay",Argentina,full-back,"Valencia CF",2016,2020,92
"Ezequiel Lavezzi",Argentina,"wing half","Estudiantes de La Plata",2003,2004,39
"Ezequiel Lavezzi",Argentina,"wing half","SSC Napoli",2007,2012,156
"Ezequiel Lavezzi",Argentina,"wing half","Paris Saint-Germain FC",2012,2016,107
"Ezequiel Lavezzi",Argentina,"wing half","Hebei F.C.",2016,2019,74
"Fabian Schär",Switzerland,centre-back,"FC Wil 1900",2009,2012,52
"Fabian Schär",Switzerland,centre-back,"FC Basel",2012,2015,73
"Fabian Schär",Switzerland,centre-back,"TSG 1899 Hoffenheim",2015,2017,30
"Fabian Schär",Switzerland,centre-back,"Deportivo de La Coruña",2017,2018,25
"Fabian Schär",Switzerland,centre-back,"Newcastle United F.C.",2018,,211
"Fabien Barthez",France,goalkeeper,"Toulouse FC",1990,1992,26
"Fabien Barthez",France,goalkeeper,"Olympique de Marseille",1992,1995,106
"Fabien Barthez",France,goalkeeper,"AS Monaco FC",1995,2000,143
"Fabien Barthez",France,goalkeeper,"Manchester United F.C.",2000,2004,139
"Fabien Barthez",France,goalkeeper,"Olympique de Marseille",2003,2004,20
"Fabien Barthez",France,goalkeeper,"Olympique de Marseille",2004,2006,67
"Fabien Barthez",France,goalkeeper,"FC Nantes",2006,2007,19
Fabinho,Brazil,"defensive midfielder","Rio Ave F.C.",2012,2015,0
Fabinho,Brazil,"defensive midfielder","Fluminense F.C.",2012,2012,0
Fabinho,Brazil,"defensive midfielder","AS Monaco FC",2013,2015,62
Fabinho,Brazil,"defensive midfielder","Real Madrid Club de Fútbol",2013,2013,1
Fabinho,Brazil,"defensive midfielder","AS Monaco FC",2015,2018,105
Fabinho,Brazil,"defensive midfielder","Liverpool F.C.",2018,2023,151
Fabinho,Brazil,"defensive midfielder","Al Ittihad FC",2023,,81
"Fabio Cannavaro",Italy,"centre-back, defender","SSC Napoli",1992,1995,58
"Fabio Cannavaro",Italy,"centre-back, defender","Parma Calcio 1913",1995,2002,212
"Fabio Cannavaro",Italy,"centre-back, defender","Inter Milan",2002,2004,50
"Fabio Cannavaro",Italy,"centre-back, defender","Juventus FC",2004,2006,74
"Fabio Cannavaro",Italy,"centre-back, defender","Real Madrid Club de Fútbol",2006,2009,94
"Fabio Cannavaro",Italy,"centre-back, defender","Juventus FC",2009,2010,27
"Fabio Cannavaro",Italy,"centre-back, defender","Shabab AlAhli Dubai Club",2010,2011,16
"Fabio Pecchia",Italy,midfielder,"U.S. Avellino 1912",1991,1993,33
"Fabio Pecchia",Italy,midfielder,"SSC Napoli",1993,1997,125
"Fabio Pecchia",Italy,midfielder,"Juventus FC",1997,1998,21
"Fabio Pecchia",Italy,midfielder,"U.C. Sampdoria",1998,1999,26
"Fabio Pecchia",Italy,midfielder,"Torino FC",1999,2001,22
"Fabio Pecchia",Italy,midfielder,"SSC Napoli",2000,2001,27
"Fabio Pecchia",Italy,midfielder,"Bologna F.C. 1909",2001,2002,33
"Fabio Pecchia",Italy,midfielder,"Como 1907",2002,2003,27
"Fabio Pecchia",Italy,midfielder,"Bologna F.C. 1909",2003,2006,59
"Fabio Pecchia",Italy,midfielder,"Siena FC",2004,2005,23
"Fabio Pecchia",Italy,midfielder,"Ascoli Calcio 1898 FC",2006,2007,6
"Fabio Pecchia",Italy,midfielder,"Calcio Foggia 1920",2007,2007,14
"Fabio Pecchia",Italy,midfielder,"Frosinone Calcio",2007,2008,26
"Fabio Pecchia",Italy,midfielder,"Calcio Foggia 1920",2008,2009,24
"Fabio Petruzzi",Italy,defender,"AS Roma",1989,2000,127
"Fabio Petruzzi",Italy,defender,"A.S.D. Casertana Calcio",1990,1992,50
"Fabio Petruzzi",Italy,defender,"Udinese Calcio",1993,1994,1
"Fabio Petruzzi",Italy,defender,"Brescia Calcio",2000,2004,108
"Fabio Petruzzi",Italy,defender,"Bologna F.C. 1909",2004,2005,17
"Fabio Quagliarella",Italy,forward,"Torino FC",1999,2005,39
"Fabio Quagliarella",Italy,forward,"ACF Fiorentina",2002,2003,12
"Fabio Quagliarella",Italy,forward,"S.S. Chieti Calcio",2003,2004,43
"Fabio Quagliarella",Italy,forward,"Ascoli Calcio 1898 FC",2005,2006,33
"Fabio Quagliarella",Italy,forward,"U.C. Sampdoria",2006,2007,35
"Fabio Quagliarella",Italy,forward,"Udinese Calcio",2007,2009,73
"Fabio Quagliarella",Italy,forward,"SSC Napoli",2009,2010,34
"Fabio Quagliarella",Italy,forward,"Juventus FC",2010,2014,84
"Fabio Quagliarella",Italy,forward,"Torino FC",2014,2016,50
"Fabio Quagliarella",Italy,forward,"U.C. Sampdoria",2016,2023,242
"Fabián Ruiz",Spain,midfielder,"Real Betis B",2014,2015,23
"Fabián Ruiz",Spain,midfielder,"Real Betis Balompié",2014,2018,56
"Fabián Ruiz",Spain,midfielder,"Elche CF",2017,2017,18
"Fabián Ruiz",Spain,midfielder,"SSC Napoli",2018,2022,125
"Fabián Ruiz",Spain,midfielder,"Paris Saint-Germain FC",2022,,91
"Fabrizio Ravanelli",Italy,forward,"A.C. Perugia Calcio",1986,1989,90
"Fabrizio Ravanelli",Italy,forward,"A.S.D. Casertana Calcio",1989,1990,27
"Fabrizio Ravanelli",Italy,forward,"U.S. Avellino 1912",1989,1990,7
"Fabrizio Ravanelli",Italy,forward,"A.S.D. Casertana Calcio",1990,1990,27
"Fabrizio Ravanelli",Italy,forward,"A.C. Reggiana 1919",1990,1992,66
"Fabrizio Ravanelli",Italy,forward,"U.S. Avellino 1912",1990,1991,0
"Fabrizio Ravanelli",Italy,forward,"Juventus FC",1992,1996,111
"Fabrizio Ravanelli",Italy,forward,"Middlesbrough F.C.",1996,1997,35
"Fabrizio Ravanelli",Italy,forward,"Olympique de Marseille",1997,1999,64
"Fabrizio Ravanelli",Italy,forward,"SS Lazio",1999,2001,27
"Fabrizio Ravanelli",Italy,forward,"Derby County F.C.",2001,2003,49
"Fabrizio Ravanelli",Italy,forward,"Dundee F.C.",2003,2004,5
"Fabrizio Ravanelli",Italy,forward,"A.C. Perugia Calcio",2004,2005,41
"Fausto Pari",Italy,midfielder,"A.C. Bellaria Igea Marina",1978,1979,27
"Fausto Pari",Italy,midfielder,"Inter Milan",1979,1981,1
"Fausto Pari",Italy,midfielder,"Parma Calcio 1913",1981,1983,64
"Fausto Pari",Italy,midfielder,"U.C. Sampdoria",1983,1992,273
"Fausto Pari",Italy,midfielder,"SSC Napoli",1992,1996,81
"Fausto Pari",Italy,midfielder,"Piacenza Calcio",1996,1997,30
"Fausto Pari",Italy,midfielder,SPAL,1997,1998,33
"Fausto Pari",Italy,midfielder,"Modena F.C.",1998,2000,64
"Fausto Pari",Italy,midfielder,"Forlì F.C.",2000,2001,22
"Federico Bernardeschi",Italy,"wing half","ACF Fiorentina",2013,2017,72
"Federico Bernardeschi",Italy,"wing half","F.C. Crotone",2013,2014,39
"Federico Bernardeschi",Italy,"wing half","Juventus FC",2017,2022,134
"Federico Bernardeschi",Italy,"wing half","Toronto FC",2022,2025,88
"Federico Bernardeschi",Italy,"wing half","Bologna F.C. 1909",2025,,29
"Federico Dimarco",Italy,defender,"Inter Milan",2014,2017,1
"Federico Dimarco",Italy,defender,"Ascoli Calcio 1898 FC",2016,2016,15
"Federico Dimarco",Italy,defender,"Empoli FC",2016,2017,12
"Federico Dimarco",Italy,defender,"FC Sion",2017,2018,9
"Federico Dimarco",Italy,defender,"Parma Calcio 1913",2018,2019,13
"Federico Dimarco",Italy,defender,"Inter Milan",2018,,142
"Federico Dimarco",Italy,defender,"Hellas Verona FC",2020,2021,48
"Federico Fazio",Argentina,full-back,"Ferro Carril Oeste",2005,2006,48
"Federico Fazio",Argentina,full-back,"Sevilla FC",2007,2014,148
"Federico Fazio",Argentina,full-back,"Sevilla Atlético",2007,2007,20
"Federico Fazio",Argentina,full-back,"Tottenham Hotspur F.C.",2014,2016,20
"Federico Fazio",Argentina,full-back,"Sevilla FC",2016,2016,4
"Federico Fazio",Argentina,full-back,"AS Roma",2016,2017,37
"Federico Fazio",Argentina,full-back,"AS Roma",2017,2022,90
"Federico Fazio",Argentina,full-back,"U.S. Salernitana 1919",2022,2024,47
"Federico Gatti",Italy,"midfielder, defender","US Alessandria Calcio 1912",2014,2018,0
"Federico Gatti",Italy,"midfielder, defender","A.C.S.D. Saluzzo",2016,2017,4
"Federico Gatti",Italy,"midfielder, defender","A.S.D.C. Verbania",2018,2020,51
"Federico Gatti",Italy,"midfielder, defender","Aurora Pro Patria 1919",2020,2021,34
"Federico Gatti",Italy,"midfielder, defender","Frosinone Calcio",2021,2022,18
"Federico Gatti",Italy,"midfielder, defender","Juventus FC",2022,,90
"Federico Gatti",Italy,"midfielder, defender","Frosinone Calcio",2022,2022,17
"Federico Valverde",Uruguay,midfielder,"Club Atlético Peñarol",2015,2016,12
"Federico Valverde",Uruguay,midfielder,"Deportivo de La Coruña",2017,2018,24
"Federico Valverde",Uruguay,midfielder,"Real Madrid Club de Fútbol",2018,,243
"Felipe Augusto de Almeida Monteiro",Brazil,defender,"União Futebol Clube",2009,2010,26
"Felipe Augusto de Almeida Monteiro",Brazil,defender,"Coimbra Esporte Clube",2011,2012,0
"Felipe Augusto de Almeida Monteiro",Brazil,defender,"Red Bull Bragantino",2011,2011,13
"Felipe Augusto de Almeida Monteiro",Brazil,defender,"S.C. Corinthians Paulista",2012,2016,53
"Felipe Augusto de Almeida Monteiro",Brazil,defender,"FC Porto",2016,2019,93
"Felipe Augusto de Almeida Monteiro",Brazil,defender,"Atlético Madrid",2019,2023,87
"Felipe Augusto de Almeida Monteiro",Brazil,defender,"Nottingham Forest F.C.",2023,2024,23
"Felipe Guréndez",Spain,"midfielder, full-back","Athletic Club",1991,1995,
"Felipe Guréndez",Spain,"midfielder, full-back","Athletic Bilbao B",1994,1997,42
"Felipe Guréndez",Spain,"midfielder, full-back","Athletic Club",1996,2006,138
"Felipe Guréndez",Spain,"midfielder, full-back","Club Atlético Osasuna",1997,1998,25
"Felipe Guréndez",Spain,"midfielder, full-back","Club Deportivo Numancia de Soria",2006,2010,67
"Ferenc Puskás","Spain, Hungary",forward,"Budapest Honvéd FC",1943,1956,368
"Ferenc Puskás","Spain, Hungary",forward,"Real Madrid Club de Fútbol",1958,1966,262
"Ferland Mendy",France,full-back,"Le Havre AC",2015,2017,47
"Ferland Mendy",France,full-back,"Olympique Lyonnais",2017,2019,57
"Ferland Mendy",France,full-back,"Real Madrid Club de Fútbol",2019,,128
"Fermín López",Spain,midfielder,"FC Barcelona Atlètic",2022,2024,1
"Fermín López",Spain,midfielder,"Linares Deportivo",2022,2023,37
Fernandinho,Brazil,midfielder,"Club Athletico Paranaense",2002,2005,72
Fernandinho,Brazil,midfielder,"FC Shakhtar Donetsk",2005,2013,184
Fernandinho,Brazil,midfielder,"Manchester City F.C.",2013,2022,264
Fernandinho,Brazil,midfielder,"Club Athletico Paranaense",2022,2024,89
"Fernando Amorebieta","Venezuela, Spain",centre-back,"Athletic Club",1996,2003,
"Fernando Amorebieta","Venezuela, Spain",centre-back,"CD Baskonia",2003,2004,26
"Fernando Amorebieta","Venezuela, Spain",centre-back,"Athletic Bilbao B",2004,2005,35
"Fernando Amorebieta","Venezuela, Spain",centre-back,"Athletic Club",2005,2013,254
"Fernando Amorebieta","Venezuela, Spain",centre-back,"Fulham F.C.",2013,2016,48
"Fernando Amorebieta","Venezuela, Spain",centre-back,"Middlesbrough F.C.",2015,2015,21
"Fernando Amorebieta","Venezuela, Spain",centre-back,"Sporting de Gijón",2016,2017,27
"Fernando Amorebieta","Venezuela, Spain",centre-back,"Club Atlético Independiente",2017,2019,23
"Fernando Amorebieta","Venezuela, Spain",centre-back,"Cerro Porteño",2019,2020,21
"Fernando Amorebieta","Venezuela, Spain",centre-back,Q61365632,2021,2022,
"Fernando Correa",Uruguay,forward,"Club Atlético River Plate",1991,1995,33
"Fernando Correa",Uruguay,forward,"Atlético Madrid",1995,2003,132
"Fernando Correa",Uruguay,forward,"Racing de Santander",1996,1998,72
"Fernando Correa",Uruguay,forward,"RCD Mallorca",2003,2005,36
"Fernando Correa",Uruguay,forward,"Real Valladolid",2005,2006,6
"Fernando Correa",Uruguay,forward,"Club Atlético River Plate",2006,2006,10
"Fernando Correa",Uruguay,forward,"Club Atlético Peñarol",2007,2009,25
"Fernando Correa",Uruguay,forward,"Shanghai Shenhua F.C.",2007,2007,4
"Fernando Correa",Uruguay,forward,"Club Atlético River Plate",2009,2011,35
"Fernando Gago",Argentina,"defensive midfielder","Real Madrid Club de Fútbol",2007,2012,92
"Fernando Gago",Argentina,"defensive midfielder","AS Roma",2011,2012,30
"Fernando Gago",Argentina,"defensive midfielder","Valencia CF",2012,2013,13
"Fernando Gago",Argentina,"defensive midfielder","Club Atlético Vélez Sarsfield",2013,2013,3
"Fernando Gago",Argentina,"defensive midfielder","Club Atlético Vélez Sarsfield",2019,2020,14
"Fernando Giner",Spain,defender,"Valencia CF",1982,1995,300
"Fernando Giner",Spain,defender,"Valencia CF Mestalla",1982,1985,
"Fernando Giner",Spain,defender,"Sporting de Gijón",1995,1997,46
"Fernando Giner",Spain,defender,"Hércules CF",1997,1998,25
"Fernando Giner",Spain,defender,"Levante UD",1998,2000,55
"Fernando Gómez Colomer",Spain,midfielder,"Valencia CF",1983,1998,459
"Fernando Gómez Colomer",Spain,midfielder,"Valencia CF Mestalla",1983,1983,
"Fernando Gómez Colomer",Spain,midfielder,"Wolverhampton Wanderers F.C.",1998,1999,19
"Fernando Gómez Colomer",Spain,midfielder,"CD Castellón",1999,2000,35
"Fernando Hierro",Spain,defender,"Real Valladolid",1987,1989,58
"Fernando Hierro",Spain,defender,"Real Madrid Club de Fútbol",1989,2003,439
"Fernando Hierro",Spain,defender,Al-Rayyan,2003,2004,19
"Fernando Hierro",Spain,defender,"Bolton Wanderers F.C.",2004,2005,29
"Fernando Llorente",Spain,centre-forward,"CA River Ebro",1995,1996,
"Fernando Llorente",Spain,centre-forward,"Athletic Club",1996,2003,
"Fernando Llorente",Spain,centre-forward,"CD Baskonia",2003,2004,33
"Fernando Llorente",Spain,centre-forward,"Athletic Bilbao B",2004,2005,16
"Fernando Llorente",Spain,centre-forward,"Athletic Club",2005,2013,262
"Fernando Llorente",Spain,centre-forward,"Juventus FC",2013,2015,66
"Fernando Llorente",Spain,centre-forward,"Sevilla FC",2015,2016,23
"Fernando Llorente",Spain,centre-forward,"Swansea City A.F.C.",2016,2017,33
"Fernando Llorente",Spain,centre-forward,"Tottenham Hotspur F.C.",2017,2019,36
"Fernando Llorente",Spain,centre-forward,"SSC Napoli",2019,2020,20
"Fernando Llorente",Spain,centre-forward,"Udinese Calcio",2021,2021,14
"Fernando Llorente",Spain,centre-forward,"SD Eibar",2021,2022,19
"Fernando Martínez Perales",Spain,defender,"Levante UD",1984,1985,
"Fernando Martínez Perales",Spain,defender,"Valencia CF Mestalla",1985,1986,
"Fernando Martínez Perales",Spain,defender,"Levante UD",1986,1987,
"Fernando Martínez Perales",Spain,defender,"Valencia CF",1987,1992,140
"Fernando Martínez Perales",Spain,defender,"Deportivo de La Coruña",1992,1997,173
"Fernando Martínez Perales",Spain,defender,"Sevilla FC",1998,2000,68
"Fernando Martínez Perales",Spain,defender,"SD Compostela",2000,2001,32
"Fernando Martínez Perales",Spain,defender,"Atlético Arteixo",2001,2002,
"Fernando Morientes",Spain,forward,"Albacete Balompié",1993,1995,22
"Fernando Morientes",Spain,forward,"Real Zaragoza",1995,1997,66
"Fernando Morientes",Spain,forward,"Real Madrid Club de Fútbol",1997,2005,182
"Fernando Morientes",Spain,forward,"AS Monaco FC",2003,2004,28
"Fernando Morientes",Spain,forward,"Liverpool F.C.",2005,2006,41
"Fernando Morientes",Spain,forward,"Valencia CF",2006,2009,66
"Fernando Morientes",Spain,forward,"Olympique de Marseille",2009,2010,12
"Fernando Morientes",Spain,forward,"DAV Santa Ana",2015,2015,3
"Fernando Navarro",Spain,full-back,"FC Barcelona C",1999,1999,1
"Fernando Navarro",Spain,full-back,"FC Barcelona Atlètic",2000,2004,65
"Fernando Navarro",Spain,full-back,"Albacete Balompié",2004,2004,7
"Fernando Navarro",Spain,full-back,"RCD Mallorca",2005,2006,33
"Fernando Navarro",Spain,full-back,"RCD Mallorca",2006,2008,73
"Fernando Navarro",Spain,full-back,"Sevilla FC",2008,2015,203
"Fernando Navarro",Spain,full-back,"Deportivo de La Coruña",2015,,
"Fernando Redondo",Argentina,midfielder,"Argentinos Juniors",1985,1990,65
"Fernando Redondo",Argentina,midfielder,"C.D. Tenerife",1990,1994,103
"Fernando Redondo",Argentina,midfielder,"Real Madrid Club de Fútbol",1994,2000,165
"Fernando Redondo",Argentina,midfielder,"AC Milan",2000,2004,16
"Fernando Reges",Brazil,midfielder,"Vila Nova Futebol Clube",2005,2007,57
"Fernando Reges",Brazil,midfielder,"FC Porto",2007,2014,142
"Fernando Reges",Brazil,midfielder,"C.F. Estrela da Amadora",2007,2008,26
"Fernando Reges",Brazil,midfielder,"Manchester City F.C.",2014,2017,64
"Fernando Reges",Brazil,midfielder,"Galatasaray S.K.",2017,2019,47
"Fernando Reges",Brazil,midfielder,"Sevilla FC",2019,2023,119
"Fernando Reges",Brazil,midfielder,"Vila Nova Futebol Clube",2024,2024,6
"Fernando Reges",Brazil,midfielder,"S.C. Internacional",2024,,9
"Fernando Torres",Spain,forward,"Atlético Madrid",1995,2001,
"Fernando Torres",Spain,forward,"Atlético Madrid",2001,2007,214
"Fernando Torres",Spain,forward,"Liverpool F.C.",2007,2011,102
"Fernando Torres",Spain,forward,"Chelsea F.C.",2011,2015,110
"Fernando Torres",Spain,forward,"AC Milan",2014,2015,10
"Fernando Torres",Spain,forward,"AC Milan",2015,2016,0
"Fernando Torres",Spain,forward,"Atlético Madrid",2015,2016,49
"Fernando Torres",Spain,forward,"Atlético Madrid",2016,2018,58
"Fernando Torres",Spain,forward,"Sagan Tosu",2018,2019,35
"Ferran Torres",Spain,"forward, winger","Valencia CF Mestalla",2016,2017,12
"Ferran Torres",Spain,"forward, winger","Valencia CF",2017,2020,71
"Ferran Torres",Spain,"forward, winger","Manchester City F.C.",2020,2022,28
"Fikayo Tomori","United Kingdom",centre-back,"Chelsea F.C.",2016,2021,17
"Fikayo Tomori","United Kingdom",centre-back,"Brighton & Hove Albion F.C.",2017,2017,9
"Fikayo Tomori","United Kingdom",centre-back,"Hull City A.F.C.",2017,2018,25
"Fikayo Tomori","United Kingdom",centre-back,"Derby County F.C.",2018,2019,44
"Fikayo Tomori","United Kingdom",centre-back,"AC Milan",2021,2021,17
"Filipe Luís",Brazil,full-back,"Figueirense Futebol Clube",2003,2004,49
"Filipe Luís",Brazil,full-back,"AFC Ajax",2004,2005,0
"Filipe Luís",Brazil,full-back,"Deportivo de La Coruña",2006,2008,52
"Filipe Luís",Brazil,full-back,"Deportivo de La Coruña",2008,2010,59
"Filipe Luís",Brazil,full-back,"Atlético Madrid",2010,2014,127
"Filipe Luís",Brazil,full-back,"Chelsea F.C.",2014,2015,15
"Filipe Luís",Brazil,full-back,"Atlético Madrid",2015,2019,113
"Filipe Luís",Brazil,full-back,"Clube de Regatas do Flamengo",2019,2023,116
"Filippo Galli",Italy,"defender, full-back","AC Milan",1981,1996,217
"Filippo Galli",Italy,"defender, full-back","Delfino Pescara 1936",1982,1983,28
"Filippo Galli",Italy,"defender, full-back","A.C. Reggiana 1919",1996,1998,54
"Filippo Galli",Italy,"defender, full-back","Brescia Calcio",1998,2001,93
"Filippo Galli",Italy,"defender, full-back","Watford F.C.",2001,2002,28
"Filippo Galli",Italy,"defender, full-back","Pro Sesto 1913",2002,2004,38
"Filippo Inzaghi",Italy,forward,"Piacenza Calcio",1991,1995,39
"Filippo Inzaghi",Italy,forward,"Società Calcio Leffe",1992,1993,21
"Filippo Inzaghi",Italy,forward,"Hellas Verona FC",1993,1994,36
"Filippo Inzaghi",Italy,forward,"Parma Calcio 1913",1995,1996,15
"Filippo Inzaghi",Italy,forward,"Atalanta BC",1996,1997,33
"Filippo Inzaghi",Italy,forward,"Juventus FC",1997,2001,120
"Filippo Inzaghi",Italy,forward,"AC Milan",2001,2012,202
"Flemming Povlsen","Kingdom of Denmark",forward,"Aarhus Gymnastikforening",1984,1986,40
"Flemming Povlsen","Kingdom of Denmark",forward,"1. FC Köln",1987,1989,71
"Flemming Povlsen","Kingdom of Denmark",forward,"PSV Eindhoven",1989,1990,30
"Flemming Povlsen","Kingdom of Denmark",forward,"Borussia Dortmund",1990,1995,116
"Florent Malouda",France,"left winger","LB Châteauroux",1997,2000,59
"Florent Malouda",France,"left winger","En Avant de Guingamp",2000,2003,82
"Florent Malouda",France,"left winger","Olympique Lyonnais",2003,2007,138
"Florent Malouda",France,"left winger","Chelsea F.C.",2007,2013,149
"Florent Malouda",France,"left winger",Trabzonspor,2013,2014,19
"Florent Malouda",France,"left winger","FC Metz",2014,2015,28
"Florent Malouda",France,"left winger","Odisha FC",2015,2017,32
"Florent Malouda",France,"left winger","Wadi Degla SC",2016,2016,16
"Florent Malouda",France,"left winger","FC Differdange 03",2018,2018,8
"Florian Kringe",Germany,midfielder,"Borussia Dortmund",2001,2012,151
"Florian Kringe",Germany,midfielder,"1. FC Köln",2002,2004,62
"Florian Kringe",Germany,midfielder,"1. FC Köln II",2003,2003,1
"Florian Kringe",Germany,midfielder,"Hertha BSC",2009,2010,12
"Florian Kringe",Germany,midfielder,"FC St. Pauli",2012,2015,56
"Francesco Antonioli",Italy,goalkeeper,"AC Monza",1986,1988,23
"Francesco Antonioli",Italy,goalkeeper,"AC Milan",1988,1994,13
"Francesco Antonioli",Italy,goalkeeper,"AC Cesena",1990,1990,0
"Francesco Antonioli",Italy,goalkeeper,"Modena F.C.",1990,1991,30
"Francesco Antonioli",Italy,goalkeeper,"Pisa SC",1993,1994,26
"Francesco Antonioli",Italy,goalkeeper,"A.C. Reggiana 1919",1994,1995,30
"Francesco Antonioli",Italy,goalkeeper,"Bologna F.C. 1909",1995,1999,103
"Francesco Antonioli",Italy,goalkeeper,"AS Roma",1999,2003,102
"Francesco Antonioli",Italy,goalkeeper,"U.C. Sampdoria",2003,2006,104
"Francesco Antonioli",Italy,goalkeeper,"Bologna F.C. 1909",2006,2009,119
"Francesco Antonioli",Italy,goalkeeper,"AC Cesena",2009,2012,106
"Francesco Baldini",Italy,"centre-back, defender","Lucchese 1905",1991,1993,19
"Francesco Baldini",Italy,"centre-back, defender","Juventus FC",1993,1994,3
"Francesco Baldini",Italy,"centre-back, defender","Lucchese 1905",1994,1995,32
"Francesco Baldini",Italy,"centre-back, defender","SSC Napoli",1995,2003,168
"Francesco Baldini",Italy,"centre-back, defender","AS Reggina 1914",2001,2002,9
"Francesco Baldini",Italy,"centre-back, defender","Genoa CFC",2003,2006,73
"Francesco Baldini",Italy,"centre-back, defender","A.C. Perugia Calcio",2006,2007,23
"Francesco Baldini",Italy,"centre-back, defender","FC Lugano",2007,2008,16
"Francesco Baldini",Italy,"centre-back, defender","San Marino Calcio",2008,2010,42
"Francesco Baldini",Italy,"centre-back, defender","A.C. Juvenes/Dogana",2010,2011,
"Francesco Mancini",Italy,goalkeeper,"FC Matera",1985,1987,57
"Francesco Mancini",Italy,goalkeeper,"Calcio Foggia 1920",1987,1997,235
"Francesco Mancini",Italy,goalkeeper,"A.S. Bisceglie Calcio 1913",1987,1987,
"Francesco Mancini",Italy,goalkeeper,"SS Lazio",1995,1996,6
"Francesco Mancini",Italy,goalkeeper,"SSC Bari",1997,2000,95
"Francesco Mancini",Italy,goalkeeper,"SSC Napoli",2000,2003,82
"Francesco Mancini",Italy,goalkeeper,"Pisa SC",2003,2004,38
"Francesco Mancini",Italy,goalkeeper,"S.S. Sambenedettese Calcio",2005,2005,14
"Francesco Mancini",Italy,goalkeeper,"S.S. Teramo Calcio",2005,2006,32
"Francesco Mancini",Italy,goalkeeper,"U.S. Salernitana 1919",2006,2007,18
"Francesco Mancini",Italy,goalkeeper,"A.S. Martina Franca 1947",2007,2008,14
"Francesco Mancini",Italy,goalkeeper,"ASD Soccer Trani",2008,2008,13
"Francesco Montervino",Italy,midfielder,"A.S. Fasano",1994,1995,1
"Francesco Montervino",Italy,midfielder,"Parma Calcio 1913",1995,1996,0
"Francesco Montervino",Italy,midfielder,"Taranto Sport",1996,1997,21
"Francesco Montervino",Italy,midfielder,"SSC Ancona",1997,2003,121
"Francesco Montervino",Italy,midfielder,"SSC Napoli",2003,2004,36
"Francesco Montervino",Italy,midfielder,"Catania FC",2004,2004,19
"Francesco Montervino",Italy,midfielder,"SSC Napoli",2004,2009,106
"Francesco Montervino",Italy,midfielder,"U.S. Salernitana 1919",2009,2011,37
"Francesco Montervino",Italy,midfielder,"U.S. Salernitana 1919",2011,2012,29
"Francesco Montervino",Italy,midfielder,"U.S. Salernitana 1919",2012,2014,48
"Francesco Toldo",Italy,goalkeeper,"AC Milan",1990,1993,0
"Francesco Toldo",Italy,goalkeeper,"Hellas Verona FC",1990,1991,0
"Francesco Toldo",Italy,goalkeeper,"Trento Calcio 1921",1991,1992,38
"Francesco Toldo",Italy,goalkeeper,"S.C. Ravenna Sport",1992,1993,31
"Francesco Toldo",Italy,goalkeeper,"ACF Fiorentina",1993,2001,266
"Francesco Toldo",Italy,goalkeeper,"Inter Milan",2001,2010,148
"Francesco Totti",Italy,"midfielder, forward","Trastevere Calcio",1985,1986,
"Francesco Totti",Italy,"midfielder, forward","AS Roma",1993,2017,619
"Francesco Turrini",Italy,midfielder,"S.S. Sambenedettese Calcio",1983,1987,58
"Francesco Turrini",Italy,midfielder,"Parma Calcio 1913",1987,1989,53
"Francesco Turrini",Italy,midfielder,"Como 1907",1989,1990,30
"Francesco Turrini",Italy,midfielder,"Taranto Sport",1990,1992,54
"Francesco Turrini",Italy,midfielder,"Piacenza Calcio",1992,1996,133
"Francesco Turrini",Italy,midfielder,"SSC Napoli",1996,2000,109
"Francesco Turrini",Italy,midfielder,"SSC Ancona",2000,2001,8
"Francis Coquelin",France,"defensive midfielder","Arsenal F.C.",2008,2018,160
"Francis Coquelin",France,"defensive midfielder","F.C. Lorient",2010,2011,24
"Francis Coquelin",France,"defensive midfielder","SC Freiburg",2013,2014,16
"Francis Coquelin",France,"defensive midfielder","Charlton Athletic F.C.",2014,2014,5
"Francis Coquelin",France,"defensive midfielder","Valencia CF",2018,,
"Francisco Gallardo",Spain,midfielder,"Sevilla FC",1998,2000,30
"Francisco Gallardo",Spain,midfielder,"Sevilla Atlético",1998,2000,32
"Francisco Gallardo",Spain,midfielder,"Sevilla FC",2000,2007,118
"Francisco Gallardo",Spain,midfielder,"Getafe CF",2004,2005,22
"Francisco Gallardo",Spain,midfielder,"Vitória S.C.",2005,2006,2
"Francisco Gallardo",Spain,midfielder,"Real Murcia",2006,2007,20
"Francisco Gallardo",Spain,midfielder,"Vitória S.C.",2006,2006,2
"Francisco Gallardo",Spain,midfielder,"Deportivo de La Coruña",2006,2006,7
"Francisco Gallardo",Spain,midfielder,"Real Murcia",2007,2009,16
"Francisco Gallardo",Spain,midfielder,"Sociedad Deportiva Huesca",2009,2011,35
"Francisco Gallardo",Spain,midfielder,"Diósgyőri VTK",2011,2013,40
"Francisco Gallardo",Spain,midfielder,"Ferenc Puskás Football Academy",2013,2014,20
"Francisco Javier González Gómez",Spain,forward,"Athletic Club",1991,1993,
"Francisco Javier González Gómez",Spain,forward,"Athletic Bilbao B",1993,1994,15
"Francisco Javier González Gómez",Spain,forward,"Deportivo Alavés",1994,1995,5
"Francisco Javier González Gómez",Spain,forward,"Sestao Sport Club",1995,1996,30
"Francisco Javier González Gómez",Spain,forward,"RC Celta de Vigo",1996,1997,24
"Francisco Javier González Gómez",Spain,forward,"Athletic Club",1997,2007,254
"Francisco Javier González Gómez",Spain,forward,"F.C. Ashdod",2006,2006,11
"Francisco Javier González Gómez",Spain,forward,"Hércules CF",2007,2009,12
"Francisco Javier González Gómez",Spain,forward,"Club Portugalete",2009,2011,
"Francisco Javier Luke",Spain,forward,"CD Santurtzi",1986,1989,
"Francisco Javier Luke",Spain,forward,"Sestao Sport Club",1989,1990,37
"Francisco Javier Luke",Spain,forward,"Athletic Club",1990,1995,101
"Francisco Javier Luke",Spain,forward,"Club Atlético Osasuna",1993,1994,18
"Francisco Javier Luke",Spain,forward,"Unión Deportiva Almería",1995,1996,21
"Francisco Javier Luke",Spain,forward,"Albacete Balompié",1995,1997,19
"Francisco Javier Luke",Spain,forward,"Burgos CF",1997,1999,44
"Francisco Javier Luke",Spain,forward,"Barakaldo CF",1999,2000,35
"Francisco José Camarasa",Spain,defender,"Valencia CF Mestalla",1985,1988,
"Francisco José Camarasa",Spain,defender,"Valencia CF",1988,2000,266
"Francisco José Camarasa",Spain,defender,"Valencia CF Mestalla",2000,2000,19
"Francisco Lima",Brazil,midfielder,"Ferroviário Atlético Clube",1990,1994,
"Francisco Lima",Brazil,midfielder,"Sul América Esporte Clube",1993,1993,
"Francisco Lima",Brazil,midfielder,"São Paulo FC",1994,1996,6
"Francisco Lima",Brazil,midfielder,"União São João E.C.",1995,1995,
"Francisco Lima",Brazil,midfielder,Gaziantepspor,1996,1998,58
"Francisco Lima",Brazil,midfielder,"Nacional Futebol Clube",1996,1996,
"Francisco Lima",Brazil,midfielder,"FC Zürich",1998,1999,32
"Francisco Lima",Brazil,midfielder,"US Lecce",1999,2000,32
"Francisco Lima",Brazil,midfielder,"Bologna F.C. 1909",2000,2001,29
"Francisco Lima",Brazil,midfielder,"AS Roma",2001,2004,88
"Francisco Lima",Brazil,midfielder,"FC Lokomotiv Moscow",2004,2006,41
"Francisco Lima",Brazil,midfielder,"Qatar SC",2006,2006,7
"Francisco Lima",Brazil,midfielder,"FC Dinamo Moscow",2006,2006,7
"Francisco Lima",Brazil,midfielder,"Brescia Calcio",2007,2008,58
"Francisco Lima",Brazil,midfielder,"San Jose Earthquakes",2008,2009,14
"Francisco Lima",Brazil,midfielder,"Taranto Sport",2009,2009,12
"Francisco Lima",Brazil,midfielder,"Atlético Rio Negro Clube",2010,2010,
"Francisco Lima",Brazil,midfielder,"Nacional Futebol Clube",2010,2010,
"Francisco Lima",Brazil,midfielder,"São Raimundo Esporte Clube",2011,2011,
"Francisco Lima",Brazil,midfielder,"Nacional Fast Clube",2016,,
"Francisco Pavón",Spain,defender,"Real Madrid C",1998,2000,
"Francisco Pavón",Spain,defender,"Real Madrid Club de Fútbol",2001,2007,106
"Francisco Pavón",Spain,defender,"Real Zaragoza",2007,2010,43
"Francisco Pavón",Spain,defender,"AC Arles",2010,2011,26
"Francisco Rufete",Spain,"wing half","FC Barcelona Atlètic",1995,1997,45
"Francisco Rufete",Spain,"wing half","FC Barcelona C",1995,1995,12
"Francisco Rufete",Spain,"wing half","CD Toledo",1997,1998,38
"Francisco Rufete",Spain,"wing half","RCD Mallorca",1998,1999,0
"Francisco Rufete",Spain,"wing half","Málaga CF",1999,1999,20
"Francisco Rufete",Spain,"wing half","Valencia CF",2001,2006,132
"Francisco Rufete",Spain,"wing half","RCD Espanyol de Barcelona",2006,2009,57
"Francisco Rufete",Spain,"wing half","Hércules CF",2009,2012,46
"Francisco Yeste",Spain,"inside forward","Athletic Club",1991,1997,
"Francisco Yeste",Spain,"inside forward","CD Baskonia",1997,1998,38
"Francisco Yeste",Spain,"inside forward","Athletic Bilbao B",1998,2000,34
"Francisco Yeste",Spain,"inside forward","Athletic Club",1998,2010,353
"Francisco Yeste",Spain,"inside forward","Al Wasl FC",2010,2011,27
"Francisco Yeste",Spain,"inside forward","Baniyas SC",2012,2012,7
"Franck Kessié","Ivory Coast",midfielder,"Stella Club d'Adjamé",2014,2015,
"Franck Kessié","Ivory Coast",midfielder,"Atalanta BC",2015,2019,30
"Franck Kessié","Ivory Coast",midfielder,"AC Cesena",2015,2016,37
"Franck Kessié","Ivory Coast",midfielder,"AC Milan",2017,2019,71
"Franck Kessié","Ivory Coast",midfielder,"AC Milan",2019,2022,103
"Franck Kessié","Ivory Coast",midfielder,"Al Ahli FC",2023,,87
"Franck Ribéry",France,"wing half","US Boulogne",2000,2002,28
"Franck Ribéry",France,"wing half","Olympique Alès",2002,2003,19
"Franck Ribéry",France,"wing half","Stade Brestois 29",2003,2004,35
"Franck Ribéry",France,"wing half","FC Metz",2004,2005,20
"Franck Ribéry",France,"wing half","Olympique de Marseille",2005,2007,60
"Franck Ribéry",France,"wing half","Galatasaray S.K.",2005,2005,14
"Franck Ribéry",France,"wing half","FC Bayern Munich",2007,2019,273
"Franck Ribéry",France,"wing half","ACF Fiorentina",2019,2021,50
"Franck Ribéry",France,"wing half","U.S. Salernitana 1919",2021,2022,24
"Franco Baresi",Italy,"defender, sweeper","AC Milan",1977,1997,531
"Frank Lampard","United Kingdom",midfielder,"Swansea City A.F.C.",1995,1996,9
"Frank Lampard","United Kingdom",midfielder,"West Ham United F.C.",1995,2001,148
"Frank Lampard","United Kingdom",midfielder,"Chelsea F.C.",2001,2014,429
"Frank Lampard","United Kingdom",midfielder,"Manchester City F.C.",2014,2015,32
"Frank Lampard","United Kingdom",midfielder,"New York City FC",2015,2016,29
"Frank Leboeuf",France,centre-back,"Sporting Toulon Var",1984,1986,
"Frank Leboeuf",France,centre-back,"Hyères FC",1986,1986,
"Frank Leboeuf",France,centre-back,"CS Meaux",1987,1988,
"Frank Leboeuf",France,centre-back,"Stade Lavallois",1988,1991,69
"Frank Leboeuf",France,centre-back,"RC Strasbourg Alsace",1991,1996,189
"Frank Leboeuf",France,centre-back,"Chelsea F.C.",1996,2001,206
"Frank Leboeuf",France,centre-back,"Olympique de Marseille",2001,2003,51
"Frank Leboeuf",France,centre-back,"Al Sadd Sports Club",2003,2004,17
"Frank Leboeuf",France,centre-back,"Al-Wakrah Sports Club",2004,2005,10
"Frank Sinclair","United Kingdom",full-back,"Chelsea F.C.",1990,1998,169
"Frank Sinclair","United Kingdom",full-back,"West Bromwich Albion F.C.",1991,1992,6
"Frank Sinclair","United Kingdom",full-back,"Leicester City F.C.",1998,2004,164
"Frank Sinclair","United Kingdom",full-back,"Burnley F.C.",2004,2007,92
"Frank Sinclair","United Kingdom",full-back,"Huddersfield Town A.F.C.",2007,2007,13
"Frank Sinclair","United Kingdom",full-back,"Lincoln City F.C.",2008,2009,23
"Frank Sinclair","United Kingdom",full-back,"Wrexham A.F.C.",2009,2010,17
"Frank Sinclair","United Kingdom",full-back,"Wycombe Wanderers F.C.",2009,2009,9
"Frank Sinclair","United Kingdom",full-back,"Wrexham A.F.C.",2010,2011,39
"Frank Sinclair","United Kingdom",full-back,"Hendon F.C.",2011,2011,10
"Frank Sinclair","United Kingdom",full-back,"Colwyn Bay F.C.",2012,2015,66
"Frank Sinclair","United Kingdom",full-back,"Brackley Town F.C.",2015,2015,13
"Frank de Boer","Kingdom of the Netherlands",defender,"AFC Ajax",1988,1999,328
"Frank de Boer","Kingdom of the Netherlands",defender,"Galatasaray S.K.",2003,2004,15
"Frank de Boer","Kingdom of the Netherlands",defender,"Rangers F.C.",2004,2004,15
"Frank de Boer","Kingdom of the Netherlands",defender,Al-Rayyan,2004,2005,16
"Frank de Boer","Kingdom of the Netherlands",defender,"Al-Shamal Sports Club",2005,2006,1
"Franz Beckenbauer","West Germany, Germany","defender, sweeper","FC Bayern Munich",1965,1977,439
"Franz Beckenbauer","West Germany, Germany","defender, sweeper","New York Cosmos",1977,1980,80
"Franz Beckenbauer","West Germany, Germany","defender, sweeper","Hamburger SV",1980,1982,28
"Franz Beckenbauer","West Germany, Germany","defender, sweeper","New York Cosmos",1983,1983,25
Fred,Brazil,midfielder,"S.C. Internacional",2011,2013,53
Fred,Brazil,midfielder,"FC Shakhtar Donetsk",2013,2018,101
Fred,Brazil,midfielder,"Manchester United F.C.",2018,2023,139
Fred,Brazil,midfielder,"Fenerbahçe Istanbul",2023,,86
"Freddie Ljungberg",Sweden,winger,"Halmstads BK",1994,1998,79
"Freddie Ljungberg",Sweden,winger,"Arsenal F.C.",1998,2007,216
"Freddie Ljungberg",Sweden,winger,"West Ham United F.C.",2007,2008,25
"Freddie Ljungberg",Sweden,winger,"Seattle Sounders FC",2009,2010,37
"Freddie Ljungberg",Sweden,winger,"Chicago Fire FC",2010,2010,15
"Freddie Ljungberg",Sweden,winger,"Celtic F.C.",2011,2011,7
"Freddie Ljungberg",Sweden,winger,"Shimizu S-Pulse",2011,2012,8
"Freddie Ljungberg",Sweden,winger,"Mumbai City FC",2014,2014,4
"Fredy Guarín",Colombia,midfielder,"Atlético Huila",2002,2002,5
"Fredy Guarín",Colombia,midfielder,"Envigado Fútbol Club",2003,2007,38
"Fredy Guarín",Colombia,midfielder,"AS Saint-Étienne",2006,2007,18
"Fredy Guarín",Colombia,midfielder,"AS Saint-Étienne",2007,2008,18
"Fredy Guarín",Colombia,midfielder,"FC Porto",2008,2012,63
"Fredy Guarín",Colombia,midfielder,"Inter Milan",2012,2016,108
"Fredy Guarín",Colombia,midfielder,"Shanghai Shenhua F.C.",2016,2019,83
"Fredy Guarín",Colombia,midfielder,"CR Vasco da Gama",2019,2020,13
"Fredy Guarín",Colombia,midfielder,Millonarios,2021,2021,7
"Frédéric Kanouté","Mali, France",forward,"Olympique Lyonnais",1997,2000,40
"Frédéric Kanouté","Mali, France",forward,"West Ham United F.C.",2000,2003,84
"Frédéric Kanouté","Mali, France",forward,"Tottenham Hotspur F.C.",2003,2005,60
"Frédéric Kanouté","Mali, France",forward,"Sevilla FC",2005,2012,209
"Frédéric Kanouté","Mali, France",forward,"Beijing Guoan F.C.",2012,2013,38
"Fábio Aurélio",Brazil,full-back,"São Paulo FC",1997,2000,54
"Fábio Aurélio",Brazil,full-back,"Valencia CF",2000,2006,96
"Fábio Aurélio",Brazil,full-back,"Liverpool F.C.",2006,2012,87
"Fábio Aurélio",Brazil,full-back,"Grêmio FBPA",2012,2013,5
"Gabri García",Spain,midfielder,"Centre d'Esports Sabadell Futbol Club",1991,1993,
"Gabri García",Spain,midfielder,"FC Barcelona Atlètic",1997,2000,67
"Gabri García",Spain,midfielder,"AFC Ajax",2006,2010,86
"Gabri García",Spain,midfielder,"Umm Salal SC",2010,2011,13
"Gabri García",Spain,midfielder,"FC Sion",2011,2011,2
"Gabri García",Spain,midfielder,"FC Lausanne-Sport",2012,2014,28
"Gabriel Fernández Arena",Spain,midfielder,"Atlético Madrid B",2002,2004,46
"Gabriel Fernández Arena",Spain,midfielder,"Atlético Madrid",2004,2007,58
"Gabriel Fernández Arena",Spain,midfielder,"Getafe CF",2004,2005,32
"Gabriel Fernández Arena",Spain,midfielder,"Real Zaragoza",2007,2011,135
"Gabriel Fernández Arena",Spain,midfielder,"Atlético Madrid",2011,2018,239
"Gabriel Fernández Arena",Spain,midfielder,"Al Sadd Sports Club",2018,2020,35
"Gabriel Jesus",Brazil,forward,"Sociedade Esportiva Palmeiras",2015,2017,67
"Gabriel Jesus",Brazil,forward,"Manchester City F.C.",2017,2022,159
"Gabriel Jesus",Brazil,forward,"Arsenal F.C.",2022,,81
"Gabriel Magalhães",Brazil,defender,"Avaí Futebol Clube",2016,2017,34
"Gabriel Magalhães",Brazil,defender,"Lille OSC",2017,2020,39
"Gabriel Magalhães",Brazil,defender,"ES Troyes AC",2017,2018,1
"Gabriel Magalhães",Brazil,defender,"GNK Dinamo Zagreb",2018,2018,1
"Gabriel Magalhães",Brazil,defender,"Arsenal F.C.",2020,,185
"Gabriel Martinelli",Brazil,forward,"Ituano Futebol Clube",2018,2019,17
"Gabriel Martinelli",Brazil,forward,"Arsenal F.C.",2019,,186
"Gabriel Moya",Spain,forward,"RSD Alcalá",1985,1986,
"Gabriel Moya",Spain,forward,"Real Valladolid",1986,1991,145
"Gabriel Moya",Spain,forward,"Atlético Madrid",1991,1993,54
"Gabriel Moya",Spain,forward,"Sevilla FC",1993,1996,106
"Gabriel Moya",Spain,forward,"Valencia CF",1996,1997,35
"Gabriel Moya",Spain,forward,"RCD Mallorca",1997,1998,23
"Gabriel Moya",Spain,forward,"Sevilla FC",1998,2000,43
"Gabriel Moya",Spain,forward,"RSD Alcalá",2000,2001,
"Gabriel Paulista",Brazil,centre-back,"E.C. Vitória",2010,2013,77
"Gabriel Paulista",Brazil,centre-back,"Villarreal CF",2013,2015,37
"Gabriel Paulista",Brazil,centre-back,"Arsenal F.C.",2015,2017,64
"Gabriel Paulista",Brazil,centre-back,"Valencia CF",2017,2024,182
"Gabriel Paulista",Brazil,centre-back,"Beşiktaş J.K. (Football)",2024,2026,30
"Gabriel Paulista",Brazil,centre-back,"Atlético Madrid",2024,2024,5
"Gabriel Paulista",Brazil,centre-back,"S.C. Corinthians Paulista",2026,,19
"Gaizka Mendieta",Spain,"central midfielder","CD Castellón",1991,1992,19
"Gaizka Mendieta",Spain,"central midfielder","Valencia CF Mestalla",1992,1994,34
"Gaizka Mendieta",Spain,"central midfielder","Valencia CF",1993,2001,305
"Gaizka Mendieta",Spain,"central midfielder","SS Lazio",2001,2004,31
"Gaizka Mendieta",Spain,"central midfielder","Middlesbrough F.C.",2003,2004,38
"Gaizka Mendieta",Spain,"central midfielder","Middlesbrough F.C.",2004,2008,45
"Gaizka Toquero",Spain,forward,"Deportivo Alavés",1997,1999,
"Gaizka Toquero",Spain,forward,"CD Ariznabarra",1999,2002,
"Gaizka Toquero",Spain,forward,"Real Sociedad",2002,2003,
"Gaizka Toquero",Spain,forward,"Deportivo Alavés C",2003,2005,
"Gaizka Toquero",Spain,forward,"Deportivo Alavés B",2005,2006,29
"Gaizka Toquero",Spain,forward,"SD Lemona",2006,2007,34
"Gaizka Toquero",Spain,forward,"Sestao River Club",2007,2008,38
"Gaizka Toquero",Spain,forward,"SD Eibar",2008,2008,17
"Gaizka Toquero",Spain,forward,"Athletic Club",2008,2015,207
"Gaizka Toquero",Spain,forward,"Deportivo Alavés",2015,2017,69
"Gaizka Toquero",Spain,forward,"Real Zaragoza",2017,2019,30
"Garazi Murua",Spain,defender,"Athletic Club",2015,2024,178
"Gareth Bale","United Kingdom","wing half","Southampton F.C.",2006,2007,40
"Gareth Bale","United Kingdom","wing half","Tottenham Hotspur F.C.",2007,2013,146
"Gareth Bale","United Kingdom","wing half","Real Madrid Club de Fútbol",2013,2022,176
"Gareth Bale","United Kingdom","wing half","Tottenham Hotspur F.C.",2020,2021,20
"Gareth Bale","United Kingdom","wing half","Los Angeles FC",2022,2022,12
"Gareth Barry","United Kingdom",midfielder,"Aston Villa F.C.",1998,2009,365
"Gareth Barry","United Kingdom",midfielder,"Manchester City F.C.",2009,2014,132
"Gareth Barry","United Kingdom",midfielder,"Everton F.C.",2013,2014,32
"Gareth Barry","United Kingdom",midfielder,"Everton F.C.",2014,2017,99
"Gareth Barry","United Kingdom",midfielder,"West Bromwich Albion F.C.",2017,2020,52
"Gareth Hall","United Kingdom",defender,"Chelsea F.C.",1986,1996,139
"Gareth Hall","United Kingdom",defender,"Sunderland A.F.C.",1995,1995,1
"Gareth Hall","United Kingdom",defender,"Sunderland A.F.C.",1996,1998,47
"Gareth Hall","United Kingdom",defender,"Brentford F.C.",1997,1997,6
"Gareth Hall","United Kingdom",defender,"Swindon Town F.C.",1998,2001,87
"Gareth Hall","United Kingdom",defender,"Havant & Waterlooville F.C.",2001,,
"Garry Flitcroft","United Kingdom",midfielder,"Manchester City F.C.",1991,1996,116
"Garry Flitcroft","United Kingdom",midfielder,"Bury F.C.",1992,1992,12
"Garry Flitcroft","United Kingdom",midfielder,"Blackburn Rovers F.C.",1996,2006,248
"Garry Flitcroft","United Kingdom",midfielder,"Sheffield United F.C.",2006,2006,6
"Gary Ablett","United Kingdom","defender, full-back","Liverpool F.C.",1985,1992,109
"Gary Ablett","United Kingdom","defender, full-back","Derby County F.C.",1985,1985,6
"Gary Ablett","United Kingdom","defender, full-back","Hull City A.F.C.",1986,1986,5
"Gary Ablett","United Kingdom","defender, full-back","Everton F.C.",1992,1996,128
"Gary Ablett","United Kingdom","defender, full-back","Birmingham City F.C.",1996,1999,104
"Gary Ablett","United Kingdom","defender, full-back","Sheffield United F.C.",1996,1996,12
"Gary Ablett","United Kingdom","defender, full-back","Wycombe Wanderers F.C.",1999,1999,4
"Gary Ablett","United Kingdom","defender, full-back","Blackpool F.C.",2000,2000,10
"Gary Ablett","United Kingdom","defender, full-back","Long Island Rough Riders",2000,2001,21
"Gary Cahill","United Kingdom",centre-back,"Aston Villa F.C.",2004,2008,28
"Gary Cahill","United Kingdom",centre-back,"Burnley F.C.",2004,2005,27
"Gary Cahill","United Kingdom",centre-back,"Sheffield United F.C.",2007,2007,16
"Gary Cahill","United Kingdom",centre-back,"Bolton Wanderers F.C.",2008,2012,130
"Gary Cahill","United Kingdom",centre-back,"Chelsea F.C.",2012,2019,191
"Gary Cahill","United Kingdom",centre-back,"Crystal Palace F.C.",2019,2021,45
"Gary Cahill","United Kingdom",centre-back,"AFC Bournemouth",2021,2022,22
"Gary Lineker","United Kingdom",forward,"Leicester City F.C.",1976,1978,
"Gary Lineker","United Kingdom",forward,"Leicester City F.C.",1978,1985,194
"Gary Lineker","United Kingdom",forward,"Everton F.C.",1985,1986,41
"Gary Lineker","United Kingdom",forward,"Tottenham Hotspur F.C.",1989,1992,105
"Gary Lineker","United Kingdom",forward,"Nagoya Grampus",1993,1994,18
"Gary Medel",Chile,midfielder,"Club Deportivo Universidad Católica",2006,2009,68
"Gary Medel",Chile,midfielder,"Sevilla FC",2011,2013,78
"Gary Medel",Chile,midfielder,"Cardiff City F.C.",2013,2014,34
"Gary Medel",Chile,midfielder,"Inter Milan",2014,2017,91
"Gary Medel",Chile,midfielder,"Beşiktaş J.K. (Football)",2017,2019,51
"Gary Medel",Chile,midfielder,"Bologna F.C. 1909",2019,2023,96
"Gary Medel",Chile,midfielder,"CR Vasco da Gama",2023,2024,30
"Gary Medel",Chile,midfielder,"Club Deportivo Universidad Católica",2025,,17
"Gary Naysmith","United Kingdom",full-back,"Heart of Midlothian F.C.",1996,2000,96
"Gary Naysmith","United Kingdom",full-back,"Everton F.C.",2000,2007,134
"Gary Naysmith","United Kingdom",full-back,"Sheffield United F.C.",2007,2010,79
"Gary Naysmith","United Kingdom",full-back,"Huddersfield Town A.F.C.",2010,2012,36
"Gary Naysmith","United Kingdom",full-back,"Aberdeen F.C.",2012,2013,9
"Gary Naysmith","United Kingdom",full-back,"East Fife F.C.",2013,,
"Gary Neville","United Kingdom",full-back,"Manchester United F.C.",1992,2011,400
"Gary Pallister","United Kingdom",defender,"Middlesbrough F.C.",1984,1989,156
"Gary Pallister","United Kingdom",defender,"Darlington F.C.",1985,1985,7
"Gary Pallister","United Kingdom",defender,"Manchester United F.C.",1989,1998,317
"Gary Pallister","United Kingdom",defender,"Middlesbrough F.C.",1998,2001,55
"Gary Speed","United Kingdom","wing half","Leeds United F.C.",1988,1996,248
"Gary Speed","United Kingdom","wing half","Everton F.C.",1996,1998,58
"Gary Speed","United Kingdom","wing half","Newcastle United F.C.",1998,2004,213
"Gary Speed","United Kingdom","wing half","Bolton Wanderers F.C.",2004,2008,121
"Gary Speed","United Kingdom","wing half","Sheffield United F.C.",2008,2010,37
Gavi,Spain,midfielder,"FC Barcelona Atlètic",2020,2021,3
"Gavin Peacock","United Kingdom",midfielder,"Queens Park Rangers F.C.",1984,1987,17
"Gavin Peacock","United Kingdom",midfielder,"Gillingham F.C.",1987,1989,64
"Gavin Peacock","United Kingdom",midfielder,"AFC Bournemouth",1989,1990,56
"Gavin Peacock","United Kingdom",midfielder,"Newcastle United F.C.",1990,1993,105
"Gavin Peacock","United Kingdom",midfielder,"Chelsea F.C.",1993,1996,103
"Gavin Peacock","United Kingdom",midfielder,"Queens Park Rangers F.C.",1996,1996,5
"Gavin Peacock","United Kingdom",midfielder,"Charlton Athletic F.C.",2001,2001,5
"Gaël Clichy",France,full-back,"AS Cannes",2002,2003,15
"Gaël Clichy",France,full-back,"Arsenal F.C.",2003,2011,187
"Gaël Clichy",France,full-back,"Manchester City F.C.",2011,2017,138
"Gaël Clichy",France,full-back,"İstanbul Başakşehir F.K.",2017,2020,87
"Gaël Clichy",France,full-back,"Servette FC",2020,2023,79
"Gennaro Gattuso",Italy,midfielder,"A.C. Perugia Calcio",1995,1997,10
"Gennaro Gattuso",Italy,midfielder,"Rangers F.C.",1997,1998,34
"Gennaro Gattuso",Italy,midfielder,"U.S. Salernitana 1919",1998,1999,25
"Gennaro Gattuso",Italy,midfielder,"AC Milan",1999,2012,335
"Gennaro Gattuso",Italy,midfielder,"FC Sion",2012,2013,27
"Gennaro Iezzo",Italy,goalkeeper,"S.S. Juve Stabia",1989,1990,0
"Gennaro Iezzo",Italy,goalkeeper,"S.S. Scafatese Calcio 1922",1990,1991,2
"Gennaro Iezzo",Italy,goalkeeper,"U.S. Avellino 1912",1991,1992,0
"Gennaro Iezzo",Italy,goalkeeper,"S.S. Scafatese Calcio 1922",1992,1994,23
"Gennaro Iezzo",Italy,goalkeeper,"Nocerina 1910",1994,1997,22
"Gennaro Iezzo",Italy,goalkeeper,"Hellas Verona FC",1997,1999,5
"Gennaro Iezzo",Italy,goalkeeper,"Catania FC",1999,2003,95
"Gennaro Iezzo",Italy,goalkeeper,"Cagliari Calcio",2003,2005,25
"Gennaro Iezzo",Italy,goalkeeper,"SSC Napoli",2005,2011,104
"Gennaro Iezzo",Italy,goalkeeper,"A.S.D. Real S.M. Hyria Nola 2012",2011,2012,
"George Best","United Kingdom","wing half","Manchester United F.C.",1963,1974,361
"George Best","United Kingdom","wing half","Jewish Guild",1974,1974,5
"George Best","United Kingdom","wing half","Dunstable Town F.C.",1974,1974,0
"George Best","United Kingdom","wing half","Stockport County F.C.",1975,1975,3
"George Best","United Kingdom","wing half","Cork Celtic F.C.",1975,1976,3
"George Best","United Kingdom","wing half","Los Angeles Aztecs",1976,1976,23
"George Best","United Kingdom","wing half","Fulham F.C.",1976,1977,42
"George Best","United Kingdom","wing half","Los Angeles Aztecs",1977,1978,32
"George Best","United Kingdom","wing half","Fort Lauderdale Strikers",1978,1979,28
"George Best","United Kingdom","wing half","San Jose Earthquakes",1979,1980,86
"George Best","United Kingdom","wing half","Hibernian F.C.",1979,1980,17
"George Best","United Kingdom","wing half","Fort Lauderdale Strikers",1979,1979,33
"George Best","United Kingdom","wing half","San Jose Earthquakes",1980,1981,56
"George Best","United Kingdom","wing half","Hong Kong Rangers FC",1982,1982,1
"George Best","United Kingdom","wing half","Sea Bee",1982,1982,2
"George Best","United Kingdom","wing half","Nuneaton Town F.C.",1983,1983,3
"George Best","United Kingdom","wing half","AFC Bournemouth",1983,1983,5
"George Best","United Kingdom","wing half","Queensland Lions FC",1983,1983,4
"George Best","United Kingdom","wing half","Tobermore United F.C.",1984,1984,4
"George Weah","Liberia, France",forward,"Young Survivors",1981,1984,
"George Weah","Liberia, France",forward,"Bong Range United",1984,1985,
"George Weah","Liberia, France",forward,"Mighty Barrolle",1985,1986,
"George Weah","Liberia, France",forward,"Invincible Eleven",1986,1987,
"George Weah","Liberia, France",forward,"Tonnerre Yaoundé",1987,1988,
"George Weah","Liberia, France",forward,"AS Monaco FC",1988,1992,103
"George Weah","Liberia, France",forward,"Paris Saint-Germain FC",1992,1995,96
"George Weah","Liberia, France",forward,"AC Milan",1995,2000,114
"George Weah","Liberia, France",forward,"Olympique de Marseille",2000,2001,19
"George Weah","Liberia, France",forward,"Manchester City F.C.",2000,2000,7
"George Weah","Liberia, France",forward,"Chelsea F.C.",2000,2000,11
"George Weah","Liberia, France",forward,"Al Jazira Club",2001,2003,
"Georgi Kinkladze","Soviet Union, Georgia",midfielder,"FC Mretebi Tbilisi",1989,1991,80
"Georgi Kinkladze","Soviet Union, Georgia",midfielder,"FC Dinamo Tbilisi",1991,1995,65
"Georgi Kinkladze","Soviet Union, Georgia",midfielder,"1. FC Saarbrücken",1993,1993,11
"Georgi Kinkladze","Soviet Union, Georgia",midfielder,"Manchester City F.C.",1995,1998,106
"Georgi Kinkladze","Soviet Union, Georgia",midfielder,"AFC Ajax",1998,2000,12
"Georgi Kinkladze","Soviet Union, Georgia",midfielder,"Derby County F.C.",1999,2000,13
"Georgi Kinkladze","Soviet Union, Georgia",midfielder,"Derby County F.C.",2000,2003,80
"Georgi Kinkladze","Soviet Union, Georgia",midfielder,"Anorthosis Famagusta FC",2004,2005,22
"Georgi Kinkladze","Soviet Union, Georgia",midfielder,"Rubin Kazan",2005,2006,13
"Georginio Wijnaldum","Kingdom of the Netherlands","wing half","Feyenoord Rotterdam",2007,2011,111
"Georginio Wijnaldum","Kingdom of the Netherlands","wing half","PSV Eindhoven",2011,2015,109
"Georginio Wijnaldum","Kingdom of the Netherlands","wing half","Newcastle United F.C.",2015,2016,38
"Georginio Wijnaldum","Kingdom of the Netherlands","wing half","Liverpool F.C.",2016,2021,179
"Georginio Wijnaldum","Kingdom of the Netherlands","wing half","Paris Saint-Germain FC",2021,2023,31
"Georginio Wijnaldum","Kingdom of the Netherlands","wing half","AS Roma",2022,2023,14
"Georginio Wijnaldum","Kingdom of the Netherlands","wing half","Al-Ettifaq FC",2023,,63
"Gerard López",Spain,midfielder,"FC Barcelona Atlètic",1996,1997,32
"Gerard López",Spain,midfielder,"Valencia CF",1997,2000,45
"Gerard López",Spain,midfielder,"Deportivo Alavés",1998,1999,29
"Gerard López",Spain,midfielder,"AS Monaco FC",2005,2007,13
"Gerard López",Spain,midfielder,"Recreativo de Huelva",2007,2008,18
"Gerard López",Spain,midfielder,"Girona FC",2009,2011,31
"Gerard Moreno",Spain,forward,"Villarreal CF",2010,2011,39
"Gerard Moreno",Spain,forward,"Villarreal CF C",2010,2011,39
"Gerard Moreno",Spain,forward,"Villarreal CF B",2011,2013,29
"Gerard Moreno",Spain,forward,"Villarreal CF",2012,2015,40
"Gerard Moreno",Spain,forward,"RCD Mallorca",2013,2014,31
"Gerard Moreno",Spain,forward,"RCD Espanyol de Barcelona",2015,2018,107
"Gerard Moreno",Spain,forward,"Villarreal CF",2018,,188
"Gerard Piqué",Spain,defender,"Manchester United F.C.",2004,2008,12
"Gerard Piqué",Spain,defender,"Real Zaragoza",2006,2007,22
"Gerard Wiekens","Kingdom of the Netherlands",defender,"SC Veendam",1990,1997,204
"Gerard Wiekens","Kingdom of the Netherlands",defender,"Manchester City F.C.",1997,2004,182
"Gerard Wiekens","Kingdom of the Netherlands",defender,"SC Veendam",2004,2009,86
"Gerd Müller",Germany,forward,"TSV 1861 Nördlingen",1963,1964,31
"Gerd Müller",Germany,forward,"FC Bayern Munich",1964,1979,453
"Gerd Müller",Germany,forward,"Fort Lauderdale Strikers",1979,1981,71
"Gerhard Poschner",Germany,midfielder,"VfB Stuttgart",1987,1990,46
"Gerhard Poschner",Germany,midfielder,"Borussia Dortmund",1990,1994,110
"Gerhard Poschner",Germany,midfielder,"VfB Stuttgart",1994,1998,130
"Gerhard Poschner",Germany,midfielder,"Venezia F.C.",1998,1999,1
"Gerhard Poschner",Germany,midfielder,"Rayo Vallecano",1999,2001,56
"Gerhard Poschner",Germany,midfielder,"Venezia F.C.",1999,1999,1
"Gerhard Poschner",Germany,midfielder,"SK Rapid Wien",2001,2002,6
"Gerhard Poschner",Germany,midfielder,"Polideportivo Ejido",2002,2003,52
"Gerhard Poschner",Germany,midfielder,"TSV 1860 München",2003,2004,4
"Gerhard Poschner",Germany,midfielder,"TSV 1860 München",2004,2004,4
"Gheorghe Craioveanu",Romania,forward,"FC Drobeta-Turnu Severin",1990,1990,
"Gheorghe Craioveanu",Romania,forward,"FC U Craiova 1948",1991,1995,129
"Gheorghe Craioveanu",Romania,forward,"Real Sociedad",1995,1998,90
"Gheorghe Craioveanu",Romania,forward,"Villarreal CF",1998,2002,120
"Gheorghe Craioveanu",Romania,forward,"Getafe CF",2002,2006,120
"Giacomo Bonaventura",Italy,midfielder,"Atalanta BC",2007,2014,104
"Giacomo Bonaventura",Italy,midfielder,"U.S. Pergolettese 1932",2009,2009,4
"Giacomo Bonaventura",Italy,midfielder,"Calcio Padova",2010,2010,15
"Giacomo Bonaventura",Italy,midfielder,"AC Milan",2014,2020,155
"Giacomo Bonaventura",Italy,midfielder,"ACF Fiorentina",2020,2024,126
"Giacomo Bonaventura",Italy,midfielder,"Al-Shabab Football Club",2024,2025,29
"Giancarlo Marocchi",Italy,midfielder,"Bologna F.C. 1909",1982,1988,171
"Giancarlo Marocchi",Italy,midfielder,"Juventus FC",1988,1996,213
"Giancarlo Marocchi",Italy,midfielder,"Bologna F.C. 1909",1996,2000,116
"Gianfranco Zola",Italy,forward,"Nuorese Calcio",1984,1986,31
"Gianfranco Zola",Italy,forward,"S.E.F. Torres 1903",1986,1989,88
"Gianfranco Zola",Italy,forward,"SSC Napoli",1989,1993,105
"Gianfranco Zola",Italy,forward,"Parma Calcio 1913",1993,1996,102
"Gianfranco Zola",Italy,forward,"Chelsea F.C.",1996,2003,229
"Gianfranco Zola",Italy,forward,"Cagliari Calcio",2003,2005,74
"Gianluca Grava",Italy,defender,"A.S.D. Casertana Calcio",1993,1997,84
"Gianluca Grava",Italy,defender,"SS Turris Calcio",1997,1998,28
"Gianluca Grava",Italy,defender,"Ternana Calcio",1998,2004,143
"Gianluca Grava",Italy,defender,"Unione Sportiva Catanzaro",2004,2004,15
"Gianluca Grava",Italy,defender,"SSC Napoli",2005,2013,148
"Gianluca Mancini",Italy,centre-back,"A.C. Perugia Calcio",2015,2017,25
"Gianluca Mancini",Italy,centre-back,"Atalanta BC",2017,2020,41
"Gianluca Mancini",Italy,centre-back,"AS Roma",2019,2020,32
"Gianluca Mancini",Italy,centre-back,"AS Roma",2020,,173
"Gianluca Pagliuca",Italy,goalkeeper,"U.C. Sampdoria",1987,1994,198
"Gianluca Pagliuca",Italy,goalkeeper,"Inter Milan",1994,1999,165
"Gianluca Pagliuca",Italy,goalkeeper,"Bologna F.C. 1909",1999,2006,248
"Gianluca Pagliuca",Italy,goalkeeper,"Ascoli Calcio 1898 FC",2006,2007,23
"Gianluca Pessotto",Italy,full-back,"Varese Calcio",1989,1991,64
"Gianluca Pessotto",Italy,full-back,"S.S.D. Massese",1991,1992,22
"Gianluca Pessotto",Italy,full-back,"Bologna F.C. 1909",1992,1993,21
"Gianluca Pessotto",Italy,full-back,"Hellas Verona FC",1993,1994,34
"Gianluca Pessotto",Italy,full-back,"Torino FC",1994,1995,32
"Gianluca Pessotto",Italy,full-back,"Juventus FC",1995,2006,243
"Gianluca Vialli",Italy,forward,"US Cremonese",1980,1984,105
"Gianluca Vialli",Italy,forward,"U.C. Sampdoria",1984,1992,223
"Gianluca Vialli",Italy,forward,"Juventus FC",1992,1996,102
"Gianluca Vialli",Italy,forward,"Chelsea F.C.",1996,1999,58
"Gianluca Zambrotta",Italy,full-back,"Como 1907",1994,1997,48
"Gianluca Zambrotta",Italy,full-back,"SSC Bari",1997,1999,59
"Gianluca Zambrotta",Italy,full-back,"Juventus FC",1999,2006,217
"Gianluca Zambrotta",Italy,full-back,"AC Milan",2008,2012,80
"Gianluca Zambrotta",Italy,full-back,"FC Chiasso",2013,2014,10
"Gianluigi Buffon",Italy,goalkeeper,"Parma Calcio 1913",1995,2001,169
"Gianluigi Buffon",Italy,goalkeeper,"Juventus FC",2001,2018,509
"Gianluigi Buffon",Italy,goalkeeper,"Paris Saint-Germain FC",2018,2019,17
"Gianluigi Buffon",Italy,goalkeeper,"Juventus FC",2019,2021,17
"Gianluigi Buffon",Italy,goalkeeper,"Parma Calcio 1913",2021,2023,43
"Gianluigi Donnarumma",Italy,goalkeeper,"AC Milan",2015,2021,215
"Gianluigi Donnarumma",Italy,goalkeeper,"Paris Saint-Germain FC",2021,2025,104
"Gianluigi Donnarumma",Italy,goalkeeper,"Manchester City F.C.",2025,,19
"Gilberto Silva",Brazil,midfielder,"América Futebol Clube",1997,2000,20
"Gilberto Silva",Brazil,midfielder,"Clube Atlético Mineiro",2000,2002,62
"Gilberto Silva",Brazil,midfielder,"Arsenal F.C.",2002,2008,170
"Gilberto Silva",Brazil,midfielder,"Panathinaikos F.C.",2008,2011,78
"Gilberto Silva",Brazil,midfielder,"Grêmio FBPA",2011,2012,47
"Gilberto Silva",Brazil,midfielder,"Clube Atlético Mineiro",2012,2013,9
"Gilberto Silva",Brazil,midfielder,"Clube Atlético Mineiro",2013,2013,9
"Gilles Grimandi",France,defender,"Gap FC",1988,1991,
"Gilles Grimandi",France,defender,"AS Monaco FC",1991,1997,67
"Gilles Grimandi",France,defender,"Arsenal F.C.",1997,2002,170
"Gilles Grimandi",France,defender,"Colorado Rapids",2002,2002,
"Gilles Grimandi",France,defender,"Colorado Rapids",2003,2003,0
"Giorgi Mamardashvili",Georgia,goalkeeper,"FC Dinamo Tbilisi",2018,2021,0
"Giorgi Mamardashvili",Georgia,goalkeeper,"FC Rustavi",2019,2019,28
"Giorgi Mamardashvili",Georgia,goalkeeper,"FC Lokomotivi Tbilisi",2020,2021,29
"Giorgi Mamardashvili",Georgia,goalkeeper,"Valencia CF",2021,2024,93
"Giorgi Mamardashvili",Georgia,goalkeeper,"Valencia CF",2024,2025,34
"Giorgi Mamardashvili",Georgia,goalkeeper,"Liverpool F.C.",2024,,5
"Giorgio Chiellini",Italy,"centre-back, full-back","US Livorno 1915",2000,2002,8
"Giorgio Chiellini",Italy,"centre-back, full-back","AS Roma",2002,2004,0
"Giorgio Chiellini",Italy,"centre-back, full-back","US Livorno 1915",2002,2004,47
"Giorgio Chiellini",Italy,"centre-back, full-back","Juventus FC",2004,2022,425
"Giorgio Chiellini",Italy,"centre-back, full-back","ACF Fiorentina",2004,2005,37
"Giorgio Chiellini",Italy,"centre-back, full-back","Los Angeles FC",2022,2023,31
"Giovane Élber","Brazil, Germany",forward,"AC Milan",1990,1991,0
"Giovane Élber","Brazil, Germany",forward,"Londrina E.C.",1990,1991,
"Giovane Élber","Brazil, Germany",forward,"AC Milan",1991,1994,
"Giovane Élber","Brazil, Germany",forward,"Grasshopper Club Zürich",1991,1994,69
"Giovane Élber","Brazil, Germany",forward,"VfB Stuttgart",1994,1997,87
"Giovane Élber","Brazil, Germany",forward,"FC Bayern Munich",1997,2003,169
"Giovane Élber","Brazil, Germany",forward,"Olympique Lyonnais",2003,2005,30
"Giovane Élber","Brazil, Germany",forward,"Borussia Mönchengladbach",2005,2006,
"Giovane Élber","Brazil, Germany",forward,"Cruzeiro E.C.",2006,2006,21
"Giovanni Cervone",Italy,goalkeeper,"S.S. Juve Stabia",1979,1980,6
"Giovanni Cervone",Italy,goalkeeper,"U.S. Avellino 1912",1980,1983,6
"Giovanni Cervone",Italy,goalkeeper,"Unione Sportiva Catanzaro",1983,1984,29
"Giovanni Cervone",Italy,goalkeeper,"Genoa CFC",1984,1987,104
"Giovanni Cervone",Italy,goalkeeper,"Parma Calcio 1913",1987,1988,23
"Giovanni Cervone",Italy,goalkeeper,"Hellas Verona FC",1988,1989,34
"Giovanni Cervone",Italy,goalkeeper,"AS Roma",1989,1997,191
"Giovanni Cervone",Italy,goalkeeper,"Brescia Calcio",1997,1999,26
"Giovanni Cervone",Italy,goalkeeper,"S.C. Ravenna Sport",1999,2000,26
"Giovanni Di Lorenzo",Italy,defender,"AS Reggina 1914",2010,2015,58
"Giovanni Di Lorenzo",Italy,defender,"A.C. Cuneo 1905 Olmo",2012,2013,27
"Giovanni Di Lorenzo",Italy,defender,"FC Matera",2015,2017,58
"Giovanni Di Lorenzo",Italy,defender,"Empoli FC",2017,2019,73
"Giovanni Di Lorenzo",Italy,defender,"SSC Napoli",2019,,223
"Giovanni Piacentini",Italy,midfielder,"Modena F.C.",1984,1987,67
"Giovanni Piacentini",Italy,midfielder,"Calcio Padova",1987,1989,76
"Giovanni Piacentini",Italy,midfielder,"AS Roma",1989,1995,142
"Giovanni Piacentini",Italy,midfielder,"ACF Fiorentina",1995,1997,59
"Giovanni Piacentini",Italy,midfielder,"Atalanta BC",1998,1999,33
"Giovanni Piacentini",Italy,midfielder,"Bologna F.C. 1909",1999,2001,37
"Giovanni Reyna","United States",midfielder,"Borussia Dortmund",2019,2025,147
"Giovanni Reyna","United States",midfielder,"Nottingham Forest F.C.",2024,2024,10
"Giovanni Reyna","United States",midfielder,"Borussia Mönchengladbach",2025,,
"Giovanni van Bronckhorst","Kingdom of the Netherlands",full-back,"Feyenoord Rotterdam",1993,1998,103
"Giovanni van Bronckhorst","Kingdom of the Netherlands",full-back,"RKC Waalwijk",1993,1994,12
"Giovanni van Bronckhorst","Kingdom of the Netherlands",full-back,"Rangers F.C.",1998,2001,73
"Giovanni van Bronckhorst","Kingdom of the Netherlands",full-back,"Arsenal F.C.",2001,2004,42
"Giovanni van Bronckhorst","Kingdom of the Netherlands",full-back,"Feyenoord Rotterdam",2007,2010,88
"Giuseppe Reina",Germany,forward,"SG Wattenscheid 09",1994,1996,56
"Giuseppe Reina",Germany,forward,"Arminia Bielefeld",1996,1999,97
"Giuseppe Reina",Germany,forward,"Borussia Dortmund",1999,2004,84
"Giuseppe Reina",Germany,forward,"Hertha BSC",2004,2005,23
"Giuseppe Reina",Germany,forward,"Sportfreunde Siegen",2005,2006,14
"Giuseppe Rossi","United States",forward,"Manchester United F.C.",2004,2007,5
"Giuseppe Rossi","United States",forward,"Newcastle United F.C.",2006,2006,11
"Giuseppe Rossi","United States",forward,"Villarreal CF",2007,2013,136
"Giuseppe Rossi","United States",forward,"Parma Calcio 1913",2007,2007,19
"Giuseppe Rossi","United States",forward,"ACF Fiorentina",2013,2016,33
"Giuseppe Rossi","United States",forward,"RC Celta de Vigo",2016,2017,
"Giuseppe Rossi","United States",forward,"Levante UD",2016,,
"Giuseppe Rossi","United States",forward,"ACF Fiorentina",2017,,
"Giuseppe Taglialatela",Italy,goalkeeper,"SSC Napoli",1986,1988,0
"Giuseppe Taglialatela",Italy,goalkeeper,"Palermo F.C.",1988,1989,34
"Giuseppe Taglialatela",Italy,goalkeeper,"U.S. Avellino 1912",1989,1990,38
"Giuseppe Taglialatela",Italy,goalkeeper,"SSC Napoli",1990,1991,3
"Giuseppe Taglialatela",Italy,goalkeeper,"Palermo F.C.",1991,1992,38
"Giuseppe Taglialatela",Italy,goalkeeper,"SSC Bari",1992,1993,30
"Giuseppe Taglialatela",Italy,goalkeeper,"Ternana Calcio",1992,1992,
"Giuseppe Taglialatela",Italy,goalkeeper,"SSC Napoli",1993,1999,174
"Giuseppe Taglialatela",Italy,goalkeeper,"ACF Fiorentina",1999,2002,12
"Giuseppe Taglialatela",Italy,goalkeeper,"Siena FC",2002,2003,1
"Giuseppe Taglialatela",Italy,goalkeeper,"Benevento Calcio",2004,2005,1
"Giuseppe Taglialatela",Italy,goalkeeper,"U.S. Avellino 1912",2005,2006,5
"Glen Johnson","United Kingdom","defender, full-back","West Ham United F.C.",2002,2003,15
"Glen Johnson","United Kingdom","defender, full-back","Millwall F.C.",2002,2002,8
"Glen Johnson","United Kingdom","defender, full-back","Chelsea F.C.",2003,2007,41
"Glen Johnson","United Kingdom","defender, full-back","Portsmouth F.C.",2006,2007,26
"Glen Johnson","United Kingdom","defender, full-back","Portsmouth F.C.",2007,2009,58
"Glen Johnson","United Kingdom","defender, full-back","Liverpool F.C.",2009,2015,160
"Glen Johnson","United Kingdom","defender, full-back","Stoke City F.C.",2015,2018,57
"Glenn Hysén",Sweden,defender,"IFK Göteborg",1978,1983,122
"Glenn Hysén",Sweden,defender,"PSV Eindhoven",1983,1985,48
"Glenn Hysén",Sweden,defender,"IFK Göteborg",1985,1987,38
"Glenn Hysén",Sweden,defender,"ACF Fiorentina",1987,1989,63
"Glenn Hysén",Sweden,defender,"Liverpool F.C.",1989,1992,82
"Glenn Hysén",Sweden,defender,GAIS,1992,1994,54
"Glenn Hysén",Sweden,defender,"Torslanda IK",2002,2004,
"Glenn Hysén",Sweden,defender,"Utsiktens BK",2010,2012,
"Gonzalo Bergessio",Argentina,forward,"Club Sport Emelec",2003,2005,37
"Gonzalo Bergessio",Argentina,forward,"Club Sport Emelec",2005,2006,37
"Gonzalo Bergessio",Argentina,forward,"Racing Club",2006,2007,35
"Gonzalo Bergessio",Argentina,forward,"S.L. Benfica",2007,2007,3
"Gonzalo Bergessio",Argentina,forward,"AS Saint-Étienne",2009,2011,49
"Gonzalo Bergessio",Argentina,forward,"Catania FC",2011,2011,13
"Gonzalo Bergessio",Argentina,forward,"Real Madrid Club de Fútbol",2011,2014,96
"Gonzalo Bergessio",Argentina,forward,"U.C. Sampdoria",2014,2015,23
"Gonzalo Bergessio",Argentina,forward,"Atlas F.C.",2015,,
"Gonzalo Higuaín","Argentina, France",forward,"Club Atlético River Plate",2005,2007,35
"Gonzalo Higuaín","Argentina, France",forward,"Real Madrid Club de Fútbol",2007,2013,190
"Gonzalo Higuaín","Argentina, France",forward,"SSC Napoli",2013,2016,104
"Gonzalo Higuaín","Argentina, France",forward,"Juventus FC",2016,2020,105
"Gonzalo Higuaín","Argentina, France",forward,"AC Milan",2018,2019,22
"Gonzalo Higuaín","Argentina, France",forward,"Chelsea F.C.",2019,2019,14
"Gonzalo Higuaín","Argentina, France",forward,"Inter Miami CF",2020,2022,67
"Gonzalo Rodríguez",Argentina,defender,"Villarreal CF",2004,2012,184
"Gonzalo Rodríguez",Argentina,defender,"ACF Fiorentina",2012,,
"Gonçalo Guedes",Portugal,"forward, wing half","S.L. Benfica",2014,2017,39
"Gonçalo Guedes",Portugal,"forward, wing half","S.L. Benfica B",2014,2016,38
"Gonçalo Guedes",Portugal,"forward, wing half","Valencia CF",2017,2018,33
"Gonçalo Guedes",Portugal,"forward, wing half","Paris Saint-Germain FC",2017,2018,8
"Gonçalo Guedes",Portugal,"forward, wing half","Valencia CF",2018,2022,113
"Gonçalo Guedes",Portugal,"forward, wing half","Wolverhampton Wanderers F.C.",2022,2025,42
"Gonçalo Guedes",Portugal,"forward, wing half","S.L. Benfica",2023,2024,21
"Gonçalo Guedes",Portugal,"forward, wing half","Villarreal CF",2024,2024,17
"Gonçalo Guedes",Portugal,"forward, wing half","Real Sociedad",2025,,
"Gordon Durie","United Kingdom",forward,"East Fife F.C.",1981,1984,81
"Gordon Durie","United Kingdom",forward,"Hibernian F.C.",1984,1986,47
"Gordon Durie","United Kingdom",forward,"Chelsea F.C.",1986,1991,123
"Gordon Durie","United Kingdom",forward,"Tottenham Hotspur F.C.",1991,1993,58
"Gordon Durie","United Kingdom",forward,"Rangers F.C.",1993,2000,125
"Gordon Durie","United Kingdom",forward,"Heart of Midlothian F.C.",2000,2001,16
"Gorka Guruzeta",Spain,centre-forward,Antiguoko,2009,2010,
"Gorka Guruzeta",Spain,centre-forward,Q8347095,2010,2013,
"Gorka Guruzeta",Spain,centre-forward,Antiguoko,2013,2014,
"Gorka Guruzeta",Spain,centre-forward,"CD Baskonia",2014,2016,47
"Gorka Guruzeta",Spain,centre-forward,"Athletic Club",2014,2015,
"Gorka Guruzeta",Spain,centre-forward,"Athletic Bilbao B",2015,2020,96
"Gorka Guruzeta",Spain,centre-forward,"Athletic Club",2018,2019,9
"Gorka Guruzeta",Spain,centre-forward,"Centre d'Esports Sabadell Futbol Club",2020,2021,40
"Gorka Guruzeta",Spain,centre-forward,"SD Amorebieta",2021,2022,38
"Gorka Guruzeta",Spain,centre-forward,"Athletic Club",2022,,172
"Gorka Iraizoz",Spain,goalkeeper,"UDC Chantrea",1998,1999,
"Gorka Iraizoz",Spain,goalkeeper,"CD Baskonia",1999,2000,20
"Gorka Iraizoz",Spain,goalkeeper,"Athletic Bilbao B",2000,2001,0
"Gorka Iraizoz",Spain,goalkeeper,"Gernika Club",2001,2002,36
"Gorka Iraizoz",Spain,goalkeeper,"RCD Espanyol B",2002,2004,59
"Gorka Iraizoz",Spain,goalkeeper,"SD Eibar",2004,2005,41
"Gorka Iraizoz",Spain,goalkeeper,"RCD Espanyol de Barcelona",2004,2007,23
"Gorka Iraizoz",Spain,goalkeeper,"Athletic Club",2007,2017,392
"Gorka Iraizoz",Spain,goalkeeper,"Girona FC",2017,2019,23
"Graeme Le Saux","United Kingdom","defender, full-back","Chelsea F.C.",1989,1993,90
"Graeme Le Saux","United Kingdom","defender, full-back","Blackburn Rovers F.C.",1993,1997,129
"Graeme Le Saux","United Kingdom","defender, full-back","Chelsea F.C.",1997,2003,140
"Graeme Le Saux","United Kingdom","defender, full-back","Southampton F.C.",2003,2005,44
"Graeme Le Saux","United Kingdom","defender, full-back","Wembley F.C.",2012,2012,0
"Graham Stuart","United Kingdom",midfielder,"Chelsea F.C.",1989,1993,87
"Graham Stuart","United Kingdom",midfielder,"Everton F.C.",1993,1997,136
"Graham Stuart","United Kingdom",midfielder,"Sheffield United F.C.",1997,1999,53
"Graham Stuart","United Kingdom",midfielder,"Charlton Athletic F.C.",1999,2005,148
"Graham Stuart","United Kingdom",midfielder,"Norwich City F.C.",2005,2005,8
"Granit Xhaka",Switzerland,midfielder,"FC Basel",2010,2012,42
"Granit Xhaka",Switzerland,midfielder,"Borussia Mönchengladbach",2012,2016,108
"Granit Xhaka",Switzerland,midfielder,"Arsenal F.C.",2016,2023,225
"Granit Xhaka",Switzerland,midfielder,"Bayer 04 Leverkusen",2023,2025,66
"Granit Xhaka",Switzerland,midfielder,"Sunderland A.F.C.",2025,,34
"Gregor Kobel",Switzerland,goalkeeper,"TSG 1899 Hoffenheim",2016,2020,1
"Gregor Kobel",Switzerland,goalkeeper,"FC Augsburg",2019,2019,16
"Gregor Kobel",Switzerland,goalkeeper,"VfB Stuttgart",2019,2020,31
"Gregor Kobel",Switzerland,goalkeeper,"VfB Stuttgart",2020,2021,33
"Gregor Kobel",Switzerland,goalkeeper,"Borussia Dortmund",2021,,127
"Guillermo Amor",Spain,midfielder,"FC Barcelona Atlètic",1984,1988,49
"Guillermo Amor",Spain,midfielder,"ACF Fiorentina",1998,2000,24
"Guillermo Amor",Spain,midfielder,"Villarreal CF",2000,2002,64
"Guillermo Amor",Spain,midfielder,"Livingston F.C.",2003,2003,3
"Guillermo Franco","Argentina, Mexico",forward,"Club de Fútbol Monterrey",2002,2005,119
"Guillermo Franco","Argentina, Mexico",forward,"Villarreal CF",2006,2009,81
"Guillermo Franco","Argentina, Mexico",forward,"West Ham United F.C.",2009,2010,23
"Guillermo Franco","Argentina, Mexico",forward,"Club Atlético Vélez Sarsfield",2010,2012,18
"Guillermo Franco","Argentina, Mexico",forward,"Chicago Fire FC",2012,2012,3
"Guillermo Franco","Argentina, Mexico",forward,"CF Pachuca",2012,2012,12
"Guillermo Sanguinetti",Uruguay,defender,"Club Nacional de Football",1984,1985,
"Guillermo Sanguinetti",Uruguay,defender,"Central Español",1986,1986,
"Guillermo Sanguinetti",Uruguay,defender,"Montevideo Wanderers Fútbol Club",1987,1988,
"Guillermo Sanguinetti",Uruguay,defender,"Sud america Uruguay",1989,1989,
"Guillermo Sanguinetti",Uruguay,defender,"Club Nacional de Football",1989,1992,55
"Guillermo Sanguinetti",Uruguay,defender,"Racing Club de Montevideo",1990,1991,
"Guillermo Sanguinetti",Uruguay,defender,"SS Lazio",1992,1992,20
"Guillermo Sanguinetti",Uruguay,defender,"Everton F.C.",1992,1995,80
"Guillermo Sanguinetti",Uruguay,defender,"Club Nacional de Football",1995,1995,20
"Gus Poyet",Uruguay,midfielder,"Club Atlético River Plate",1986,1988,
"Gus Poyet",Uruguay,midfielder,"Grenoble Foot 38",1988,1990,
"Gus Poyet",Uruguay,midfielder,"Club Atlético River Plate",1989,1990,78
"Gus Poyet",Uruguay,midfielder,"Real Zaragoza",1990,1997,239
"Gus Poyet",Uruguay,midfielder,"C.A. Bella Vista",1990,1990,
"Gus Poyet",Uruguay,midfielder,"Chelsea F.C.",1997,2001,105
"Gus Poyet",Uruguay,midfielder,"Tottenham Hotspur F.C.",2001,2004,82
"Gus Poyet",Uruguay,midfielder,"Swindon Town F.C.",2006,2006,0
Guti,Spain,midfielder,"Real Madrid C",1994,1995,12
Guti,Spain,midfielder,"Real Madrid Club de Fútbol",1995,2010,387
Guti,Spain,midfielder,"Beşiktaş J.K. (Football)",2010,2011,23
"Gylfi Sigurðsson",Iceland,midfielder,"Reading F.C.",2008,2010,42
"Gylfi Sigurðsson",Iceland,midfielder,"Shrewsbury Town F.C.",2008,2008,5
"Gylfi Sigurðsson",Iceland,midfielder,"Crewe Alexandra F.C.",2009,2009,15
"Gylfi Sigurðsson",Iceland,midfielder,"TSG 1899 Hoffenheim",2010,2012,36
"Gylfi Sigurðsson",Iceland,midfielder,"Swansea City A.F.C.",2012,2012,18
"Gylfi Sigurðsson",Iceland,midfielder,"Tottenham Hotspur F.C.",2012,2014,58
"Gylfi Sigurðsson",Iceland,midfielder,"Swansea City A.F.C.",2014,2017,106
"Gylfi Sigurðsson",Iceland,midfielder,"Everton F.C.",2017,2022,136
"Gylfi Sigurðsson",Iceland,midfielder,"Lyngby Boldklub",2023,2024,5
"Gylfi Sigurðsson",Iceland,midfielder,Valur,2024,2025,19
"Gylfi Sigurðsson",Iceland,midfielder,"Knattspyrnufélagið Víkingur",2025,,24
"Gökhan İnler","Switzerland, Turkey",midfielder,"FC Basel",2004,2004,
"Gökhan İnler","Switzerland, Turkey",midfielder,"FC Aarau",2004,2006,
"Gökhan İnler","Switzerland, Turkey",midfielder,"FC Zürich",2006,2007,52
"Gökhan İnler","Switzerland, Turkey",midfielder,"Udinese Calcio",2007,2011,141
"Gökhan İnler","Switzerland, Turkey",midfielder,"SSC Napoli",2011,2015,118
"Gökhan İnler","Switzerland, Turkey",midfielder,"Leicester City F.C.",2015,,
"Günter Kutowski",Germany,defender,"Borussia Dortmund",1984,1996,288
"Günter Kutowski",Germany,defender,"Rot-Weiss Essen",1996,1997,7
"Günter Kutowski",Germany,defender,"SC Paderborn 07",1996,1996,
"Günter Kutowski",Germany,defender,"SC Paderborn 07",1997,2001,
"Hakan Çalhanoğlu","Germany, Turkey",midfielder,"Karlsruher SC",2011,2013,50
"Hakan Çalhanoğlu","Germany, Turkey",midfielder,"Hamburger SV",2013,2014,32
"Hakan Çalhanoğlu","Germany, Turkey",midfielder,"Bayer 04 Leverkusen",2014,2017,79
"Hakan Çalhanoğlu","Germany, Turkey",midfielder,"AC Milan",2017,2021,135
"Hakan Çalhanoğlu","Germany, Turkey",midfielder,"Inter Milan",2021,,150
"Hans Pflügler",Germany,defender,"FC Bayern Munich",1981,1992,276
"Hans Pflügler",Germany,defender,"FC Bayern Munich",1995,1995,1
"Hansi Flick",Germany,midfielder,"SV Sandhausen",1983,1985,69
"Hansi Flick",Germany,midfielder,"FC Bayern Munich",1985,1990,104
"Hansi Flick",Germany,midfielder,"1. FC Köln",1990,1993,44
"Hansi Flick",Germany,midfielder,"Victoria Bammental",1994,2000,
"Harry Kane","United Kingdom",forward,"Tottenham Hotspur F.C.",2009,2023,317
"Harry Kane","United Kingdom",forward,"Leyton Orient F.C.",2011,2011,18
"Harry Kane","United Kingdom",forward,"Norwich City F.C.",2012,2013,3
"Harry Kane","United Kingdom",forward,"Millwall F.C.",2012,2012,22
"Harry Kane","United Kingdom",forward,"Leicester City F.C.",2013,2013,13
"Harry Kane","United Kingdom",forward,"FC Bayern Munich",2023,,94
"Harry Kewell",Australia,"midfielder, forward, wing half","Leeds United F.C.",1996,2003,181
"Harry Kewell",Australia,"midfielder, forward, wing half","Liverpool F.C.",2003,2008,93
"Harry Kewell",Australia,"midfielder, forward, wing half","Galatasaray S.K.",2008,2011,63
"Harry Kewell",Australia,"midfielder, forward, wing half","Melbourne Victory FC",2011,2012,25
"Harry Kewell",Australia,"midfielder, forward, wing half","Al-Gharafa SC",2013,2013,3
"Harry Kewell",Australia,"midfielder, forward, wing half","Melbourne City FC",2013,2014,16
"Harry Maguire","United Kingdom",centre-back,"Sheffield United F.C.",2011,2014,134
"Harry Maguire","United Kingdom",centre-back,"Hull City A.F.C.",2014,2017,54
"Harry Maguire","United Kingdom",centre-back,"Wigan Athletic F.C.",2015,2015,16
"Harry Maguire","United Kingdom",centre-back,"Leicester City F.C.",2017,2019,69
"Harry Maguire","United Kingdom",centre-back,"Manchester United F.C.",2019,,167
"Harry Winks","United Kingdom","central midfielder, defensive midfielder","Tottenham Hotspur F.C.",2014,2023,128
"Harry Winks","United Kingdom","central midfielder, defensive midfielder","U.C. Sampdoria",2022,2023,20
"Harry Winks","United Kingdom","central midfielder, defensive midfielder","Leicester City F.C.",2023,,80
"Hasan Salihamidžić","Bosnia and Herzegovina",midfielder,"Hamburger SV",1995,1998,72
"Hasan Salihamidžić","Bosnia and Herzegovina",midfielder,"FC Bayern Munich",1998,2007,234
"Hasan Salihamidžić","Bosnia and Herzegovina",midfielder,"Juventus FC",2007,2011,61
"Hasan Salihamidžić","Bosnia and Herzegovina",midfielder,"VfL Wolfsburg",2011,2012,15
"Heiko Herrlich",Germany,forward,"Bayer 04 Leverkusen",1989,1993,75
"Heiko Herrlich",Germany,forward,"Borussia Mönchengladbach",1993,1995,55
"Heiko Herrlich",Germany,forward,"Borussia Dortmund",1995,2004,128
"Henrikh Mkhitaryan",Armenia,,"FC Pyunik",2006,2009,70
"Henrikh Mkhitaryan",Armenia,,"FC Metalurh Donetsk",2009,2010,37
"Henrikh Mkhitaryan",Armenia,,"FC Shakhtar Donetsk",2010,2013,72
"Henrikh Mkhitaryan",Armenia,,"Borussia Dortmund",2013,2016,90
"Henrikh Mkhitaryan",Armenia,,"Manchester United F.C.",2016,2018,39
"Henrikh Mkhitaryan",Armenia,,"Arsenal F.C.",2018,2020,39
"Henrikh Mkhitaryan",Armenia,,"AS Roma",2019,2020,22
"Henrikh Mkhitaryan",Armenia,,"AS Roma",2020,2022,65
"Henrikh Mkhitaryan",Armenia,,"Inter Milan",2022,,106
"Heurelho Gomes",Brazil,goalkeeper,"Cruzeiro E.C.",2002,2004,59
"Heurelho Gomes",Brazil,goalkeeper,"PSV Eindhoven",2004,2008,128
"Heurelho Gomes",Brazil,goalkeeper,"Tottenham Hotspur F.C.",2008,2014,95
"Heurelho Gomes",Brazil,goalkeeper,"TSG 1899 Hoffenheim",2013,2013,9
"Heurelho Gomes",Brazil,goalkeeper,"Watford F.C.",2014,,
"Hirving Lozano",Mexico,"wing half","CF Pachuca",2014,2017,120
"Hirving Lozano",Mexico,"wing half","PSV Eindhoven",2017,2019,60
"Hirving Lozano",Mexico,"wing half","SSC Napoli",2019,2023,120
"Hirving Lozano",Mexico,"wing half","PSV Eindhoven",2023,2024,33
"Hirving Lozano",Mexico,"wing half","San Diego FC",2025,,29
"Holger Badstuber",Germany,centre-back,"FC Bayern Munich",2009,2017,119
"Holger Badstuber",Germany,centre-back,"Schalke 04",2017,2017,10
"Holger Badstuber",Germany,centre-back,"VfB Stuttgart",2017,2020,56
"Holger Badstuber",Germany,centre-back,"FC Luzern",2021,2021,14
"Holger Seitz",Germany,midfielder,"1. FC Nürnberg",1993,1994,28
"Holger Seitz",Germany,midfielder,"SpVgg Greuther Fürth",1994,1996,54
"Holger Seitz",Germany,midfielder,"FC Bayern Munich",1996,2000,97
"Holger Seitz",Germany,midfielder,"Karlsruher SC",2000,2002,43
"Holger Seitz",Germany,midfielder,"SV Darmstadt 98",2002,2004,32
"Hristo Stoichkov",Bulgaria,"coach, forward","FC Maritsa Plovdiv",1977,1981,
"Hristo Stoichkov",Bulgaria,"coach, forward","FC Hebros",1982,1984,32
"Hristo Stoichkov",Bulgaria,"coach, forward","PFC CSKA Sofia",1984,1990,119
"Hristo Stoichkov",Bulgaria,"coach, forward","Parma Calcio 1913",1995,1996,23
"Hristo Stoichkov",Bulgaria,"coach, forward","PFC CSKA Sofia",1998,1998,4
"Hristo Stoichkov",Bulgaria,"coach, forward",Al-Nassr,1998,1998,2
"Hristo Stoichkov",Bulgaria,"coach, forward","Kashiwa Reysol",1998,1999,27
"Hristo Stoichkov",Bulgaria,"coach, forward","Chicago Fire FC",2000,2002,51
"Hristo Stoichkov",Bulgaria,"coach, forward","D.C. United",2003,2003,21
"Hugo Campagnaro",Argentina,full-back,"Club Deportivo Morón",1998,2002,103
"Hugo Campagnaro",Argentina,full-back,"Piacenza Calcio",2002,2007,127
"Hugo Campagnaro",Argentina,full-back,"U.C. Sampdoria",2007,2009,38
"Hugo Campagnaro",Argentina,full-back,"SSC Napoli",2009,2013,118
"Hugo Campagnaro",Argentina,full-back,"Inter Milan",2013,2015,31
"Hugo Campagnaro",Argentina,full-back,"Delfino Pescara 1936",2015,2020,62
"Hugo Guillamón",Spain,"centre-back, defensive midfielder","Valencia CF",2009,2017,
"Hugo Guillamón",Spain,"centre-back, defensive midfielder","Valencia CF Mestalla",2017,2020,57
"Hugo Guillamón",Spain,"centre-back, defensive midfielder","Valencia CF",2019,2025,146
"Hugo Guillamón",Spain,"centre-back, defensive midfielder","HNK Hajduk Split",2025,,
"Hugo Lloris",France,goalkeeper,"OGC Nice",2005,2008,72
"Hugo Lloris",France,goalkeeper,"Olympique Lyonnais",2008,2012,146
"Hugo Lloris",France,goalkeeper,"Tottenham Hotspur F.C.",2012,2023,361
"Hugo Lloris",France,goalkeeper,"Los Angeles FC",2024,,65
"Hugo Sánchez",Mexico,forward,"Pumas UNAM",1976,1981,188
"Hugo Sánchez",Mexico,forward,"San Diego Sockers",1979,1980,32
"Hugo Sánchez",Mexico,forward,"Atlético Madrid",1981,1985,111
"Hugo Sánchez",Mexico,forward,"Real Madrid Club de Fútbol",1985,1992,207
"Hugo Sánchez",Mexico,forward,"Club América",1992,1993,29
"Hugo Sánchez",Mexico,forward,"Rayo Vallecano",1993,1994,29
"Hugo Sánchez",Mexico,forward,"Atlante F.C.",1994,1995,31
"Hugo Sánchez",Mexico,forward,"LASK Linz",1995,1996,20
"Hugo Sánchez",Mexico,forward,"FC Linz",1995,1996,20
"Hugo Sánchez",Mexico,forward,"FC Dallas",1996,1996,20
"Hugo Sánchez",Mexico,forward,"Club Celaya",1997,1997,12
"Hugo Sánchez",Mexico,forward,"Atlético Celaya",1997,1997,12
"Héctor Bellerín",Spain,full-back,"Watford F.C.",2013,2014,8
"Héctor Bellerín",Spain,full-back,"Arsenal F.C.",2013,2022,183
"Héctor Bellerín",Spain,full-back,"Real Betis Balompié",2021,2022,23
"Héctor Bellerín",Spain,full-back,"Sporting CP",2023,2023,10
"Héctor Bellerín",Spain,full-back,"Real Betis Balompié",2023,,
"Héctor Berenguel",Spain,defender,"CP Almería",1992,1995,34
"Héctor Berenguel",Spain,defender,"Elche CF",1995,1998,107
"Héctor Berenguel",Spain,defender,"Sevilla FC",1998,2001,103
"Héctor Berenguel",Spain,defender,"Deportivo de La Coruña",2001,2006,81
"Héctor Berenguel",Spain,defender,"RCD Mallorca",2006,2008,50
"Iago Herrerín",Spain,goalkeeper,"Castro FC",2000,2002,
"Iago Herrerín",Spain,goalkeeper,"Sestao River Club",2002,2003,
"Iago Herrerín",Spain,goalkeeper,"Danok Bat CF",2003,2005,
"Iago Herrerín",Spain,goalkeeper,"Athletic Club",2005,2006,
"Iago Herrerín",Spain,goalkeeper,"CD Baskonia",2006,2007,8
"Iago Herrerín",Spain,goalkeeper,"Barakaldo CF",2007,2007,18
"Iago Herrerín",Spain,goalkeeper,"Athletic Bilbao B",2007,2010,87
"Iago Herrerín",Spain,goalkeeper,"Atlético Madrid B",2010,2012,75
"Iago Herrerín",Spain,goalkeeper,"Club Deportivo Numancia de Soria",2012,2013,34
"Iago Herrerín",Spain,goalkeeper,"Athletic Club",2012,2021,119
"Iago Herrerín",Spain,goalkeeper,"CD Leganés",2016,2017,22
"Iago Herrerín",Spain,goalkeeper,"Al-Raed FC",2021,2022,13
"Iago Herrerín",Spain,goalkeeper,"Valencia CF",2022,2023,1
"Iago Herrerín",Spain,goalkeeper,"AEK Larnaca F.C.",2023,2024,1
"Iago Herrerín",Spain,goalkeeper,"Sestao River Club",2024,2025,35
"Iago Herrerín",Spain,goalkeeper,"R.O.C. de Charleroi-Marchienne",2025,2025,12
"Iago Herrerín",Spain,goalkeeper,"Deportivo Pasto",2026,,
"Ian Brightwell","United Kingdom",defender,"Manchester City F.C.",1986,1998,321
"Ian Brightwell","United Kingdom",defender,"Coventry City F.C.",1998,2000,0
"Ian Brightwell","United Kingdom",defender,"Walsall F.C.",2000,2000,10
"Ian Brightwell","United Kingdom",defender,"Stoke City F.C.",2002,2002,4
"Ian Brightwell","United Kingdom",defender,"Port Vale F.C.",2002,2004,37
"Ian Brightwell","United Kingdom",defender,"Macclesfield Town F.C.",2004,2006,21
"Ian Rush","United Kingdom",forward,"Chester City F.C.",1978,1980,34
"Ian Rush","United Kingdom",forward,"Liverpool F.C.",1980,1986,182
"Ian Rush","United Kingdom",forward,"Liverpool F.C.",1986,1987,42
"Ian Rush","United Kingdom",forward,"Juventus FC",1986,1988,29
"Ian Rush","United Kingdom",forward,"Liverpool F.C.",1988,1996,245
"Ian Rush","United Kingdom",forward,"Leeds United F.C.",1996,1997,36
"Ian Rush","United Kingdom",forward,"Newcastle United F.C.",1997,1998,10
"Ian Rush","United Kingdom",forward,"Wrexham A.F.C.",1998,1999,17
"Ian Rush","United Kingdom",forward,"Sheffield United F.C.",1998,1998,4
"Ian Rush","United Kingdom",forward,"Sydney Olympic FC",1999,2000,2
"Ian Snodin","United Kingdom",midfielder,"Doncaster Rovers F.C.",1980,1985,188
"Ian Snodin","United Kingdom",midfielder,"Leeds United F.C.",1985,1987,51
"Ian Snodin","United Kingdom",midfielder,"Everton F.C.",1987,1995,148
"Ian Snodin","United Kingdom",midfielder,"Sunderland A.F.C.",1994,1994,6
"Ian Snodin","United Kingdom",midfielder,"Oldham Athletic A.F.C.",1995,1997,57
"Ian Snodin","United Kingdom",midfielder,"Scarborough F.C.",1997,1998,36
"Ian Snodin","United Kingdom",midfielder,"Doncaster Rovers F.C.",1998,2000,2
"Ian Walker","United Kingdom",goalkeeper,"Tottenham Hotspur F.C.",1989,2001,260
"Ian Walker","United Kingdom",goalkeeper,"Oxford United F.C.",1990,1990,2
"Ian Walker","United Kingdom",goalkeeper,"Ipswich Town F.C.",1990,1990,0
"Ian Walker","United Kingdom",goalkeeper,"Leicester City F.C.",2001,2005,140
"Ian Walker","United Kingdom",goalkeeper,"Bolton Wanderers F.C.",2005,2008,0
"Ian Wright","United Kingdom",forward,"Crystal Palace F.C.",1985,1991,225
"Ian Wright","United Kingdom",forward,"Arsenal F.C.",1991,1998,221
"Ian Wright","United Kingdom",forward,"West Ham United F.C.",1998,1999,22
"Ian Wright","United Kingdom",forward,"Nottingham Forest F.C.",1999,1999,10
"Ian Wright","United Kingdom",forward,"Celtic F.C.",1999,2000,8
"Ian Wright","United Kingdom",forward,"Burnley F.C.",2000,2000,15
"Ibai Gómez",Spain,winger,"Santutxu FC",2004,2008,
"Ibai Gómez",Spain,winger,"Santutxu FC",2008,2009,31
"Ibai Gómez",Spain,winger,"Sestao River Club",2009,2010,36
"Ibai Gómez",Spain,winger,"Athletic Bilbao B",2010,2012,28
"Ibai Gómez",Spain,winger,"Athletic Club",2010,2016,145
"Ibai Gómez",Spain,winger,"Deportivo Alavés",2016,2019,92
"Ibai Gómez",Spain,winger,"Athletic Club",2019,2021,48
"Ibai Gómez",Spain,winger,"Santutxu FC",2022,2023,
"Ibai Gómez",Spain,winger,"Foolad F.C.",2022,2022,4
"Ibai Gómez",Spain,winger,"Deportivo de La Coruña",2022,2022,7
"Ibrahima Konaté",France,centre-back,"FC Sochaux-Montbéliard",2017,2017,12
"Ibrahima Konaté",France,centre-back,"RB Leipzig",2017,2021,66
"Ibrahima Konaté",France,centre-back,"Liverpool F.C.",2021,2026,118
"Idrissa Gueye",Senegal,midfielder,"Diambars FC",2007,2008,
"Idrissa Gueye",Senegal,midfielder,"Lille OSC",2010,2015,134
"Idrissa Gueye",Senegal,midfielder,"Aston Villa F.C.",2015,2016,35
"Idrissa Gueye",Senegal,midfielder,"Everton F.C.",2016,2019,99
"Idrissa Gueye",Senegal,midfielder,"Paris Saint-Germain FC",2019,2022,74
"Idrissa Gueye",Senegal,midfielder,"Everton F.C.",2022,,107
"Ignacio Conte",Spain,midfielder,"Real Betis B",1988,1989,
"Ignacio Conte",Spain,midfielder,"Sevilla FC",1989,1993,114
"Ignacio Conte",Spain,midfielder,"C.D. Tenerife",1993,1997,88
"Ignacio Conte",Spain,midfielder,"Racing de Santander",1997,1998,27
"Ignacio Conte",Spain,midfielder,"Hércules CF",1998,2000,47
"Ignacio Conte",Spain,midfielder,"CD Laguna de Tenerife",2004,2005,17
"Ignacio Vidal Miralles",Spain,defender,"Hércules CF",2006,2009,
"Ignacio Vidal Miralles",Spain,defender,"Valencia CF",2009,2018,85
"Ignacio Vidal Miralles",Spain,defender,"Club Atlético Osasuna",2018,2025,175
"Ignacio Vidal Miralles",Spain,defender,"RCD Mallorca",2024,2024,
"Ignacio Vidal Miralles",Spain,defender,"Real Oviedo",2025,,
"Ignazio Abate",Italy,full-back,"AC Milan",2003,2004,0
"Ignazio Abate",Italy,full-back,"SSC Napoli",2004,2005,29
"Ignazio Abate",Italy,full-back,"Piacenza Calcio",2005,2006,13
"Ignazio Abate",Italy,full-back,"Modena F.C.",2006,2007,38
"Ignazio Abate",Italy,full-back,"Empoli FC",2007,2008,24
"Ignazio Abate",Italy,full-back,"Torino FC",2008,2009,25
"Ignazio Abate",Italy,full-back,"AC Milan",2009,2019,243
"Igor Gabilondo",Spain,winger,"Real Sociedad",1993,1997,
"Igor Gabilondo",Spain,winger,"Real Sociedad B",1997,2000,
"Igor Gabilondo",Spain,winger,"Real Sociedad",2000,2006,140
"Igor Gabilondo",Spain,winger,"Athletic Club",2006,2012,175
"Igor Gabilondo",Spain,winger,"AEK Larnaca F.C.",2012,2012,6
"Igor Tudor",Croatia,centre-back,"HNK Hajduk Split",1995,1998,58
"Igor Tudor",Croatia,centre-back,"HNK Trogir",1996,1996,5
"Igor Tudor",Croatia,centre-back,"Juventus FC",1998,2007,110
"Igor Tudor",Croatia,centre-back,"Siena FC",2005,2006,39
"Igor Tudor",Croatia,centre-back,"HNK Hajduk Split",2007,2008,8
"Ikechukwu Uche","Nigeria, Spain",forward,"Racing Club de Ferrol",2002,2003,28
"Ikechukwu Uche","Nigeria, Spain",forward,"Recreativo de Huelva",2003,2007,133
"Ikechukwu Uche","Nigeria, Spain",forward,"Getafe CF",2007,2009,55
"Ikechukwu Uche","Nigeria, Spain",forward,"Real Zaragoza",2009,2011,18
"Ikechukwu Uche","Nigeria, Spain",forward,"Villarreal CF",2011,2015,85
"Ikechukwu Uche","Nigeria, Spain",forward,"Granada CF",2011,2012,34
"Ikechukwu Uche","Nigeria, Spain",forward,"Tigres UANL",2015,2016,1
"Ikechukwu Uche","Nigeria, Spain",forward,"Málaga CF",2016,,
"Ikechukwu Uche","Nigeria, Spain",forward,"Gimnàstic de Tarragona",2020,,
"Iker Casillas",Spain,goalkeeper,"Real Madrid C",1998,1999,26
"Iker Casillas",Spain,goalkeeper,"Real Madrid Club de Fútbol",1999,2015,510
"Iker Casillas",Spain,goalkeeper,"FC Porto",2015,2020,116
"Iker Muníain",Spain,"forward, inside forward, winger","UDC Chantrea",2000,2005,
"Iker Muníain",Spain,"forward, inside forward, winger","Athletic Club",2005,2009,
"Iker Muníain",Spain,"forward, inside forward, winger","Athletic Bilbao B",2009,2010,19
"Iker Muníain",Spain,"forward, inside forward, winger","Athletic Club",2009,2024,560
"Ilombe Mboyo","Democratic Republic of the Congo, Belgium",forward,"Royal Charleroi S.C.",2008,2010,41
"Ilombe Mboyo","Democratic Republic of the Congo, Belgium",forward,"K.V. Kortrijk",2010,2010,0
"Ilombe Mboyo","Democratic Republic of the Congo, Belgium",forward,"Real Madrid Club de Fútbol",2011,2013,87
"Ilombe Mboyo","Democratic Republic of the Congo, Belgium",forward,"K.R.C. Genk",2013,2015,49
"Ilombe Mboyo","Democratic Republic of the Congo, Belgium",forward,"FC Sion",2015,2015,0
"Imanol Etxeberria",Spain,goalkeeper,"Mondragón CF",1992,1994,
"Imanol Etxeberria",Spain,goalkeeper,"SCD Durango",1994,1995,
"Imanol Etxeberria",Spain,goalkeeper,"Athletic Bilbao B",1995,1996,35
"Imanol Etxeberria",Spain,goalkeeper,"Athletic Club",1996,2001,140
"Imanol Etxeberria",Spain,goalkeeper,"Rayo Vallecano",2001,2004,68
"Imanol Etxeberria",Spain,goalkeeper,Q582342,2004,2005,30
"Imanol Etxeberria",Spain,goalkeeper,"SD Eibar",2005,2006,36
"Irune Murua",Spain,forward,"Athletic Club",2003,2017,314
"Isaac Hayden","United Kingdom",midfielder,"Arsenal F.C.",2013,2016,
"Isaac Hayden","United Kingdom",midfielder,"Hull City A.F.C.",2015,2016,18
"Isaac Hayden","United Kingdom",midfielder,"Newcastle United F.C.",2016,2025,151
"Isaac Hayden","United Kingdom",midfielder,"Norwich City F.C.",2022,2023,14
"Isaac Hayden","United Kingdom",midfielder,"Standard Liège",2023,2024,11
"Isaac Hayden","United Kingdom",midfielder,"Queens Park Rangers F.C.",2024,2024,17
Isco,Spain,midfielder,"Valencia CF Mestalla",2009,2011,52
Isco,Spain,midfielder,"Valencia CF",2010,2011,4
Isco,Spain,midfielder,"Málaga CF",2011,2013,69
Isco,Spain,midfielder,"Real Madrid Club de Fútbol",2013,2022,246
Isco,Spain,midfielder,"Sevilla FC",2022,2022,12
Isco,Spain,midfielder,"Real Betis Balompié",2023,,59
"Ismael Urzaiz",Spain,centre-forward,"Real Madrid Club de Fútbol",1985,1989,
"Ismael Urzaiz",Spain,centre-forward,"Real Madrid Club de Fútbol",1990,1993,0
"Ismael Urzaiz",Spain,centre-forward,"Albacete Balompié",1991,1992,11
"Ismael Urzaiz",Spain,centre-forward,"Rayo Vallecano",1993,1994,20
"Ismael Urzaiz",Spain,centre-forward,"RC Celta de Vigo",1993,1993,6
"Ismael Urzaiz",Spain,centre-forward,"UD Salamanca",1994,1995,21
"Ismael Urzaiz",Spain,centre-forward,"RCD Espanyol de Barcelona",1995,1996,41
"Ismael Urzaiz",Spain,centre-forward,"Athletic Club",1996,2007,367
"Ismael Urzaiz",Spain,centre-forward,"AFC Ajax",2007,2008,3
"Ivan Perišić",Croatia,"wing half","FC Sochaux-Montbéliard",2007,2009,36
"Ivan Perišić",Croatia,"wing half","K.S.V. Roeselare",2009,2009,17
"Ivan Perišić",Croatia,"wing half","Club Brugge K.V.",2009,2011,70
"Ivan Perišić",Croatia,"wing half","Borussia Dortmund",2011,2013,42
"Ivan Perišić",Croatia,"wing half","VfL Wolfsburg",2013,2015,70
"Ivan Perišić",Croatia,"wing half","Inter Milan",2015,2022,208
"Ivan Perišić",Croatia,"wing half","FC Bayern Munich",2019,2020,22
"Ivan Perišić",Croatia,"wing half","Tottenham Hotspur F.C.",2022,2024,39
"Ivan Perišić",Croatia,"wing half","PSV Eindhoven",2024,,38
"Ivan Perišić",Croatia,"wing half","HNK Hajduk Split",2024,2024,7
"Ivan Rakitić","Croatia, Switzerland",midfielder,"FC Basel",2005,2007,34
"Ivan Rakitić","Croatia, Switzerland",midfielder,"Schalke 04",2007,2011,97
"Ivan Rakitić","Croatia, Switzerland",midfielder,"Sevilla FC",2011,2014,117
"Ivan Rakitić","Croatia, Switzerland",midfielder,"Sevilla FC",2020,2024,121
"Ivan Rakitić","Croatia, Switzerland",midfielder,"HNK Hajduk Split",2024,2025,35
"Ivan Rakitić","Croatia, Switzerland",midfielder,"Al-Shabab Football Club",2024,2024,8
"Ivica Dragutinović",Serbia,defender,"FK Polimlje",1992,1993,
"Ivica Dragutinović",Serbia,defender,"FK Bor",1993,1994,
"Ivica Dragutinović",Serbia,defender,"FK Borac Čačak",1994,1996,53
"Ivica Dragutinović",Serbia,defender,"KAA Gent",1996,2000,84
"Ivica Dragutinović",Serbia,defender,"Standard Liège",2000,2005,135
"Ivica Dragutinović",Serbia,defender,"Sevilla FC",2005,2011,105
"Iván Campo",Spain,"centre-back, defensive midfielder","CD Logroñés B",1992,1993,35
"Iván Campo",Spain,"centre-back, defensive midfielder","Deportivo Alavés",1993,1995,55
"Iván Campo",Spain,"centre-back, defensive midfielder","Real Valladolid",1996,1996,24
"Iván Campo",Spain,"centre-back, defensive midfielder","Valencia CF",1996,1997,9
"Iván Campo",Spain,"centre-back, defensive midfielder","RCD Mallorca",1997,1998,43
"Iván Campo",Spain,"centre-back, defensive midfielder","Real Madrid Club de Fútbol",1998,2003,95
"Iván Campo",Spain,"centre-back, defensive midfielder","Bolton Wanderers F.C.",2002,2003,31
"Iván Campo",Spain,"centre-back, defensive midfielder","Bolton Wanderers F.C.",2003,2008,141
"Iván Campo",Spain,"centre-back, defensive midfielder","Ipswich Town F.C.",2008,2009,18
"Iván Campo",Spain,"centre-back, defensive midfielder","AEK Larnaca F.C.",2009,2010,8
"Iván Córdoba",Colombia,"centre-back, defender","Leones F.C.",1993,1995,42
"Iván Córdoba",Colombia,"centre-back, defender","Atlético Nacional",1996,1998,73
"Iván Córdoba",Colombia,"centre-back, defender","Inter Milan",2000,2012,324
"Iván Helguera",Spain,defender,"Rayo Cantabria",1994,1995,
"Iván Helguera",Spain,defender,"CD Revilla",1995,1995,
"Iván Helguera",Spain,defender,"CD Manchego C.Real",1995,1996,13
"Iván Helguera",Spain,defender,"Albacete Balompié",1996,1997,14
"Iván Helguera",Spain,defender,"AS Roma",1997,1998,8
"Iván Helguera",Spain,defender,"RCD Espanyol de Barcelona",1998,1999,37
"Iván Helguera",Spain,defender,"Real Madrid Club de Fútbol",1999,2007,229
"Iván Helguera",Spain,defender,"Valencia CF",2007,2008,25
"Iván Zamorano",Chile,forward,Cobresal,1983,1988,31
"Iván Zamorano",Chile,forward,"Trasandino de Los saldes",1985,1986,29
"Iván Zamorano",Chile,forward,"Trasandino de Los saldes",1986,1986,29
"Iván Zamorano",Chile,forward,"FC St. Gallen",1988,1990,56
"Iván Zamorano",Chile,forward,"Sevilla FC",1990,1992,59
"Iván Zamorano",Chile,forward,"Real Madrid Club de Fútbol",1992,1996,137
"Iván Zamorano",Chile,forward,"Inter Milan",1996,2001,101
"Iván Zamorano",Chile,forward,"Club América",2001,2002,63
"Iván Zamorano",Chile,forward,"Club Social y Deportivo Colo Colo",2003,2003,14
"Iván de la Peña",Spain,midfielder,"FC Barcelona C",1991,1993,
"Iván de la Peña",Spain,midfielder,"FC Barcelona Atlètic",1993,1995,37
"Iván de la Peña",Spain,midfielder,"SS Lazio",1998,2002,15
"Iván de la Peña",Spain,midfielder,"Olympique de Marseille",1999,2000,12
"Iván de la Peña",Spain,midfielder,"RCD Espanyol de Barcelona",2002,2011,179
"Iñaki Lafuente",Spain,goalkeeper,"SD Retuerto Sport",1992,1993,
"Iñaki Lafuente",Spain,goalkeeper,"Athletic Club",1993,1995,
"Iñaki Lafuente",Spain,goalkeeper,"Athletic Bilbao B",1994,1999,69
"Iñaki Lafuente",Spain,goalkeeper,"CD Getxo",1995,1995,
"Iñaki Lafuente",Spain,goalkeeper,"Sestao Sport Club",1996,1996,20
"Iñaki Lafuente",Spain,goalkeeper,"Elche CF",1998,1999,43
"Iñaki Lafuente",Spain,goalkeeper,"Athletic Club",1999,2009,151
"Iñaki Lafuente",Spain,goalkeeper,"RCD Espanyol de Barcelona",2007,2008,9
"Iñaki Lafuente",Spain,goalkeeper,"Club Deportivo Numancia de Soria",2009,2011,26
"Iñaki Lafuente",Spain,goalkeeper,"Sporting de Gijón",2009,2009,13
"Iñaki Williams","Ghana, Spain",forward,"CD Pamplona",2008,2012,
"Iñaki Williams","Ghana, Spain",forward,"Athletic Club",2012,2013,
"Iñaki Williams","Ghana, Spain",forward,"CD Baskonia",2013,2014,18
"Iñaki Williams","Ghana, Spain",forward,"Athletic Bilbao B",2014,2015,32
"Iñaki Williams","Ghana, Spain",forward,"Athletic Club",2015,,510
"Iñigo Córdoba",Spain,winger,"Athletic Club",2009,2014,
"Iñigo Córdoba",Spain,winger,"CD Baskonia",2014,2015,34
"Iñigo Córdoba",Spain,winger,"Athletic Bilbao B",2015,2017,53
"Iñigo Córdoba",Spain,winger,"Athletic Club",2017,2020,96
"Iñigo Córdoba",Spain,winger,"Deportivo Alavés",2021,2021,7
"Iñigo Córdoba",Spain,winger,"Go Ahead Eagles",2021,2022,35
"Iñigo Córdoba",Spain,winger,"Fortuna Sittard",2022,2024,68
"Iñigo Córdoba",Spain,winger,"Burgos CF",2024,,33
"Iñigo Larrainzar",Spain,"centre-back, full-back","Club Atlético Osasuna",1984,1990,
"Iñigo Larrainzar",Spain,"centre-back, full-back","Osasuna B",1989,1990,20
"Iñigo Larrainzar",Spain,"centre-back, full-back","Club Atlético Osasuna",1990,1993,130
"Iñigo Larrainzar",Spain,"centre-back, full-back","Athletic Club",1993,2003,289
"Iñigo Larrainzar",Spain,"centre-back, full-back","Córdoba CF",2003,2005,40
"Iñigo Lekue",Spain,"full-back, winger","Danok Bat CF",2008,2012,
"Iñigo Lekue",Spain,"full-back, winger","CD Baskonia",2012,2013,34
"Iñigo Lekue",Spain,"full-back, winger","Athletic Bilbao B",2013,2015,66
"Iñigo Lekue",Spain,"full-back, winger","Athletic Club",2015,,263
"Iñigo Ruiz de Galarreta",Spain,"central midfielder","Athletic Club",2003,2011,
"Iñigo Ruiz de Galarreta",Spain,"central midfielder","CD Baskonia",2010,2011,1
"Iñigo Ruiz de Galarreta",Spain,"central midfielder","Athletic Bilbao B",2011,2013,28
"Iñigo Ruiz de Galarreta",Spain,"central midfielder","Athletic Club",2011,2013,9
"Iñigo Ruiz de Galarreta",Spain,"central midfielder","CD Mirandés",2013,2014,11
"Iñigo Ruiz de Galarreta",Spain,"central midfielder","Real Zaragoza",2014,2015,41
"Iñigo Ruiz de Galarreta",Spain,"central midfielder","CD Leganés",2015,2016,22
"Iñigo Ruiz de Galarreta",Spain,"central midfielder","Club Deportivo Numancia de Soria",2016,2017,38
"Iñigo Ruiz de Galarreta",Spain,"central midfielder","FC Barcelona Atlètic",2017,2018,27
"Iñigo Ruiz de Galarreta",Spain,"central midfielder","UD Las Palmas",2018,2019,35
"Iñigo Ruiz de Galarreta",Spain,"central midfielder","UD Las Palmas",2019,2020,33
"Iñigo Ruiz de Galarreta",Spain,"central midfielder","RCD Mallorca",2019,2023,88
"Iñigo Ruiz de Galarreta",Spain,"central midfielder","Athletic Club",2023,,121
"Jack Colback","United Kingdom",midfielder,"Sunderland A.F.C.",2008,2014,115
"Jack Colback","United Kingdom",midfielder,"Ipswich Town F.C.",2009,2010,37
"Jack Colback","United Kingdom",midfielder,"Ipswich Town F.C.",2010,2011,13
"Jack Colback","United Kingdom",midfielder,"Newcastle United F.C.",2014,,93
"Jack Colback","United Kingdom",midfielder,"Nottingham Forest F.C.",2018,,14
"Jack Grealish","United Kingdom","winger, attacking midfielder","Aston Villa F.C.",2012,2021,185
"Jack Grealish","United Kingdom","winger, attacking midfielder","Notts County F.C.",2013,2014,37
"Jack Grealish","United Kingdom","winger, attacking midfielder","Manchester City F.C.",2021,,94
"Jack Grealish","United Kingdom","winger, attacking midfielder","Everton F.C.",2025,,11
"Jack Rodwell","United Kingdom",midfielder,"Everton F.C.",2007,2012,85
"Jack Rodwell","United Kingdom",midfielder,"Manchester City F.C.",2012,2014,16
"Jack Rodwell","United Kingdom",midfielder,"Sunderland A.F.C.",2014,2018,67
"Jack Rodwell","United Kingdom",midfielder,"Blackburn Rovers F.C.",2018,2019,21
"Jack Rodwell","United Kingdom",midfielder,"Sheffield United F.C.",2020,2021,1
"Jack Rodwell","United Kingdom",midfielder,"Western Sydney Wanderers FC",2021,2022,14
"Jack Rodwell","United Kingdom",midfielder,"Sydney FC",2022,2024,22
"Jack Wilshere","United Kingdom",midfielder,"Arsenal F.C.",2008,2018,125
"Jack Wilshere","United Kingdom",midfielder,"Bolton Wanderers F.C.",2010,2010,14
"Jack Wilshere","United Kingdom",midfielder,"AFC Bournemouth",2016,2017,27
"Jack Wilshere","United Kingdom",midfielder,"West Ham United F.C.",2018,2020,16
"Jack Wilshere","United Kingdom",midfielder,"AFC Bournemouth",2021,2021,14
"Jack Wilshere","United Kingdom",midfielder,"Aarhus Gymnastikforening",2022,2022,14
"Jacob Murphy","United Kingdom",winger,"Norwich City F.C.",2013,2017,37
"Jacob Murphy","United Kingdom",winger,"Blackpool F.C.",2014,2014,9
"Jacob Murphy","United Kingdom",winger,"Swindon Town F.C.",2014,2014,6
"Jacob Murphy","United Kingdom",winger,"Southend United F.C.",2014,2014,7
"Jacob Murphy","United Kingdom",winger,"Colchester United F.C.",2015,2015,11
"Jacob Murphy","United Kingdom",winger,"Coventry City F.C.",2015,2016,40
"Jacob Murphy","United Kingdom",winger,"Scunthorpe United F.C.",2015,2015,3
"Jacob Murphy","United Kingdom",winger,"Newcastle United F.C.",2017,,185
"Jadon Sancho","United Kingdom",winger,"Borussia Dortmund",2017,2021,104
"Jadon Sancho","United Kingdom",winger,"Manchester United F.C.",2021,,58
"Jadon Sancho","United Kingdom",winger,"Borussia Dortmund",2024,2024,14
"Jadon Sancho","United Kingdom",winger,"Chelsea F.C.",2024,2025,31
"Jadon Sancho","United Kingdom",winger,"Aston Villa F.C.",2025,,23
"Jamaal Lascelles","United Kingdom",centre-back,"Nottingham Forest F.C.",2011,2014,38
"Jamaal Lascelles","United Kingdom",centre-back,"Stevenage F.C.",2012,2012,9
"Jamaal Lascelles","United Kingdom",centre-back,"Newcastle United F.C.",2014,2026,220
"Jamaal Lascelles","United Kingdom",centre-back,"Nottingham Forest F.C.",2014,2015,27
"Jamaal Lascelles","United Kingdom",centre-back,"Leicester City F.C.",2026,,0
"Jamal Musiala","Germany, United Kingdom","attacking midfielder","FC Bayern Munich",2020,,154
"James McCarthy","United Kingdom, Ireland",midfielder,"Hamilton Academical F.C.",2006,2009,110
"James McCarthy","United Kingdom, Ireland",midfielder,"Wigan Athletic F.C.",2009,2013,120
"James McCarthy","United Kingdom, Ireland",midfielder,"Everton F.C.",2013,2019,108
"James McCarthy","United Kingdom, Ireland",midfielder,"Crystal Palace F.C.",2019,2021,49
"James McCarthy","United Kingdom, Ireland",midfielder,"Celtic F.C.",2021,2024,12
"James McFadden","United Kingdom",forward,"Motherwell F.C.",2000,2003,63
"James McFadden","United Kingdom",forward,"Everton F.C.",2003,2008,109
"James McFadden","United Kingdom",forward,"Birmingham City F.C.",2008,2011,82
"James McFadden","United Kingdom",forward,"Everton F.C.",2011,2012,7
"James McFadden","United Kingdom",forward,"Sunderland A.F.C.",2012,2013,3
"James McFadden","United Kingdom",forward,"Motherwell F.C.",2013,2014,40
"James McFadden","United Kingdom",forward,"St Johnstone F.C.",2014,2015,16
"James McFadden","United Kingdom",forward,"Motherwell F.C.",2015,2017,9
"James McFadden","United Kingdom",forward,"Queen of the South F.C.",2017,2018,11
"James Milner","United Kingdom","midfielder, full-back","Leeds United F.C.",2002,2004,48
"James Milner","United Kingdom","midfielder, full-back","Swindon Town F.C.",2003,2003,6
"James Milner","United Kingdom","midfielder, full-back","Newcastle United F.C.",2004,2008,94
"James Milner","United Kingdom","midfielder, full-back","Aston Villa F.C.",2005,2006,27
"James Milner","United Kingdom","midfielder, full-back","Aston Villa F.C.",2008,2010,73
"James Milner","United Kingdom","midfielder, full-back","Manchester City F.C.",2010,2015,147
"James Milner","United Kingdom","midfielder, full-back","Liverpool F.C.",2015,2023,230
"James Milner","United Kingdom","midfielder, full-back","Brighton & Hove Albion F.C.",2023,2026,39
"James Rodríguez","Colombia, Spain","forward, wing half","Envigado Fútbol Club",2006,2008,30
"James Rodríguez","Colombia, Spain","forward, wing half","Club Atlético Banfield",2008,2010,42
"James Rodríguez","Colombia, Spain","forward, wing half","FC Porto",2010,2013,63
"James Rodríguez","Colombia, Spain","forward, wing half","AS Monaco FC",2013,2014,34
"James Rodríguez","Colombia, Spain","forward, wing half","Real Madrid Club de Fútbol",2014,2020,85
"James Rodríguez","Colombia, Spain","forward, wing half","FC Bayern Munich",2017,2019,43
"James Rodríguez","Colombia, Spain","forward, wing half","Everton F.C.",2020,2021,23
"James Rodríguez","Colombia, Spain","forward, wing half",Al-Rayyan,2021,2022,13
"James Rodríguez","Colombia, Spain","forward, wing half","São Paulo FC",2023,2024,18
"James Rodríguez","Colombia, Spain","forward, wing half","Rayo Vallecano",2024,2025,6
"James Rodríguez","Colombia, Spain","forward, wing half","Club León",2025,2025,31
"James Rodríguez","Colombia, Spain","forward, wing half","Minnesota United FC",2026,,6
"Jamie Carragher","United Kingdom",defender,"Liverpool F.C.",1996,2013,508
"Jamie Redknapp","United Kingdom",midfielder,"AFC Bournemouth",1989,1991,13
"Jamie Redknapp","United Kingdom",midfielder,"Liverpool F.C.",1991,2002,237
"Jamie Redknapp","United Kingdom",midfielder,"Tottenham Hotspur F.C.",2002,2005,48
"Jamie Redknapp","United Kingdom",midfielder,"Southampton F.C.",2005,2005,16
"Jan Koller","Czechoslovakia, Czech Republic",centre-forward,"AC Sparta Prague",1994,1996,29
"Jan Koller","Czechoslovakia, Czech Republic",centre-forward,"K.S.C. Lokeren Oost-Vlaanderen",1996,1999,97
"Jan Koller","Czechoslovakia, Czech Republic",centre-forward,"R.S.C. Anderlecht",1999,2001,65
"Jan Koller","Czechoslovakia, Czech Republic",centre-forward,"Borussia Dortmund",2001,2006,138
"Jan Koller","Czechoslovakia, Czech Republic",centre-forward,"AS Monaco FC",2006,2008,50
"Jan Koller","Czechoslovakia, Czech Republic",centre-forward,"1. FC Nürnberg",2008,2008,14
"Jan Koller","Czechoslovakia, Czech Republic",centre-forward,"FC Krylia Sovetov Samara",2008,2009,46
"Jan Koller","Czechoslovakia, Czech Republic",centre-forward,"AS Cannes",2009,2011,44
"Jan Oblak",Slovenia,goalkeeper,"NK Olimpija Ljubljana",2009,2010,34
"Jan Oblak",Slovenia,goalkeeper,"S.L. Benfica",2010,2014,16
"Jan Oblak",Slovenia,goalkeeper,"S.C. Beira-Mar",2010,2010,0
"Jan Oblak",Slovenia,goalkeeper,"U.D. Leiria",2011,2012,16
"Jan Oblak",Slovenia,goalkeeper,"S.C. Olhanense",2011,2011,0
"Jan Oblak",Slovenia,goalkeeper,"Rio Ave F.C.",2012,2013,28
"Jan Oblak",Slovenia,goalkeeper,"S.L. Benfica B",2013,2013,2
"Jan Oblak",Slovenia,goalkeeper,"Atlético Madrid",2014,,395
"Jan Vertonghen",Belgium,centre-back,"RKC Waalwijk",2006,2007,12
"Jan Vertonghen",Belgium,centre-back,"AFC Ajax",2006,2012,155
"Jan Vertonghen",Belgium,centre-back,"Tottenham Hotspur F.C.",2012,2020,232
"Jan Vertonghen",Belgium,centre-back,"S.L. Benfica",2020,2022,57
"Jan Vertonghen",Belgium,centre-back,"R.S.C. Anderlecht",2022,2025,64
"Jason Dozzell","United Kingdom",midfielder,"Ipswich Town F.C.",1983,1993,340
"Jason Dozzell","United Kingdom",midfielder,"Tottenham Hotspur F.C.",1993,1997,84
"Jason Dozzell","United Kingdom",midfielder,"Northampton Town F.C.",1997,1998,22
"Jason Dozzell","United Kingdom",midfielder,"Ipswich Town F.C.",1997,1997,8
"Jason Dozzell","United Kingdom",midfielder,"Colchester United F.C.",1998,2002,91
"Jason Dozzell","United Kingdom",midfielder,"Canvey Island F.C.",2002,2002,4
"Jason Dozzell","United Kingdom",midfielder,"Grays Athletic F.C.",2002,2002,1
"Jason McAteer",Ireland,midfielder,"Bolton Wanderers F.C.",1992,1995,114
"Jason McAteer",Ireland,midfielder,"Liverpool F.C.",1995,1999,100
"Jason McAteer",Ireland,midfielder,"Blackburn Rovers F.C.",1999,2001,72
"Jason McAteer",Ireland,midfielder,"Sunderland A.F.C.",2001,2004,53
"Jason McAteer",Ireland,midfielder,"Tranmere Rovers F.C.",2004,2007,81
"Jaume Costa",Spain,defender,"Valencia CF Mestalla",2007,2010,71
"Jaume Costa",Spain,defender,"Valencia CF",2008,2008,1
"Jaume Costa",Spain,defender,"Cádiz Club de Fútbol",2009,2010,15
"Jaume Costa",Spain,defender,"Villarreal CF B",2010,2012,65
"Jaume Costa",Spain,defender,"Villarreal CF",2012,2021,260
"Jaume Costa",Spain,defender,"Valencia CF",2019,2020,25
"Jaume Costa",Spain,defender,"RCD Mallorca",2021,,39
"Javi Gracia",Spain,"defensive midfielder","Athletic Bilbao B",1989,1992,100
"Javi Gracia",Spain,"defensive midfielder","UE Lleida",1992,1993,38
"Javi Gracia",Spain,"defensive midfielder","Real Valladolid",1993,1995,65
"Javi Gracia",Spain,"defensive midfielder","Real Sociedad",1995,1999,106
"Javi Gracia",Spain,"defensive midfielder","Villarreal CF",1999,2002,82
"Javi Gracia",Spain,"defensive midfielder","Córdoba CF",2003,2004,39
"Javi Martínez",Spain,"centre-back, defensive midfielder","CD Berceo",1993,1995,
"Javi Martínez",Spain,"centre-back, defensive midfielder","CD Logroñés",1995,1997,
"Javi Martínez",Spain,"centre-back, defensive midfielder","CD Izarra",2000,2001,
"Javi Martínez",Spain,"centre-back, defensive midfielder","Club Atlético Osasuna",2001,2005,
"Javi Martínez",Spain,"centre-back, defensive midfielder","Osasuna B",2005,2006,32
"Javi Martínez",Spain,"centre-back, defensive midfielder","Athletic Club",2006,2012,201
"Javi Martínez",Spain,"centre-back, defensive midfielder","FC Bayern Munich",2012,2021,165
"Javi Martínez",Spain,"centre-back, defensive midfielder","Qatar SC",2021,2025,71
"Javi Martínez",Spain,"centre-back, defensive midfielder","Al Bidaa SC",2025,,2
"Javi Navarro",Spain,midfielder,"Valencia CF Mestalla",1993,2000,51
"Javi Navarro",Spain,midfielder,"Valencia CF",1994,2000,41
"Javi Navarro",Spain,midfielder,"CD Logroñés",1994,1995,15
"Javi Navarro",Spain,midfielder,"Elche CF",2000,2001,33
"Javi Navarro",Spain,midfielder,"Sevilla FC",2001,2009,168
"Javi Venta",Spain,defender,"Real Oviedo",1995,1996,
"Javi Venta",Spain,defender,"Club Marino de Luanco",1996,1997,20
"Javi Venta",Spain,defender,"Gimnástica de Torrelavega",1997,1999,66
"Javi Venta",Spain,defender,"Villarreal CF",1999,2010,182
"Javi Venta",Spain,defender,"CD Onda",1999,2000,
"Javi Venta",Spain,defender,"Racing Club de Ferrol",2000,2001,39
"Javi Venta",Spain,defender,"C.D. Tenerife",2001,2002,29
"Javi Venta",Spain,defender,"Levante UD",2010,2012,59
"Javi Venta",Spain,defender,"Villarreal CF",2012,2013,15
"Javi Venta",Spain,defender,"Brentford F.C.",2013,2013,1
"Javier Calleja",Spain,midfielder,"Real Madrid C",1996,1998,60
"Javier Calleja",Spain,midfielder,"Unión Deportiva Almería",1998,1998,3
"Javier Calleja",Spain,midfielder,"RSD Alcalá",1998,1999,
"Javier Calleja",Spain,midfielder,"Villarreal CF",1999,2006,124
"Javier Calleja",Spain,midfielder,"CD Onda",1999,2000,29
"Javier Calleja",Spain,midfielder,"Málaga CF",2006,2009,104
"Javier Calleja",Spain,midfielder,"Club Atlético Osasuna",2009,2012,46
"Javier Casquero",Spain,midfielder,"CD Toledo",1994,1999,93
"Javier Casquero",Spain,midfielder,Q582342,1996,1997,8
"Javier Casquero",Spain,midfielder,Q582342,1997,1997,17
"Javier Casquero",Spain,midfielder,"Atlético Madrid B",1999,2000,38
"Javier Casquero",Spain,midfielder,"Sevilla FC",2000,2005,144
"Javier Casquero",Spain,midfielder,"Racing de Santander",2005,2006,26
"Javier Casquero",Spain,midfielder,"Getafe CF",2006,2012,190
"Javier Casquero",Spain,midfielder,"Unión Deportiva Almería",2012,2013,14
"Javier Casquero",Spain,midfielder,"Sporting de Gijón",2013,2014,21
"Javier Farinós",Spain,midfielder,"Valencia CF Mestalla",1996,1997,17
"Javier Farinós",Spain,midfielder,"Valencia CF",1997,2000,115
"Javier Farinós",Spain,midfielder,"Inter Milan",2000,2005,49
"Javier Farinós",Spain,midfielder,"Villarreal CF",2003,2003,22
"Javier Farinós",Spain,midfielder,"RCD Mallorca",2004,2005,29
"Javier Farinós",Spain,midfielder,"RCD Mallorca",2005,2006,17
"Javier Farinós",Spain,midfielder,"Hércules CF",2006,2011,146
"Javier Farinós",Spain,midfielder,"Levante UD",2011,2012,30
"Javier Farinós",Spain,midfielder,"Villarreal CF",2012,2014,11
"Javier Hernánde",Mexico,forward,"C.D. Guadalajara",2006,2010,64
"Javier Hernánde",Mexico,forward,"Manchester United F.C.",2010,2014,103
"Javier Hernánde",Mexico,forward,"Real Madrid Club de Fútbol",2014,2015,23
"Javier Hernánde",Mexico,forward,"Bayer 04 Leverkusen",2015,2017,54
"Javier Hernánde",Mexico,forward,"West Ham United F.C.",2017,2019,55
"Javier Hernánde",Mexico,forward,"Sevilla FC",2019,2020,9
"Javier Hernánde",Mexico,forward,"LA Galaxy",2020,2023,74
"Javier Hernánde",Mexico,forward,"C.D. Guadalajara",2024,2025,35
"Javier López Vallejo",Spain,goalkeeper,"Osasuna B",1992,1995,79
"Javier López Vallejo",Spain,goalkeeper,"Club Atlético Osasuna",1994,1999,165
"Javier López Vallejo",Spain,goalkeeper,"Villarreal CF",1999,2007,143
"Javier López Vallejo",Spain,goalkeeper,"Recreativo de Huelva",2006,2007,30
"Javier López Vallejo",Spain,goalkeeper,"Real Zaragoza",2007,2010,44
"Javier López Vallejo",Spain,goalkeeper,"Levadiakos F.C.",2010,2010,10
"Javier Mascherano","Argentina, Italy","midfielder, centre-back","Club Atlético River Plate",2003,2005,46
"Javier Mascherano","Argentina, Italy","midfielder, centre-back","S.C. Corinthians Paulista",2005,2006,25
"Javier Mascherano","Argentina, Italy","midfielder, centre-back","West Ham United F.C.",2006,2007,5
"Javier Mascherano","Argentina, Italy","midfielder, centre-back","Liverpool F.C.",2007,2010,94
"Javier Mascherano","Argentina, Italy","midfielder, centre-back","Hebei F.C.",2018,2019,53
"Javier Mascherano","Argentina, Italy","midfielder, centre-back","Estudiantes de La Plata",2019,2020,10
"Javier Saviola","Argentina, Spain",forward,"Club Atlético River Plate",1998,2001,86
"Javier Saviola","Argentina, Spain",forward,"AS Monaco FC",2004,2005,29
"Javier Saviola","Argentina, Spain",forward,"Sevilla FC",2005,2006,29
"Javier Saviola","Argentina, Spain",forward,"Real Madrid Club de Fútbol",2007,2009,17
"Javier Saviola","Argentina, Spain",forward,"S.L. Benfica",2009,2012,69
"Javier Saviola","Argentina, Spain",forward,"Málaga CF",2012,2013,27
"Javier Saviola","Argentina, Spain",forward,"Hellas Verona FC",2014,2015,15
"Javier Saviola","Argentina, Spain",forward,"Club Atlético River Plate",2015,2016,13
"Javier Zanetti",Argentina,"midfielder, full-back","Club Atlético Talleres de Remedios de Escalada",1992,1993,33
"Javier Zanetti",Argentina,"midfielder, full-back","Club Atlético Banfield",1993,1995,66
"Javier Zanetti",Argentina,"midfielder, full-back","Inter Milan",1995,2014,615
"Jeff Whitley","United Kingdom",midfielder,"Manchester City F.C.",1996,2003,116
"Jeff Whitley","United Kingdom",midfielder,"Wrexham A.F.C.",1999,1999,9
"Jeff Whitley","United Kingdom",midfielder,"Notts County F.C.",2002,2003,12
"Jeff Whitley","United Kingdom",midfielder,"Sunderland A.F.C.",2003,2005,68
"Jeff Whitley","United Kingdom",midfielder,"Cardiff City F.C.",2005,2007,34
"Jeff Whitley","United Kingdom",midfielder,"Stoke City F.C.",2006,2006,3
"Jeff Whitley","United Kingdom",midfielder,"Wrexham A.F.C.",2007,2007,11
"Jeff Whitley","United Kingdom",midfielder,"Wrexham A.F.C.",2008,2008,11
"Jeff Whitley","United Kingdom",midfielder,"Northwich Victoria F.C.",2009,2010,2
"Jeff Whitley","United Kingdom",midfielder,"Stockport Sports F.C.",2009,2009,7
"Jeff Whitley","United Kingdom",midfielder,"Droylsden F.C.",2013,2013,
"Jens Jeremies",Germany,midfielder,"Dynamo Dresden",1993,1995,10
"Jens Jeremies",Germany,midfielder,"TSV 1860 München",1995,1998,78
"Jens Jeremies",Germany,midfielder,"FC Bayern Munich",1998,2006,160
"Jens Lehmann",Germany,goalkeeper,"Schalke 04",1988,1998,274
"Jens Lehmann",Germany,goalkeeper,"AC Milan",1998,1999,5
"Jens Lehmann",Germany,goalkeeper,"Borussia Dortmund",1999,2003,129
"Jens Lehmann",Germany,goalkeeper,"Arsenal F.C.",2003,2008,148
"Jens Lehmann",Germany,goalkeeper,"VfB Stuttgart",2008,2010,65
"Jens Lehmann",Germany,goalkeeper,"Arsenal F.C.",2011,2011,1
"Jermain Defoe","United Kingdom",forward,"West Ham United F.C.",1999,2004,93
"Jermain Defoe","United Kingdom",forward,"AFC Bournemouth",2000,2001,29
"Jermain Defoe","United Kingdom",forward,"Tottenham Hotspur F.C.",2004,2008,139
"Jermain Defoe","United Kingdom",forward,"Portsmouth F.C.",2008,2008,1
"Jermain Defoe","United Kingdom",forward,"Tottenham Hotspur F.C.",2009,2014,135
"Jermain Defoe","United Kingdom",forward,"Tottenham Hotspur F.C.",2014,2014,2
"Jermain Defoe","United Kingdom",forward,"Toronto FC",2014,2014,19
"Jermain Defoe","United Kingdom",forward,"Sunderland A.F.C.",2015,2017,87
"Jermain Defoe","United Kingdom",forward,"Rangers F.C.",2019,2020,37
"Jermain Defoe","United Kingdom",forward,"Rangers F.C.",2020,2022,17
"Jermain Defoe","United Kingdom",forward,"Sunderland A.F.C.",2022,2022,7
"Jermaine Jenas","United Kingdom",midfielder,"Nottingham Forest F.C.",2000,2002,29
"Jermaine Jenas","United Kingdom",midfielder,"Newcastle United F.C.",2002,2005,110
"Jermaine Jenas","United Kingdom",midfielder,"Tottenham Hotspur F.C.",2005,2013,155
"Jermaine Jenas","United Kingdom",midfielder,"Aston Villa F.C.",2011,2012,3
"Jermaine Jenas","United Kingdom",midfielder,"Nottingham Forest F.C.",2012,2012,6
"Jermaine Jenas","United Kingdom",midfielder,"Queens Park Rangers F.C.",2013,2014,38
"Jerzy Dudek",Poland,goalkeeper,"Concordia Knurów",1991,1995,119
"Jerzy Dudek",Poland,goalkeeper,"GKS Tychy",1995,1996,15
"Jerzy Dudek",Poland,goalkeeper,"Feyenoord Rotterdam",1996,2001,139
"Jerzy Dudek",Poland,goalkeeper,"Liverpool F.C.",2001,2007,127
"Jerzy Dudek",Poland,goalkeeper,"Real Madrid Club de Fútbol",2007,2011,2
"Jesper Grønkjær","Kingdom of Denmark","wing half","AFC Ajax",1998,2000,55
"Jesper Grønkjær","Kingdom of Denmark","wing half","Chelsea F.C.",2000,2004,88
"Jesper Grønkjær","Kingdom of Denmark","wing half","Birmingham City F.C.",2004,2004,16
"Jesper Grønkjær","Kingdom of Denmark","wing half","Brøndby IF",2005,2005,16
"Jesper Grønkjær","Kingdom of Denmark","wing half","VfB Stuttgart",2005,2006,25
"Jesper Grønkjær","Kingdom of Denmark","wing half","F.C. Copenhagen",2006,2011,114
"Jesse Lingard","United Kingdom","winger, attacking midfielder","Manchester United F.C.",2011,2022,149
"Jesse Lingard","United Kingdom","winger, attacking midfielder","Leicester City F.C.",2012,2013,5
"Jesse Lingard","United Kingdom","winger, attacking midfielder","Birmingham City F.C.",2013,2014,13
"Jesse Lingard","United Kingdom","winger, attacking midfielder","Brighton & Hove Albion F.C.",2014,2014,15
"Jesse Lingard","United Kingdom","winger, attacking midfielder","Derby County F.C.",2015,2015,14
"Jesse Lingard","United Kingdom","winger, attacking midfielder","West Ham United F.C.",2021,2021,16
"Jesse Lingard","United Kingdom","winger, attacking midfielder","Nottingham Forest F.C.",2022,2023,17
"Jesse Lingard","United Kingdom","winger, attacking midfielder","FC Seoul",2024,2025,60
"Jesse Lingard","United Kingdom","winger, attacking midfielder","S.C. Corinthians Paulista",2026,,
"Jesús Galván Carrillo",Spain,defender,"Sevilla FC",1996,1997,32
"Jesús Galván Carrillo",Spain,defender,"Córdoba CF",1998,1998,15
"Jesús Galván Carrillo",Spain,defender,"Recreativo de Huelva",1998,1999,33
"Jesús Galván Carrillo",Spain,defender,"Villarreal CF",1999,2003,88
"Jesús Galván Carrillo",Spain,defender,"Deportivo Alavés",2003,2004,31
"Jesús Galván Carrillo",Spain,defender,"Recreativo de Huelva",2004,2006,37
"Jesús Galván Carrillo",Spain,defender,"UE Lleida",2006,2008,68
"Jesús María Lacruz",Spain,"centre-back, full-back","Osasuna B",1994,1995,34
"Jesús María Lacruz",Spain,"centre-back, full-back","Club Atlético Osasuna",1995,1997,48
"Jesús María Lacruz",Spain,"centre-back, full-back","Athletic Club",1997,2006,224
"Jesús María Lacruz",Spain,"centre-back, full-back","RCD Espanyol de Barcelona",2006,2009,48
"Jesús María Lacruz",Spain,"centre-back, full-back","Real Unión",2010,2012,56
"Jesús Navas",Spain,"wing half, full-back","Sevilla FC",2003,2013,285
"Jesús Navas",Spain,"wing half, full-back","Sevilla Atlético",2003,2004,33
"Jesús Navas",Spain,"wing half, full-back","Manchester City F.C.",2013,2017,123
"Jesús Navas",Spain,"wing half, full-back","Sevilla FC",2017,2023,231
"Jesús Ángel Solana",Spain,defender,"Real Madrid Club de Fútbol",1986,1991,128
"Jesús Ángel Solana",Spain,defender,"Real Zaragoza",1991,2000,233
"Jimmy Floyd Hasselbaink","Kingdom of the Netherlands",forward,"SC Telstar",1990,1991,4
"Jimmy Floyd Hasselbaink","Kingdom of the Netherlands",forward,"AZ Alkmaar",1991,1993,46
"Jimmy Floyd Hasselbaink","Kingdom of the Netherlands",forward,"S.C. Campomaiorense",1995,1996,31
"Jimmy Floyd Hasselbaink","Kingdom of the Netherlands",forward,"Boavista F.C.",1996,1997,29
"Jimmy Floyd Hasselbaink","Kingdom of the Netherlands",forward,"Leeds United F.C.",1997,1999,69
"Jimmy Floyd Hasselbaink","Kingdom of the Netherlands",forward,"Atlético Madrid",1999,2000,34
"Jimmy Floyd Hasselbaink","Kingdom of the Netherlands",forward,"Chelsea F.C.",2000,2004,136
"Jimmy Floyd Hasselbaink","Kingdom of the Netherlands",forward,"Middlesbrough F.C.",2004,2006,58
"Jimmy Floyd Hasselbaink","Kingdom of the Netherlands",forward,"Charlton Athletic F.C.",2006,2007,25
"Jimmy Floyd Hasselbaink","Kingdom of the Netherlands",forward,"Cardiff City F.C.",2007,2008,36
"Joan Capdevila",Spain,full-back,"UE Tàrrega",1996,1997,34
"Joan Capdevila",Spain,full-back,"RCD Espanyol B",1997,1998,45
"Joan Capdevila",Spain,full-back,"RCD Espanyol de Barcelona",1998,1999,29
"Joan Capdevila",Spain,full-back,"Atlético Madrid",1999,2000,31
"Joan Capdevila",Spain,full-back,"Deportivo de La Coruña",2000,2007,179
"Joan Capdevila",Spain,full-back,"Villarreal CF",2007,2011,140
"Joan Capdevila",Spain,full-back,"S.L. Benfica",2011,2012,5
"Joan Capdevila",Spain,full-back,"RCD Espanyol de Barcelona",2012,2014,31
"Joan Capdevila",Spain,full-back,"NorthEast United FC",2014,2014,12
"Joan Capdevila",Spain,full-back,"Lierse S.K.",2015,2015,4
"Joan Capdevila",Spain,full-back,"FC Santa Coloma",2016,2017,2
"Jocelyn Angloma",France,full-back,"Stade Rennais F.C.",1985,1987,37
"Jocelyn Angloma",France,full-back,"Lille OSC",1987,1990,92
"Jocelyn Angloma",France,full-back,"Paris Saint-Germain FC",1990,1991,36
"Jocelyn Angloma",France,full-back,"Olympique de Marseille",1991,1994,85
"Jocelyn Angloma",France,full-back,"Torino FC",1994,1996,60
"Jocelyn Angloma",France,full-back,"Inter Milan",1996,1997,30
"Jocelyn Angloma",France,full-back,"Valencia CF",1997,2002,120
"Jocelyn Angloma",France,full-back,"L'Etoile de Morne-à-l'Eau",2006,2007,
"Jody Morris","United Kingdom",midfielder,"Chelsea F.C.",1996,2003,124
"Jody Morris","United Kingdom",midfielder,"Leeds United F.C.",2003,2004,12
"Jody Morris","United Kingdom",midfielder,"Millwall F.C.",2004,2007,65
"Jody Morris","United Kingdom",midfielder,"Rotherham United F.C.",2004,2004,10
"Jody Morris","United Kingdom",midfielder,"St Johnstone F.C.",2008,2012,104
"Jody Morris","United Kingdom",midfielder,"Bristol City F.C.",2012,2013,4
"Joe Allen","United Kingdom",midfielder,"Swansea City A.F.C.",2007,2012,127
"Joe Allen","United Kingdom",midfielder,"Wrexham A.F.C.",2008,2008,2
"Joe Allen","United Kingdom",midfielder,"Liverpool F.C.",2012,2016,91
"Joe Allen","United Kingdom",midfielder,"Stoke City F.C.",2016,2022,212
"Joe Allen","United Kingdom",midfielder,"Swansea City A.F.C.",2022,2025,69
"Joe Cole","United Kingdom","midfielder, wing half","West Ham United F.C.",1998,2003,126
"Joe Cole","United Kingdom","midfielder, wing half","Chelsea F.C.",2003,2010,182
"Joe Cole","United Kingdom","midfielder, wing half","Liverpool F.C.",2010,2013,26
"Joe Cole","United Kingdom","midfielder, wing half","Lille OSC",2011,2012,32
"Joe Cole","United Kingdom","midfielder, wing half","West Ham United F.C.",2013,2014,31
"Joe Cole","United Kingdom","midfielder, wing half","Aston Villa F.C.",2014,2016,12
"Joe Cole","United Kingdom","midfielder, wing half","Coventry City F.C.",2015,2016,7
"Joe Cole","United Kingdom","midfielder, wing half","Tampa Bay Rowdies",2016,2018,82
"Joe Cole","United Kingdom","midfielder, wing half","Coventry City F.C.",2016,2016,15
"Joe Gomez","United Kingdom",centre-back,"Charlton Athletic F.C.",2014,2015,21
"Joe Gomez","United Kingdom",centre-back,"Liverpool F.C.",2015,,165
"Joe Hart","United Kingdom",goalkeeper,"Shrewsbury Town F.C.",2003,2006,54
"Joe Hart","United Kingdom",goalkeeper,"Manchester City F.C.",2006,2018,266
"Joe Hart","United Kingdom",goalkeeper,"Blackpool F.C.",2007,2007,5
"Joe Hart","United Kingdom",goalkeeper,"Tranmere Rovers F.C.",2007,2007,6
"Joe Hart","United Kingdom",goalkeeper,"Birmingham City F.C.",2009,2010,36
"Joe Hart","United Kingdom",goalkeeper,"Torino FC",2016,2017,36
"Joe Hart","United Kingdom",goalkeeper,"West Ham United F.C.",2017,2018,19
"Joe Hart","United Kingdom",goalkeeper,"Burnley F.C.",2018,2020,19
"Joe Hart","United Kingdom",goalkeeper,"Tottenham Hotspur F.C.",2020,2021,0
"Joe Hart","United Kingdom",goalkeeper,"Celtic F.C.",2021,2024,109
"Joe McLaughlin","United Kingdom",defender,"Greenock Morton F.C.",1977,1983,134
"Joe McLaughlin","United Kingdom",defender,"Chelsea F.C.",1983,1989,220
"Joe McLaughlin","United Kingdom",defender,"Charlton Athletic F.C.",1989,1990,31
"Joe McLaughlin","United Kingdom",defender,"Watford F.C.",1990,1992,46
"Joe McLaughlin","United Kingdom",defender,"Falkirk F.C.",1992,1996,87
"Joe McLaughlin","United Kingdom",defender,"Hibernian F.C.",1996,1997,18
"Joe McLaughlin","United Kingdom",defender,"Clydebank F.C.",1997,2000,76
"Joe McLaughlin","United Kingdom",defender,"St. Mirren F.C.",2000,2000,3
"Joe Willock","United Kingdom",midfielder,"Arsenal F.C.",2017,2021,40
"Joe Willock","United Kingdom",midfielder,"Newcastle United F.C.",2021,,124
Joelinton,Brazil,forward,"Sport Club do Recife",2014,2015,34
Joelinton,Brazil,forward,"TSG 1899 Hoffenheim",2015,2019,41
Joelinton,Brazil,forward,"SK Rapid Wien",2016,2018,77
Joelinton,Brazil,forward,"Newcastle United F.C.",2019,,185
"Joey Barton","United Kingdom",midfielder,"Manchester City F.C.",2002,2007,130
"Joey Barton","United Kingdom",midfielder,"Newcastle United F.C.",2007,2011,81
"Joey Barton","United Kingdom",midfielder,"Queens Park Rangers F.C.",2011,2015,93
"Joey Barton","United Kingdom",midfielder,"Olympique de Marseille",2012,2013,25
"Joey Barton","United Kingdom",midfielder,"Burnley F.C.",2015,2016,38
"Joey Barton","United Kingdom",midfielder,"Rangers F.C.",2016,2016,
"Johan Cruyff","Kingdom of the Netherlands","midfielder, forward","AFC Ajax",1964,1973,240
"Johan Cruyff","Kingdom of the Netherlands","midfielder, forward","Los Angeles Aztecs",1979,1979,23
"Johan Cruyff","Kingdom of the Netherlands","midfielder, forward","Washington Diplomats",1980,1981,30
"Johan Cruyff","Kingdom of the Netherlands","midfielder, forward","AFC Ajax",1981,1983,36
"Johan Cruyff","Kingdom of the Netherlands","midfielder, forward","Levante UD",1981,1981,10
"Johan Cruyff","Kingdom of the Netherlands","midfielder, forward","Feyenoord Rotterdam",1983,1984,33
"Johan Djourou",Switzerland,"centre-back, defender","Étoile Carouge FC",2002,2003,10
"Johan Djourou",Switzerland,"centre-back, defender","Arsenal F.C.",2003,2014,86
"Johan Djourou",Switzerland,"centre-back, defender","Birmingham City F.C.",2007,2008,13
"Johan Djourou",Switzerland,"centre-back, defender","Hannover 96",2013,2013,14
"Johan Djourou",Switzerland,"centre-back, defender","Hamburger SV",2013,2014,24
"Johan Djourou",Switzerland,"centre-back, defender","Hamburger SV",2014,2017,74
"Johan Djourou",Switzerland,"centre-back, defender",Antalyaspor,2017,2018,18
"Johan Djourou",Switzerland,"centre-back, defender",SPAL,2018,2019,5
"Johan Djourou",Switzerland,"centre-back, defender","FC Nordsjælland",2020,2021,11
"Johan Djourou",Switzerland,"centre-back, defender","FC Sion",2020,2020,2
"Johan Djourou",Switzerland,"centre-back, defender","Neuchâtel Xamax FCS",2020,2020,5
"John Arne Riise",Norway,full-back,"Aalesunds FK",1997,1998,25
"John Arne Riise",Norway,full-back,"AS Monaco FC",1998,2001,44
"John Arne Riise",Norway,full-back,"Liverpool F.C.",2001,2008,234
"John Arne Riise",Norway,full-back,"AS Roma",2008,2011,99
"John Arne Riise",Norway,full-back,"Fulham F.C.",2011,2014,87
"John Arne Riise",Norway,full-back,"Odisha FC",2015,2016,15
"John Arne Riise",Norway,full-back,"Chennaiyin FC",2016,2017,10
"John Arne Riise",Norway,full-back,"Aalesunds FK",2016,2016,10
"John Beresford","United Kingdom",full-back,"Finn Harps F.C.",1983,1984,0
"John Beresford","United Kingdom",full-back,"Manchester City F.C.",1983,1986,0
"John Beresford","United Kingdom",full-back,"Barnsley F.C.",1986,1989,88
"John Beresford","United Kingdom",full-back,"Portsmouth F.C.",1989,1992,107
"John Beresford","United Kingdom",full-back,"Newcastle United F.C.",1992,1998,179
"John Beresford","United Kingdom",full-back,"Southampton F.C.",1998,2001,17
"John Beresford","United Kingdom",full-back,"Birmingham City F.C.",1999,1999,1
"John Beresford","United Kingdom",full-back,"Ossett Town F.C.",2001,2002,
"John Beresford","United Kingdom",full-back,"Alfreton Town F.C.",2002,2002,
"John Beresford","United Kingdom",full-back,"FC Halifax Town",2002,2002,
"John Carew",Norway,forward,"Vålerenga Fotball",1997,1999,43
"John Carew",Norway,forward,"Rosenborg BK",1999,2000,17
"John Carew",Norway,forward,"Valencia CF",2000,2004,84
"John Carew",Norway,forward,"AS Roma",2003,2004,20
"John Carew",Norway,forward,"Beşiktaş J.K. (Football)",2004,2005,24
"John Carew",Norway,forward,"Olympique Lyonnais",2005,2007,35
"John Carew",Norway,forward,"Aston Villa F.C.",2007,2011,113
"John Carew",Norway,forward,"Stoke City F.C.",2011,2011,10
"John Carew",Norway,forward,"West Ham United F.C.",2011,2012,19
"John Heitinga","Kingdom of the Netherlands",centre-back,"AFC Ajax",2001,2008,152
"John Heitinga","Kingdom of the Netherlands",centre-back,"Atlético Madrid",2008,2009,28
"John Heitinga","Kingdom of the Netherlands",centre-back,"Everton F.C.",2009,2014,115
"John Heitinga","Kingdom of the Netherlands",centre-back,"Hertha BSC",2014,2015,13
"John Heitinga","Kingdom of the Netherlands",centre-back,"Fulham F.C.",2014,2014,14
"John Heitinga","Kingdom of the Netherlands",centre-back,"AFC Ajax",2015,2016,2
"John Jensen","Kingdom of Denmark",midfielder,"Brøndby IF",1983,1988,116
"John Jensen","Kingdom of Denmark",midfielder,"Hamburger SV",1988,1990,47
"John Jensen","Kingdom of Denmark",midfielder,"Brøndby IF",1990,1992,44
"John Jensen","Kingdom of Denmark",midfielder,"Arsenal F.C.",1992,1996,99
"John Jensen","Kingdom of Denmark",midfielder,"Brøndby IF",1996,1999,90
"John Jensen","Kingdom of Denmark",midfielder,"Herfølge Boldklub",1999,2001,40
"John Lukic","United Kingdom",goalkeeper,"Leeds United F.C.",1978,1983,165
"John Lukic","United Kingdom",goalkeeper,"Arsenal F.C.",1983,1990,223
"John Lukic","United Kingdom",goalkeeper,"Leeds United F.C.",1990,1996,265
"John Lukic","United Kingdom",goalkeeper,"Arsenal F.C.",1996,2001,15
"John O'Shea",Ireland,centre-back,"Manchester United F.C.",1999,2011,256
"John O'Shea",Ireland,centre-back,"AFC Bournemouth",2000,2000,10
"John O'Shea",Ireland,centre-back,"Royal Antwerp F.C.",2001,2001,14
"John O'Shea",Ireland,centre-back,"Sunderland A.F.C.",2011,2018,226
"John O'Shea",Ireland,centre-back,"Reading F.C.",2018,2019,9
"John Spencer","United Kingdom",forward,"Rangers F.C.",1988,1992,13
"John Spencer","United Kingdom",forward,"Greenock Morton F.C.",1988,1989,4
"John Spencer","United Kingdom",forward,"Lai Sun F.C.",1989,1990,24
"John Spencer","United Kingdom",forward,"Chelsea F.C.",1992,1997,103
"John Spencer","United Kingdom",forward,"Queens Park Rangers F.C.",1996,1997,25
"John Spencer","United Kingdom",forward,"Queens Park Rangers F.C.",1997,1998,23
"John Spencer","United Kingdom",forward,"Motherwell F.C.",1998,1999,21
"John Spencer","United Kingdom",forward,"Everton F.C.",1998,1999,6
"John Spencer","United Kingdom",forward,"Motherwell F.C.",1999,2000,33
"John Spencer","United Kingdom",forward,"Colorado Rapids",2001,2004,88
"John Stones","United Kingdom","centre-back, defensive midfielder","Barnsley F.C.",2011,2013,24
"John Stones","United Kingdom","centre-back, defensive midfielder","Everton F.C.",2013,2016,77
"John Stones","United Kingdom","centre-back, defensive midfielder","Manchester City F.C.",2016,,178
"John Terry","United Kingdom",centre-back,"Chelsea F.C.",1998,2017,492
"John Terry","United Kingdom",centre-back,"Nottingham Forest F.C.",2000,2000,6
"John Terry","United Kingdom",centre-back,"Aston Villa F.C.",2017,2018,32
"Joleon Lescott","United Kingdom",centre-back,"Wolverhampton Wanderers F.C.",2000,2006,212
"Joleon Lescott","United Kingdom",centre-back,"Everton F.C.",2006,2009,113
"Joleon Lescott","United Kingdom",centre-back,"Manchester City F.C.",2009,2014,107
"Joleon Lescott","United Kingdom",centre-back,"West Bromwich Albion F.C.",2014,2015,36
"Joleon Lescott","United Kingdom",centre-back,"Aston Villa F.C.",2015,2016,30
"Joleon Lescott","United Kingdom",centre-back,"Sunderland A.F.C.",2017,2017,2
"Jon Aurtenetxe",Spain,"centre-back, full-back","SD Amorebieta",2001,2002,
"Jon Aurtenetxe",Spain,"centre-back, full-back","Athletic Club",2002,2011,
"Jon Aurtenetxe",Spain,"centre-back, full-back","Athletic Bilbao B",2009,2011,3
"Jon Aurtenetxe",Spain,"centre-back, full-back","Athletic Club",2009,2015,105
"Jon Aurtenetxe",Spain,"centre-back, full-back","RC Celta de Vigo",2013,2014,20
"Jon Aurtenetxe",Spain,"centre-back, full-back","C.D. Tenerife",2015,2016,24
"Jon Aurtenetxe",Spain,"centre-back, full-back","CD Mirandés",2016,2017,18
"Jon Aurtenetxe",Spain,"centre-back, full-back","Dundee F.C.",2017,2018,18
"Jon Aurtenetxe",Spain,"centre-back, full-back","SD Amorebieta",2017,2017,2
"Jon Aurtenetxe",Spain,"centre-back, full-back","SD Amorebieta",2018,2018,16
"Jon Aurtenetxe",Spain,"centre-back, full-back","Adelaide Comets",2019,2019,17
"Jon Aurtenetxe",Spain,"centre-back, full-back","CD Atlético Baleares",2019,2020,23
"Jon Aurtenetxe",Spain,"centre-back, full-back","Las Rozas CF",2021,2021,16
"Jon Aurtenetxe",Spain,"centre-back, full-back","Miedź Legnica",2021,2023,41
"Jon Aurtenetxe",Spain,"centre-back, full-back","SD Logroñés",2023,2024,30
"Jon Aurtenetxe",Spain,"centre-back, full-back","SD Amorebieta",2024,2025,5
Jonas,"Brazil, Italy","wing half","Guarani Futebol Clube",2005,2006,25
Jonas,"Brazil, Italy","wing half","Santos F.C.",2006,2007,20
Jonas,"Brazil, Italy","wing half","Grêmio FBPA",2007,2011,74
Jonas,"Brazil, Italy","wing half","Associação Portuguesa de Desportos",2008,2009,25
Jonas,"Brazil, Italy","wing half","Valencia CF",2011,2014,112
Jonas,"Brazil, Italy","wing half","S.L. Benfica",2014,2019,132
"Jonathan Zebina",France,"centre-back, full-back","AS Cannes",1997,1998,
"Jonathan Zebina",France,"centre-back, full-back","Cagliari Calcio",1998,2000,48
"Jonathan Zebina",France,"centre-back, full-back","AS Roma",2000,2004,88
"Jonathan Zebina",France,"centre-back, full-back","Juventus FC",2004,2010,98
"Jonathan Zebina",France,"centre-back, full-back","Brescia Calcio",2010,2011,28
"Jonathan Zebina",France,"centre-back, full-back","Stade Brestois 29",2011,2012,28
"Jonathan Zebina",France,"centre-back, full-back","Toulouse FC",2012,2014,27
"Jonathan Zebina",France,"centre-back, full-back","AC Arles",2014,2014,6
"Jonjo Shelvey","United Kingdom",midfielder,"Charlton Athletic F.C.",2008,2010,42
"Jonjo Shelvey","United Kingdom",midfielder,"Liverpool F.C.",2010,2013,47
"Jonjo Shelvey","United Kingdom",midfielder,"Blackpool F.C.",2011,2011,10
"Jonjo Shelvey","United Kingdom",midfielder,"Swansea City A.F.C.",2013,2016,79
"Jonjo Shelvey","United Kingdom",midfielder,"Newcastle United F.C.",2016,2023,186
"Jonjo Shelvey","United Kingdom",midfielder,"Nottingham Forest F.C.",2023,2024,8
"Jonjo Shelvey","United Kingdom",midfielder,"Çaykur Rizespor",2023,2024,32
"Jonjo Shelvey","United Kingdom",midfielder,"Eyüpspor",2024,2025,6
"Jonjo Shelvey","United Kingdom",midfielder,"Arabian Falcons FC",2025,,1
"Jonjo Shelvey","United Kingdom",midfielder,"Burnley F.C.",2025,2025,2
"Jonny Evans","United Kingdom, Ireland",centre-back,"Manchester United F.C.",2006,2015,131
"Jonny Evans","United Kingdom, Ireland",centre-back,"Deportes Temuco",2006,2007,18
"Jonny Evans","United Kingdom, Ireland",centre-back,"Royal Antwerp F.C.",2006,2006,11
"Jonny Evans","United Kingdom, Ireland",centre-back,"Sunderland A.F.C.",2007,2007,18
"Jonny Evans","United Kingdom, Ireland",centre-back,"Sunderland A.F.C.",2008,2008,15
"Jonny Evans","United Kingdom, Ireland",centre-back,"West Bromwich Albion F.C.",2015,2018,89
"Jonny Evans","United Kingdom, Ireland",centre-back,"Leicester City F.C.",2018,2023,121
"Jonny Evans","United Kingdom, Ireland",centre-back,"Manchester United F.C.",2023,2025,30
"Jonás Gutiérrez",Argentina,"wing half","Club Atlético Vélez Sarsfield",2001,2005,110
"Jonás Gutiérrez",Argentina,"wing half","RCD Mallorca",2005,2008,104
"Jonás Gutiérrez",Argentina,"wing half","Newcastle United F.C.",2008,2015,205
"Jonás Gutiérrez",Argentina,"wing half","Norwich City F.C.",2014,2014,4
"Jonás Gutiérrez",Argentina,"wing half","Deportivo de La Coruña",2015,2016,17
"Jonás Gutiérrez",Argentina,"wing half","Defensa y Justicia",2016,2017,29
"Jonás Gutiérrez",Argentina,"wing half","Club Atlético Independiente",2017,2018,24
"Jonás Gutiérrez",Argentina,"wing half","Defensa y Justicia",2018,2019,6
"Jonás Gutiérrez",Argentina,"wing half","Club Atlético Banfield",2019,2021,21
"Jonás Gutiérrez",Argentina,"wing half","Club Almagro",2021,2021,7
"Jordan Henderson","United Kingdom",midfielder,"Sunderland A.F.C.",2008,2011,71
"Jordan Henderson","United Kingdom",midfielder,"Coventry City F.C.",2009,2009,10
"Jordan Henderson","United Kingdom",midfielder,"Liverpool F.C.",2011,2023,360
"Jordan Henderson","United Kingdom",midfielder,"Al-Ettifaq FC",2023,2024,17
"Jordan Henderson","United Kingdom",midfielder,"AFC Ajax",2024,2025,37
"Jordan Henderson","United Kingdom",midfielder,"Brentford F.C.",2025,,32
"Jordan Pickford","United Kingdom",goalkeeper,"Sunderland A.F.C.",2011,2017,31
"Jordan Pickford","United Kingdom",goalkeeper,"Darlington F.C.",2012,2012,17
"Jordan Pickford","United Kingdom",goalkeeper,"Alfreton Town F.C.",2013,2013,12
"Jordan Pickford","United Kingdom",goalkeeper,"Burton Albion F.C.",2013,2013,12
"Jordan Pickford","United Kingdom",goalkeeper,"Carlisle United F.C.",2014,2014,18
"Jordan Pickford","United Kingdom",goalkeeper,"Bradford City A.F.C.",2014,2015,33
"Jordan Pickford","United Kingdom",goalkeeper,"Preston North End F.C.",2015,2016,24
"Jordan Pickford","United Kingdom",goalkeeper,"Everton F.C.",2017,,304
"Jordi Alba",Spain,full-back,"Valencia CF Mestalla",2007,2008,
"Jordi Alba",Spain,full-back,"Valencia CF",2008,2012,74
"Jordi Alba",Spain,full-back,"Gimnàstic de Tarragona",2008,2009,35
"Jordi Alba",Spain,full-back,"Inter Miami CF",2023,2025,65
"Jorge Campos",Mexico,"goalkeeper, forward","Real Madrid Club de Fútbol",1988,1995,183
"Jorge Campos",Mexico,"goalkeeper, forward","Atlante F.C.",1995,1996,38
"Jorge Campos",Mexico,"goalkeeper, forward","LA Galaxy",1996,1997,43
"Jorge Campos",Mexico,"goalkeeper, forward","Cruz Azul",1997,1997,1
"Jorge Campos",Mexico,"goalkeeper, forward","Atlante F.C.",1997,1997,6
"Jorge Campos",Mexico,"goalkeeper, forward","Pumas UNAM",1998,1999,56
"Jorge Campos",Mexico,"goalkeeper, forward","Chicago Fire FC",1998,1998,8
"Jorge Campos",Mexico,"goalkeeper, forward","Tigres UANL",1999,2000,17
"Jorge Campos",Mexico,"goalkeeper, forward","Pumas UNAM",2000,2001,33
"Jorge Campos",Mexico,"goalkeeper, forward","Tigres UANL",2000,2000,17
"Jorge Campos",Mexico,"goalkeeper, forward","Pumas UNAM",2001,2002,33
"Jorge Campos",Mexico,"goalkeeper, forward","Atlante F.C.",2001,2001,26
"Jorge Campos",Mexico,"goalkeeper, forward","Puebla F.C.",2002,2004,28
"Jorge Larena",Spain,midfielder,"UD Las Palmas Atlético",1997,2000,
"Jorge Larena",Spain,midfielder,"UD Las Palmas",2000,2002,69
"Jorge Larena",Spain,midfielder,"Atlético Madrid",2002,2005,83
"Jorge Larena",Spain,midfielder,"RC Celta de Vigo",2005,2008,78
"Jorge Larena",Spain,midfielder,"UD Las Palmas",2008,2011,81
"Jorge Larena",Spain,midfielder,"Sociedad Deportiva Huesca",2012,2013,55
"Jorge Larena",Spain,midfielder,"Recreativo de Huelva",2013,2014,29
"Jorge Larena",Spain,midfielder,"AEK Larnaca F.C.",2014,,
"Jorge López Montaña",Spain,midfielder,"CD Logroñés",1996,1999,
"Jorge López Montaña",Spain,midfielder,"Las Rozas CF",1998,1998,
"Jorge López Montaña",Spain,midfielder,"Villarreal CF",1999,2003,134
"Jorge López Montaña",Spain,midfielder,"Valencia CF",2003,2007,45
"Jorge López Montaña",Spain,midfielder,"RCD Mallorca",2004,2005,29
"Jorge López Montaña",Spain,midfielder,"Racing de Santander",2007,2008,36
"Jorge López Montaña",Spain,midfielder,"Real Zaragoza",2008,2011,94
"Jorge López Montaña",Spain,midfielder,"KAA Gent",2013,2013,15
"Jorge López Montaña",Spain,midfielder,"Cádiz Club de Fútbol",2014,2014,11
"Jorge Otero",Spain,defender,"RC Celta Fortuna",1986,1987,
"Jorge Otero",Spain,defender,"RC Celta de Vigo",1987,1994,222
"Jorge Otero",Spain,defender,"Valencia CF",1994,1997,84
"Jorge Otero",Spain,defender,"Real Betis Balompié",1997,2001,82
"Jorge Otero",Spain,defender,"Atlético Madrid",2001,2003,32
"Jorge Otero",Spain,defender,"Elche CF",2003,2005,46
Jorginho,"Brazil, Italy",midfielder,"A.C. Sambonifacese",2010,2011,31
Jorginho,"Brazil, Italy",midfielder,"Hellas Verona FC",2010,2014,89
Jorginho,"Brazil, Italy",midfielder,"SSC Napoli",2014,2018,133
Jorginho,"Brazil, Italy",midfielder,"Chelsea F.C.",2018,2023,143
Jorginho,"Brazil, Italy",midfielder,"Arsenal F.C.",2023,2025,53
Jorginho,"Brazil, Italy",midfielder,"Clube de Regatas do Flamengo",2025,,16
"Joseba Etxeberria",Spain,forward,"CD Elgoibar",1986,1990,
"Joseba Etxeberria",Spain,forward,"Real Sociedad",1990,1993,
"Joseba Etxeberria",Spain,forward,"Real Sociedad B",1993,1995,29
"Joseba Etxeberria",Spain,forward,"Real Sociedad",1994,1995,7
"Joseba Etxeberria",Spain,forward,"Athletic Club",1995,2010,514
"Joseba Llorente",Spain,centre-forward,"Real Sociedad B",1998,2002,64
"Joseba Llorente",Spain,centre-forward,"Real Sociedad",1999,2003,24
"Joseba Llorente",Spain,centre-forward,"SD Eibar",2000,2000,8
"Joseba Llorente",Spain,centre-forward,"SD Eibar",2003,2004,34
"Joseba Llorente",Spain,centre-forward,"SD Eibar",2004,2005,38
"Joseba Llorente",Spain,centre-forward,"Real Valladolid",2005,2008,108
"Joseba Llorente",Spain,centre-forward,"Villarreal CF",2008,2010,80
"Joseba Llorente",Spain,centre-forward,"Real Sociedad",2010,2013,40
"Joseba Llorente",Spain,centre-forward,"Club Atlético Osasuna",2012,2013,27
"Joseph Yobo",Nigeria,centre-back,"Standard Liège",1998,2001,46
"Joseph Yobo",Nigeria,centre-back,"Olympique de Marseille",2001,2003,23
"Joseph Yobo",Nigeria,centre-back,"C.D. Tenerife",2001,2002,0
"Joseph Yobo",Nigeria,centre-back,"Everton F.C.",2002,2003,24
"Joseph Yobo",Nigeria,centre-back,"Everton F.C.",2003,2012,196
"Joseph Yobo",Nigeria,centre-back,"Fenerbahçe Istanbul",2010,2012,69
"Joseph Yobo",Nigeria,centre-back,"Fenerbahçe Istanbul",2012,2014,21
"Joseph Yobo",Nigeria,centre-back,"Norwich City F.C.",2014,2014,8
"Joshua Kimmich",Germany,"midfielder, defender","RB Leipzig",2013,2015,53
"Joshua Kimmich",Germany,"midfielder, defender","FC Bayern Munich",2015,,317
Josico,Spain,midfielder,"Hellín CF",1994,1995,
Josico,Spain,midfielder,"Albacete Balompié",1995,1998,97
Josico,Spain,midfielder,"UD Las Palmas",1998,2002,129
Josico,Spain,midfielder,"Villarreal CF",2002,2008,152
Josico,Spain,midfielder,"Fenerbahçe Istanbul",2008,2009,14
Josico,Spain,midfielder,"UD Las Palmas",2009,2011,37
"Josu Urrutia",Spain,"defensive midfielder","Athletic Club",1977,1986,
"Josu Urrutia",Spain,"defensive midfielder","Athletic Bilbao B",1984,1990,116
"Josu Urrutia",Spain,"defensive midfielder","Athletic Club",1988,2003,401
"José Antonio García Calvo",Spain,defender,"Real Madrid C",1994,1995,7
"José Antonio García Calvo",Spain,defender,"Real Madrid Club de Fútbol",1996,1997,16
"José Antonio García Calvo",Spain,defender,"Real Valladolid",1997,2001,128
"José Antonio García Calvo",Spain,defender,"Atlético Madrid",2001,2006,106
"José Antonio García Calvo",Spain,defender,"Real Valladolid",2006,2009,67
"José Antonio Reyes",Spain,"wing half","Sevilla Atlético",1999,2001,32
"José Antonio Reyes",Spain,"wing half","Sevilla FC",2000,2004,86
"José Antonio Reyes",Spain,"wing half","Arsenal F.C.",2004,2007,69
"José Antonio Reyes",Spain,"wing half","Real Madrid Club de Fútbol",2006,2007,30
"José Antonio Reyes",Spain,"wing half","Atlético Madrid",2007,2008,103
"José Antonio Reyes",Spain,"wing half","S.L. Benfica",2008,2009,26
"José Antonio Reyes",Spain,"wing half","Atlético Madrid",2009,2008,103
"José Antonio Reyes",Spain,"wing half","Sevilla FC",2012,2016,109
"José Antonio Reyes",Spain,"wing half","RCD Espanyol de Barcelona",2016,2017,21
"José Antonio Reyes",Spain,"wing half","Córdoba CF",2018,2018,17
"José Antonio Reyes",Spain,"wing half","Xinjiang Tianshan Leopard F.C.",2018,2018,14
"José Antonio Reyes",Spain,"wing half","Extremadura UD",2019,2019,9
"José Bosingwa",Portugal,full-back,"S.C. Freamunde",2000,2001,11
"José Bosingwa",Portugal,full-back,"Boavista F.C.",2000,2003,41
"José Bosingwa",Portugal,full-back,"FC Porto",2003,2008,107
"José Bosingwa",Portugal,full-back,"Chelsea F.C.",2008,2012,89
"José Bosingwa",Portugal,full-back,"Queens Park Rangers F.C.",2012,2013,23
"José Bosingwa",Portugal,full-back,Trabzonspor,2013,2015,51
"José Bosingwa",Portugal,full-back,Trabzonspor,2016,,
"José Callejón",Spain,"wing half","Real Madrid C",2006,2007,
"José Callejón",Spain,"wing half","RCD Espanyol de Barcelona",2008,2011,97
"José Callejón",Spain,"wing half","Real Madrid Club de Fútbol",2011,2013,55
"José Callejón",Spain,"wing half","SSC Napoli",2013,2020,255
"José Callejón",Spain,"wing half","ACF Fiorentina",2020,2022,50
"José Callejón",Spain,"wing half","Granada CF",2022,2024,67
"José Callejón",Spain,"wing half","UD Marbella",2024,2025,38
"José Emilio Amavisca",Spain,"midfielder, wing half","SD Laredo",1988,1989,
"José Emilio Amavisca",Spain,"midfielder, wing half","Real Valladolid",1989,1994,74
"José Emilio Amavisca",Spain,"midfielder, wing half","UE Lleida",1991,1992,37
"José Emilio Amavisca",Spain,"midfielder, wing half","Real Madrid Club de Fútbol",1994,1998,113
"José Emilio Amavisca",Spain,"midfielder, wing half","Racing de Santander",1999,2001,84
"José Emilio Amavisca",Spain,"midfielder, wing half","Deportivo de La Coruña",2001,2004,51
"José Emilio Amavisca",Spain,"midfielder, wing half","RCD Espanyol de Barcelona",2004,2005,22
"José Enrique",Spain,full-back,"Atlético Levante UD",2004,2005,19
"José Enrique",Spain,full-back,"Levante UD",2004,2005,19
"José Enrique",Spain,full-back,"Valencia CF",2005,2006,0
"José Enrique",Spain,full-back,"RC Celta de Vigo",2005,2006,14
"José Enrique",Spain,full-back,"Villarreal CF",2006,2007,23
"José Enrique",Spain,full-back,"Newcastle United F.C.",2007,2011,119
"José Enrique",Spain,full-back,"Liverpool F.C.",2011,2016,76
"José Enrique",Spain,full-back,"Real Zaragoza",2016,2017,27
"José Francisco Molina",Spain,goalkeeper,"Valencia CF Mestalla",1989,1993,18
"José Francisco Molina",Spain,goalkeeper,"UD Alzira",1990,1991,29
"José Francisco Molina",Spain,goalkeeper,"Valencia CF",1993,1994,0
"José Francisco Molina",Spain,goalkeeper,"Villarreal CF",1993,1994,18
"José Francisco Molina",Spain,goalkeeper,"Albacete Balompié",1994,1995,23
"José Francisco Molina",Spain,goalkeeper,"Atlético Madrid",1995,2000,189
"José Francisco Molina",Spain,goalkeeper,"Deportivo de La Coruña",2000,2006,169
"José Francisco Molina",Spain,goalkeeper,"Levante UD",2006,2007,34
"José Gálvez Estévez",Spain,forward,"RCD Mallorca",1991,1993,59
"José Gálvez Estévez",Spain,forward,"Valencia CF",1993,1998,88
"José Gálvez Estévez",Spain,forward,"RCD Mallorca",1997,1998,32
"José Gálvez Estévez",Spain,forward,"Real Betis Balompié",1998,2002,58
"José Gálvez Estévez",Spain,forward,"Burgos CF",2001,2002,26
"José Luis Caminero",Spain,midfielder,"Real Valladolid",1989,1993,134
"José Luis Caminero",Spain,midfielder,"Atlético Madrid",1993,1998,149
"José Luis Caminero",Spain,midfielder,"Real Valladolid",1998,2004,155
"José Luis Gayà",Spain,full-back,"Valencia CF",2012,,321
"José Luis Gayà",Spain,full-back,"Valencia CF Mestalla",2012,2014,65
"José Luis Martí",Spain,midfielder,"RCD Mallorca",1999,2000,1
"José Luis Martí",Spain,midfielder,"C.D. Tenerife",2000,2003,113
"José Luis Martí",Spain,midfielder,"Sevilla FC",2003,2008,140
"José Luis Martí",Spain,midfielder,"Real Sociedad",2008,2008,22
"José Luis Martí",Spain,midfielder,"RCD Mallorca",2008,2015,191
"José Luís Vidigal",Portugal,midfielder,"O Elvas C.A.D.",1992,1994,60
"José Luís Vidigal",Portugal,midfielder,"G.D. Estoril Praia",1994,1995,27
"José Luís Vidigal",Portugal,midfielder,"Sporting CP",1995,2000,110
"José Luís Vidigal",Portugal,midfielder,"SSC Napoli",2000,2004,86
"José Luís Vidigal",Portugal,midfielder,"US Livorno 1915",2004,2005,30
"José Luís Vidigal",Portugal,midfielder,"Udinese Calcio",2005,2006,23
"José Luís Vidigal",Portugal,midfielder,"US Livorno 1915",2006,2008,18
"José Luís Vidigal",Portugal,midfielder,"C.F. Estrela da Amadora",2008,2009,15
"José Manuel Jurado",Spain,midfielder,"Real Madrid Club de Fútbol",2005,2006,6
"José Manuel Jurado",Spain,midfielder,"Atlético Madrid",2006,2010,129
"José Manuel Jurado",Spain,midfielder,"RCD Mallorca",2008,2009,41
"José Manuel Jurado",Spain,midfielder,"Schalke 04",2010,2013,65
"José Manuel Jurado",Spain,midfielder,"Spartak Moscow",2012,2013,24
"José Manuel Jurado",Spain,midfielder,"Spartak Moscow",2013,2015,53
"José Manuel Jurado",Spain,midfielder,"Watford F.C.",2015,2016,30
"José Manuel Jurado",Spain,midfielder,"RCD Espanyol de Barcelona",2016,2018,63
"José Manuel Jurado",Spain,midfielder,"Al Ahli FC",2018,2019,18
"José Manuel Jurado",Spain,midfielder,"Cádiz Club de Fútbol",2019,2020,15
"José Manuel Jurado",Spain,midfielder,"Changchun Yatai F.C.",2019,2019,8
"José Mari",Spain,forward,"Sevilla FC",1995,1997,28
"José Mari",Spain,forward,"Sevilla Atlético",1996,1997,25
"José Mari",Spain,forward,"Sevilla FC",1997,1997,21
"José Mari",Spain,forward,"Atlético Madrid",1997,1999,84
"José Mari",Spain,forward,"AC Milan",2000,2003,52
"José Mari",Spain,forward,"Atlético Madrid",2002,2003,31
"José Mari",Spain,forward,"Villarreal CF",2003,2007,113
"José Mari",Spain,forward,"Real Betis Balompié",2007,2008,21
"José Mari",Spain,forward,"Gimnàstic de Tarragona",2009,2010,49
"José Mari",Spain,forward,"Xerez C.D.",2010,2013,80
"José María Giménez",Uruguay,defender,"Danubio F.C.",2012,2013,16
"José María Giménez",Uruguay,defender,"Atlético Madrid",2013,,265
"José Miguel Prieto",Spain,defender,"Albacete Balompié",1988,1989,18
"José Miguel Prieto",Spain,defender,"Sevilla Atlético",1989,1990,
"José Miguel Prieto",Spain,defender,"Sevilla FC",1990,2003,251
"José Ángel Ziganda",Spain,centre-forward,"Osasuna B",1985,1987,47
"José Ángel Ziganda",Spain,centre-forward,"Club Atlético Osasuna",1987,1991,131
"José Ángel Ziganda",Spain,centre-forward,"Athletic Club",1991,1998,291
"José Ángel Ziganda",Spain,centre-forward,"Club Atlético Osasuna",1998,2001,89
"João Cancelo",Portugal,full-back,"S.L. Benfica B",2012,2014,51
"João Cancelo",Portugal,full-back,"Valencia CF",2014,2015,10
"João Cancelo",Portugal,full-back,"S.L. Benfica",2014,2015,1
"João Cancelo",Portugal,full-back,"Valencia CF",2015,2018,64
"João Cancelo",Portugal,full-back,"Inter Milan",2017,2018,26
"João Cancelo",Portugal,full-back,"Juventus FC",2018,2019,25
"João Cancelo",Portugal,full-back,"Manchester City F.C.",2019,2024,98
"João Cancelo",Portugal,full-back,"FC Bayern Munich",2023,2023,15
"João Cancelo",Portugal,full-back,"Al Hilal SFC",2024,,24
"João Félix",Portugal,forward,"S.L. Benfica B",2016,2018,30
"João Félix",Portugal,forward,"S.L. Benfica",2018,2019,26
"João Félix",Portugal,forward,"Atlético Madrid",2019,2024,96
"João Félix",Portugal,forward,"Chelsea F.C.",2023,2023,16
"João Félix",Portugal,forward,"Chelsea F.C.",2024,2025,12
"João Félix",Portugal,forward,"AC Milan",2025,2025,15
"João Félix",Portugal,forward,Al-Nassr,2025,,30
"Joël Matip","Cameroon, Germany","centre-back, full-back","Schalke 04",2009,2016,194
"Joël Matip","Cameroon, Germany","centre-back, full-back","Liverpool F.C.",2016,2024,150
"Joško Gvardiol",Croatia,defender,"GNK Dinamo Zagreb",2019,2020,13
"Joško Gvardiol",Croatia,defender,"GNK Dinamo Zagreb",2020,2021,23
"Joško Gvardiol",Croatia,defender,"RB Leipzig",2020,2023,59
"Joško Gvardiol",Croatia,defender,"Manchester City F.C.",2023,,81
Juan,Brazil,"centre-back, defender","Clube de Regatas do Flamengo",1996,2002,75
Juan,Brazil,"centre-back, defender","Bayer 04 Leverkusen",2002,2007,139
Juan,Brazil,"centre-back, defender","AS Roma",2007,2012,117
Juan,Brazil,"centre-back, defender","S.C. Internacional",2012,2015,67
Juan,Brazil,"centre-back, defender","Clube de Regatas do Flamengo",2016,2019,27
"Juan Camilo Zúñiga",Colombia,full-back,"Atlético Nacional",2002,2008,121
"Juan Camilo Zúñiga",Colombia,full-back,"Siena FC",2008,2009,28
"Juan Camilo Zúñiga",Colombia,full-back,"SSC Napoli",2009,2018,125
"Juan Camilo Zúñiga",Colombia,full-back,"Bologna F.C. 1909",2016,2016,9
"Juan Camilo Zúñiga",Colombia,full-back,"Watford F.C.",2016,2017,21
"Juan Camilo Zúñiga",Colombia,full-back,"Atlético Nacional",2018,2018,4
"Juan Carlos Unzué",Spain,goaltender,"Osasuna B",1984,1986,2
"Juan Carlos Unzué",Spain,goaltender,"Club Atlético Osasuna",1986,1988,26
"Juan Carlos Unzué",Spain,goaltender,"Sevilla FC",1990,1997,257
"Juan Carlos Unzué",Spain,goaltender,"C.D. Tenerife",1997,1999,35
"Juan Carlos Unzué",Spain,goaltender,"Real Oviedo",1999,2001,7
"Juan Carlos Unzué",Spain,goaltender,"Club Atlético Osasuna",2001,2003,48
"Juan Cuadrado",Colombia,full-back,"Deportivo Independiente Medellín",2008,2009,30
"Juan Cuadrado",Colombia,full-back,"Udinese Calcio",2009,2012,20
"Juan Cuadrado",Colombia,full-back,"US Lecce",2011,2012,33
"Juan Cuadrado",Colombia,full-back,"ACF Fiorentina",2012,2015,85
"Juan Cuadrado",Colombia,full-back,"Juventus FC",2015,2017,58
"Juan Cuadrado",Colombia,full-back,"Chelsea F.C.",2015,2017,14
"Juan Cuadrado",Colombia,full-back,"Juventus FC",2017,2023,166
"Juan Cuadrado",Colombia,full-back,"Inter Milan",2023,2024,10
"Juan Cuadrado",Colombia,full-back,"Atalanta BC",2024,2025,23
"Juan Cuadrado",Colombia,full-back,"Pisa SC",2025,,19
"Juan Francisco Rodríguez Herrera",Spain,defender,"UD Las Palmas",1984,1987,100
"Juan Francisco Rodríguez Herrera",Spain,defender,"Real Zaragoza",1987,1990,95
"Juan Francisco Rodríguez Herrera",Spain,defender,"Atlético Madrid",1990,1994,120
"Juan Francisco Rodríguez Herrera",Spain,defender,"Sevilla FC",1994,1996,42
"Juan Francisco Rodríguez Herrera",Spain,defender,"CF Extremadura",1996,2000,105
"Juan José Valencia",Spain,goalkeeper,Antiguoko,1986,1990,
"Juan José Valencia",Spain,goalkeeper,"Athletic Club",1990,1991,
"Juan José Valencia",Spain,goalkeeper,"Barakaldo CF",1991,1991,7
"Juan José Valencia",Spain,goalkeeper,"Athletic Bilbao B",1991,1992,23
"Juan José Valencia",Spain,goalkeeper,"Athletic Club",1992,1999,195
"Juan José Valencia",Spain,goalkeeper,"Sevilla FC",1999,2000,18
"Juan José Valencia",Spain,goalkeeper,"Sporting de Gijón",2000,2004,120
"Juan José Valencia",Spain,goalkeeper,"Gimnàstic de Tarragona",2004,2006,38
"Juan José Valencia",Spain,goalkeeper,"Racing de Santander",2006,2006,1
"Juan Manuel López",Spain,defender,"Atlético Madrid B",1988,1991,15
"Juan Manuel López",Spain,defender,"Atlético Madrid",1991,2001,156
"Juan Mata",Spain,"forward, wing half","Valencia CF",2007,2011,129
"Juan Mata",Spain,"forward, wing half","Chelsea F.C.",2011,2014,82
"Juan Mata",Spain,"forward, wing half","Manchester United F.C.",2014,2022,196
"Juan Mata",Spain,"forward, wing half","Galatasaray S.K.",2022,2023,16
"Juan Mata",Spain,"forward, wing half","Vissel Kobe",2023,2024,1
"Juan Mata",Spain,"forward, wing half","Western Sydney Wanderers FC",2024,2025,23
"Juan Mata",Spain,"forward, wing half","Melbourne Victory FC",2025,,0
"Juan Sánchez Romero",Spain,forward,"Valencia CF Mestalla",1991,1993,20
"Juan Sánchez Romero",Spain,forward,"Valencia CF",1992,1994,17
"Juan Sánchez Romero",Spain,forward,"RCD Mallorca",1993,1994,37
"Juan Sánchez Romero",Spain,forward,"RC Celta de Vigo",1994,1999,159
"Juan Sánchez Romero",Spain,forward,"Valencia CF",1999,2004,125
"Juan Sánchez Romero",Spain,forward,"RC Celta de Vigo",2004,2006,23
"Juan Vizcaíno",Spain,midfielder,"Gimnàstic de Tarragona",1983,1986,
"Juan Vizcaíno",Spain,midfielder,"Deportivo Aragón",1986,1988,
"Juan Vizcaíno",Spain,midfielder,"Real Zaragoza",1988,1990,86
"Juan Vizcaíno",Spain,midfielder,"Atlético Madrid",1990,1998,255
"Juan Vizcaíno",Spain,midfielder,"Real Valladolid",1998,2000,55
"Juan Vizcaíno",Spain,midfielder,"Elche CF",2000,2001,20
"Juan Vizcaíno",Spain,midfielder,"Gimnàstic de Tarragona",2001,2002,26
"Juanfran Torres",Spain,full-back,"Real Madrid C",2002,2005,56
"Juanfran Torres",Spain,full-back,"Real Madrid Club de Fútbol",2004,2006,6
"Juanfran Torres",Spain,full-back,"RCD Espanyol de Barcelona",2005,2006,30
"Juanfran Torres",Spain,full-back,"Club Atlético Osasuna",2006,2011,148
"Juanfran Torres",Spain,full-back,"Atlético Madrid",2011,2019,243
"Juanfran Torres",Spain,full-back,"São Paulo FC",2019,2021,37
"Jude Bellingham","United Kingdom",midfielder,"Birmingham City F.C.",2019,2020,41
"Jude Bellingham","United Kingdom",midfielder,"Borussia Dortmund",2020,2023,92
"Jude Bellingham","United Kingdom",midfielder,"Real Madrid Club de Fútbol",2023,,86
"Julen Guerrero",Spain,"inside forward","Athletic Club",1982,1991,
"Julen Guerrero",Spain,"inside forward","Athletic Bilbao B",1992,1992,12
"Julen Guerrero",Spain,"inside forward","Athletic Club",1992,2006,372
"Jules Koundé",France,defender,"FC Girondins de Bordeaux",2017,2019,55
"Jules Koundé",France,defender,"Sevilla FC",2019,2022,95
"Julian Brandt",Germany,"wing half, attacking midfielder","Bayer 04 Leverkusen",2014,2019,165
"Julian Brandt",Germany,"wing half, attacking midfielder","Bayer 04 Leverkusen II",2014,2014,1
"Julian Brandt",Germany,"wing half, attacking midfielder","Borussia Dortmund",2019,,197
"Julian Weigl",Germany,"defensive midfielder","TSV 1860 München",2014,2015,38
"Julian Weigl",Germany,"defensive midfielder","Borussia Dortmund",2015,2019,116
"Julian Weigl",Germany,"defensive midfielder","S.L. Benfica",2020,2023,77
"Julian Weigl",Germany,"defensive midfielder","Borussia Mönchengladbach",2022,2023,23
"Julian Weigl",Germany,"defensive midfielder","Borussia Mönchengladbach",2023,2025,64
"Julian Weigl",Germany,"defensive midfielder","Al Qadsiah FC",2025,,
"Julien Escudé",France,defender,"AS Cannes",1998,1999,21
"Julien Escudé",France,defender,"Stade Rennais F.C.",1999,2003,111
"Julien Escudé",France,defender,"AFC Ajax",2003,2006,61
"Julien Escudé",France,defender,"Sevilla FC",2006,2012,164
"Julien Escudé",France,defender,"Beşiktaş J.K. (Football)",2012,2014,
"Julio Ricardo Cruz",Argentina,forward,"Club Atlético Banfield",1993,1996,65
"Julio Ricardo Cruz",Argentina,forward,"Club Atlético River Plate",1996,1997,29
"Julio Ricardo Cruz",Argentina,forward,"Feyenoord Rotterdam",1997,2000,86
"Julio Ricardo Cruz",Argentina,forward,"Bologna F.C. 1909",2000,2003,88
"Julio Ricardo Cruz",Argentina,forward,"Inter Milan",2003,2009,125
"Julio Ricardo Cruz",Argentina,forward,"SS Lazio",2009,2010,25
"Julio Ricardo Cruz",Argentina,forward,"Unión de Santa Fe",2026,2026,1
"Julio Salinas",Spain,forward,"Athletic Bilbao B",1981,1984,97
"Julio Salinas",Spain,forward,"Athletic Club",1982,1986,104
"Julio Salinas",Spain,forward,"Atlético Madrid",1986,1988,89
"Julio Salinas",Spain,forward,"Deportivo de La Coruña",1994,1995,32
"Julio Salinas",Spain,forward,"Sporting de Gijón",1995,1996,60
"Julio Salinas",Spain,forward,"Yokohama F. Marinos",1997,1998,57
"Julio Salinas",Spain,forward,"Deportivo Alavés",1998,2000,52
"Justin Edinburgh","United Kingdom",defender,"Southend United F.C.",1988,1990,37
"Justin Edinburgh","United Kingdom",defender,"Tottenham Hotspur F.C.",1990,2000,215
"Justin Edinburgh","United Kingdom",defender,"Portsmouth F.C.",2000,2003,34
"Justin Edinburgh","United Kingdom",defender,"Billericay Town F.C.",2003,2006,
"Jérémy Doku",Belgium,forward,"R.S.C. Anderlecht",2019,2020,34
"Jérémy Doku",Belgium,forward,"Stade Rennais F.C.",2020,2023,75
"Jérémy Doku",Belgium,forward,"Manchester City F.C.",2023,,86
"Jérémy Mathieu",France,"centre-back, full-back","FC Sochaux-Montbéliard",2002,2005,86
"Jérémy Mathieu",France,"centre-back, full-back","Toulouse FC",2005,2009,86
"Jérémy Mathieu",France,"centre-back, full-back","Valencia CF",2009,2014,126
"Jérémy Mathieu",France,"centre-back, full-back","Sporting CP",2017,2020,71
"Jérémy Ménez",France,"wing half","FC Sochaux-Montbéliard",2004,2006,55
"Jérémy Ménez",France,"wing half","AS Monaco FC",2006,2008,57
"Jérémy Ménez",France,"wing half","AS Roma",2008,2011,84
"Jérémy Ménez",France,"wing half","Paris Saint-Germain FC",2011,2014,79
"Jérémy Ménez",France,"wing half","AC Milan",2014,2016,43
"Jérémy Ménez",France,"wing half","FC Girondins de Bordeaux",2016,2017,26
"Jérémy Ménez",France,"wing half",Antalyaspor,2017,2017,7
"Jérémy Ménez",France,"wing half","Club América",2018,2019,18
"Jérémy Ménez",France,"wing half","Paris FC",2019,2020,17
"Jérémy Ménez",France,"wing half","AS Reggina 1914",2020,2023,67
"Jérémy Ménez",France,"wing half","SSC Bari",2023,2024,10
"Jérôme Boateng",Germany,"centre-back, defender","Hertha BSC",2007,2007,10
"Jérôme Boateng",Germany,"centre-back, defender","Hamburger SV",2007,2010,75
"Jérôme Boateng",Germany,"centre-back, defender","Manchester City F.C.",2010,2011,16
"Jérôme Boateng",Germany,"centre-back, defender","FC Bayern Munich",2011,2021,229
"Jérôme Boateng",Germany,"centre-back, defender","Olympique Lyonnais",2021,2023,32
"Jérôme Boateng",Germany,"centre-back, defender","LASK Linz",2024,2025,9
"Jérôme Boateng",Germany,"centre-back, defender","U.S. Salernitana 1919",2024,2024,7
"Jörg Heinrich","German Democratic Republic, Germany",midfielder,"FSV Optik Rathenow",1988,1989,11
"Jörg Heinrich","German Democratic Republic, Germany",midfielder,"FSV Velten",1989,1990,34
"Jörg Heinrich","German Democratic Republic, Germany",midfielder,"Kickers Emden",1990,1994,80
"Jörg Heinrich","German Democratic Republic, Germany",midfielder,"SC Freiburg",1994,1996,41
"Jörg Heinrich","German Democratic Republic, Germany",midfielder,"Borussia Dortmund",1996,1998,81
"Jörg Heinrich","German Democratic Republic, Germany",midfielder,"ACF Fiorentina",1998,2000,57
"Jörg Heinrich","German Democratic Republic, Germany",midfielder,"Borussia Dortmund",2000,2003,63
"Jörg Heinrich","German Democratic Republic, Germany",midfielder,"1. FC Köln",2003,2004,20
"Jörg Heinrich","German Democratic Republic, Germany",midfielder,"Ludwigsfelder FC",2004,2005,25
"Jörg Heinrich","German Democratic Republic, Germany",midfielder,"1. FC Union Berlin",2005,2006,15
"Jörg Heinrich","German Democratic Republic, Germany",midfielder,"TSV Chemie Premnitz",2006,2007,12
"Jörg Heinrich","German Democratic Republic, Germany",midfielder,"FSV Velten",2007,2008,
"Júlio César",Brazil,"centre-back, defender","Guarani Futebol Clube",1979,1986,54
"Júlio César",Brazil,"centre-back, defender","Stade Brestois 29",1986,1987,32
"Júlio César",Brazil,"centre-back, defender","Montpellier Hérault Sport Club",1987,1990,93
"Júlio César",Brazil,"centre-back, defender","Juventus FC",1990,1994,91
"Júlio César",Brazil,"centre-back, defender","Borussia Dortmund",1994,1999,80
"Júlio César",Brazil,goalkeeper,"Clube de Regatas do Flamengo",1998,2005,130
"Júlio César",Brazil,"centre-back, defender","Botafogo F.R.",1998,1998,16
"Júlio César",Brazil,"centre-back, defender","Panathinaikos F.C.",1999,1999,3
"Júlio César",Brazil,"centre-back, defender","SV Werder Bremen",1999,2000,12
"Júlio César",Brazil,"centre-back, defender","Rio Branco Esporte Clube",2001,2001,12
"Júlio César",Brazil,goalkeeper,"AC ChievoVerona",2005,2005,0
"Júlio César",Brazil,goalkeeper,"Inter Milan",2005,2012,228
"Júlio César",Brazil,goalkeeper,"Queens Park Rangers F.C.",2012,2014,24
"Júlio César",Brazil,goalkeeper,"S.L. Benfica",2014,2017,57
"Júlio César",Brazil,goalkeeper,"Toronto FC",2014,2014,7
"Júlio César",Brazil,goalkeeper,"Clube de Regatas do Flamengo",2018,2018,1
"Jürgen Klinsmann",Germany,forward,"Stuttgarter Kickers",1981,1984,61
"Jürgen Klinsmann",Germany,forward,"VfB Stuttgart",1984,1989,156
"Jürgen Klinsmann",Germany,forward,"Inter Milan",1989,1992,95
"Jürgen Klinsmann",Germany,forward,"AS Monaco FC",1992,1994,65
"Jürgen Klinsmann",Germany,forward,"Tottenham Hotspur F.C.",1994,1995,41
"Jürgen Klinsmann",Germany,forward,"FC Bayern Munich",1995,1997,65
"Jürgen Klinsmann",Germany,forward,"U.C. Sampdoria",1997,1998,8
"Jürgen Klinsmann",Germany,forward,"Tottenham Hotspur F.C.",1998,1998,15
"Jürgen Klinsmann",Germany,forward,"Orange County Blue Star",2003,2003,8
"Jürgen Kohler",Germany,defender,"SV Waldhof Mannheim",1983,1987,95
"Jürgen Kohler",Germany,defender,"1. FC Köln",1987,1989,57
"Jürgen Kohler",Germany,defender,"FC Bayern Munich",1989,1991,55
"Jürgen Kohler",Germany,defender,"Juventus FC",1991,1995,102
"Jürgen Kohler",Germany,defender,"Borussia Dortmund",1995,2002,191
"Kai Havertz",Germany,"forward, attacking midfielder","Bayer 04 Leverkusen",2016,2020,118
"Kai Havertz",Germany,"forward, attacking midfielder","Chelsea F.C.",2020,2023,91
"Kai Havertz",Germany,"forward, attacking midfielder","Arsenal F.C.",2023,,72
"Kakha Kaladze",Georgia,defender,"FC Samtredia",1993,1993,3
"Kakha Kaladze",Georgia,defender,"FC Dinamo Tbilisi",1993,1998,82
"Kakha Kaladze",Georgia,defender,"FC Dynamo Kyiv",1998,2001,71
"Kakha Kaladze",Georgia,defender,"AC Milan",2001,2010,194
"Kakha Kaladze",Georgia,defender,"Genoa CFC",2010,2012,53
"Kaká","Brazil, Italy",midfielder,"São Paulo FC",2001,2003,59
"Kaká","Brazil, Italy",midfielder,"AC Milan",2003,2009,193
"Kaká","Brazil, Italy",midfielder,"Real Madrid Club de Fútbol",2009,2013,85
"Kaká","Brazil, Italy",midfielder,"AC Milan",2013,2014,30
"Kaká","Brazil, Italy",midfielder,"Orlando City SC",2014,2017,75
"Kaká","Brazil, Italy",midfielder,"São Paulo FC",2014,2014,19
"Kalidou Koulibaly","Senegal, France",centre-back,"FC Metz",2010,2012,41
"Kalidou Koulibaly","Senegal, France",centre-back,"K.R.C. Genk",2012,2014,64
"Kalidou Koulibaly","Senegal, France",centre-back,"SSC Napoli",2014,2022,236
"Kalidou Koulibaly","Senegal, France",centre-back,"Chelsea F.C.",2022,2023,23
"Kalidou Koulibaly","Senegal, France",centre-back,"Al Hilal SFC",2023,,78
"Karim Benzema",France,forward,"Olympique Lyonnais",2004,2009,112
"Karim Benzema",France,forward,"Real Madrid Club de Fútbol",2009,2023,439
"Karim Benzema",France,forward,"Al Ittihad FC",2023,2026,64
"Karim Benzema",France,forward,"Al Hilal SFC",2026,,7
"Karl-Heinz Riedle",Germany,forward,"FC Augsburg",1983,1986,80
"Karl-Heinz Riedle",Germany,forward,"SpVgg Blau-Weiß 1890 Berlin",1986,1987,34
"Karl-Heinz Riedle",Germany,forward,"SV Blau Weiss Berlin",1986,1987,34
"Karl-Heinz Riedle",Germany,forward,"SV Werder Bremen",1987,1990,86
"Karl-Heinz Riedle",Germany,forward,"SS Lazio",1990,1993,84
"Karl-Heinz Riedle",Germany,forward,"Borussia Dortmund",1993,1997,87
"Karl-Heinz Riedle",Germany,forward,"Liverpool F.C.",1997,1999,60
"Karl-Heinz Riedle",Germany,forward,"Fulham F.C.",1999,2001,34
"Kasey Keller","United States",goalkeeper,"Portland Timbers",1989,1990,10
"Kasey Keller","United States",goalkeeper,"Portland Timbers",1989,1990,10
"Kasey Keller","United States",goalkeeper,"Portland Timbers",1989,1989,10
"Kasey Keller","United States",goalkeeper,"Millwall F.C.",1992,1996,176
"Kasey Keller","United States",goalkeeper,"Leicester City F.C.",1996,1999,99
"Kasey Keller","United States",goalkeeper,"Rayo Vallecano",1999,2001,51
"Kasey Keller","United States",goalkeeper,"Tottenham Hotspur F.C.",2001,2005,85
"Kasey Keller","United States",goalkeeper,"Southampton F.C.",2004,2004,4
"Kasey Keller","United States",goalkeeper,"Borussia Mönchengladbach",2005,2007,78
"Kasey Keller","United States",goalkeeper,"Fulham F.C.",2007,2008,13
"Kasey Keller","United States",goalkeeper,"Seattle Sounders FC",2009,2011,93
"Keisuke Honda",Japan,"midfielder, forward","Nagoya Grampus",2004,2007,90
"Keisuke Honda",Japan,"midfielder, forward",VVV-Venlo,2007,2009,68
"Keisuke Honda",Japan,"midfielder, forward","PFC CSKA Moscow",2009,2013,94
"Keisuke Honda",Japan,"midfielder, forward","AC Milan",2014,2017,82
"Keisuke Honda",Japan,"midfielder, forward","CF Pachuca",2017,2018,29
"Keisuke Honda",Japan,"midfielder, forward","Melbourne Victory FC",2018,2019,20
"Keisuke Honda",Japan,"midfielder, forward","SBV Vitesse",2019,2019,4
"Keisuke Honda",Japan,"midfielder, forward","Botafogo F.R.",2020,2020,22
"Keisuke Honda",Japan,"midfielder, forward","Neftchi Baku PFC",2021,2021,8
"Keisuke Honda",Japan,"midfielder, forward","FK Sūduva",2021,2022,6
"Keisuke Honda",Japan,"midfielder, forward","Paro FC",2024,2024,6
"Keith Curle","United Kingdom","centre-back, defender","Bristol Rovers F.C.",1981,1983,32
"Keith Curle","United Kingdom","centre-back, defender","Torquay United F.C.",1983,1984,16
"Keith Curle","United Kingdom","centre-back, defender","Bristol City F.C.",1984,1987,121
"Keith Curle","United Kingdom","centre-back, defender","Reading F.C.",1987,1988,40
"Keith Curle","United Kingdom","centre-back, defender","Wimbledon F.C.",1988,1991,93
"Keith Curle","United Kingdom","centre-back, defender","Manchester City F.C.",1991,1996,174
"Keith Curle","United Kingdom","centre-back, defender","Wolverhampton Wanderers F.C.",1996,2000,150
"Keith Curle","United Kingdom","centre-back, defender","Sheffield United F.C.",2000,2002,57
"Keith Curle","United Kingdom","centre-back, defender","Mansfield Town F.C.",2002,2005,14
"Keith Curle","United Kingdom","centre-back, defender","Barnsley F.C.",2002,2002,11
"Keith Gillespie","United Kingdom","wing half","Manchester United F.C.",1993,1995,9
"Keith Gillespie","United Kingdom","wing half","Wigan Athletic F.C.",1993,1993,8
"Keith Gillespie","United Kingdom","wing half","Newcastle United F.C.",1995,1998,113
"Keith Gillespie","United Kingdom","wing half","Blackburn Rovers F.C.",1998,2003,115
"Keith Gillespie","United Kingdom","wing half","Wigan Athletic F.C.",2000,2001,5
"Keith Gillespie","United Kingdom","wing half","Leicester City F.C.",2003,2005,42
"Keith Gillespie","United Kingdom","wing half","Sheffield United F.C.",2005,2009,97
"Keith Gillespie","United Kingdom","wing half","Charlton Athletic F.C.",2008,2008,6
"Keith Gillespie","United Kingdom","wing half","Glentoran F.C.",2009,2010,33
"Keith Gillespie","United Kingdom","wing half","Bradford City A.F.C.",2009,2009,3
"Keith Gillespie","United Kingdom","wing half","Darlington F.C.",2010,2010,3
"Keith Gillespie","United Kingdom","wing half","Longford Town F.C.",2011,2013,61
"Ken Monkou","Kingdom of the Netherlands",centre-back,"Feyenoord Rotterdam",1985,1988,43
"Ken Monkou","Kingdom of the Netherlands",centre-back,"Chelsea F.C.",1989,1992,94
"Ken Monkou","Kingdom of the Netherlands",centre-back,"Southampton F.C.",1992,1999,198
"Ken Monkou","Kingdom of the Netherlands",centre-back,"Huddersfield Town A.F.C.",1999,2000,21
"Kepa Arrizabalaga",Spain,goalkeeper,"Athletic Club",2004,2012,
"Kepa Arrizabalaga",Spain,goalkeeper,"CD Baskonia",2011,2013,31
"Kepa Arrizabalaga",Spain,goalkeeper,"Athletic Bilbao B",2012,2016,50
"Kepa Arrizabalaga",Spain,goalkeeper,"Real Valladolid",2015,2016,39
"Kepa Arrizabalaga",Spain,goalkeeper,"Sociedad Deportiva Ponferradina",2015,2015,20
"Kepa Arrizabalaga",Spain,goalkeeper,"Athletic Club",2016,2018,53
"Kepa Arrizabalaga",Spain,goalkeeper,"Chelsea F.C.",2018,2025,109
"Kepa Arrizabalaga",Spain,goalkeeper,"Real Madrid Club de Fútbol",2023,2024,14
"Kepa Arrizabalaga",Spain,goalkeeper,"AFC Bournemouth",2024,2025,31
"Kepa Arrizabalaga",Spain,goalkeeper,"Arsenal F.C.",2025,,
"Kevin Campbell","United Kingdom",forward,"Arsenal F.C.",1988,1995,166
"Kevin Campbell","United Kingdom",forward,"Leicester City F.C.",1989,1989,11
"Kevin Campbell","United Kingdom",forward,"Leyton Orient F.C.",1989,1989,16
"Kevin Campbell","United Kingdom",forward,"Nottingham Forest F.C.",1995,1998,80
"Kevin Campbell","United Kingdom",forward,Trabzonspor,1996,1999,17
"Kevin Campbell","United Kingdom",forward,"Everton F.C.",1999,2005,137
"Kevin Campbell","United Kingdom",forward,"West Bromwich Albion F.C.",2005,2006,45
"Kevin Campbell","United Kingdom",forward,"Cardiff City F.C.",2006,2009,19
"Kevin De Bruyne",Belgium,midfielder,"K.R.C. Genk",2008,2012,97
"Kevin De Bruyne",Belgium,midfielder,"SV Werder Bremen",2012,2013,33
"Kevin De Bruyne",Belgium,midfielder,"Chelsea F.C.",2012,2014,3
"Kevin De Bruyne",Belgium,midfielder,"VfL Wolfsburg",2014,2015,52
"Kevin De Bruyne",Belgium,midfielder,"Manchester City F.C.",2015,2025,285
"Kevin De Bruyne",Belgium,midfielder,"SSC Napoli",2025,,18
"Kevin Großkreutz",Germany,full-back,"Rot Weiss Ahlen",2006,2007,2
"Kevin Großkreutz",Germany,full-back,"Borussia Dortmund",2009,2015,176
"Kevin Großkreutz",Germany,full-back,"Galatasaray S.K.",2015,2016,0
"Kevin Großkreutz",Germany,full-back,"VfB Stuttgart",2016,2017,26
"Kevin Großkreutz",Germany,full-back,"Galatasaray S.K.",2016,2016,0
"Kevin Großkreutz",Germany,full-back,"SV Darmstadt 98",2017,2018,27
"Kevin Großkreutz",Germany,full-back,"KFC Uerdingen 05",2018,2020,45
"Kevin Großkreutz",Germany,full-back,"TuS Bövinghausen",2021,2023,54
"Kevin Hitchcock","United Kingdom",goalkeeper,"Nottingham Forest F.C.",1983,1984,0
"Kevin Hitchcock","United Kingdom",goalkeeper,"Mansfield Town F.C.",1984,1984,14
"Kevin Hitchcock","United Kingdom",goalkeeper,"Chelsea F.C.",1988,2001,96
"Kevin Hitchcock","United Kingdom",goalkeeper,"Northampton Town F.C.",1990,1990,17
"Kevin Hitchcock","United Kingdom",goalkeeper,"West Ham United F.C.",1993,1993,0
"Kevin Hitchcock","United Kingdom",goalkeeper,"Watford F.C.",2001,2004,0
"Kevin Horlock","United Kingdom",midfielder,"West Ham United F.C.",1991,1992,0
"Kevin Horlock","United Kingdom",midfielder,"Swindon Town F.C.",1992,1997,164
"Kevin Horlock","United Kingdom",midfielder,"Manchester City F.C.",1997,2003,206
"Kevin Horlock","United Kingdom",midfielder,"West Ham United F.C.",2003,2004,27
"Kevin Horlock","United Kingdom",midfielder,"Ipswich Town F.C.",2004,2006,58
"Kevin Horlock","United Kingdom",midfielder,"Doncaster Rovers F.C.",2006,2006,13
"Kevin Horlock","United Kingdom",midfielder,"Mansfield Town F.C.",2008,2008,5
"Kevin Horlock","United Kingdom",midfielder,"Scunthorpe United F.C.",2008,2008,0
"Kevin Horlock","United Kingdom",midfielder,"Needham Market F.C.",2008,2015,16
"Kevin Kilbane","United Kingdom",defender,"Preston North End F.C.",1995,1997,48
"Kevin Kilbane","United Kingdom",defender,"West Bromwich Albion F.C.",1997,1999,106
"Kevin Kilbane","United Kingdom",defender,"Sunderland A.F.C.",1999,2003,113
"Kevin Kilbane","United Kingdom",defender,"Everton F.C.",2003,2006,104
"Kevin Kilbane","United Kingdom",defender,"Wigan Athletic F.C.",2006,2009,76
"Kevin Kilbane","United Kingdom",defender,"Hull City A.F.C.",2009,2012,51
"Kevin Kilbane","United Kingdom",defender,"Derby County F.C.",2011,2011,9
"Kevin Kilbane","United Kingdom",defender,"Huddersfield Town A.F.C.",2011,2011,24
"Kevin Kilbane","United Kingdom",defender,"Coventry City F.C.",2012,2012,6
"Kevin McAllister","United Kingdom","wing half","Falkirk F.C.",1983,1985,64
"Kevin McAllister","United Kingdom","wing half","Chelsea F.C.",1985,1991,106
"Kevin McAllister","United Kingdom","wing half","Falkirk F.C.",1987,1988,6
"Kevin McAllister","United Kingdom","wing half","Falkirk F.C.",1991,1993,82
"Kevin McAllister","United Kingdom","wing half","Hibernian F.C.",1993,1997,109
"Kevin McAllister","United Kingdom","wing half","Falkirk F.C.",1997,2002,150
"Kevin McAllister","United Kingdom","wing half","Albion Rovers F.C.",2002,2004,48
"Kevin Nolan","United Kingdom",midfielder,"Bolton Wanderers F.C.",1999,2009,296
"Kevin Nolan","United Kingdom",midfielder,"Newcastle United F.C.",2009,2011,85
"Kevin Nolan","United Kingdom",midfielder,"West Ham United F.C.",2011,2015,141
"Kevin Nolan","United Kingdom",midfielder,"Leyton Orient F.C.",2016,,
"Kevin Richardson","United Kingdom",midfielder,"Everton F.C.",1980,1986,109
"Kevin Richardson","United Kingdom",midfielder,"Watford F.C.",1986,1987,39
"Kevin Richardson","United Kingdom",midfielder,"Arsenal F.C.",1987,1990,96
"Kevin Richardson","United Kingdom",midfielder,"Real Sociedad",1990,1991,37
"Kevin Richardson","United Kingdom",midfielder,"Aston Villa F.C.",1991,1995,141
"Kevin Richardson","United Kingdom",midfielder,"Coventry City F.C.",1995,1997,78
"Kevin Richardson","United Kingdom",midfielder,"Southampton F.C.",1997,1998,28
"Kevin Richardson","United Kingdom",midfielder,"Barnsley F.C.",1998,2000,30
"Kevin Richardson","United Kingdom",midfielder,"Blackpool F.C.",2000,2000,11
"Kevin Scott","United Kingdom",defender,"Newcastle United F.C.",1984,1994,227
"Kevin Scott","United Kingdom",defender,"Tottenham Hotspur F.C.",1994,1997,18
"Kevin Scott","United Kingdom",defender,"Port Vale F.C.",1995,1995,17
"Kevin Scott","United Kingdom",defender,"Charlton Athletic F.C.",1996,1997,4
"Kevin Scott","United Kingdom",defender,"Norwich City F.C.",1997,1997,5
"Kevin Scott","United Kingdom",defender,"Guisborough Town F.C.",1999,2001,
"Kevin Scott","United Kingdom",defender,"Darlington F.C.",1999,1999,4
"Kevin Scott","United Kingdom",defender,"Crook Town A.F.C.",2001,,
"Kevin Strootman","Kingdom of the Netherlands",midfielder,"Sparta Rotterdam",2008,2011,72
"Kevin Strootman","Kingdom of the Netherlands",midfielder,"PSV Eindhoven",2011,2013,62
"Kevin Strootman","Kingdom of the Netherlands",midfielder,"FC Utrecht",2011,2011,14
"Kevin Strootman","Kingdom of the Netherlands",midfielder,"AS Roma",2013,2018,102
"Kevin Strootman","Kingdom of the Netherlands",midfielder,"Olympique de Marseille",2018,2023,62
"Kevin Strootman","Kingdom of the Netherlands",midfielder,"Cagliari Calcio",2021,2022,10
"Kevin Strootman","Kingdom of the Netherlands",midfielder,"Genoa CFC",2021,2021,18
"Kevin Strootman","Kingdom of the Netherlands",midfielder,"Genoa CFC",2022,2023,30
"Kevin Strootman","Kingdom of the Netherlands",midfielder,"Genoa CFC",2023,2024,27
"Kevin Wilson","United Kingdom",forward,"Derby County F.C.",1979,1985,124
"Kevin Wilson","United Kingdom",forward,"Ipswich Town F.C.",1985,1987,98
"Kevin Wilson","United Kingdom",forward,"Chelsea F.C.",1987,1992,152
"Kevin Wilson","United Kingdom",forward,"Notts County F.C.",1992,1994,69
"Kevin Wilson","United Kingdom",forward,"Walsall F.C.",1994,1997,125
"Kevin Wilson","United Kingdom",forward,"Bradford City A.F.C.",1994,1994,5
"Kevin Wilson","United Kingdom",forward,"Northampton Town F.C.",1997,2001,31
"Kevin-Prince Boateng","Germany, Ghana","midfielder, forward","Hertha BSC",2005,2007,42
"Kevin-Prince Boateng","Germany, Ghana","midfielder, forward","Tottenham Hotspur F.C.",2007,2009,14
"Kevin-Prince Boateng","Germany, Ghana","midfielder, forward","Portsmouth F.C.",2009,2010,22
"Kevin-Prince Boateng","Germany, Ghana","midfielder, forward","Borussia Dortmund",2009,2009,10
"Kevin-Prince Boateng","Germany, Ghana","midfielder, forward","AC Milan",2010,2013,100
"Kevin-Prince Boateng","Germany, Ghana","midfielder, forward","Genoa CFC",2010,2010,0
"Kevin-Prince Boateng","Germany, Ghana","midfielder, forward","Schalke 04",2013,2015,46
"Kevin-Prince Boateng","Germany, Ghana","midfielder, forward","UD Las Palmas",2016,2017,28
"Kevin-Prince Boateng","Germany, Ghana","midfielder, forward","AC Milan",2016,2016,14
"Kevin-Prince Boateng","Germany, Ghana","midfielder, forward","Eintracht Frankfurt",2017,2018,31
"Kevin-Prince Boateng","Germany, Ghana","midfielder, forward","US Sassuolo Calcio",2018,2019,13
"Kevin-Prince Boateng","Germany, Ghana","midfielder, forward","ACF Fiorentina",2019,2020,15
"Kevin-Prince Boateng","Germany, Ghana","midfielder, forward","Beşiktaş J.K. (Football)",2020,2020,11
"Kevin-Prince Boateng","Germany, Ghana","midfielder, forward","AC Monza",2020,2021,25
"Kevin-Prince Boateng","Germany, Ghana","midfielder, forward","Hertha BSC",2021,2023,38
"Keylor Navas","Costa Rica, Spain",goalkeeper,"Deportivo Saprissa",2005,2010,73
"Keylor Navas","Costa Rica, Spain",goalkeeper,"Albacete Balompié",2010,2012,36
"Keylor Navas","Costa Rica, Spain",goalkeeper,"Levante UD",2011,2012,1
"Keylor Navas","Costa Rica, Spain",goalkeeper,"Levante UD",2012,2014,46
"Keylor Navas","Costa Rica, Spain",goalkeeper,"Real Madrid Club de Fútbol",2014,2019,104
"Keylor Navas","Costa Rica, Spain",goalkeeper,"Paris Saint-Germain FC",2019,2024,75
"Keylor Navas","Costa Rica, Spain",goalkeeper,"Nottingham Forest F.C.",2023,2023,17
"Keylor Navas","Costa Rica, Spain",goalkeeper,"Pumas UNAM",2025,,16
"Keylor Navas","Costa Rica, Spain",goalkeeper,"Newell's Old Boys",2025,2025,14
"Khvicha Kvaratskhelia",Georgia,"midfielder, forward","FC Dinamo Tbilisi",2017,2018,4
"Khvicha Kvaratskhelia",Georgia,"midfielder, forward","FC Rustavi",2018,2019,18
"Khvicha Kvaratskhelia",Georgia,"midfielder, forward","Rubin Kazan",2019,2022,69
"Khvicha Kvaratskhelia",Georgia,"midfielder, forward","FC Lokomotiv Moscow",2019,2019,7
"Khvicha Kvaratskhelia",Georgia,"midfielder, forward","FC Dinamo Batumi",2022,2022,11
"Khvicha Kvaratskhelia",Georgia,"midfielder, forward","SSC Napoli",2022,2025,85
"Khvicha Kvaratskhelia",Georgia,"midfielder, forward","Paris Saint-Germain FC",2025,,39
"Kieran Gibbs","United Kingdom",full-back,"Arsenal F.C.",2004,2017,137
"Kieran Gibbs","United Kingdom",full-back,"Norwich City F.C.",2008,2008,7
"Kieran Gibbs","United Kingdom",full-back,"West Bromwich Albion F.C.",2017,2021,93
"Kieran Gibbs","United Kingdom",full-back,"Inter Miami CF",2021,2022,27
"Kieran Tierney","United Kingdom","centre-back, full-back","Celtic F.C.",2015,2019,102
"Kieran Tierney","United Kingdom","centre-back, full-back","Arsenal F.C.",2019,,91
"Kieran Trippier","United Kingdom",full-back,"Manchester City F.C.",2009,2012,0
"Kieran Trippier","United Kingdom",full-back,"Barnsley F.C.",2010,2010,3
"Kieran Trippier","United Kingdom",full-back,"Burnley F.C.",2011,2012,25
"Kieran Trippier","United Kingdom",full-back,"Burnley F.C.",2012,2015,145
"Kieran Trippier","United Kingdom",full-back,"Tottenham Hotspur F.C.",2015,2019,69
"Kieran Trippier","United Kingdom",full-back,"Atlético Madrid",2019,2022,68
"Kieran Trippier","United Kingdom",full-back,"Newcastle United F.C.",2022,,114
"Kieran Trippier","United Kingdom",full-back,"Wolverhampton Wanderers F.C.",2026,,0
"Kieron Dyer","United Kingdom",midfielder,"Ipswich Town F.C.",1996,1999,90
"Kieron Dyer","United Kingdom",midfielder,"Newcastle United F.C.",1999,2007,190
"Kieron Dyer","United Kingdom",midfielder,"West Ham United F.C.",2007,2011,30
"Kieron Dyer","United Kingdom",midfielder,"Queens Park Rangers F.C.",2011,2013,5
"Kieron Dyer","United Kingdom",midfielder,"Ipswich Town F.C.",2011,2011,4
"Kieron Dyer","United Kingdom",midfielder,"Middlesbrough F.C.",2013,2013,9
Kiko,Spain,forward,"Cádiz CF B",1990,1991,
Kiko,Spain,forward,"Cádiz Club de Fútbol",1991,1993,78
Kiko,Spain,forward,"Atlético Madrid",1993,2001,225
Kiko,Spain,forward,"CF Extremadura",2002,2002,11
"Kily González",Argentina,"wing half","Club Atlético Rosario Central",1993,1995,51
"Kily González",Argentina,"wing half","Real Zaragoza",1996,1999,90
"Kily González",Argentina,"wing half","Valencia CF",1999,2003,92
"Kily González",Argentina,"wing half","Inter Milan",2003,2006,51
"Kily González",Argentina,"wing half","Club Atlético Rosario Central",2006,2009,76
"Kily González",Argentina,"wing half","Club Atlético Rosario Central",2010,2011,17
"Kingsley Coman",France,winger,"Paris Saint-Germain FC",2013,2014,3
"Kingsley Coman",France,winger,"Juventus FC",2014,2017,15
"Kingsley Coman",France,winger,"FC Bayern Munich",2015,2017,42
"Kingsley Coman",France,winger,"FC Bayern Munich",2017,2025,185
"Kingsley Coman",France,winger,Al-Nassr,2025,,0
"Kit Symons","United Kingdom",defender,"Portsmouth F.C.",1988,1995,160
"Kit Symons","United Kingdom",defender,"Manchester City F.C.",1995,1998,124
"Kit Symons","United Kingdom",defender,"Fulham F.C.",1998,2001,102
"Kit Symons","United Kingdom",defender,"Crystal Palace F.C.",2001,2005,49
"Knut Reinhardt",Germany,midfielder,"Bayer 04 Leverkusen",1986,1991,118
"Knut Reinhardt",Germany,midfielder,"Borussia Dortmund",1991,1999,170
"Knut Reinhardt",Germany,midfielder,"1. FC Nürnberg",1999,2000,14
"Koikili Lertxundi",Spain,full-back,"CD Aurrerá de Vitoria",1998,1999,12
"Koikili Lertxundi",Spain,full-back,"Osasuna B",1999,2001,37
"Koikili Lertxundi",Spain,full-back,"Gernika Club",2001,2003,55
"Koikili Lertxundi",Spain,full-back,"SD Beasain",2003,2004,
"Koikili Lertxundi",Spain,full-back,"Gernika Club",2004,2005,
"Koikili Lertxundi",Spain,full-back,"Sestao River Club",2005,2007,65
"Koikili Lertxundi",Spain,full-back,"Athletic Club",2007,2012,98
"Koikili Lertxundi",Spain,full-back,"CD Mirandés",2012,2014,53
Koke,Spain,midfielder,"Atlético Madrid B",2008,2011,66
Koke,Spain,midfielder,"Atlético Madrid",2009,,511
"Kolo Touré","Ivory Coast","centre-back, full-back","ASEC Mimosas",1999,2002,
"Kolo Touré","Ivory Coast","centre-back, full-back","Arsenal F.C.",2002,2009,225
"Kolo Touré","Ivory Coast","centre-back, full-back","Manchester City F.C.",2009,2013,82
"Kolo Touré","Ivory Coast","centre-back, full-back","Liverpool F.C.",2013,2016,71
"Kolo Touré","Ivory Coast","centre-back, full-back","Celtic F.C.",2016,2017,9
"Kostas Manolas",Greece,centre-back,"Thrasyvoulos F.C.",2008,2009,6
"Kostas Manolas",Greece,centre-back,"AS Roma",2014,2019,206
"Kostas Manolas",Greece,centre-back,"SSC Napoli",2019,2022,60
"Kostas Manolas",Greece,centre-back,"Sharjah FC",2022,2024,26
"Kostas Manolas",Greece,centre-back,"Pannaxiakos F.C.",2024,,
"Kostas Manolas",Greece,centre-back,"U.S. Salernitana 1919",2024,2024,8
"Kurt Zouma",France,centre-back,"AS Saint-Étienne",2011,2014,52
"Kurt Zouma",France,centre-back,"AS Saint-Étienne",2014,2014,12
"Kurt Zouma",France,centre-back,"Chelsea F.C.",2014,2021,99
"Kurt Zouma",France,centre-back,"Stoke City F.C.",2017,2018,34
"Kurt Zouma",France,centre-back,"Everton F.C.",2018,2019,32
"Kurt Zouma",France,centre-back,"West Ham United F.C.",2021,2025,82
"Kurt Zouma",France,centre-back,"Al-Orobah F.C.",2024,2025,19
"Kurt Zouma",France,centre-back,"CFR Cluj",2025,2026,3
"Kurt Zouma",France,centre-back,"Al Wasl FC",2026,,0
"Kwadwo Asamoah",Ghana,midfielder,"Liberty Professionals F.C.",2006,2007,
"Kwadwo Asamoah",Ghana,midfielder,"AC Bellinzona",2007,2008,
"Kwadwo Asamoah",Ghana,midfielder,"Torino FC",2008,2008,0
"Kwadwo Asamoah",Ghana,midfielder,"Udinese Calcio",2008,2012,114
"Kwadwo Asamoah",Ghana,midfielder,"Juventus FC",2012,2018,116
"Kwadwo Asamoah",Ghana,midfielder,"Inter Milan",2018,2020,40
"Kwadwo Asamoah",Ghana,midfielder,"Cagliari Calcio",2021,2021,9
"Kyle Walker","United Kingdom",full-back,"Sheffield United F.C.",2008,2009,2
"Kyle Walker","United Kingdom",full-back,"Northampton Town F.C.",2008,2008,9
"Kyle Walker","United Kingdom",full-back,"Tottenham Hotspur F.C.",2009,2017,183
"Kyle Walker","United Kingdom",full-back,"Sheffield United F.C.",2009,2010,26
"Kyle Walker","United Kingdom",full-back,"Queens Park Rangers F.C.",2010,2011,20
"Kyle Walker","United Kingdom",full-back,"Aston Villa F.C.",2011,2011,15
"Kyle Walker","United Kingdom",full-back,"Manchester City F.C.",2017,2025,212
"Kyle Walker","United Kingdom",full-back,"AC Milan",2025,2025,11
"Kyle Walker","United Kingdom",full-back,"Burnley F.C.",2025,,35
"Lars Ricken",Germany,midfielder,"Borussia Dortmund",1993,2007,301
"Lassana Diarra",France,midfielder,"Le Havre AC",2004,2005,29
"Lassana Diarra",France,midfielder,"Chelsea F.C.",2005,2007,13
"Lassana Diarra",France,midfielder,"Arsenal F.C.",2007,2007,7
"Lassana Diarra",France,midfielder,"Portsmouth F.C.",2008,2009,24
"Lassana Diarra",France,midfielder,"Real Madrid Club de Fútbol",2009,2012,87
"Lassana Diarra",France,midfielder,"FC Anzhi Makhachkala",2012,2013,18
"Lassana Diarra",France,midfielder,"FC Lokomotiv Moscow",2013,2015,
"Lassana Diarra",France,midfielder,"Olympique de Marseille",2015,,
Lauren,"Cameroon, Equatorial Guinea, Spain","defender, full-back","CD Utrera",1995,1996,30
Lauren,"Cameroon, Equatorial Guinea, Spain","defender, full-back","Sevilla Atlético",1996,1997,17
Lauren,"Cameroon, Equatorial Guinea, Spain","defender, full-back","Levante UD",1997,1998,34
Lauren,"Cameroon, Equatorial Guinea, Spain","defender, full-back","RCD Mallorca",1998,2000,63
Lauren,"Cameroon, Equatorial Guinea, Spain","defender, full-back","Arsenal F.C.",2000,2006,159
Lauren,"Cameroon, Equatorial Guinea, Spain","defender, full-back","Portsmouth F.C.",2006,2009,25
Lauren,"Cameroon, Equatorial Guinea, Spain","defender, full-back","Córdoba CF",2010,2010,5
"Laurent Koscielny",France,centre-back,"En Avant de Guingamp",2004,2007,41
"Laurent Koscielny",France,centre-back,"Tours FC.",2007,2009,67
"Laurent Koscielny",France,centre-back,"F.C. Lorient",2009,2010,35
"Laurent Koscielny",France,centre-back,"Arsenal F.C.",2010,2019,255
"Laurent Koscielny",France,centre-back,"FC Girondins de Bordeaux",2019,2022,62
"Laurent Robert",France,"wing half","Montpellier Hérault Sport Club",1994,1999,124
"Laurent Robert",France,"wing half","Paris Saint-Germain FC",1999,2001,61
"Laurent Robert",France,"wing half","Newcastle United F.C.",2001,2006,129
"Laurent Robert",France,"wing half","Portsmouth F.C.",2005,2006,17
"Laurent Robert",France,"wing half","S.L. Benfica",2006,2006,13
"Laurent Robert",France,"wing half","Levante UD",2006,2007,13
"Laurent Robert",France,"wing half","Derby County F.C.",2008,2008,4
"Laurent Robert",France,"wing half","Athlitiki Enosi Larissa F.C.",2008,2009,6
"Laurent Robert",France,"wing half","Toronto FC",2008,2008,17
"Lautaro Martínez",Argentina,forward,"Racing Club",2015,2018,48
"Lautaro Martínez",Argentina,forward,"Inter Milan",2018,,266
"Leandro Castán",Brazil,centre-back,"Clube Atlético Mineiro",2005,2007,27
"Leandro Castán",Brazil,centre-back,"Helsingborgs IF",2007,2008,4
"Leandro Castán",Brazil,centre-back,"Grêmio Barueri Futebol",2008,2009,66
"Leandro Castán",Brazil,centre-back,"S.C. Corinthians Paulista",2010,2012,49
"Leandro Castán",Brazil,centre-back,"AS Roma",2012,2018,81
"Leandro Castán",Brazil,centre-back,"U.C. Sampdoria",2016,2016,0
"Leandro Castán",Brazil,centre-back,"Torino FC",2016,2017,14
"Leandro Castán",Brazil,centre-back,"Cagliari Calcio",2018,2018,14
"Leandro Castán",Brazil,centre-back,"CR Vasco da Gama",2018,2021,145
"Leandro Castán",Brazil,centre-back,"Guarani Futebol Clube",2022,2022,8
"Ledley King","United Kingdom",full-back,"Tottenham Hotspur F.C.",1999,2012,268
"Lee Carsley",Ireland,midfielder,"Derby County F.C.",1994,1999,138
"Lee Carsley",Ireland,midfielder,"Blackburn Rovers F.C.",1999,2000,47
"Lee Carsley",Ireland,midfielder,"Coventry City F.C.",2000,2002,47
"Lee Carsley",Ireland,midfielder,"Everton F.C.",2002,2008,166
"Lee Carsley",Ireland,midfielder,"Birmingham City F.C.",2008,2010,48
"Lee Carsley",Ireland,midfielder,"Coventry City F.C.",2010,2011,25
"Lee Clark","United Kingdom",midfielder,"Newcastle United F.C.",1990,1997,195
"Lee Clark","United Kingdom",midfielder,"Sunderland A.F.C.",1997,1999,74
"Lee Clark","United Kingdom",midfielder,"Fulham F.C.",1999,2005,149
"Lee Clark","United Kingdom",midfielder,"Newcastle United F.C.",2005,2006,22
"Lee Dixon","United Kingdom",full-back,"Burnley F.C.",1982,1984,4
"Lee Dixon","United Kingdom",full-back,"Chester City F.C.",1984,1985,57
"Lee Dixon","United Kingdom",full-back,"Bury F.C.",1985,1986,45
"Lee Dixon","United Kingdom",full-back,"Stoke City F.C.",1986,1988,71
"Lee Dixon","United Kingdom",full-back,"Arsenal F.C.",1988,2002,458
"Lee Sharpe","United Kingdom",midfielder,"Manchester United F.C.",1988,1996,193
"Lee Sharpe","United Kingdom",midfielder,"Torquay United F.C.",1988,1988,14
"Lee Sharpe","United Kingdom",midfielder,"Leeds United F.C.",1996,1999,30
"Lee Sharpe","United Kingdom",midfielder,"U.C. Sampdoria",1998,1999,3
"Lee Sharpe","United Kingdom",midfielder,"Bradford City A.F.C.",1999,2002,47
"Lee Sharpe","United Kingdom",midfielder,"Portsmouth F.C.",2001,2001,17
"Lee Sharpe","United Kingdom",midfielder,"Exeter City F.C.",2002,2002,4
"Lee Sharpe","United Kingdom",midfielder,"Knattspyrnudeild UMFG",2003,2003,7
"Lee Sharpe","United Kingdom",midfielder,"Garforth Town A.F.C.",2004,2004,21
"Leighton Baines","United Kingdom",full-back,"Wigan Athletic F.C.",2002,2007,145
"Leighton Baines","United Kingdom",full-back,"Everton F.C.",2007,2020,348
"Leo Franco","Argentina, Italy",goalkeeper,"Club Atlético Independiente",1995,1997,2
"Leo Franco","Argentina, Italy",goalkeeper,"CP Mérida",1997,1998,0
"Leo Franco","Argentina, Italy",goalkeeper,"Mérida UD",1997,1998,0
"Leo Franco","Argentina, Italy",goalkeeper,"RCD Mallorca",1999,2004,148
"Leo Franco","Argentina, Italy",goalkeeper,"Atlético Madrid",2004,2009,153
"Leo Franco","Argentina, Italy",goalkeeper,"Galatasaray S.K.",2009,2010,26
"Leo Franco","Argentina, Italy",goalkeeper,"Real Zaragoza",2010,2014,67
"Leo Franco","Argentina, Italy",goalkeeper,"Sociedad Deportiva Huesca",2015,2016,28
"Leon Goretzka",Germany,midfielder,"VfL Bochum",2012,2013,32
"Leon Goretzka",Germany,midfielder,"Schalke 04",2013,2018,116
"Leon Goretzka",Germany,midfielder,"FC Schalke 04 II",2015,2015,1
"Leon Goretzka",Germany,midfielder,"FC Bayern Munich",2018,,203
"Leon Osman","United Kingdom",midfielder,"Everton F.C.",2000,2016,352
"Leon Osman","United Kingdom",midfielder,"Carlisle United F.C.",2002,2003,12
"Leon Osman","United Kingdom",midfielder,"Derby County F.C.",2004,2004,17
"Leonardo Araújo",Brazil,midfielder,"Clube de Regatas do Flamengo",1987,1990,52
"Leonardo Araújo",Brazil,midfielder,"São Paulo FC",1990,1991,44
"Leonardo Araújo",Brazil,midfielder,"Valencia CF",1991,1993,70
"Leonardo Araújo",Brazil,midfielder,"São Paulo FC",1993,1994,12
"Leonardo Araújo",Brazil,midfielder,"Kashima Antlers",1994,1996,49
"Leonardo Araújo",Brazil,midfielder,"Paris Saint-Germain FC",1996,1997,34
"Leonardo Araújo",Brazil,midfielder,"AC Milan",1997,2001,96
"Leonardo Araújo",Brazil,midfielder,"São Paulo FC",2001,2001,13
"Leonardo Araújo",Brazil,midfielder,"AC Milan",2002,2003,1
"Leonardo Araújo",Brazil,midfielder,"Clube de Regatas do Flamengo",2002,2002,0
"Leonardo Bonucci",Italy,"centre-back, defender, full-back","Inter Milan",2005,2009,1
"Leonardo Bonucci",Italy,"centre-back, defender, full-back","Treviso F.B.C. 1993",2007,2009,40
"Leonardo Bonucci",Italy,"centre-back, defender, full-back","Genoa CFC",2009,2009,0
"Leonardo Bonucci",Italy,"centre-back, defender, full-back","Pisa SC",2009,2009,18
"Leonardo Bonucci",Italy,"centre-back, defender, full-back","SSC Bari",2009,2010,38
"Leonardo Bonucci",Italy,"centre-back, defender, full-back","Juventus FC",2010,2017,227
"Leonardo Bonucci",Italy,"centre-back, defender, full-back","AC Milan",2017,2018,35
"Leonardo Bonucci",Italy,"centre-back, defender, full-back","Juventus FC",2018,2023,130
"Leonardo Bonucci",Italy,"centre-back, defender, full-back","1. FC Union Berlin",2023,2024,7
"Leonardo Bonucci",Italy,"centre-back, defender, full-back","Fenerbahçe Istanbul",2024,2024,8
"Leonardo Spinazzola",Italy,"midfielder, defender","Juventus FC",2012,2019,10
"Leonardo Spinazzola",Italy,"midfielder, defender","Empoli FC",2012,2013,7
"Leonardo Spinazzola",Italy,"midfielder, defender","Siena FC",2013,2014,24
"Leonardo Spinazzola",Italy,"midfielder, defender","Lanciano Calcio 1920",2013,2013,3
"Leonardo Spinazzola",Italy,"midfielder, defender","Atalanta BC",2014,2015,2
"Leonardo Spinazzola",Italy,"midfielder, defender","A.C. Perugia Calcio",2015,2016,34
"Leonardo Spinazzola",Italy,"midfielder, defender","LR Vicenza",2015,2015,10
"Leonardo Spinazzola",Italy,"midfielder, defender","Atalanta BC",2016,2018,48
"Leonardo Spinazzola",Italy,"midfielder, defender","AS Roma",2019,2024,104
"Leonardo Spinazzola",Italy,"midfielder, defender","SSC Napoli",2024,,59
"Leroy Sané","Senegal, Germany",winger,"Schalke 04",2014,2016,47
"Leroy Sané","Senegal, Germany",winger,"Manchester City F.C.",2016,2020,90
"Leroy Sané","Senegal, Germany",winger,"FC Bayern Munich",2020,2025,153
"Leroy Sané","Senegal, Germany",winger,"Galatasaray S.K.",2025,,21
"Les Ferdinand","United Kingdom",forward,"Hayes F.C.",1986,1987,33
"Les Ferdinand","United Kingdom",forward,"Brentford F.C.",1986,1987,3
"Les Ferdinand","United Kingdom",forward,"Queens Park Rangers F.C.",1987,1995,163
"Les Ferdinand","United Kingdom",forward,"Beşiktaş J.K. (Football)",1988,1989,24
"Les Ferdinand","United Kingdom",forward,"Brentford F.C.",1988,1988,3
"Les Ferdinand","United Kingdom",forward,"Beşiktaş J.K. (Football)",1989,1989,24
"Les Ferdinand","United Kingdom",forward,"Newcastle United F.C.",1995,1997,68
"Les Ferdinand","United Kingdom",forward,"Tottenham Hotspur F.C.",1997,2003,118
"Les Ferdinand","United Kingdom",forward,"West Ham United F.C.",2003,2003,14
"Les Ferdinand","United Kingdom",forward,"Leicester City F.C.",2003,2004,29
"Les Ferdinand","United Kingdom",forward,"Bolton Wanderers F.C.",2004,2005,12
"Les Ferdinand","United Kingdom",forward,"Reading F.C.",2005,2005,12
"Les Ferdinand","United Kingdom",forward,"Watford F.C.",2005,2006,0
"Liam O'Brien",Ireland,midfielder,"Bohemian F.C.",1982,1983,5
"Liam O'Brien",Ireland,midfielder,"Shamrock Rovers F.C.",1983,1986,70
"Liam O'Brien",Ireland,midfielder,"Manchester United F.C.",1986,1988,31
"Liam O'Brien",Ireland,midfielder,"Newcastle United F.C.",1988,1994,151
"Liam O'Brien",Ireland,midfielder,"Tranmere Rovers F.C.",1994,1999,181
"Liam O'Brien",Ireland,midfielder,"Cork City F.C.",1999,2000,27
"Liam O'Brien",Ireland,midfielder,"Bohemian F.C.",2000,2002,7
"Lilian Thuram",France,"centre-back, full-back","AS Monaco FC",1991,1996,155
"Lilian Thuram",France,"centre-back, full-back","Parma Calcio 1913",1996,2001,163
"Lilian Thuram",France,"centre-back, full-back","Juventus FC",2001,2006,144
"Lionel Messi","Argentina, Italy, Spain","midfielder, forward","Newell's Old Boys",1995,2000,176
"Lionel Messi","Argentina, Italy, Spain","midfielder, forward","FC Barcelona C",2003,2004,10
"Lionel Messi","Argentina, Italy, Spain","midfielder, forward","FC Barcelona Atlètic",2004,2005,22
"Lionel Messi","Argentina, Italy, Spain","midfielder, forward","Paris Saint-Germain FC",2021,2023,58
"Lionel Messi","Argentina, Italy, Spain","midfielder, forward","Inter Miami CF",2023,,67
"Lorena Sánchez",Spain,midfielder,"Athletic Club",2002,2008,91
"Lorenzo Insigne",Italy,"midfielder, wing half","SSC Napoli",2009,2022,337
"Lorenzo Insigne",Italy,"midfielder, wing half","Calcio Foggia 1920",2010,2011,33
"Lorenzo Insigne",Italy,"midfielder, wing half","Cavese 1919",2010,2010,10
"Lorenzo Insigne",Italy,"midfielder, wing half","Delfino Pescara 1936",2011,2012,37
"Lorenzo Insigne",Italy,"midfielder, wing half","Toronto FC",2022,2025,66
"Lorenzo Insigne",Italy,"midfielder, wing half","Delfino Pescara 1936",2026,,13
"Lorenzo Pellegrini",Italy,midfielder,"AS Roma",2014,2015,1
"Lorenzo Pellegrini",Italy,midfielder,"US Sassuolo Calcio",2015,2017,47
"Lorenzo Pellegrini",Italy,midfielder,"AS Roma",2017,,248
"Lothar Matthäus",Germany,"midfielder, sweeper","Borussia Mönchengladbach",1979,1984,162
"Lothar Matthäus",Germany,"midfielder, sweeper","FC Bayern Munich",1984,1988,113
"Lothar Matthäus",Germany,"midfielder, sweeper","Inter Milan",1988,1992,115
"Lothar Matthäus",Germany,"midfielder, sweeper","FC Bayern Munich",1992,2000,189
"Lothar Matthäus",Germany,"midfielder, sweeper","Red Bull New York",2000,2000,16
"Louis Saha",France,forward,"FC Metz",1997,2000,47
"Louis Saha",France,forward,"Newcastle United F.C.",1998,1999,11
"Louis Saha",France,forward,"Newcastle United F.C.",1999,1999,11
"Louis Saha",France,forward,"Fulham F.C.",2000,2004,117
"Louis Saha",France,forward,"Manchester United F.C.",2004,2008,86
"Louis Saha",France,forward,"Everton F.C.",2008,2012,97
"Louis Saha",France,forward,"Sunderland A.F.C.",2012,2013,11
"Louis Saha",France,forward,"Tottenham Hotspur F.C.",2012,2012,10
"Louis Saha",France,forward,"SS Lazio",2013,2013,6
"Luca Antonini",Italy,full-back,"AC Milan",2001,2003,0
"Luca Antonini",Italy,full-back,"A.C. Prato",2001,2002,26
"Luca Antonini",Italy,full-back,"Calcio Padova",2001,2001,1
"Luca Antonini",Italy,full-back,"SSC Ancona",2002,2003,17
"Luca Antonini",Italy,full-back,"A.C. Prato",2002,2002,26
"Luca Antonini",Italy,full-back,"U.C. Sampdoria",2003,2007,3
"Luca Antonini",Italy,full-back,"Modena F.C.",2004,2004,15
"Luca Antonini",Italy,full-back,"Delfino Pescara 1936",2005,2005,22
"Luca Antonini",Italy,full-back,"S.S. Arezzo",2005,2006,39
"Luca Antonini",Italy,full-back,"Siena FC",2006,2007,32
"Luca Antonini",Italy,full-back,"Empoli FC",2007,2008,32
"Luca Antonini",Italy,full-back,"AC Milan",2008,2013,81
"Luca Antonini",Italy,full-back,"Genoa CFC",2013,2015,33
"Luca Antonini",Italy,full-back,"Ascoli Calcio 1898 FC",2015,2015,14
"Luca Antonini",Italy,full-back,"US Livorno 1915",2016,2016,1
"Lucas Barrios","Paraguay, Argentina, Mexico",forward,"Argentinos Juniors",2003,2004,15
"Lucas Barrios","Paraguay, Argentina, Mexico",forward,"Club Atlético Tigre",2003,2004,16
"Lucas Barrios","Paraguay, Argentina, Mexico",forward,"Tiro Federal",2005,2006,12
"Lucas Barrios","Paraguay, Argentina, Mexico",forward,"Deportes Temuco",2005,2005,28
"Lucas Barrios","Paraguay, Argentina, Mexico",forward,Cobreloa,2006,2007,39
"Lucas Barrios","Paraguay, Argentina, Mexico",forward,"Atlas F.C.",2007,2007,14
"Lucas Barrios","Paraguay, Argentina, Mexico",forward,"Club Social y Deportivo Colo Colo",2008,2009,53
"Lucas Barrios","Paraguay, Argentina, Mexico",forward,"Borussia Dortmund",2009,2012,82
"Lucas Barrios","Paraguay, Argentina, Mexico",forward,"Guangzhou F.C.",2012,2013,17
"Lucas Barrios","Paraguay, Argentina, Mexico",forward,"Spartak Moscow",2013,2015,16
"Lucas Barrios","Paraguay, Argentina, Mexico",forward,"Montpellier Hérault Sport Club",2014,2015,33
"Lucas Barrios","Paraguay, Argentina, Mexico",forward,"Sociedade Esportiva Palmeiras",2015,2017,22
"Lucas Barrios","Paraguay, Argentina, Mexico",forward,"Grêmio FBPA",2017,2017,17
"Lucas Barrios","Paraguay, Argentina, Mexico",forward,"Club Social y Deportivo Colo Colo",2018,2018,18
"Lucas Barrios","Paraguay, Argentina, Mexico",forward,"Argentinos Juniors",2018,2018,12
"Lucas Barrios","Paraguay, Argentina, Mexico",forward,"Club Atlético Huracán",2019,2019,23
"Lucas Barrios","Paraguay, Argentina, Mexico",forward,"Defensa y Justicia",2021,2021,12
"Lucas Barrios","Paraguay, Argentina, Mexico",forward,"Sportivo Trinidense",2023,2023,19
"Lucas Barrios","Paraguay, Argentina, Mexico",forward,"Sportivo Luqueño",2023,2024,30
"Lucas Digne",France,full-back,"Lille OSC",2011,2013,49
"Lucas Digne",France,full-back,"Paris Saint-Germain FC",2013,2015,30
"Lucas Digne",France,full-back,"AS Roma",2015,2016,33
"Lucas Digne",France,full-back,"Everton F.C.",2018,2022,113
"Lucas Digne",France,full-back,"Aston Villa F.C.",2022,,134
"Lucas Leiva","Brazil, Italy",midfielder,"Grêmio FBPA",2005,2007,38
"Lucas Leiva","Brazil, Italy",midfielder,"Liverpool F.C.",2007,2017,247
"Lucas Leiva","Brazil, Italy",midfielder,"SS Lazio",2017,2022,155
"Lucas Leiva","Brazil, Italy",midfielder,"Grêmio FBPA",2022,2023,18
"Lucas Moura",Brazil,"wing half","São Paulo FC",2010,2013,74
"Lucas Moura",Brazil,"wing half","Paris Saint-Germain FC",2013,2018,153
"Lucas Moura",Brazil,"wing half","Tottenham Hotspur F.C.",2018,2023,152
"Lucas Moura",Brazil,"wing half","São Paulo FC",2023,,62
"Lucas Ocampos",Argentina,"wing half","Club Atlético River Plate",2011,2012,39
"Lucas Ocampos",Argentina,"wing half","AS Monaco FC",2012,2015,80
"Lucas Ocampos",Argentina,"wing half","Olympique de Marseille",2015,2019,96
"Lucas Ocampos",Argentina,"wing half","Genoa CFC",2016,2017,14
"Lucas Ocampos",Argentina,"wing half","AC Milan",2017,2017,12
"Lucas Ocampos",Argentina,"wing half","Sevilla FC",2019,2024,153
"Lucas Ocampos",Argentina,"wing half","AFC Ajax",2022,2023,4
"Lucas Ocampos",Argentina,"wing half","Club de Fútbol Monterrey",2024,,41
"Lucas Vázquez",Spain,"wing half","Real Madrid Club de Fútbol",2007,2010,
"Lucas Vázquez",Spain,"wing half","Real Madrid C",2010,2011,14
"Lucas Vázquez",Spain,"wing half","RCD Espanyol de Barcelona",2014,2015,33
"Lucas Vázquez",Spain,"wing half","Real Madrid Club de Fútbol",2015,2025,277
"Lucas Vázquez",Spain,"wing half","Bayer 04 Leverkusen",2025,,9
"Ludovic Giuly",France,"wing half","Olympique Lyonnais",1994,1998,100
"Ludovic Giuly",France,"wing half","AS Monaco FC",1998,2004,184
"Ludovic Giuly",France,"wing half","AS Roma",2007,2008,32
"Ludovic Giuly",France,"wing half","Paris Saint-Germain FC",2008,2011,100
"Ludovic Giuly",France,"wing half","AS Monaco FC",2011,2012,27
"Ludovic Giuly",France,"wing half","F.C. Lorient",2012,2013,17
"Ludovic Giuly",France,"wing half","Grand Ouest Association Lyonnaise Football Club",2013,2016,36
"Ludwig Kögl",Germany,forward,"TSV 1860 München",1983,1984,12
"Ludwig Kögl",Germany,forward,"FC Bayern Munich",1984,1990,149
"Ludwig Kögl",Germany,forward,"VfB Stuttgart",1990,1996,139
"Ludwig Kögl",Germany,forward,"FC Luzern",1996,1999,94
"Ludwig Kögl",Germany,forward,"SpVgg Unterhaching",1999,2001,21
"Luigi Di Biagio",Italy,midfielder,"SS Lazio",1988,1989,1
"Luigi Di Biagio",Italy,midfielder,"AC Monza",1989,1992,62
"Luigi Di Biagio",Italy,midfielder,"Calcio Foggia 1920",1992,1995,87
"Luigi Di Biagio",Italy,midfielder,"AS Roma",1995,1999,114
"Luigi Di Biagio",Italy,midfielder,"Inter Milan",1999,2003,117
"Luigi Di Biagio",Italy,midfielder,"Brescia Calcio",2003,2006,93
"Luigi Di Biagio",Italy,midfielder,"Ascoli Calcio 1898 FC",2007,2007,7
"Luis Amaranto Perea",Colombia,defender,"Deportivo Independiente Medellín",1999,2003,117
"Luis Amaranto Perea",Colombia,defender,"Atlético Madrid",2004,2012,224
"Luis Amaranto Perea",Colombia,defender,"Cruz Azul",2012,2014,70
"Luis Díaz",Colombia,"left winger","Barranquilla F.C.",2016,2017,34
"Luis Díaz",Colombia,"left winger","Junior de Barranquilla",2017,2019,67
"Luis Díaz",Colombia,"left winger","FC Porto",2019,2022,77
"Luis Díaz",Colombia,"left winger","Liverpool F.C.",2022,2025,103
"Luis Díaz",Colombia,"left winger","FC Bayern Munich",2025,,25
"Luis Enrique",Spain,"midfielder, forward","Sporting de Gijón B",1988,1990,27
"Luis Enrique",Spain,"midfielder, forward","Sporting de Gijón",1989,1991,36
"Luis Enrique",Spain,"midfielder, forward","Real Madrid Club de Fútbol",1991,1996,157
"Luis Milla",Spain,midfielder,"FC Barcelona Atlètic",1985,1988,40
"Luis Milla",Spain,midfielder,"Real Madrid Club de Fútbol",1990,1997,165
"Luis Milla",Spain,midfielder,"Valencia CF",1997,2001,79
"Luis Prieto Zalbidegoitia",Spain,centre-back,"CD Baskonia",1997,1998,34
"Luis Prieto Zalbidegoitia",Spain,centre-back,"Barakaldo CF",1998,1999,34
"Luis Prieto Zalbidegoitia",Spain,centre-back,"Athletic Bilbao B",1999,2000,34
"Luis Prieto Zalbidegoitia",Spain,centre-back,"SD Eibar",2000,2002,64
"Luis Prieto Zalbidegoitia",Spain,centre-back,"Athletic Club",2002,2008,153
"Luis Prieto Zalbidegoitia",Spain,centre-back,"Real Valladolid",2008,2010,50
"Luis Prieto Zalbidegoitia",Spain,centre-back,"Sociedad Deportiva Ponferradina",2010,2011,19
"Luis Prieto Zalbidegoitia",Spain,centre-back,"Deportivo Alavés",2011,2012,25
"Luis Suárez",Uruguay,forward,"Club Nacional de Football",2005,2006,27
"Luis Suárez",Uruguay,forward,"FC Groningen",2006,2007,29
"Luis Suárez",Uruguay,forward,"AFC Ajax",2007,2011,110
"Luis Suárez",Uruguay,forward,"Liverpool F.C.",2011,2014,110
"Luis Suárez",Uruguay,forward,"Atlético Madrid",2020,2022,67
"Luis Suárez",Uruguay,forward,"Club Nacional de Football",2022,2022,14
"Luis Suárez",Uruguay,forward,"Grêmio FBPA",2023,2023,45
"Luis Suárez",Uruguay,forward,"Inter Miami CF",2024,,55
"Luka Modrić",Croatia,"central midfielder, attacking midfielder","GNK Dinamo Zagreb",2003,2008,94
"Luka Modrić",Croatia,"central midfielder, attacking midfielder","HŠK Zrinjski Mostar",2003,2004,22
"Luka Modrić",Croatia,"central midfielder, attacking midfielder","NK Inter Zaprešić",2004,2005,18
"Luka Modrić",Croatia,"central midfielder, attacking midfielder","Tottenham Hotspur F.C.",2008,2012,127
"Luka Modrić",Croatia,"central midfielder, attacking midfielder","Real Madrid Club de Fútbol",2012,2025,394
"Luka Modrić",Croatia,"central midfielder, attacking midfielder","AC Milan",2025,,34
"Luke Shaw","United Kingdom",full-back,"Southampton F.C.",2011,2014,60
"Luke Shaw","United Kingdom",full-back,"Manchester United F.C.",2014,,211
"Luís Fabiano",Brazil,forward,"Associação Atlética Ponte Preta",1997,2000,12
"Luís Fabiano",Brazil,forward,"Stade Rennais F.C.",2000,2002,11
"Luís Fabiano",Brazil,forward,"São Paulo FC",2001,2001,22
"Luís Fabiano",Brazil,forward,"São Paulo FC",2002,2004,65
"Luís Fabiano",Brazil,forward,"FC Porto",2004,2005,22
"Luís Fabiano",Brazil,forward,"Sevilla FC",2005,2011,149
"Luís Fabiano",Brazil,forward,"São Paulo FC",2011,2015,101
"Luís Fabiano",Brazil,forward,"Tianjin Jinmen Tiger F.C.",2016,2017,29
"Luís Fabiano",Brazil,forward,"CR Vasco da Gama",2017,2017,12
"Luís Figo",Portugal,"wing half","Sporting CP",1989,1995,137
"Luís Figo",Portugal,"wing half","Real Madrid Club de Fútbol",2000,2005,164
"Luís Figo",Portugal,"wing half","Inter Milan",2005,2009,105
"Lyuboslav Penev",Bulgaria,forward,"PFC CSKA Sofia",1984,1989,101
"Lyuboslav Penev",Bulgaria,forward,"Valencia CF",1989,1995,167
"Lyuboslav Penev",Bulgaria,forward,"Atlético Madrid",1995,1996,37
"Lyuboslav Penev",Bulgaria,forward,"SD Compostela",1996,1998,69
"Lyuboslav Penev",Bulgaria,forward,"RC Celta de Vigo",1998,1999,32
"Lyuboslav Penev",Bulgaria,forward,"PFC CSKA Sofia",2000,2001,22
"Lyuboslav Penev",Bulgaria,forward,"PFC Lokomotiv Plovdiv",2002,2002,4
"Lúcio",Brazil,centre-back,"Clube de Regatas Guará",1997,1997,0
"Lúcio",Brazil,centre-back,"S.C. Internacional",1998,2000,50
"Lúcio",Brazil,centre-back,"Bayer 04 Leverkusen",2001,2004,92
"Lúcio",Brazil,centre-back,"Bayer 04 Leverkusen II",2003,2003,
"Lúcio",Brazil,centre-back,"FC Bayern Munich",2004,2009,144
"Lúcio",Brazil,centre-back,"Inter Milan",2009,2012,96
"Lúcio",Brazil,centre-back,"Juventus FC",2012,2012,1
"Lúcio",Brazil,centre-back,"São Paulo FC",2013,2013,10
"Lúcio",Brazil,centre-back,"Sociedade Esportiva Palmeiras",2014,2015,25
"Lúcio",Brazil,centre-back,"FC Goa",2015,2016,19
"Lúcio",Brazil,centre-back,"Sociedade Esportiva do Gama",2018,2018,7
"Lúcio",Brazil,centre-back,"Brasiliense Futebol Clube",2018,2019,17
"Mahamadou Diarra",Mali,midfielder,"SBV Vitesse",1999,2002,69
"Mahamadou Diarra",Mali,midfielder,"Olympique Lyonnais",2002,2006,123
"Mahamadou Diarra",Mali,midfielder,"Real Madrid Club de Fútbol",2006,2011,90
"Mahamadou Diarra",Mali,midfielder,"AS Monaco FC",2011,2011,9
"Mahamadou Diarra",Mali,midfielder,"Fulham F.C.",2011,2014,
"Mahmoud Dahoud",Germany,midfielder,"Borussia Mönchengladbach",2014,2017,61
"Mahmoud Dahoud",Germany,midfielder,"Borussia Dortmund",2017,2023,101
"Mahmoud Dahoud",Germany,midfielder,"Brighton & Hove Albion F.C.",2023,2024,9
"Mahmoud Dahoud",Germany,midfielder,"Eintracht Frankfurt",2024,,
Maicon,Brazil,full-back,"Cruzeiro E.C.",2001,2004,56
Maicon,Brazil,full-back,"AS Monaco FC",2004,2006,58
Maicon,Brazil,full-back,"Inter Milan",2006,2012,177
Maicon,Brazil,full-back,"Manchester City F.C.",2012,2013,9
Maicon,Brazil,full-back,"AS Roma",2013,2016,57
Maicon,Brazil,full-back,"Avaí Futebol Clube",2017,2017,9
Maicon,Brazil,full-back,"Criciúma Esporte Clube",2019,2019,14
Maicon,Brazil,full-back,"Villa Nova Atlético Clube",2020,2020,8
Maicon,Brazil,full-back,"gil paja",2021,2021,1
"Malo Gusto",France,midfielder,"Olympique Lyonnais",2021,2023,53
"Malo Gusto",France,midfielder,"Chelsea F.C.",2023,,86
Mancini,Brazil,"wing half","Clube Atlético Mineiro",1999,2002,122
Mancini,Brazil,"wing half","Associação Portuguesa de Desportos",2000,2001,35
Mancini,Brazil,"wing half","Associação Portuguesa de Desportos",2001,2001,0
Mancini,Brazil,"wing half","Associação Desportiva São Caetano",2001,2001,16
Mancini,Brazil,"wing half","Venezia F.C.",2002,2003,13
Mancini,Brazil,"wing half","AS Roma",2003,2008,154
Mancini,Brazil,"wing half","Venezia F.C.",2003,2003,13
Mancini,Brazil,"wing half","Inter Milan",2008,2010,26
Mancini,Brazil,"wing half","AC Milan",2010,2010,7
Mancini,Brazil,"wing half","Clube Atlético Mineiro",2011,2013,19
Mancini,Brazil,"wing half","Esporte Clube Bahia",2012,2012,15
Mancini,Brazil,"wing half","América Futebol Clube",2014,2015,56
Mancini,Brazil,"wing half","Villa Nova Atlético Clube",2014,2014,8
Mancini,Brazil,"wing half","Villa Nova Atlético Clube",2016,2016,9
"Manfred Burgsmüller",Germany,"midfielder, forward","Rot-Weiss Essen",1968,1971,12
"Manfred Burgsmüller",Germany,"midfielder, forward","KFC Uerdingen 05",1971,1974,101
"Manfred Burgsmüller",Germany,"midfielder, forward","Rot-Weiss Essen",1974,1976,64
"Manfred Burgsmüller",Germany,"midfielder, forward","KFC Uerdingen 05",1976,1976,7
"Manfred Burgsmüller",Germany,"midfielder, forward","Borussia Dortmund",1976,1983,224
"Manfred Burgsmüller",Germany,"midfielder, forward","1. FC Nürnberg",1983,1984,34
"Manfred Burgsmüller",Germany,"midfielder, forward","Rot-Weiß Oberhausen",1984,1985,50
"Manfred Burgsmüller",Germany,"midfielder, forward","SV Werder Bremen",1985,1990,115
"Manu Trigueros",Spain,midfielder,"Villarreal CF B",2010,2012,26
"Manu Trigueros",Spain,midfielder,"Villarreal CF C",2010,2011,36
"Manu Trigueros",Spain,midfielder,"Villarreal CF",2012,2024,366
"Manu Trigueros",Spain,midfielder,"Granada CF",2024,,39
"Manuel Akanji","Nigeria, Switzerland",defender,"FC Winterthur",2014,2015,35
"Manuel Akanji","Nigeria, Switzerland",defender,"FC Basel",2015,2018,42
"Manuel Akanji","Nigeria, Switzerland",defender,"Borussia Dortmund",2018,2022,119
"Manuel Akanji","Nigeria, Switzerland",defender,"Manchester City F.C.",2022,,85
"Manuel Akanji","Nigeria, Switzerland",defender,"Inter Milan",2025,,0
"Manuel Almunia",Spain,goalkeeper,"Osasuna B",1996,1999,46
"Manuel Almunia",Spain,goalkeeper,"Club Atlético Osasuna",1998,1999,4
"Manuel Almunia",Spain,goalkeeper,"FC Cartagena",1999,2000,3
"Manuel Almunia",Spain,goalkeeper,"Centre d'Esports Sabadell Futbol Club",2000,2001,29
"Manuel Almunia",Spain,goalkeeper,"SD Eibar",2001,2002,35
"Manuel Almunia",Spain,goalkeeper,"RC Celta de Vigo",2001,2004,0
"Manuel Almunia",Spain,goalkeeper,"Recreativo de Huelva",2002,2003,3
"Manuel Almunia",Spain,goalkeeper,"Albacete Balompié",2003,2004,25
"Manuel Almunia",Spain,goalkeeper,"Arsenal F.C.",2004,2012,175
"Manuel Almunia",Spain,goalkeeper,"West Ham United F.C.",2011,2011,4
"Manuel Almunia",Spain,goalkeeper,"Watford F.C.",2012,2014,81
"Manuel Locatelli",Italy,midfielder,"AC Milan",2016,2019,48
"Manuel Locatelli",Italy,midfielder,"US Sassuolo Calcio",2018,2019,29
"Manuel Locatelli",Italy,midfielder,"US Sassuolo Calcio",2019,2023,67
"Manuel Locatelli",Italy,midfielder,"Juventus FC",2021,2023,63
"Manuel Locatelli",Italy,midfielder,"Juventus FC",2023,,108
"Manuel Neuer",Germany,goalkeeper,"FC Schalke 04 II",2004,2008,26
"Manuel Neuer",Germany,goalkeeper,"Schalke 04",2006,2011,156
"Manuel Neuer",Germany,goalkeeper,"FC Bayern Munich",2011,,386
"Manuel Sanchís Hontiyuelo",Spain,defender,"Real Madrid Club de Fútbol",1983,2001,523
"Marc Cucurella",Spain,defender,"FC Barcelona Atlètic",2016,2018,48
"Marc Cucurella",Spain,defender,"SD Eibar",2018,2019,31
"Marc Cucurella",Spain,defender,"Getafe CF",2019,2020,37
"Marc Cucurella",Spain,defender,"Getafe CF",2020,2021,38
"Marc Cucurella",Spain,defender,"Brighton & Hove Albion F.C.",2021,2022,35
"Marc Cucurella",Spain,defender,"Chelsea F.C.",2022,,113
"Marc Overmars","Kingdom of the Netherlands","midfielder, wing half","Go Ahead Eagles",1990,1991,11
"Marc Overmars","Kingdom of the Netherlands","midfielder, wing half","Willem II",1991,1992,31
"Marc Overmars","Kingdom of the Netherlands","midfielder, wing half","AFC Ajax",1992,1997,136
"Marc Overmars","Kingdom of the Netherlands","midfielder, wing half","Arsenal F.C.",1997,2000,100
"Marc Overmars","Kingdom of the Netherlands","midfielder, wing half","Go Ahead Eagles",2008,2009,24
"Marc-André Kruska",Germany,midfielder,"Borussia Dortmund",2004,2008,98
"Marc-André Kruska",Germany,midfielder,"FC Energie Cottbus",2009,2014,143
"Marc-André Kruska",Germany,midfielder,"Club Brugge K.V.",2009,2009,15
"Marc-André Kruska",Germany,midfielder,"FSV Frankfurt",2014,,
"Marc-André ter Stegen",Germany,goalkeeper,"Borussia Mönchengladbach",1996,2010,
"Marc-André ter Stegen",Germany,goalkeeper,"Borussia Mönchengladbach",2011,2014,108
"Marc-André ter Stegen",Germany,goalkeeper,"Girona FC",2026,,0
"Marcel Desailly","France, Ghana",centre-back,"FC Nantes",1986,1992,162
"Marcel Desailly","France, Ghana",centre-back,"Olympique de Marseille",1992,1993,47
"Marcel Desailly","France, Ghana",centre-back,"AC Milan",1993,1998,137
"Marcel Desailly","France, Ghana",centre-back,"Chelsea F.C.",1998,2004,158
"Marcel Desailly","France, Ghana",centre-back,"Al-Gharafa SC",2004,2005,28
"Marcel Desailly","France, Ghana",centre-back,"Qatar SC",2005,2006,7
"Marcel Schmelzer","German Democratic Republic, Germany",full-back,"Borussia Dortmund",2008,2022,258
"Marcel Witeczek","Germany, Poland","forward, defender","KFC Uerdingen 05",1986,1991,142
"Marcel Witeczek","Germany, Poland","forward, defender","1. FC Kaiserslautern",1991,1993,68
"Marcel Witeczek","Germany, Poland","forward, defender","FC Bayern Munich",1993,1997,97
"Marcel Witeczek","Germany, Poland","forward, defender","Borussia Mönchengladbach",1997,2003,167
"Marcel Witeczek","Germany, Poland","forward, defender","SG Wattenscheid 09",2003,2005,62
"Marcel Witeczek","Germany, Poland","forward, defender","FC 07 Albstadt",2005,2007,
"Marcelo Brozović",Croatia,midfielder,"NK Hrvatski Dragovoljac",2010,2011,22
"Marcelo Brozović",Croatia,midfielder,"NK Lokomotiva",2011,2012,33
"Marcelo Brozović",Croatia,midfielder,"GNK Dinamo Zagreb",2012,2015,64
"Marcelo Brozović",Croatia,midfielder,"Inter Milan",2015,2023,261
"Marcelo Brozović",Croatia,midfielder,Al-Nassr,2023,,58
"Marcelo Vieira","Brazil, Spain",full-back,"Fluminense F.C.",2005,2006,30
"Marcelo Vieira","Brazil, Spain",full-back,"Real Madrid Club de Fútbol",2007,2022,386
"Marcelo Vieira","Brazil, Spain",full-back,"Fluminense F.C.",2023,2025,43
"Marcelo Zalayeta",Uruguay,forward,"Danubio F.C.",1996,1996,32
"Marcelo Zalayeta",Uruguay,forward,"Juventus FC",1997,2007,101
"Marcelo Zalayeta",Uruguay,forward,"Club Atlético Peñarol",1997,1997,32
"Marcelo Zalayeta",Uruguay,forward,"Empoli FC",1998,1999,17
"Marcelo Zalayeta",Uruguay,forward,"Sevilla FC",1999,2001,50
"Marcelo Zalayeta",Uruguay,forward,"A.C. Perugia Calcio",2004,2004,5
"Marcelo Zalayeta",Uruguay,forward,"SSC Napoli",2007,2010,49
"Marcelo Zalayeta",Uruguay,forward,"Bologna F.C. 1909",2009,2010,29
"Marcelo Zalayeta",Uruguay,forward,Kayserispor,2010,2011,14
"Marcelo Zalayeta",Uruguay,forward,"Club Atlético Peñarol",2011,2016,125
"Marco Asensio",Spain,"forward, winger","CF Platges de Calvià",2003,2006,
"Marco Asensio",Spain,"forward, winger","RCD Mallorca",2006,2013,
"Marco Asensio",Spain,"forward, winger","RCD Mallorca",2013,2014,37
"Marco Asensio",Spain,"forward, winger","Real Madrid Club de Fútbol",2014,2023,191
"Marco Asensio",Spain,"forward, winger","RCD Mallorca",2014,2015,19
"Marco Asensio",Spain,"forward, winger","RCD Espanyol de Barcelona",2015,2016,34
"Marco Asensio",Spain,"forward, winger","Paris Saint-Germain FC",2023,2025,31
"Marco Asensio",Spain,"forward, winger","Aston Villa F.C.",2025,2025,21
"Marco Asensio",Spain,"forward, winger","Fenerbahçe Istanbul",2025,,25
"Marco Cassetti",Italy,defender,"Football Club Atletico Montichiari",1996,1998,30
"Marco Cassetti",Italy,defender,"A.C. Lumezzane",1998,2000,50
"Marco Cassetti",Italy,defender,"Hellas Verona FC",2000,2003,61
"Marco Cassetti",Italy,defender,"US Lecce",2003,2006,98
"Marco Cassetti",Italy,defender,"AS Roma",2006,2012,198
"Marco Cassetti",Italy,defender,"Watford F.C.",2012,2013,38
"Marco Cassetti",Italy,defender,"Udinese Calcio",2012,2013,0
"Marco Cassetti",Italy,defender,"Watford F.C.",2013,2014,38
"Marco Cassetti",Italy,defender,"Como 1907",2015,2016,38
"Marco Delvecchio",Italy,forward,"Inter Milan",1991,1992,4
"Marco Delvecchio",Italy,forward,"Venezia F.C.",1992,1993,20
"Marco Delvecchio",Italy,forward,"Udinese Calcio",1993,1994,7
"Marco Delvecchio",Italy,forward,"Inter Milan",1994,1995,33
"Marco Delvecchio",Italy,forward,"AS Roma",1995,2005,269
"Marco Delvecchio",Italy,forward,"Parma Calcio 1913",2005,2006,8
"Marco Delvecchio",Italy,forward,"Brescia Calcio",2005,2005,5
"Marco Delvecchio",Italy,forward,"Ascoli Calcio 1898 FC",2006,2007,10
"Marco Lanna",Italy,defender,"U.C. Sampdoria",1987,1993,124
"Marco Lanna",Italy,defender,"AS Roma",1993,1997,113
"Marco Lanna",Italy,defender,"UD Salamanca",1997,1999,60
"Marco Lanna",Italy,defender,"Real Zaragoza",1999,2001,27
"Marco Lanna",Italy,defender,"U.C. Sampdoria",2001,2002,9
"Marco Materazzi",Italy,"centre-back, defender","A.C.R. Messina",1990,1991,1
"Marco Materazzi",Italy,"centre-back, defender","Marsala Football Club",1993,1994,25
"Marco Materazzi",Italy,"centre-back, defender","F.C. Trapani 1905",1994,1995,13
"Marco Materazzi",Italy,"centre-back, defender","A.C. Perugia Calcio",1995,1998,47
"Marco Materazzi",Italy,"centre-back, defender","A.C. Carpi",1996,1996,18
"Marco Materazzi",Italy,"centre-back, defender","Everton F.C.",1998,1999,25
"Marco Materazzi",Italy,"centre-back, defender","A.C. Perugia Calcio",1999,2001,51
"Marco Materazzi",Italy,"centre-back, defender","Inter Milan",2001,2011,209
"Marco Materazzi",Italy,"centre-back, defender","Chennaiyin FC",2014,2014,6
"Marco Reus",Germany,"wing half, attacking midfielder","Rot Weiss Ahlen",2007,2009,43
"Marco Reus",Germany,"wing half, attacking midfielder","Borussia Mönchengladbach",2009,2012,97
"Marco Reus",Germany,"wing half, attacking midfielder","Borussia Dortmund",2012,2024,294
"Marco Reus",Germany,"wing half, attacking midfielder","LA Galaxy",2024,,14
"Marco Simone",Italy,"wing half","Como 1907",1987,1989,
"Marco Simone",Italy,"wing half","F.C. AlzanoCene 1909",1987,1988,33
"Marco Simone",Italy,"wing half","Centro Giovanile Virescit Boccaleone",1987,1988,33
"Marco Simone",Italy,"wing half","AC Milan",1989,1997,168
"Marco Simone",Italy,"wing half","Paris Saint-Germain FC",1997,1999,58
"Marco Simone",Italy,"wing half","AS Monaco FC",1999,2003,
"Marco Simone",Italy,"wing half","AC Milan",2001,2002,9
"Marco Simone",Italy,"wing half","OGC Nice",2004,2004,7
"Marco Simone",Italy,"wing half","A.C. Legnano",2005,2006,1
"Marco van Basten","Kingdom of the Netherlands",forward,"AFC Ajax",1981,1987,133
"Marco van Basten","Kingdom of the Netherlands",forward,"AC Milan",1987,1995,147
"Marcos Alonso Mendoza",Spain,full-back,"Bolton Wanderers F.C.",2010,2013,35
"Marcos Alonso Mendoza",Spain,full-back,"Real Madrid Club de Fútbol",2010,2010,1
"Marcos Alonso Mendoza",Spain,full-back,"ACF Fiorentina",2013,2016,58
"Marcos Alonso Mendoza",Spain,full-back,"Sunderland A.F.C.",2014,2014,16
"Marcos Alonso Mendoza",Spain,full-back,"Chelsea F.C.",2016,2022,154
"Marcos Alonso Mendoza",Spain,full-back,"RC Celta de Vigo",2024,,55
"Marcos Llorente",Spain,midfielder,"Real Madrid Club de Fútbol",2015,2019,22
"Marcos Llorente",Spain,midfielder,"Deportivo Alavés",2016,2017,32
"Marcos Llorente",Spain,midfielder,"Atlético Madrid",2019,,212
"Marcos Martín de la Fuente",Spain,midfielder,"RCD Mallorca",1988,1991,36
"Marcos Martín de la Fuente",Spain,midfielder,"Sevilla FC",1991,1997,209
"Marcos Martín de la Fuente",Spain,midfielder,"CP Mérida",1997,2000,98
"Marcos Martín de la Fuente",Spain,midfielder,"RCD Mallorca",2000,2005,139
"Marcos Senna","Brazil, Spain",midfielder,"Rio Branco Esporte Clube",1997,1997,
"Marcos Senna","Brazil, Spain",midfielder,"América Futebol Clube",1998,1998,4
"Marcos Senna","Brazil, Spain",midfielder,"América Futebol Clube",1999,2000,4
"Marcos Senna","Brazil, Spain",midfielder,"S.C. Corinthians Paulista",1999,2000,16
"Marcos Senna","Brazil, Spain",midfielder,"S.C. Corinthians Paulista",2000,2001,16
"Marcos Senna","Brazil, Spain",midfielder,"Esporte Clube Juventude",2001,2001,12
"Marcos Senna","Brazil, Spain",midfielder,"Villarreal CF",2002,2013,292
"Marcos Senna","Brazil, Spain",midfielder,"Associação Desportiva São Caetano",2002,2002,14
"Marcos Senna","Brazil, Spain",midfielder,"New York Cosmos",2013,2015,55
"Marcos Senna","Brazil, Spain",midfielder,"New York Cosmos",2013,2015,43
"Marcus Rashford","United Kingdom",forward,"Manchester United F.C.",2015,,287
"Marcus Rashford","United Kingdom",forward,"Aston Villa F.C.",2025,2025,10
"Marcus Thuram",France,forward,"FC Sochaux-Montbéliard",2015,2017,37
"Marcus Thuram",France,forward,"En Avant de Guingamp",2017,2019,64
"Marcus Thuram",France,forward,"Borussia Mönchengladbach",2019,2023,111
"Marcus Thuram",France,forward,"Inter Milan",2023,,96
"Marek Hamšík",Slovakia,midfielder,"ŠK Slovan Bratislava",2002,2004,6
"Marek Hamšík",Slovakia,midfielder,"Brescia Calcio",2004,2007,65
"Marek Hamšík",Slovakia,midfielder,"SSC Napoli",2007,2019,408
"Marek Hamšík",Slovakia,midfielder,"Dalian Professional F.C.",2019,2021,42
"Marek Hamšík",Slovakia,midfielder,Trabzonspor,2021,2023,49
"Marek Hamšík",Slovakia,midfielder,"IFK Göteborg",2021,2021,6
"Marek Jankulovski","Czechoslovakia, Czech Republic",full-back,"FC Baník Ostrava",1994,2000,110
"Marek Jankulovski","Czechoslovakia, Czech Republic",full-back,"SSC Napoli",2000,2002,51
"Marek Jankulovski","Czechoslovakia, Czech Republic",full-back,"Udinese Calcio",2002,2005,91
"Marek Jankulovski","Czechoslovakia, Czech Republic",full-back,"AC Milan",2005,2011,113
"Marek Jankulovski","Czechoslovakia, Czech Republic",full-back,"FC Baník Ostrava",2011,2012,1
"Mariano Bogliacino",Uruguay,midfielder,"C.S.D. Villa Española",1999,1999,
"Mariano Bogliacino",Uruguay,midfielder,"Plaza Colonia",2000,2002,41
"Mariano Bogliacino",Uruguay,midfielder,"Plaza Colonia",2002,2002,41
"Mariano Bogliacino",Uruguay,midfielder,"UD Las Palmas",2003,2004,25
"Mariano Bogliacino",Uruguay,midfielder,"Club Atlético Peñarol",2003,2003,8
"Mariano Bogliacino",Uruguay,midfielder,"S.S. Sambenedettese Calcio",2004,2005,31
"Mariano Bogliacino",Uruguay,midfielder,"SSC Napoli",2005,2011,139
"Mariano Bogliacino",Uruguay,midfielder,"AC ChievoVerona",2010,2011,34
"Mariano Bogliacino",Uruguay,midfielder,"SSC Bari",2011,2012,28
"Mariano Bogliacino",Uruguay,midfielder,"US Lecce",2012,2015,61
"Mariano Bogliacino",Uruguay,midfielder,"A.S. Martina Franca 1947",2015,2016,16
"Mariano Bogliacino",Uruguay,midfielder,"Plaza Colonia",2016,,
"Mariano Pernía","Argentina, Spain",defender,"Club Atlético Independiente",1999,2002,46
"Mariano Pernía","Argentina, Spain",defender,"Recreativo de Huelva",2003,2004,59
"Mariano Pernía","Argentina, Spain",defender,"Getafe CF",2004,2006,
"Mariano Pernía","Argentina, Spain",defender,"Atlético Madrid",2006,2010,80
"Mariano Pernía","Argentina, Spain",defender,"Club Nacional de Football",2010,2010,7
"Mariano Pernía","Argentina, Spain",defender,"Club Atlético Tigre",2011,2012,9
"Mario Gómez",Germany,forward,"VfB Stuttgart",2003,2009,121
"Mario Gómez",Germany,forward,"FC Bayern Munich",2009,2013,115
"Mario Gómez",Germany,forward,"ACF Fiorentina",2013,2015,29
"Mario Gómez",Germany,forward,"Beşiktaş J.K. (Football)",2015,2016,33
"Mario Gómez",Germany,forward,"VfL Wolfsburg",2016,2017,45
"Mario Gómez",Germany,forward,"VfB Stuttgart",2018,2020,70
"Mario Götze",Germany,"wing half","Borussia Dortmund",2009,2013,83
"Mario Götze",Germany,"wing half","FC Bayern Munich",2013,2016,73
"Mario Götze",Germany,"wing half","Borussia Dortmund",2016,2020,75
"Mario Götze",Germany,"wing half","PSV Eindhoven",2020,2022,47
"Mario Götze",Germany,"wing half","Eintracht Frankfurt",2022,,93
"Mario Mandžukić",Croatia,forward,"NK Marsonia",2004,2005,23
"Mario Mandžukić",Croatia,forward,"N.K. Zagreb",2005,2007,51
"Mario Mandžukić",Croatia,forward,"GNK Dinamo Zagreb",2007,2010,81
"Mario Mandžukić",Croatia,forward,"VfL Wolfsburg",2010,2012,56
"Mario Mandžukić",Croatia,forward,"FC Bayern Munich",2012,2014,54
"Mario Mandžukić",Croatia,forward,"Atlético Madrid",2014,2015,28
"Mario Mandžukić",Croatia,forward,"Juventus FC",2015,2020,118
"Mario Mandžukić",Croatia,forward,"Al-Duhail SC",2020,2020,8
"Mario Mandžukić",Croatia,forward,"AC Milan",2021,2021,10
"Mario Melchiot","Kingdom of the Netherlands",full-back,"AFC Ajax",1996,1999,73
"Mario Melchiot","Kingdom of the Netherlands",full-back,"Chelsea F.C.",1999,2004,130
"Mario Melchiot","Kingdom of the Netherlands",full-back,"Birmingham City F.C.",2004,2006,56
"Mario Melchiot","Kingdom of the Netherlands",full-back,"Stade Rennais F.C.",2006,2007,30
"Mario Melchiot","Kingdom of the Netherlands",full-back,"Wigan Athletic F.C.",2007,2010,97
"Mario Melchiot","Kingdom of the Netherlands",full-back,"Umm Salal SC",2010,2011,20
"Mario Suárez",Spain,midfielder,"Atlético Madrid B",2004,2006,38
"Mario Suárez",Spain,midfielder,"Atlético Madrid",2005,2008,6
"Mario Suárez",Spain,midfielder,"Real Valladolid",2006,2007,30
"Mario Suárez",Spain,midfielder,"RC Celta de Vigo",2007,2008,27
"Mario Suárez",Spain,midfielder,"RCD Mallorca",2008,2010,70
"Mario Suárez",Spain,midfielder,"Atlético Madrid",2010,2015,180
"Mario Suárez",Spain,midfielder,"ACF Fiorentina",2015,2016,13
"Mario Suárez",Spain,midfielder,"Valencia CF",2016,2017,24
"Mario Suárez",Spain,midfielder,"Watford F.C.",2016,2017,17
"Mario Suárez",Spain,midfielder,"Guizhou F.C.",2017,2019,30
"Mario Suárez",Spain,midfielder,"Rayo Vallecano",2019,2023,108
"Marius Wolf",Germany,"winger, full-back","TSV 1860 München",2014,2016,39
"Marius Wolf",Germany,"winger, full-back","Hannover 96",2016,2018,2
"Marius Wolf",Germany,"winger, full-back","Eintracht Frankfurt",2017,2018,31
"Marius Wolf",Germany,"winger, full-back","Borussia Dortmund",2018,2024,90
"Marius Wolf",Germany,"winger, full-back","Hertha BSC",2019,2020,21
"Marius Wolf",Germany,"winger, full-back","1. FC Köln",2020,2021,31
"Marius Wolf",Germany,"winger, full-back","FC Augsburg",2024,,40
"Mark Hughes","United Kingdom",forward,"Manchester United F.C.",1980,1986,89
"Mark Hughes","United Kingdom",forward,"FC Bayern Munich",1987,1988,18
"Mark Hughes","United Kingdom",forward,"Manchester United F.C.",1988,1995,256
"Mark Hughes","United Kingdom",forward,"Chelsea F.C.",1995,1998,95
"Mark Hughes","United Kingdom",forward,"Southampton F.C.",1998,2000,52
"Mark Hughes","United Kingdom",forward,"Blackburn Rovers F.C.",2000,2002,50
"Mark Hughes","United Kingdom",forward,"Everton F.C.",2000,2000,18
"Mark Iuliano",Italy,defender,"U.S. Salernitana 1919",1990,1996,83
"Mark Iuliano",Italy,defender,"Bologna F.C. 1909",1992,1993,24
"Mark Iuliano",Italy,defender,"AC Monza",1993,1994,16
"Mark Iuliano",Italy,defender,"Juventus FC",1996,2004,187
"Mark Iuliano",Italy,defender,"RCD Mallorca",2005,2005,29
"Mark Iuliano",Italy,defender,"U.C. Sampdoria",2006,2006,4
"Mark Iuliano",Italy,defender,"A.C.R. Messina",2006,2007,21
"Mark Iuliano",Italy,defender,"S.C. Ravenna Sport",2008,2008,10
"Mark Pembridge","United Kingdom",midfielder,"Luton Town F.C.",1989,1992,70
"Mark Pembridge","United Kingdom",midfielder,"Derby County F.C.",1992,1995,140
"Mark Pembridge","United Kingdom",midfielder,"Sheffield Wednesday F.C.",1995,1998,108
"Mark Pembridge","United Kingdom",midfielder,"S.L. Benfica",1998,1999,19
"Mark Pembridge","United Kingdom",midfielder,"Everton F.C.",1999,2003,101
"Mark Pembridge","United Kingdom",midfielder,"Fulham F.C.",2003,2007,54
"Mark Stimson","United Kingdom",defender,"Tottenham Hotspur F.C.",1985,1989,2
"Mark Stimson","United Kingdom",defender,"Leyton Orient F.C.",1988,1988,10
"Mark Stimson","United Kingdom",defender,"Newcastle United F.C.",1989,1993,86
"Mark Stimson","United Kingdom",defender,"Gillingham F.C.",1989,1989,18
"Mark Stimson","United Kingdom",defender,"Portsmouth F.C.",1992,1992,4
"Mark Stimson","United Kingdom",defender,"Portsmouth F.C.",1993,1996,58
"Mark Stimson","United Kingdom",defender,"Barnet F.C.",1995,1995,5
"Mark Stimson","United Kingdom",defender,"Southend United F.C.",1996,1999,57
"Mark Stimson","United Kingdom",defender,"Leyton Orient F.C.",1999,1999,2
"Mark Stimson","United Kingdom",defender,"Canvey Island F.C.",1999,2002,
"Mark Stimson","United Kingdom",defender,"Grays Athletic F.C.",2002,2004,
"Mark Walters","United Kingdom",midfielder,"Aston Villa F.C.",1981,1987,181
"Mark Walters","United Kingdom",midfielder,"Rangers F.C.",1987,1991,106
"Mark Walters","United Kingdom",midfielder,"Liverpool F.C.",1991,1996,94
"Mark Walters","United Kingdom",midfielder,"Stoke City F.C.",1993,1994,9
"Mark Walters","United Kingdom",midfielder,"Wolverhampton Wanderers F.C.",1994,1995,11
"Mark Walters","United Kingdom",midfielder,"Southampton F.C.",1996,1996,5
"Mark Walters","United Kingdom",midfielder,"Swindon Town F.C.",1996,1999,112
"Mark Walters","United Kingdom",midfielder,"Bristol Rovers F.C.",1999,2002,82
"Mark van Bommel","Kingdom of the Netherlands",midfielder,"Fortuna Sittard",1992,1999,153
"Mark van Bommel","Kingdom of the Netherlands",midfielder,"PSV Eindhoven",1999,2005,169
"Mark van Bommel","Kingdom of the Netherlands",midfielder,"FC Bayern Munich",2006,2011,123
"Mark van Bommel","Kingdom of the Netherlands",midfielder,"AC Milan",2011,2012,39
"Mark van Bommel","Kingdom of the Netherlands",midfielder,"PSV Eindhoven",2012,2013,28
"Markel Susaeta",Spain,"inside forward, winger","Athletic Club",1997,2005,
"Markel Susaeta",Spain,"inside forward, winger","CD Baskonia",2005,2006,36
"Markel Susaeta",Spain,"inside forward, winger","Athletic Bilbao B",2006,2008,41
"Markel Susaeta",Spain,"inside forward, winger","Athletic Club",2007,2019,507
"Markel Susaeta",Spain,"inside forward, winger","Gamba Osaka",2019,2019,7
"Markel Susaeta",Spain,"inside forward, winger","Macarthur FC",2020,2021,23
"Markel Susaeta",Spain,"inside forward, winger","Melbourne City FC",2020,2020,10
"Markus Babbel",Germany,centre-back,"FC Bayern Munich",1991,1992,12
"Markus Babbel",Germany,centre-back,"Hamburger SV",1992,1994,60
"Markus Babbel",Germany,centre-back,"FC Bayern Munich",1994,2000,170
"Markus Babbel",Germany,centre-back,"Liverpool F.C.",2000,2004,42
"Markus Babbel",Germany,centre-back,"Blackburn Rovers F.C.",2003,2004,25
"Markus Babbel",Germany,centre-back,"VfB Stuttgart",2004,2007,46
"Markus Brzenska","Germany, Poland",centre-back,"Borussia Dortmund",2003,2009,86
"Markus Brzenska","Germany, Poland",centre-back,"MSV Duisburg",2008,2009,33
"Markus Brzenska","Germany, Poland",centre-back,"FC Energie Cottbus",2009,2014,63
"Markus Brzenska","Germany, Poland",centre-back,"FC Viktoria Köln",2014,,
"Markus Schupp",Germany,midfielder,"1. FC Kaiserslautern",1984,1991,177
"Markus Schupp",Germany,midfielder,"SG Wattenscheid 09",1991,1992,37
"Markus Schupp",Germany,midfielder,"FC Bayern Munich",1992,1995,91
"Markus Schupp",Germany,midfielder,"Eintracht Frankfurt",1995,1996,30
"Markus Schupp",Germany,midfielder,"Hamburger SV",1996,1997,16
"Markus Schupp",Germany,midfielder,"SK Sturm Graz",1997,2001,128
"Markus Schupp",Germany,midfielder,"FC Basel",1997,1997,6
"Marouane Fellaini",Belgium,midfielder,"Standard Liège",2006,2008,64
"Marouane Fellaini",Belgium,midfielder,"Everton F.C.",2008,2013,141
"Marouane Fellaini",Belgium,midfielder,"Manchester United F.C.",2013,2019,119
"Marouane Fellaini",Belgium,midfielder,"Shandong Taishan F.C.",2019,2023,108
"Marta Moreno",Spain,defender,"Athletic Club",2004,2012,171
"Martin Dúbravka",Slovakia,goalkeeper,"MŠK Žilina",2008,2014,115
"Martin Dúbravka",Slovakia,goalkeeper,"Esbjerg fB",2014,2016,70
"Martin Dúbravka",Slovakia,goalkeeper,"FC Slovan Liberec",2016,2017,38
"Martin Dúbravka",Slovakia,goalkeeper,"AC Sparta Prague",2017,2018,17
"Martin Dúbravka",Slovakia,goalkeeper,"Newcastle United F.C.",2018,2025,162
"Martin Dúbravka",Slovakia,goalkeeper,"Manchester United F.C.",2022,2023,0
"Martin Dúbravka",Slovakia,goalkeeper,"Burnley F.C.",2025,,0
"Martin Hayes","United Kingdom","wing half","Arsenal F.C.",1983,1990,102
"Martin Hayes","United Kingdom","wing half","Celtic F.C.",1990,1993,7
"Martin Hayes","United Kingdom","wing half","Coventry City F.C.",1991,1991,0
"Martin Hayes","United Kingdom","wing half","Wimbledon F.C.",1992,1992,2
"Martin Hayes","United Kingdom","wing half","Swansea City A.F.C.",1993,1995,61
"Martin Hayes","United Kingdom","wing half","Cliftonville F.C.",1994,1995,3
"Martin Hayes","United Kingdom","wing half","Dover Athletic F.C.",1995,1995,18
"Martin Hayes","United Kingdom","wing half","Southend United F.C.",1995,1995,0
"Martin Hayes","United Kingdom","wing half","Crawley Town F.C.",1996,1996,
"Martin Hayes","United Kingdom","wing half","Romford F.C.",1996,1998,
"Martin Hayes","United Kingdom","wing half","Thurrock F.C.",1998,1998,
"Martin Hayes","United Kingdom","wing half","Bishop's Stortford F.C.",1999,2001,
"Martin Hayes","United Kingdom","wing half","Romford F.C.",1999,1999,
"Martin Keown","United Kingdom",centre-back,"Arsenal F.C.",1984,1986,22
"Martin Keown","United Kingdom",centre-back,"Brighton & Hove Albion F.C.",1985,1985,23
"Martin Keown","United Kingdom",centre-back,"Aston Villa F.C.",1986,1989,112
"Martin Keown","United Kingdom",centre-back,"Everton F.C.",1989,1993,96
"Martin Keown","United Kingdom",centre-back,"Arsenal F.C.",1993,2004,311
"Martin Keown","United Kingdom",centre-back,"Leicester City F.C.",2004,2005,17
"Martin Keown","United Kingdom",centre-back,"Reading F.C.",2005,2005,5
"Martin Keown","United Kingdom",centre-back,"Wembley F.C.",2012,2012,0
"Martin Ødegaard",Norway,midfielder,"Strømsgodset TF",2014,2015,23
"Martin Ødegaard",Norway,midfielder,"Real Madrid Club de Fútbol",2015,2021,8
"Martin Ødegaard",Norway,midfielder,"SC Heerenveen",2017,2018,38
"Martin Ødegaard",Norway,midfielder,"SBV Vitesse",2018,2019,31
"Martin Ødegaard",Norway,midfielder,"Real Sociedad",2019,2020,31
"Martin Ødegaard",Norway,midfielder,"Arsenal F.C.",2021,,162
"Martin Škrtel",Slovakia,centre-back,"FK AS Trenčín",2001,2004,44
"Martin Škrtel",Slovakia,centre-back,"FC Zenit Saint Petersburg",2004,2008,74
"Martin Škrtel",Slovakia,centre-back,"Liverpool F.C.",2008,2016,242
"Martin Škrtel",Slovakia,centre-back,"Fenerbahçe Istanbul",2016,2019,79
"Martin Škrtel",Slovakia,centre-back,"Atalanta BC",2019,2019,0
"Martin Škrtel",Slovakia,centre-back,"İstanbul Başakşehir F.K.",2019,2021,30
"Martin Škrtel",Slovakia,centre-back,"FC Spartak Trnava",2021,2022,18
"Martín Demichelis","Argentina, Italy",centre-back,"Club Atlético River Plate",2000,2003,52
"Martín Demichelis","Argentina, Italy",centre-back,"FC Bayern Munich",2003,2011,174
"Martín Demichelis","Argentina, Italy",centre-back,"Málaga CF",2011,2013,84
"Martín Demichelis","Argentina, Italy",centre-back,"Manchester City F.C.",2013,2016,78
"Martín Demichelis","Argentina, Italy",centre-back,"Atlético Madrid",2013,2013,0
"Martín Demichelis","Argentina, Italy",centre-back,"RCD Espanyol de Barcelona",2016,2017,2
"Martín Demichelis","Argentina, Italy",centre-back,"Málaga CF",2017,2017,10
"Mason Greenwood","United Kingdom",forward,"Manchester United F.C.",2018,2024,83
"Mason Greenwood","United Kingdom",forward,"Getafe CF",2023,2024,33
"Mason Greenwood","United Kingdom",forward,"Olympique de Marseille",2024,,66
"Mason Holgate","United Kingdom","centre-back, full-back","Barnsley F.C.",2014,2015,20
"Mason Holgate","United Kingdom","centre-back, full-back","Everton F.C.",2015,2025,127
"Mason Holgate","United Kingdom","centre-back, full-back","West Bromwich Albion F.C.",2024,2025,26
"Mason Holgate","United Kingdom","centre-back, full-back","Al-Gharafa SC",2025,,
"Mason Mount","United Kingdom","central midfielder, attacking midfielder","SBV Vitesse",2017,2018,29
"Mason Mount","United Kingdom","central midfielder, attacking midfielder","Chelsea F.C.",2017,2023,129
"Mason Mount","United Kingdom","central midfielder, attacking midfielder","Derby County F.C.",2018,2019,35
"Mason Mount","United Kingdom","central midfielder, attacking midfielder","Manchester United F.C.",2023,,
"Massimiliano Cappioli",Italy,midfielder,"AS Roma",1987,1988,
"Massimiliano Cappioli",Italy,midfielder,"Cagliari Calcio",1988,1993,144
"Massimiliano Cappioli",Italy,midfielder,"AS Roma",1993,1996,90
"Massimiliano Cappioli",Italy,midfielder,"Udinese Calcio",1996,1998,24
"Massimiliano Cappioli",Italy,midfielder,"Atalanta BC",1998,1998,11
"Massimiliano Cappioli",Italy,midfielder,"Bologna F.C. 1909",1998,1999,22
"Massimiliano Cappioli",Italy,midfielder,"A.C. Perugia Calcio",1999,2000,13
"Massimiliano Cappioli",Italy,midfielder,"Palermo F.C.",2000,2002,57
"Massimiliano Cappioli",Italy,midfielder,"Taranto Sport",2003,2003,9
"Massimo Ambrosini",Italy,midfielder,"AC Cesena",1994,1995,25
"Massimo Ambrosini",Italy,midfielder,"AC Milan",1995,2013,344
"Massimo Ambrosini",Italy,midfielder,"Vicenza Calcio",1997,1998,27
"Massimo Ambrosini",Italy,midfielder,"ACF Fiorentina",2013,2014,21
"Massimo Carrera",Italy,defender,"Pro Sesto 1913",1982,1983,30
"Massimo Carrera",Italy,defender,"U.S. Russi",1983,1984,28
"Massimo Carrera",Italy,defender,"US Alessandria Calcio 1912",1984,1985,31
"Massimo Carrera",Italy,defender,"Delfino Pescara 1936",1985,1986,19
"Massimo Carrera",Italy,defender,"SSC Bari",1986,1991,156
"Massimo Carrera",Italy,defender,"Juventus FC",1991,1996,114
"Massimo Carrera",Italy,defender,"Atalanta BC",1996,2003,207
"Massimo Carrera",Italy,defender,"SSC Napoli",2003,2004,26
"Massimo Carrera",Italy,defender,"Treviso F.B.C. 1993",2004,2005,12
"Massimo Carrera",Italy,defender,"F.C. Pro Vercelli 1892",2005,2008,63
"Massimo Crippa",Italy,midfielder,"ASD FBC Saronno 1910",1983,1985,
"Massimo Crippa",Italy,midfielder,"U.S.D. 1913 Seregno Calcio",1985,1986,30
"Massimo Crippa",Italy,midfielder,"AC Pavia 1911",1986,1987,31
"Massimo Crippa",Italy,midfielder,"Torino FC",1987,1988,29
"Massimo Crippa",Italy,midfielder,"SSC Napoli",1988,1993,150
"Massimo Crippa",Italy,midfielder,"Parma Calcio 1913",1993,1998,147
"Massimo Crippa",Italy,midfielder,"Torino FC",1998,2000,10
"Massimo Crippa",Italy,midfielder,"U.S. Canzese",2000,2002,
"Massimo Crippa",Italy,midfielder,"U.S.D. 1913 Seregno Calcio",2003,2003,
"Massimo Tarantino",Italy,defender,"Catania FC",1986,1989,33
"Massimo Tarantino",Italy,defender,"SSC Napoli",1989,1996,100
"Massimo Tarantino",Italy,defender,"AC Monza",1989,1990,12
"Massimo Tarantino",Italy,defender,"A.S.D. Barletta 1922",1990,1991,34
"Massimo Tarantino",Italy,defender,"Inter Milan",1996,1997,0
"Massimo Tarantino",Italy,defender,"Bologna F.C. 1909",1997,2002,89
"Massimo Tarantino",Italy,defender,"Como 1907",2002,2004,34
"Massimo Tarantino",Italy,defender,"US Triestina Calcio 1918",2004,2005,24
"Massimo Tarantino",Italy,defender,"AC Pavia 1911",2005,2006,17
"Mateo Kovačić",Croatia,midfielder,"GNK Dinamo Zagreb",2010,2013,43
"Mateo Kovačić",Croatia,midfielder,"Inter Milan",2013,2015,80
"Mateo Kovačić",Croatia,midfielder,"Real Madrid Club de Fútbol",2015,2019,73
"Mateo Kovačić",Croatia,midfielder,"Chelsea F.C.",2018,2019,32
"Mateo Kovačić",Croatia,midfielder,"Chelsea F.C.",2019,2023,110
"Mateo Kovačić",Croatia,midfielder,"Manchester City F.C.",2023,,62
"Mathieu Flamini",France,midfielder,"Olympique de Marseille",2003,2004,14
"Mathieu Flamini",France,midfielder,"Arsenal F.C.",2004,2008,102
"Mathieu Flamini",France,midfielder,"AC Milan",2008,2013,97
"Mathieu Flamini",France,midfielder,"Arsenal F.C.",2013,2016,
"Mathieu Flamini",France,midfielder,"Crystal Palace F.C.",2016,2017,10
"Mathieu Flamini",France,midfielder,"Getafe CF",2018,2019,10
"Mats Hummels",Germany,"centre-back, defender","FC Bayern Munich",2007,2009,1
"Mats Hummels",Germany,"centre-back, defender","Borussia Dortmund",2008,2009,25
"Mats Hummels",Germany,"centre-back, defender","Borussia Dortmund",2009,2016,199
"Mats Hummels",Germany,"centre-back, defender","FC Bayern Munich",2016,2019,74
"Mats Hummels",Germany,"centre-back, defender","Borussia Dortmund",2019,2024,142
"Mats Hummels",Germany,"centre-back, defender","AS Roma",2024,2025,14
"Matt Jackson","United Kingdom",defender,"Luton Town F.C.",1990,1991,9
"Matt Jackson","United Kingdom",defender,"Preston North End F.C.",1991,1991,4
"Matt Jackson","United Kingdom",defender,"Everton F.C.",1991,1996,138
"Matt Jackson","United Kingdom",defender,"Norwich City F.C.",1996,2001,161
"Matt Jackson","United Kingdom",defender,"Queens Park Rangers F.C.",1996,1996,7
"Matt Jackson","United Kingdom",defender,"Birmingham City F.C.",1996,1996,10
"Matt Jackson","United Kingdom",defender,"Charlton Athletic F.C.",1996,1996,8
"Matt Jackson","United Kingdom",defender,"Wigan Athletic F.C.",2001,2007,160
"Matt Jackson","United Kingdom",defender,"Blackpool F.C.",2007,2007,3
"Matt Jackson","United Kingdom",defender,"Watford F.C.",2007,2008,6
"Matt Ritchie","United Kingdom","midfielder, wing half","Portsmouth F.C.",2008,2011,7
"Matt Ritchie","United Kingdom","midfielder, wing half","Dagenham & Redbridge F.C.",2008,2009,37
"Matt Ritchie","United Kingdom","midfielder, wing half","Notts County F.C.",2009,2010,16
"Matt Ritchie","United Kingdom","midfielder, wing half","Swindon Town F.C.",2010,2011,16
"Matt Ritchie","United Kingdom","midfielder, wing half","Swindon Town F.C.",2011,2013,91
"Matt Ritchie","United Kingdom","midfielder, wing half","AFC Bournemouth",2013,2016,130
"Matt Ritchie","United Kingdom","midfielder, wing half","Newcastle United F.C.",2016,2024,187
"Matteo Brighi",Italy,midfielder,"Rimini FC",1998,2000,44
"Matteo Brighi",Italy,midfielder,"Juventus FC",2000,2002,11
"Matteo Brighi",Italy,midfielder,"Bologna F.C. 1909",2001,2002,32
"Matteo Brighi",Italy,midfielder,"Parma Calcio 1913",2002,2004,22
"Matteo Brighi",Italy,midfielder,"Juventus FC",2003,2003,
"Matteo Brighi",Italy,midfielder,"Brescia Calcio",2003,2004,29
"Matteo Brighi",Italy,midfielder,"AC ChievoVerona",2004,2007,89
"Matteo Brighi",Italy,midfielder,"AS Roma",2004,2012,108
"Matteo Brighi",Italy,midfielder,"Atalanta BC",2011,2012,11
"Matteo Brighi",Italy,midfielder,"Torino FC",2012,2014,39
"Matteo Brighi",Italy,midfielder,"US Sassuolo Calcio",2014,2015,31
"Matteo Brighi",Italy,midfielder,"Bologna F.C. 1909",2015,2016,14
"Matteo Brighi",Italy,midfielder,"A.C. Perugia Calcio",2016,2018,48
"Matteo Brighi",Italy,midfielder,"Empoli FC",2018,2019,24
"Matteo Darmian",Italy,"centre-back, full-back","AC Milan",2006,2010,4
"Matteo Darmian",Italy,"centre-back, full-back","Calcio Padova",2009,2010,20
"Matteo Darmian",Italy,"centre-back, full-back","Palermo F.C.",2010,2011,11
"Matteo Darmian",Italy,"centre-back, full-back","Torino FC",2011,2015,133
"Matteo Darmian",Italy,"centre-back, full-back","Manchester United F.C.",2015,2019,60
"Matteo Darmian",Italy,"centre-back, full-back","Parma Calcio 1913",2019,2021,36
"Matteo Darmian",Italy,"centre-back, full-back","Inter Milan",2020,2021,26
"Matteo Darmian",Italy,"centre-back, full-back","Inter Milan",2021,,119
"Matteo Politano",Italy,forward,"A.C. Perugia Calcio",2012,2013,28
"Matteo Politano",Italy,forward,"AS Roma",2012,2013,0
"Matteo Politano",Italy,forward,"Delfino Pescara 1936",2013,2015,72
"Matteo Politano",Italy,forward,"US Sassuolo Calcio",2015,2018,96
"Matteo Politano",Italy,forward,"Inter Milan",2018,2021,47
"Matteo Politano",Italy,forward,"SSC Napoli",2020,2021,52
"Matteo Politano",Italy,forward,"SSC Napoli",2021,,145
"Matthijs de Ligt","Kingdom of the Netherlands",centre-back,"AFC Ajax",2016,2019,117
"Matthijs de Ligt","Kingdom of the Netherlands",centre-back,"Juventus FC",2019,2022,117
"Matthijs de Ligt","Kingdom of the Netherlands",centre-back,"FC Bayern Munich",2022,2024,53
"Matthijs de Ligt","Kingdom of the Netherlands",centre-back,"Manchester United F.C.",2024,,42
"Mattia De Sciglio",Italy,full-back,"AC Milan",2011,2017,110
"Mattia De Sciglio",Italy,full-back,"Juventus FC",2017,2025,82
"Mattia De Sciglio",Italy,full-back,"Olympique Lyonnais",2020,2021,29
"Mattia De Sciglio",Italy,full-back,"Empoli FC",2024,2025,16
"Matías Vecino","Uruguay, Italy",midfielder,"Central Español",2010,2011,32
"Matías Vecino","Uruguay, Italy",midfielder,"Club Nacional de Football",2011,2013,18
"Matías Vecino","Uruguay, Italy",midfielder,"ACF Fiorentina",2013,2017,67
"Matías Vecino","Uruguay, Italy",midfielder,"Cagliari Calcio",2014,2014,9
"Matías Vecino","Uruguay, Italy",midfielder,"Empoli FC",2014,2015,36
"Matías Vecino","Uruguay, Italy",midfielder,"Inter Milan",2017,2022,104
"Matías Vecino","Uruguay, Italy",midfielder,"SS Lazio",2022,2026,96
"Matías Vecino","Uruguay, Italy",midfielder,"RC Celta de Vigo",2026,,3
"Mauricio Pellegrino",Argentina,defender,"Club Atlético Vélez Sarsfield",1990,1998,186
"Mauricio Pellegrino",Argentina,defender,"Valencia CF",1999,2005,140
"Mauricio Pellegrino",Argentina,defender,"Club Atlético Vélez Sarsfield",1999,1999,2
"Mauricio Pellegrino",Argentina,defender,"Liverpool F.C.",2005,2005,12
"Mauricio Pellegrino",Argentina,defender,"Deportivo Alavés",2005,2006,13
"Mauricio Taricco",Argentina,full-back,"Argentinos Juniors",1993,1994,21
"Mauricio Taricco",Argentina,full-back,"Ipswich Town F.C.",1994,1999,189
"Mauricio Taricco",Argentina,full-back,"Tottenham Hotspur F.C.",1999,2004,158
"Mauricio Taricco",Argentina,full-back,"West Ham United F.C.",2004,2004,1
"Mauricio Taricco",Argentina,full-back,"Brighton & Hove Albion F.C.",2010,2012,15
"Mauro Bonomi",Italy,defender,"US Cremonese",1990,1992,49
"Mauro Bonomi",Italy,defender,"SS Lazio",1992,1995,38
"Mauro Bonomi",Italy,defender,"Cagliari Calcio",1995,1996,12
"Mauro Bonomi",Italy,defender,"AC Cesena",1996,1997,34
"Mauro Bonomi",Italy,defender,"Bologna F.C. 1909",1997,1997,1
"Mauro Bonomi",Italy,defender,"Torino FC",1997,2001,103
"Mauro Bonomi",Italy,defender,"SSC Napoli",2001,2004,97
"Mauro Bonomi",Italy,defender,"Unione Sportiva Catanzaro",2004,2005,18
"Mauro Bonomi",Italy,defender,"S.C. Ravenna Sport",2005,2006,20
"Mauro Camoranesi","Argentina, Italy","wing half","Club Atlético Aldosivi",1995,1996,31
"Mauro Camoranesi","Argentina, Italy","wing half","Santos Laguna",1996,1996,13
"Mauro Camoranesi","Argentina, Italy","wing half","Club Atlético Banfield",1997,1998,38
"Mauro Camoranesi","Argentina, Italy","wing half","Montevideo Wanderers Fútbol Club",1997,1997,6
"Mauro Camoranesi","Argentina, Italy","wing half","Cruz Azul",1998,2000,75
"Mauro Camoranesi","Argentina, Italy","wing half","Hellas Verona FC",2000,2002,54
"Mauro Camoranesi","Argentina, Italy","wing half","Juventus FC",2002,2010,224
"Mauro Camoranesi","Argentina, Italy","wing half","VfB Stuttgart",2010,2011,7
"Mauro Camoranesi","Argentina, Italy","wing half","Club Atlético Lanús",2011,2012,35
"Mauro Camoranesi","Argentina, Italy","wing half","Racing Club",2012,2014,39
"Mauro Icardi","Argentina, Italy",forward,"U.C. Sampdoria",2012,2013,33
"Mauro Icardi","Argentina, Italy",forward,"Inter Milan",2013,2020,188
"Mauro Icardi","Argentina, Italy",forward,"Paris Saint-Germain FC",2019,2020,20
"Mauro Icardi","Argentina, Italy",forward,"Paris Saint-Germain FC",2020,2023,44
"Mauro Icardi","Argentina, Italy",forward,"Galatasaray S.K.",2022,2023,24
"Mauro Icardi","Argentina, Italy",forward,"Galatasaray S.K.",2023,,65
"Max Tonetto",Italy,full-back,"San Giovanni Trieste",1990,1992,13
"Max Tonetto",Italy,full-back,"A.C. Reggiana 1919",1992,1997,28
"Max Tonetto",Italy,full-back,"Alma Juventus Fano 1906",1993,1994,30
"Max Tonetto",Italy,full-back,"S.C. Ravenna Sport",1994,1995,38
"Max Tonetto",Italy,full-back,"Empoli FC",1997,1999,61
"Max Tonetto",Italy,full-back,"AC Milan",1999,1999,1
"Max Tonetto",Italy,full-back,"US Lecce",2000,2004,131
"Max Tonetto",Italy,full-back,"Bologna F.C. 1909",2000,2000,17
"Max Tonetto",Italy,full-back,"U.C. Sampdoria",2004,2006,66
"Max Tonetto",Italy,full-back,"AS Roma",2006,2010,84
"Maxi Rodriguez",Argentina,"wing half","Newell's Old Boys",1999,2002,57
"Maxi Rodriguez",Argentina,"wing half","RCD Espanyol de Barcelona",2002,2005,111
"Maxi Rodriguez",Argentina,"wing half","Atlético Madrid",2005,2010,121
"Maxi Rodriguez",Argentina,"wing half","Liverpool F.C.",2010,2012,57
"Maxi Rodriguez",Argentina,"wing half","Newell's Old Boys",2012,2017,138
"Maxi Rodriguez",Argentina,"wing half","Club Atlético Peñarol",2017,2018,39
"Maxi Rodriguez",Argentina,"wing half","Newell's Old Boys",2019,2021,33
"Mehmet Scholl",Germany,midfielder,"Karlsruher SC",1989,1992,58
"Mehmet Scholl",Germany,midfielder,"FC Bayern Munich",1992,2007,334
"Mesut Özil","Germany, Turkey","midfielder, attacking midfielder","Schalke 04",2006,2008,30
"Mesut Özil","Germany, Turkey","midfielder, attacking midfielder","SV Werder Bremen",2008,2010,71
"Mesut Özil","Germany, Turkey","midfielder, attacking midfielder","Real Madrid Club de Fútbol",2009,2013,105
"Mesut Özil","Germany, Turkey","midfielder, attacking midfielder","Arsenal F.C.",2013,2021,184
"Mesut Özil","Germany, Turkey","midfielder, attacking midfielder","Fenerbahçe Istanbul",2021,2022,32
"Mesut Özil","Germany, Turkey","midfielder, attacking midfielder","İstanbul Başakşehir F.K.",2022,2023,4
"Micah Richards","United Kingdom","centre-back, full-back","Manchester City F.C.",2005,2015,179
"Micah Richards","United Kingdom","centre-back, full-back","ACF Fiorentina",2014,2015,10
"Micah Richards","United Kingdom","centre-back, full-back","Aston Villa F.C.",2015,2019,26
"Michael Ball","United Kingdom",full-back,"Everton F.C.",1996,2001,121
"Michael Ball","United Kingdom",full-back,"Rangers F.C.",2001,2005,55
"Michael Ball","United Kingdom",full-back,"PSV Eindhoven",2005,2007,11
"Michael Ball","United Kingdom",full-back,"Manchester City F.C.",2007,2009,48
"Michael Ball","United Kingdom",full-back,"Leicester City F.C.",2011,2012,0
"Michael Ballack",Germany,midfielder,"Chemnitzer FC",1995,1997,18
"Michael Ballack",Germany,midfielder,"1. FC Kaiserslautern",1997,1999,46
"Michael Ballack",Germany,midfielder,"Bayer 04 Leverkusen",1999,2002,79
"Michael Ballack",Germany,midfielder,"FC Bayern Munich",2002,2006,107
"Michael Ballack",Germany,midfielder,"Chelsea F.C.",2006,2010,105
"Michael Ballack",Germany,midfielder,"Bayer 04 Leverkusen",2010,2012,35
"Michael Brown","United Kingdom",midfielder,"Manchester City F.C.",1995,1999,88
"Michael Brown","United Kingdom",midfielder,"Hartlepool United F.C.",1997,1997,6
"Michael Brown","United Kingdom",midfielder,"Portsmouth F.C.",1999,1999,4
"Michael Brown","United Kingdom",midfielder,"Sheffield United F.C.",1999,2000,4
"Michael Brown","United Kingdom",midfielder,"Sheffield United F.C.",2000,2004,147
"Michael Brown","United Kingdom",midfielder,"Tottenham Hotspur F.C.",2004,2006,50
"Michael Brown","United Kingdom",midfielder,"Fulham F.C.",2006,2007,41
"Michael Brown","United Kingdom",midfielder,"Wigan Athletic F.C.",2007,2009,58
"Michael Brown","United Kingdom",midfielder,"Portsmouth F.C.",2009,2011,45
"Michael Brown","United Kingdom",midfielder,"Leeds United F.C.",2011,2014,66
"Michael Brown","United Kingdom",midfielder,"Port Vale F.C.",2014,,
"Michael Carrick","United Kingdom",midfielder,"West Ham United F.C.",1999,2004,136
"Michael Carrick","United Kingdom",midfielder,"Swindon Town F.C.",1999,1999,6
"Michael Carrick","United Kingdom",midfielder,"Birmingham City F.C.",2000,2000,2
"Michael Carrick","United Kingdom",midfielder,"Tottenham Hotspur F.C.",2004,2006,64
"Michael Carrick","United Kingdom",midfielder,"Manchester United F.C.",2006,2018,316
"Michael Dawson","United Kingdom",centre-back,"Nottingham Forest F.C.",2001,2005,83
"Michael Dawson","United Kingdom",centre-back,"Tottenham Hotspur F.C.",2005,2014,236
"Michael Dawson","United Kingdom",centre-back,"Hull City A.F.C.",2014,2018,122
"Michael Dawson","United Kingdom",centre-back,"Nottingham Forest F.C.",2018,2021,28
"Michael Duberry","United Kingdom",defender,"Chelsea F.C.",1993,1999,87
"Michael Duberry","United Kingdom",defender,"AFC Bournemouth",1995,1995,7
"Michael Duberry","United Kingdom",defender,"Leeds United F.C.",1999,2005,57
"Michael Duberry","United Kingdom",defender,"Stoke City F.C.",2004,2005,15
"Michael Duberry","United Kingdom",defender,"Stoke City F.C.",2005,2007,80
"Michael Duberry","United Kingdom",defender,"Reading F.C.",2007,2009,48
"Michael Duberry","United Kingdom",defender,"Wycombe Wanderers F.C.",2009,2010,18
"Michael Duberry","United Kingdom",defender,"St Johnstone F.C.",2010,2011,50
"Michael Duberry","United Kingdom",defender,"Oxford United F.C.",2011,2013,47
"Michael Duberry","United Kingdom",defender,"Hendon F.C.",2013,2013,4
"Michael Essien",Ghana,midfielder,"SC Bastia",2000,2003,66
"Michael Essien",Ghana,midfielder,"Olympique Lyonnais",2003,2005,71
"Michael Essien",Ghana,midfielder,"Chelsea F.C.",2005,2014,168
"Michael Essien",Ghana,midfielder,"Real Madrid Club de Fútbol",2012,2013,21
"Michael Essien",Ghana,midfielder,"AC Milan",2014,2015,20
"Michael Essien",Ghana,midfielder,"Panathinaikos F.C.",2015,2016,16
"Michael Essien",Ghana,midfielder,"Persib Bandung",2017,2018,29
"Michael Essien",Ghana,midfielder,"Səbail FK",2019,2020,14
"Michael Laudrup","Kingdom of Denmark",midfielder,"Brøndby IF",1982,1983,38
"Michael Laudrup","Kingdom of Denmark",midfielder,"Juventus FC",1983,1983,
"Michael Laudrup","Kingdom of Denmark",midfielder,"SS Lazio",1983,1985,60
"Michael Laudrup","Kingdom of Denmark",midfielder,"Juventus FC",1985,1989,102
"Michael Laudrup","Kingdom of Denmark",midfielder,"Real Madrid Club de Fútbol",1994,1996,62
"Michael Laudrup","Kingdom of Denmark",midfielder,"Vissel Kobe",1996,1997,15
"Michael Laudrup","Kingdom of Denmark",midfielder,"AFC Ajax",1997,1998,21
"Michael Lusch",Germany,midfielder,"Borussia Dortmund",1982,1993,203
"Michael Lusch",Germany,midfielder,"1. FC Kaiserslautern",1993,1995,44
"Michael Lusch",Germany,midfielder,"KFC Uerdingen 05",1995,1996,20
"Michael Lusch",Germany,midfielder,"Schwarz-Weiß Essen",1996,1998,20
"Michael Lusch",Germany,midfielder,"Rot-Weiss Essen",1998,2000,20
"Michael Owen","United Kingdom",forward,"Liverpool F.C.",1995,2004,216
"Michael Owen","United Kingdom",forward,"Real Madrid Club de Fútbol",2004,2005,36
"Michael Owen","United Kingdom",forward,"Newcastle United F.C.",2005,2009,71
"Michael Owen","United Kingdom",forward,"Manchester United F.C.",2009,2012,31
"Michael Owen","United Kingdom",forward,"Stoke City F.C.",2012,2013,8
"Michael Reiziger","Kingdom of the Netherlands",full-back,"AFC Ajax",1990,1996,83
"Michael Reiziger","Kingdom of the Netherlands",full-back,"FC Volendam",1992,1993,10
"Michael Reiziger","Kingdom of the Netherlands",full-back,"FC Groningen",1993,1994,34
"Michael Reiziger","Kingdom of the Netherlands",full-back,"AC Milan",1996,1997,10
"Michael Reiziger","Kingdom of the Netherlands",full-back,"Middlesbrough F.C.",2004,2005,22
"Michael Reiziger","Kingdom of the Netherlands",full-back,"PSV Eindhoven",2005,2007,24
"Michael Sternkopf",Germany,"wing half","Karlsruher SC",1988,1990,33
"Michael Sternkopf",Germany,"wing half","FC Bayern Munich",1990,1995,94
"Michael Sternkopf",Germany,"wing half","Borussia Mönchengladbach",1995,1996,34
"Michael Sternkopf",Germany,"wing half","SC Freiburg",1996,1997,16
"Michael Sternkopf",Germany,"wing half","Arminia Bielefeld",1997,2003,80
"Michael Sternkopf",Germany,"wing half","SC Freiburg",1997,1997,16
"Michael Sternkopf",Germany,"wing half","Kickers Offenbach",2004,2004,1
"Michael Tarnat",Germany,"left back","MSV Duisburg",1990,1994,134
"Michael Tarnat",Germany,"left back","Karlsruher SC",1994,1997,81
"Michael Tarnat",Germany,"left back","FC Bayern Munich",1997,2003,122
"Michael Tarnat",Germany,"left back","Manchester City F.C.",2003,2004,32
"Michael Tarnat",Germany,"left back","Hannover 96",2004,2009,102
"Michael Thomas","United Kingdom",midfielder,"Arsenal F.C.",1984,1991,163
"Michael Thomas","United Kingdom",midfielder,"Portsmouth F.C.",1986,1986,3
"Michael Thomas","United Kingdom",midfielder,"Portsmouth F.C.",1987,1987,3
"Michael Thomas","United Kingdom",midfielder,"Liverpool F.C.",1991,1998,124
"Michael Thomas","United Kingdom",midfielder,"S.L. Benfica",1998,1999,18
"Michael Thomas","United Kingdom",midfielder,"Middlesbrough F.C.",1998,1998,10
"Michael Thomas","United Kingdom",midfielder,"Liverpool F.C.",1999,2000,0
"Michael Thomas","United Kingdom",midfielder,"Wimbledon F.C.",2000,2001,8
"Michel Vonk","Kingdom of the Netherlands",defender,"AZ Alkmaar",1986,1991,111
"Michel Vonk","Kingdom of the Netherlands",defender,"FC Dordrecht",1991,1992,51
"Michel Vonk","Kingdom of the Netherlands",defender,"Manchester City F.C.",1992,1995,91
"Michel Vonk","Kingdom of the Netherlands",defender,"Oldham Athletic A.F.C.",1995,1995,5
"Michel Vonk","Kingdom of the Netherlands",defender,"Sheffield United F.C.",1995,1998,37
"Michel Vonk","Kingdom of the Netherlands",defender,"MVV Maastricht",1998,2001,47
"Michele Pazienza",Italy,midfielder,"Calcio Foggia 1920",2000,2003,88
"Michele Pazienza",Italy,midfielder,"Udinese Calcio",2003,2007,52
"Michele Pazienza",Italy,midfielder,"ACF Fiorentina",2005,2007,44
"Michele Pazienza",Italy,midfielder,"ACF Fiorentina",2007,2008,8
"Michele Pazienza",Italy,midfielder,"SSC Napoli",2008,2011,106
"Michele Pazienza",Italy,midfielder,"Juventus FC",2011,2012,8
"Michele Pazienza",Italy,midfielder,"Bologna F.C. 1909",2012,2015,37
"Michele Pazienza",Italy,midfielder,"Udinese Calcio",2012,2012,15
"Michele Pazienza",Italy,midfielder,"Vicenza Calcio",2015,2016,6
"Michele Pazienza",Italy,midfielder,"A.C. Reggiana 1919",2016,,1
"Miguel Almirón",Paraguay,midfielder,"Cerro Porteño",2013,2015,39
"Miguel Almirón",Paraguay,midfielder,"Club Atlético Lanús",2015,2016,35
"Miguel Almirón",Paraguay,midfielder,"Atlanta United FC",2017,2019,62
"Miguel Almirón",Paraguay,midfielder,"Newcastle United F.C.",2019,2025,186
"Miguel Almirón",Paraguay,midfielder,"Atlanta United FC",2025,,22
"Miguel Monteiro",Portugal,defender,"C.F. Estrela da Amadora",1999,2000,32
"Miguel Monteiro",Portugal,defender,"S.L. Benfica",2000,2005,131
"Miguel Monteiro",Portugal,defender,"Valencia CF",2005,2012,175
"Miguel Ángel Angulo",Spain,"midfielder, forward","Valencia CF Mestalla",1995,1996,15
"Miguel Ángel Angulo",Spain,"midfielder, forward","Valencia CF",1996,2009,313
"Miguel Ángel Angulo",Spain,"midfielder, forward","Villarreal CF",1996,1997,32
"Miguel Ángel Angulo",Spain,"midfielder, forward","Sporting CP",2009,2009,4
"Miguel Ángel Nadal",Spain,centre-back,"CD Manacor",1980,1983,
"Miguel Ángel Nadal",Spain,centre-back,"CD Manacor",1983,1986,
"Miguel Ángel Nadal",Spain,centre-back,"RCD Mallorca",1987,1991,130
"Miguel Ángel Nadal",Spain,centre-back,"RCD Mallorca",1999,2005,149
"Mikaël Silvestre",France,"centre-back, full-back","Stade Rennais F.C.",1995,1998,49
"Mikaël Silvestre",France,"centre-back, full-back","Inter Milan",1998,1999,18
"Mikaël Silvestre",France,"centre-back, full-back","Manchester United F.C.",1999,2008,249
"Mikaël Silvestre",France,"centre-back, full-back","Arsenal F.C.",2008,2010,26
"Mikaël Silvestre",France,"centre-back, full-back","SV Werder Bremen",2010,2012,27
"Mikaël Silvestre",France,"centre-back, full-back","Portland Timbers",2013,2014,8
"Mikaël Silvestre",France,"centre-back, full-back","Chennaiyin FC",2014,2014,14
"Mike Maignan",France,goalkeeper,"Lille OSC",2015,2021,149
"Mike Maignan",France,goalkeeper,"AC Milan",2021,,156
"Mike Sheron","United Kingdom",forward,"Manchester City F.C.",1990,1994,100
"Mike Sheron","United Kingdom",forward,"Bury F.C.",1991,1991,5
"Mike Sheron","United Kingdom",forward,"Norwich City F.C.",1994,1995,28
"Mike Sheron","United Kingdom",forward,"Stoke City F.C.",1995,1997,69
"Mike Sheron","United Kingdom",forward,"Queens Park Rangers F.C.",1997,1999,63
"Mike Sheron","United Kingdom",forward,"Barnsley F.C.",1999,2003,152
"Mike Sheron","United Kingdom",forward,"Blackpool F.C.",2003,2004,38
"Mike Sheron","United Kingdom",forward,"Macclesfield Town F.C.",2004,2005,26
"Mike Sheron","United Kingdom",forward,"Warrington Town F.C.",2005,2005,2
"Mike Sheron","United Kingdom",forward,"Shrewsbury Town F.C.",2005,2005,7
"Mike Williamson","United Kingdom",full-back,"Southampton F.C.",2001,2005,0
"Mike Williamson","United Kingdom",full-back,"Torquay United F.C.",2001,2001,5
"Mike Williamson","United Kingdom",full-back,"Torquay United F.C.",2003,2003,11
"Mike Williamson","United Kingdom",full-back,"Doncaster Rovers F.C.",2004,2004,0
"Mike Williamson","United Kingdom",full-back,"Wycombe Wanderers F.C.",2004,2005,37
"Mike Williamson","United Kingdom",full-back,"Wycombe Wanderers F.C.",2005,2009,107
"Mike Williamson","United Kingdom",full-back,"Portsmouth F.C.",2009,2010,0
"Mike Williamson","United Kingdom",full-back,"Watford F.C.",2009,2009,21
"Mike Williamson","United Kingdom",full-back,"Newcastle United F.C.",2010,2016,150
"Mike Williamson","United Kingdom",full-back,"Wolverhampton Wanderers F.C.",2015,2015,5
"Mike Williamson","United Kingdom",full-back,"Wolverhampton Wanderers F.C.",2016,,
"Mikel Arteta",Spain,midfielder,Antiguoko,1991,1997,
"Mikel Arteta",Spain,midfielder,"FC Barcelona Atlètic",1999,2000,42
"Mikel Arteta",Spain,midfielder,"FC Barcelona C",1999,1999,5
"Mikel Arteta",Spain,midfielder,"Paris Saint-Germain FC",2000,2002,31
"Mikel Arteta",Spain,midfielder,"Rangers F.C.",2002,2004,50
"Mikel Arteta",Spain,midfielder,"Real Sociedad",2004,2005,15
"Mikel Arteta",Spain,midfielder,"Everton F.C.",2005,2011,162
"Mikel Arteta",Spain,midfielder,"Arsenal F.C.",2011,2016,110
"Mikel Balenziaga",Spain,"centre-back, full-back","Real Sociedad",2002,2006,
"Mikel Balenziaga",Spain,"centre-back, full-back","Real Sociedad B",2006,2008,53
"Mikel Balenziaga",Spain,"centre-back, full-back","Athletic Club",2008,2023,321
"Mikel Balenziaga",Spain,"centre-back, full-back","Club Deportivo Numancia de Soria",2009,2010,26
"Mikel Balenziaga",Spain,"centre-back, full-back","Real Valladolid",2011,2013,74
"Mikel Balenziaga",Spain,"centre-back, full-back","Deportivo de La Coruña",2023,2024,33
"Mikel Jauregizar",Spain,"defensive midfielder","Bermeo FT",2019,2021,1
"Mikel Jauregizar",Spain,"defensive midfielder","Athletic Club",2021,2022,
"Mikel Jauregizar",Spain,"defensive midfielder","CD Baskonia",2022,2023,29
"Mikel Jauregizar",Spain,"defensive midfielder","Athletic Bilbao B",2023,2024,24
"Mikel Jauregizar",Spain,"defensive midfielder","Athletic Club",2023,,107
"Mikel John Obi",Nigeria,midfielder,"Lyn 1896 FK",2004,2006,6
"Mikel John Obi",Nigeria,midfielder,"Chelsea F.C.",2006,2017,249
"Mikel John Obi",Nigeria,midfielder,"Tianjin Jinmen Tiger F.C.",2017,2018,31
"Mikel John Obi",Nigeria,midfielder,"Middlesbrough F.C.",2019,2019,18
"Mikel John Obi",Nigeria,midfielder,Trabzonspor,2019,2020,19
"Mikel John Obi",Nigeria,midfielder,"Stoke City F.C.",2020,2021,39
"Mikel John Obi",Nigeria,midfielder,"Kuwait SC",2021,2021,0
"Mikel Lasa",Spain,full-back,"Real Sociedad B",1988,1989,22
"Mikel Lasa",Spain,full-back,"Real Sociedad",1989,1991,89
"Mikel Lasa",Spain,full-back,"Real Madrid Club de Fútbol",1991,1997,178
"Mikel Lasa",Spain,full-back,"Athletic Club",1997,2001,64
"Mikel Lasa",Spain,full-back,"Real Murcia",2001,2003,52
"Mikel Lasa",Spain,full-back,"Ciudad de Murcia",2003,2004,20
"Mikel Rico Moreno",Spain,"inside forward, defensive midfielder","Danok Bat CF",1994,2000,
"Mikel Rico Moreno",Spain,"inside forward, defensive midfielder","CD Baskonia",2000,2003,
"Mikel Rico Moreno",Spain,"inside forward, defensive midfielder","CD Baskonia",2001,2001,1
"Mikel Rico Moreno",Spain,"inside forward, defensive midfielder","UB Conquense",2003,2006,79
"Mikel Rico Moreno",Spain,"inside forward, defensive midfielder","Polideportivo Ejido",2006,2009,53
"Mikel Rico Moreno",Spain,"inside forward, defensive midfielder","Sociedad Deportiva Huesca",2007,2008,40
"Mikel Rico Moreno",Spain,"inside forward, defensive midfielder","Sociedad Deportiva Huesca",2009,2010,43
"Mikel Rico Moreno",Spain,"inside forward, defensive midfielder","Granada CF",2010,2013,114
"Mikel Rico Moreno",Spain,"inside forward, defensive midfielder","Athletic Club",2013,2019,176
"Mikel Rico Moreno",Spain,"inside forward, defensive midfielder","Sociedad Deportiva Huesca",2019,2022,106
"Mikel Rico Moreno",Spain,"inside forward, defensive midfielder","FC Cartagena",2022,2024,72
"Mikel San José",Spain,"centre-back, defensive midfielder","Athletic Club",2005,2007,
"Mikel San José",Spain,"centre-back, defensive midfielder","Liverpool F.C.",2007,2010,0
"Mikel San José",Spain,"centre-back, defensive midfielder","Athletic Club",2009,2010,25
"Mikel San José",Spain,"centre-back, defensive midfielder","Athletic Club",2010,2020,279
"Mikel San José",Spain,"centre-back, defensive midfielder","Birmingham City F.C.",2020,2021,27
"Mikel San José",Spain,"centre-back, defensive midfielder","SD Amorebieta",2021,2022,27
"Mikel Vesga",Spain,"defensive midfielder","CD Aurrerá de Vitoria",2012,2013,25
"Mikel Vesga",Spain,"defensive midfielder","Deportivo Alavés B",2013,2014,8
"Mikel Vesga",Spain,"defensive midfielder","Athletic Bilbao B",2014,2016,79
"Mikel Vesga",Spain,"defensive midfielder","Athletic Club",2016,,275
"Mikel Vesga",Spain,"defensive midfielder","Sporting de Gijón",2017,2017,17
"Mikel Vesga",Spain,"defensive midfielder","CD Leganés",2018,2019,28
"Milan Škriniar",Slovakia,centre-back,"MŠK Žilina",2012,2016,77
"Milan Škriniar",Slovakia,centre-back,"FC Zlaté Moravce",2013,2013,7
"Milan Škriniar",Slovakia,centre-back,"U.C. Sampdoria",2016,2017,38
"Milan Škriniar",Slovakia,centre-back,"Inter Milan",2017,2023,193
"Milan Škriniar",Slovakia,centre-back,"Paris Saint-Germain FC",2023,2025,29
"Milan Škriniar",Slovakia,centre-back,"Fenerbahçe Istanbul",2025,2025,16
"Milinko Pantić",Serbia,midfielder,"FK Partizan",1985,1991,65
"Milinko Pantić",Serbia,midfielder,"NK Olimpija Ljubljana",1991,1991,14
"Milinko Pantić",Serbia,midfielder,"NK Olimpija Ljubljana",1991,1991,14
"Milinko Pantić",Serbia,midfielder,"Panionios F.C.",1991,1995,90
"Milinko Pantić",Serbia,midfielder,"Atlético Madrid",1995,1998,107
"Milinko Pantić",Serbia,midfielder,"Le Havre AC",1998,1999,19
"Milinko Pantić",Serbia,midfielder,"Panionios F.C.",1999,2001,
"Miralem Pjanić","Bosnia and Herzegovina, France, Luxembourg",midfielder,"FC Metz",2007,2008,32
"Miralem Pjanić","Bosnia and Herzegovina, France, Luxembourg",midfielder,"Olympique Lyonnais",2008,2011,90
"Miralem Pjanić","Bosnia and Herzegovina, France, Luxembourg",midfielder,"AS Roma",2011,2016,159
"Miralem Pjanić","Bosnia and Herzegovina, France, Luxembourg",midfielder,"Juventus FC",2016,2020,122
"Miralem Pjanić","Bosnia and Herzegovina, France, Luxembourg",midfielder,"Beşiktaş J.K. (Football)",2021,2022,20
"Miralem Pjanić","Bosnia and Herzegovina, France, Luxembourg",midfielder,"Sharjah FC",2022,2024,41
"Miralem Pjanić","Bosnia and Herzegovina, France, Luxembourg",midfielder,"PFC CSKA Moscow",2024,2025,16
Miranda,Brazil,centre-back,"Coritiba F.C.",2004,2005,45
Miranda,Brazil,centre-back,"FC Sochaux-Montbéliard",2005,2006,20
Miranda,Brazil,centre-back,"São Paulo FC",2006,2012,128
Miranda,Brazil,centre-back,"Atlético Madrid",2011,2015,117
Miranda,Brazil,centre-back,"Inter Milan",2015,2019,109
Miranda,Brazil,centre-back,"Jiangsu F.C.",2019,2020,28
Miranda,Brazil,centre-back,"São Paulo FC",2021,2022,43
"Mirko Vučinić","Socialist Federal Republic of Yugoslavia, Serbia and Montenegro, Montenegro","wing half","FK Sutjeska Nikšić",1999,2000,9
"Mirko Vučinić","Socialist Federal Republic of Yugoslavia, Serbia and Montenegro, Montenegro","wing half","US Lecce",2000,2006,111
"Mirko Vučinić","Socialist Federal Republic of Yugoslavia, Serbia and Montenegro, Montenegro","wing half","AS Roma",2006,2011,147
"Mirko Vučinić","Socialist Federal Republic of Yugoslavia, Serbia and Montenegro, Montenegro","wing half","Juventus FC",2011,2014,75
"Mirko Vučinić","Socialist Federal Republic of Yugoslavia, Serbia and Montenegro, Montenegro","wing half","Al Jazira Club",2014,2017,29
"Miroslav Klose","Germany, Poland",forward,"FC 08 Homburg",1998,1999,15
"Miroslav Klose","Germany, Poland",forward,"1. FC Kaiserslautern",1999,2004,120
"Miroslav Klose","Germany, Poland",forward,"SV Werder Bremen",2004,2007,85
"Miroslav Klose","Germany, Poland",forward,"FC Bayern Munich",2007,2011,98
"Miroslav Klose","Germany, Poland",forward,"SS Lazio",2011,2016,139
"Miroslav Stević",Serbia,midfielder,"FK Partizan",1984,1989,
"Miroslav Stević",Serbia,midfielder,"FK Partizan",1989,1989,4
"Miroslav Stević",Serbia,midfielder,"FK Rad",1989,1991,60
"Miroslav Stević",Serbia,midfielder,"Dynamo Dresden",1992,1994,55
"Miroslav Stević",Serbia,midfielder,"Grasshopper Club Zürich",1992,1992,9
"Miroslav Stević",Serbia,midfielder,"TSV 1860 München",1994,1998,104
"Miroslav Stević",Serbia,midfielder,"Borussia Dortmund",1999,2002,91
"Miroslav Stević",Serbia,midfielder,"Fenerbahçe Istanbul",2002,2003,18
"Miroslav Stević",Serbia,midfielder,"VfL Bochum",2003,2004,21
"Miroslav Stević",Serbia,midfielder,"SpVgg Unterhaching",2005,2006,22
"Miroslav Đukić",Serbia,defender,"FK Mačva Šabac",1986,1989,87
"Miroslav Đukić",Serbia,defender,"FK Rad",1989,1991,60
"Miroslav Đukić",Serbia,defender,"Deportivo de La Coruña",1991,1997,217
"Miroslav Đukić",Serbia,defender,"Valencia CF",1997,2003,156
"Miroslav Đukić",Serbia,defender,"C.D. Tenerife",2003,2004,27
"Mirsad Hibić","Bosnia and Herzegovina",defender,"NK Čelik Zenica",1989,1991,30
"Mirsad Hibić","Bosnia and Herzegovina",defender,"HNK Hajduk Split",1992,1996,85
"Mirsad Hibić","Bosnia and Herzegovina",defender,"Sevilla FC",1996,2000,94
"Mirsad Hibić","Bosnia and Herzegovina",defender,"Atlético Madrid",2000,2003,91
Mista,Spain,forward,"Real Madrid C",1996,1997,29
Mista,Spain,forward,"C.D. Tenerife",1999,1999,13
Mista,Spain,forward,"Valencia CF",2001,2006,144
Mista,Spain,forward,"Atlético Madrid",2006,2008,35
Mista,Spain,forward,"Deportivo de La Coruña",2008,2010,26
Mista,Spain,forward,"Toronto FC",2010,2010,9
"Mitchell Thomas","United Kingdom","defender, full-back","Luton Town F.C.",1982,1986,107
"Mitchell Thomas","United Kingdom","defender, full-back","Tottenham Hotspur F.C.",1986,1991,157
"Mitchell Thomas","United Kingdom","defender, full-back","West Ham United F.C.",1991,1994,38
"Mitchell Thomas","United Kingdom","defender, full-back","Luton Town F.C.",1994,1999,186
"Mitchell Thomas","United Kingdom","defender, full-back","Burnley F.C.",1999,2002,99
"Mohamed Diamé",France,midfielder,"CD Linares",2007,2008,31
"Mohamed Diamé",France,midfielder,"Rayo Vallecano",2008,2009,35
"Mohamed Diamé",France,midfielder,"Wigan Athletic F.C.",2009,2012,96
"Mohamed Diamé",France,midfielder,"West Ham United F.C.",2012,2014,71
"Mohamed Diamé",France,midfielder,"Hull City A.F.C.",2014,2016,50
"Mohamed Diamé",France,midfielder,"Newcastle United F.C.",2016,2019,97
"Mohamed Diamé",France,midfielder,"Al Ahli SC",2019,2021,41
"Mohamed Diamé",France,midfielder,"CF Fuenlabrada",2022,2023,20
"Mohamed Diamé",France,midfielder,"Al-Sailiya Sports Club",2023,2024,13
"Mohamed Elneny",Egypt,"central midfielder","Al Mokawloon Al Arab SC",2010,2013,35
"Mohamed Elneny",Egypt,"central midfielder","FC Basel",2013,2016,91
"Mohamed Elneny",Egypt,"central midfielder","Arsenal F.C.",2016,,91
"Mohamed Elneny",Egypt,"central midfielder","Beşiktaş J.K. (Football)",2019,2020,27
"Mohamed Salah",Egypt,"forward, wing half, winger","Al Mokawloon Al Arab SC",2010,2012,37
"Mohamed Salah",Egypt,"forward, wing half, winger","FC Basel",2012,2014,47
"Mohamed Salah",Egypt,"forward, wing half, winger","Chelsea F.C.",2014,2015,13
"Mohamed Salah",Egypt,"forward, wing half, winger","ACF Fiorentina",2015,2015,16
"Mohamed Salah",Egypt,"forward, wing half, winger","AS Roma",2015,2016,34
"Mohamed Salah",Egypt,"forward, wing half, winger","AS Roma",2016,2017,31
"Mohamed Salah",Egypt,"forward, wing half, winger","Liverpool F.C.",2017,2026,315
"Mohamed Zidan","Germany, Egypt",forward,"Al Masry SC",1998,1999,
"Mohamed Zidan","Germany, Egypt",forward,"Akademisk Boldklub",1999,2003,51
"Mohamed Zidan","Germany, Egypt",forward,"FC Midtjylland",2003,2005,47
"Mohamed Zidan","Germany, Egypt",forward,"1. FSV Mainz 05",2005,2006,26
"Mohamed Zidan","Germany, Egypt",forward,"SV Werder Bremen",2005,2007,60
"Mohamed Zidan","Germany, Egypt",forward,"1. FSV Mainz 05",2007,2007,15
"Mohamed Zidan","Germany, Egypt",forward,"Hamburger SV",2007,2008,21
"Mohamed Zidan","Germany, Egypt",forward,"Borussia Dortmund",2008,2012,80
"Mohamed Zidan","Germany, Egypt",forward,"1. FSV Mainz 05",2012,2012,12
"Mohamed Zidan","Germany, Egypt",forward,"Baniyas SC",2012,2013,9
"Mohamed Zidan","Germany, Egypt",forward,"El-Entag El-Harby",2015,,
"Moisés Caicedo",Ecuador,midfielder,"Independiente del Valle",2019,2021,25
"Moisés Caicedo",Ecuador,midfielder,"Brighton & Hove Albion F.C.",2021,2023,45
"Moisés Caicedo",Ecuador,midfielder,"Beerschot A.C.",2021,2022,12
"Moisés Caicedo",Ecuador,midfielder,"Chelsea F.C.",2023,,98
"Moisés García León",Spain,forward,"Real Zaragoza",1988,1994,42
"Moisés García León",Spain,forward,"Deportivo Aragón",1988,1991,
"Moisés García León",Spain,forward,"Club Atlético Osasuna",1994,1996,50
"Moisés García León",Spain,forward,"CD Leganés",1996,1996,16
"Moisés García León",Spain,forward,"RC Celta de Vigo",1997,1998,23
"Moisés García León",Spain,forward,"Villarreal CF",1998,2001,93
"Moisés García León",Spain,forward,"Sevilla FC",2001,2002,43
"Moisés García León",Spain,forward,"Córdoba CF",2003,2003,23
"Moisés García León",Spain,forward,"Elche CF",2003,2005,74
"Moisés García León",Spain,forward,"Hércules CF",2005,2007,70
"Moisés García León",Spain,forward,"Polideportivo Ejido",2007,2007,4
"Moisés García León",Spain,forward,"Gimnàstic de Tarragona",2008,2009,53
"Moisés García León",Spain,forward,"Sociedad Deportiva Huesca",2009,2010,33
"Moisés García León",Spain,forward,"CD La Muela",2010,2011,28
"Moreno Torricelli",Italy,full-back,"U.S. Folgore Caratese A.S.D.",1990,1992,57
"Moreno Torricelli",Italy,full-back,"Juventus FC",1992,1998,152
"Moreno Torricelli",Italy,full-back,"ACF Fiorentina",1998,2002,99
"Moreno Torricelli",Italy,full-back,"RCD Espanyol de Barcelona",2003,2004,33
"Moreno Torricelli",Italy,full-back,"S.S. Arezzo",2004,2005,25
"Morgan De Sanctis",Italy,goalkeeper,"Delfino Pescara 1936",1994,1997,74
"Morgan De Sanctis",Italy,goalkeeper,"Juventus FC",1997,1999,3
"Morgan De Sanctis",Italy,goalkeeper,"Udinese Calcio",1999,2007,194
"Morgan De Sanctis",Italy,goalkeeper,"Sevilla FC",2007,2009,8
"Morgan De Sanctis",Italy,goalkeeper,"Galatasaray S.K.",2008,2009,31
"Morgan De Sanctis",Italy,goalkeeper,"SSC Napoli",2009,2013,147
"Morgan De Sanctis",Italy,goalkeeper,"AS Roma",2013,2016,71
"Morgan De Sanctis",Italy,goalkeeper,"AS Monaco FC",2016,2017,1
"Mousa Dembélé",Belgium,midfielder,"Beerschot A.C.",2004,2005,20
"Mousa Dembélé",Belgium,midfielder,"Willem II",2005,2006,33
"Mousa Dembélé",Belgium,midfielder,"AZ Alkmaar",2006,2010,118
"Mousa Dembélé",Belgium,midfielder,"Fulham F.C.",2010,2012,62
"Mousa Dembélé",Belgium,midfielder,"Tottenham Hotspur F.C.",2012,2019,180
"Mousa Dembélé",Belgium,midfielder,"Guangzhou City F.C.",2019,2022,47
"Moussa Sissoko",France,midfielder,"Toulouse FC",2007,2013,192
"Moussa Sissoko",France,midfielder,"Newcastle United F.C.",2013,2016,118
"Moussa Sissoko",France,midfielder,"Tottenham Hotspur F.C.",2016,2021,141
"Moussa Sissoko",France,midfielder,"Watford F.C.",2021,2022,36
"Moussa Sissoko",France,midfielder,"FC Nantes",2022,2024,56
"Moussa Sissoko",France,midfielder,"Watford F.C.",2024,2026,60
"Moussa Sissoko",France,midfielder,"Panathinaikos F.C.",2026,,4
"Míchel Salgado",Spain,"defender, full-back","RC Celta Fortuna",1994,1995,20
"Míchel Salgado",Spain,"defender, full-back","RC Celta de Vigo",1995,1999,92
"Míchel Salgado",Spain,"defender, full-back","UD Salamanca",1996,1997,36
"Míchel Salgado",Spain,"defender, full-back","Real Madrid Club de Fútbol",1999,2009,254
"Míchel Salgado",Spain,"defender, full-back","Blackburn Rovers F.C.",2009,2012,66
"N'Golo Kanté","Mali, France",midfielder,"US Boulogne",2011,2013,38
"N'Golo Kanté","Mali, France",midfielder,"Stade Malherbe Caen",2013,2015,75
"N'Golo Kanté","Mali, France",midfielder,"Leicester City F.C.",2015,2016,37
"N'Golo Kanté","Mali, France",midfielder,"Chelsea F.C.",2016,2023,190
"N'Golo Kanté","Mali, France",midfielder,"Al Ittihad FC",2023,2026,79
"N'Golo Kanté","Mali, France",midfielder,"Fenerbahçe Istanbul",2026,,0
"Naby Keïta",Guinea,midfielder,"Horoya AC",2012,2013,
"Naby Keïta",Guinea,midfielder,"FC Istres",2013,2014,23
"Naby Keïta",Guinea,midfielder,"FC Red Bull Salzburg",2014,2016,59
"Naby Keïta",Guinea,midfielder,"RB Leipzig",2016,2018,58
"Naby Keïta",Guinea,midfielder,"Liverpool F.C.",2018,2023,84
"Naby Keïta",Guinea,midfielder,"SV Werder Bremen",2023,,5
"Naby Keïta",Guinea,midfielder,"Ferencvárosi TC",2024,,13
"Nacer Chadli","Morocco, Belgium","wing half","AGOVV Apeldoorn",2007,2010,90
"Nacer Chadli","Morocco, Belgium","wing half","FC Twente",2010,2013,84
"Nacer Chadli","Morocco, Belgium","wing half","Tottenham Hotspur F.C.",2013,2016,88
"Nacer Chadli","Morocco, Belgium","wing half","West Bromwich Albion F.C.",2016,2018,36
"Nacer Chadli","Morocco, Belgium","wing half","AS Monaco FC",2018,2020,16
"Nacer Chadli","Morocco, Belgium","wing half","R.S.C. Anderlecht",2019,2020,17
"Nacer Chadli","Morocco, Belgium","wing half","İstanbul Başakşehir F.K.",2020,2023,47
"Nacer Chadli","Morocco, Belgium","wing half","K.V.C. Westerlo",2022,2023,27
"Nacer Chadli","Morocco, Belgium","wing half","K.V.C. Westerlo",2023,2024,18
"Nacer Chadli","Morocco, Belgium","wing half","SL16 FC",2025,2025,10
Nacho,Spain,full-back,"Real Madrid Club de Fútbol",2011,2024,242
Nacho,Spain,full-back,"Al Qadsiah FC",2024,,31
"Nacho Monreal",Spain,"centre-back, full-back","Osasuna B",2005,2006,36
"Nacho Monreal",Spain,"centre-back, full-back","Club Atlético Osasuna",2006,2011,127
"Nacho Monreal",Spain,"centre-back, full-back","Málaga CF",2011,2012,45
"Nacho Monreal",Spain,"centre-back, full-back","Arsenal F.C.",2013,2019,187
"Nacho Monreal",Spain,"centre-back, full-back","Real Sociedad",2019,2022,55
"Nahuel Molina",Argentina,defender,"Defensa y Justicia",2018,2018,17
"Nahuel Molina",Argentina,defender,"Club Atlético Rosario Central",2019,2019,22
"Nahuel Molina",Argentina,defender,"Udinese Calcio",2020,2022,64
"Nahuel Molina",Argentina,defender,"Atlético Madrid",2022,,113
Nani,Portugal,"wing half","Sporting CP",2005,2007,58
Nani,Portugal,"wing half","Manchester United F.C.",2007,2015,147
Nani,Portugal,"wing half","Sporting CP",2014,2015,27
Nani,Portugal,"wing half","Fenerbahçe Istanbul",2015,2016,28
Nani,Portugal,"wing half","Valencia CF",2016,2018,25
Nani,Portugal,"wing half","SS Lazio",2017,2018,18
Nani,Portugal,"wing half","Sporting CP",2018,2019,18
Nani,Portugal,"wing half","Orlando City SC",2019,2021,77
Nani,Portugal,"wing half","Melbourne Victory FC",2022,2023,10
Nani,Portugal,"wing half","Venezia F.C.",2022,2022,10
Nani,Portugal,"wing half","Adana Demirspor",2023,2024,28
Nani,Portugal,"wing half","C.F. Estrela da Amadora",2024,2024,9
Nani,Portugal,"wing half","FC Aktobe",2026,,
"Nathan Aké","Kingdom of the Netherlands",defender,"Chelsea F.C.",2012,2017,7
"Nathan Aké","Kingdom of the Netherlands",defender,"Reading F.C.",2015,2015,5
"Nathan Aké","Kingdom of the Netherlands",defender,"Watford F.C.",2015,2016,24
"Nathan Aké","Kingdom of the Netherlands",defender,"AFC Bournemouth",2016,2017,10
"Nathan Aké","Kingdom of the Netherlands",defender,"AFC Bournemouth",2017,2020,105
"Nathan Aké","Kingdom of the Netherlands",defender,"Manchester City F.C.",2020,,103
Nayim,Spain,midfielder,"FC Barcelona Atlètic",1985,1987,46
Nayim,Spain,midfielder,"Tottenham Hotspur F.C.",1988,1993,144
Nayim,Spain,midfielder,"Real Zaragoza",1993,1997,123
Nayim,Spain,midfielder,"CD Logroñés",1997,2000,67
Nayim,Spain,midfielder,"AD Ceuta",1999,2000,0
"Nedum Onuoha","Nigeria, United Kingdom","defender, full-back","Manchester City F.C.",2004,2012,95
"Nedum Onuoha","Nigeria, United Kingdom","defender, full-back","Sunderland A.F.C.",2010,2011,31
"Nedum Onuoha","Nigeria, United Kingdom","defender, full-back","Queens Park Rangers F.C.",2012,2018,207
"Nedum Onuoha","Nigeria, United Kingdom","defender, full-back","Real Salt Lake",2018,2020,44
"Neil Pointon","United Kingdom",full-back,"Scunthorpe United F.C.",1981,1985,159
"Neil Pointon","United Kingdom",full-back,"Everton F.C.",1985,1990,102
"Neil Pointon","United Kingdom",full-back,"Manchester City F.C.",1990,1992,74
"Neil Pointon","United Kingdom",full-back,"Oldham Athletic A.F.C.",1992,1995,95
"Neil Pointon","United Kingdom",full-back,"Heart of Midlothian F.C.",1995,1998,67
"Neil Pointon","United Kingdom",full-back,"Walsall F.C.",1998,2000,61
"Neil Pointon","United Kingdom",full-back,"Hednesford Town F.C.",2000,2001,21
"Neil Pointon","United Kingdom",full-back,"Chesterfield F.C.",2000,2000,10
"Neil Ruddock","United Kingdom","centre-back, defender","Tottenham Hotspur F.C.",1986,1988,9
"Neil Ruddock","United Kingdom","centre-back, defender","Millwall F.C.",1986,1986,0
"Neil Ruddock","United Kingdom","centre-back, defender","Millwall F.C.",1988,1989,2
"Neil Ruddock","United Kingdom","centre-back, defender","Southampton F.C.",1989,1992,107
"Neil Ruddock","United Kingdom","centre-back, defender","Tottenham Hotspur F.C.",1992,1993,41
"Neil Ruddock","United Kingdom","centre-back, defender","Liverpool F.C.",1993,1998,115
"Neil Ruddock","United Kingdom","centre-back, defender","Queens Park Rangers F.C.",1998,1998,7
"Neil Ruddock","United Kingdom","centre-back, defender","West Ham United F.C.",1998,2000,42
"Neil Ruddock","United Kingdom","centre-back, defender","Crystal Palace F.C.",2000,2001,20
"Neil Ruddock","United Kingdom","centre-back, defender","Swindon Town F.C.",2001,2003,15
"Neil Ruddock","United Kingdom","centre-back, defender","Wellingborough Whitworth F.C.",2015,2015,0
"Nelson Valdez",Paraguay,forward,"Club Atlético Tembetary",2000,2001,22
"Nelson Valdez",Paraguay,forward,"SV Werder Bremen",2002,2006,80
"Nelson Valdez",Paraguay,forward,"Borussia Dortmund",2006,2010,113
"Nelson Valdez",Paraguay,forward,"Hércules CF",2010,2011,25
"Nelson Valdez",Paraguay,forward,"Rubin Kazan",2011,2013,20
"Nelson Valdez",Paraguay,forward,"Valencia CF",2012,2013,28
"Nelson Valdez",Paraguay,forward,"Al Jazira Club",2013,2014,12
"Nelson Valdez",Paraguay,forward,"Eintracht Frankfurt",2014,2015,10
"Nelson Valdez",Paraguay,forward,"Seattle Sounders FC",2015,,
"Nelson Valdez",Paraguay,forward,"Real Madrid Club de Fútbol",2021,,
"Nemanja Matić",Serbia,"defensive midfielder","FK Kolubara",2006,2007,
"Nemanja Matić",Serbia,"defensive midfielder","FC VSS Košice",2007,2009,70
"Nemanja Matić",Serbia,"defensive midfielder","Chelsea F.C.",2009,2011,2
"Nemanja Matić",Serbia,"defensive midfielder","SBV Vitesse",2010,2011,27
"Nemanja Matić",Serbia,"defensive midfielder","S.L. Benfica",2011,2014,56
"Nemanja Matić",Serbia,"defensive midfielder","Chelsea F.C.",2014,2017,121
"Nemanja Matić",Serbia,"defensive midfielder","Manchester United F.C.",2017,2022,128
"Nemanja Matić",Serbia,"defensive midfielder","AS Roma",2022,2023,35
"Nemanja Matić",Serbia,"defensive midfielder","Stade Rennais F.C.",2023,2024,13
"Nemanja Matić",Serbia,"defensive midfielder","Olympique Lyonnais",2024,2025,44
"Nemanja Matić",Serbia,"defensive midfielder","US Sassuolo Calcio",2025,,7
"Nemanja Vidić",Serbia,centre-back,"FK Crvena zvezda",2000,2004,67
"Nemanja Vidić",Serbia,centre-back,"FK Spartak Subotica",2000,2001,27
"Nemanja Vidić",Serbia,centre-back,"Spartak Moscow",2004,2006,39
"Nemanja Vidić",Serbia,centre-back,"Manchester United F.C.",2006,2014,211
"Nemanja Vidić",Serbia,centre-back,"Inter Milan",2014,2016,23
"Neven Subotić",Serbia,"centre-back, defender","1. FSV Mainz 05",2007,2008,34
"Neven Subotić",Serbia,"centre-back, defender","Borussia Dortmund",2008,2018,196
"Neven Subotić",Serbia,"centre-back, defender","1. FC Köln",2017,2017,12
"Neven Subotić",Serbia,"centre-back, defender","AS Saint-Étienne",2018,2019,42
"Neven Subotić",Serbia,"centre-back, defender","1. FC Union Berlin",2019,2020,23
"Neven Subotić",Serbia,"centre-back, defender",Denizlispor,2020,2021,5
"Neven Subotić",Serbia,"centre-back, defender","SC Rheindorf Altach",2021,2021,10
"Neville Southall","United Kingdom",goalkeeper,"Bury F.C.",1980,1981,39
"Neville Southall","United Kingdom",goalkeeper,"Everton F.C.",1981,1998,578
"Neville Southall","United Kingdom",goalkeeper,"Port Vale F.C.",1983,1983,9
"Neville Southall","United Kingdom",goalkeeper,"Southend United F.C.",1997,1998,9
"Neville Southall","United Kingdom",goalkeeper,"Stoke City F.C.",1998,1998,3
"Neville Southall","United Kingdom",goalkeeper,"Doncaster Rovers F.C.",1998,1998,9
"Neville Southall","United Kingdom",goalkeeper,"Torquay United F.C.",1998,2000,53
"Neville Southall","United Kingdom",goalkeeper,"Huddersfield Town A.F.C.",1999,1999,0
"Neville Southall","United Kingdom",goalkeeper,"Bradford City A.F.C.",2000,2000,1
"Neville Southall","United Kingdom",goalkeeper,"Shrewsbury Town F.C.",2001,2002,0
"Neville Southall","United Kingdom",goalkeeper,"Dover Athletic F.C.",2001,2001,
"Neville Southall","United Kingdom",goalkeeper,"York City F.C.",2001,2001,0
"Neville Southall","United Kingdom",goalkeeper,"Rhyl F.C.",2001,2001,
"Neville Southall","United Kingdom",goalkeeper,"Dagenham & Redbridge F.C.",2002,2002,0
Neymar,Brazil,"wing half","Santos F.C.",2009,2013,102
Neymar,Brazil,"wing half","Paris Saint-Germain FC",2017,2023,112
Neymar,Brazil,"wing half","Al Hilal SFC",2023,2025,3
Neymar,Brazil,"wing half","Santos F.C.",2025,,24
"Niall Quinn",Ireland,forward,"Arsenal F.C.",1983,1990,67
"Niall Quinn",Ireland,forward,"Manchester City F.C.",1990,1996,204
"Niall Quinn",Ireland,forward,"Sunderland A.F.C.",1996,2002,203
"Niall Quinn",Ireland,forward,"Police Tebrau F.C.",2004,2004,1
"Nick Barmby","United Kingdom","midfielder, forward","Tottenham Hotspur F.C.",1992,1995,89
"Nick Barmby","United Kingdom","midfielder, forward","Middlesbrough F.C.",1995,1996,42
"Nick Barmby","United Kingdom","midfielder, forward","Everton F.C.",1996,2000,116
"Nick Barmby","United Kingdom","midfielder, forward","Liverpool F.C.",2000,2002,32
"Nick Barmby","United Kingdom","midfielder, forward","Leeds United F.C.",2002,2004,25
"Nick Barmby","United Kingdom","midfielder, forward","Hull City A.F.C.",2004,2012,180
"Nick Barmby","United Kingdom","midfielder, forward","Nottingham Forest F.C.",2004,2004,6
"Nick Pope","United Kingdom",goalkeeper,"Bury Town F.C.",2008,2011,16
"Nick Pope","United Kingdom",goalkeeper,"Charlton Athletic F.C.",2011,2016,33
"Nick Pope","United Kingdom",goalkeeper,"Harrow Borough F.C.",2011,2011,15
"Nick Pope","United Kingdom",goalkeeper,"Welling United F.C.",2011,2012,2
"Nick Pope","United Kingdom",goalkeeper,"Welling United F.C.",2012,2012,2
"Nick Pope","United Kingdom",goalkeeper,"Cambridge United F.C.",2013,2013,9
"Nick Pope","United Kingdom",goalkeeper,"Aldershot Town F.C.",2013,2013,5
"Nick Pope","United Kingdom",goalkeeper,"York City F.C.",2013,2013,2
"Nick Pope","United Kingdom",goalkeeper,"York City F.C.",2014,2014,20
"Nick Pope","United Kingdom",goalkeeper,"Bury F.C.",2015,2015,22
"Nick Pope","United Kingdom",goalkeeper,"Burnley F.C.",2016,2022,141
"Nick Pope","United Kingdom",goalkeeper,"Newcastle United F.C.",2022,,80
"Nicklas Bendtner","Kingdom of Denmark",forward,"Arsenal F.C.",2005,2014,108
"Nicklas Bendtner","Kingdom of Denmark",forward,"Birmingham City F.C.",2006,2007,42
"Nicklas Bendtner","Kingdom of Denmark",forward,"Sunderland A.F.C.",2011,2012,28
"Nicklas Bendtner","Kingdom of Denmark",forward,"Juventus FC",2012,2013,9
"Nicklas Bendtner","Kingdom of Denmark",forward,"VfL Wolfsburg",2014,2016,31
"Nicklas Bendtner","Kingdom of Denmark",forward,"Nottingham Forest F.C.",2016,2017,15
"Nicklas Bendtner","Kingdom of Denmark",forward,"Rosenborg BK",2017,2019,57
"Nicklas Bendtner","Kingdom of Denmark",forward,"F.C. Copenhagen",2019,2019,6
"Nicky Butt","United Kingdom",midfielder,"Manchester United F.C.",1992,2004,270
"Nicky Butt","United Kingdom",midfielder,"Newcastle United F.C.",2004,2010,134
"Nicky Butt","United Kingdom",midfielder,"Birmingham City F.C.",2005,2006,24
"Nicky Butt","United Kingdom",midfielder,"South China AA",2010,2011,3
"Nicky Summerbee","United Kingdom",midfielder,"Swindon Town F.C.",1989,1994,112
"Nicky Summerbee","United Kingdom",midfielder,"Manchester City F.C.",1994,1997,131
"Nicky Summerbee","United Kingdom",midfielder,"Sunderland A.F.C.",1997,2001,94
"Nicky Summerbee","United Kingdom",midfielder,"Bolton Wanderers F.C.",2001,2001,9
"Nicky Summerbee","United Kingdom",midfielder,"Nottingham Forest F.C.",2001,2002,17
"Nicky Summerbee","United Kingdom",midfielder,"Manchester City F.C.",2001,2001,0
"Nicky Summerbee","United Kingdom",midfielder,"Leicester City F.C.",2002,2003,29
"Nicky Summerbee","United Kingdom",midfielder,"Bradford City A.F.C.",2003,2006,68
"Nicky Summerbee","United Kingdom",midfielder,"Swindon Town F.C.",2005,2005,1
"Nicky Summerbee","United Kingdom",midfielder,"Tranmere Rovers F.C.",2005,2005,6
"Nicky Summerbee","United Kingdom",midfielder,"Tamworth F.C.",2006,2006,4
"Nicky Weaver","United Kingdom",goalkeeper,"Mansfield Town F.C.",1995,1997,1
"Nicky Weaver","United Kingdom",goalkeeper,"Manchester City F.C.",1997,2007,172
"Nicky Weaver","United Kingdom",goalkeeper,"Sheffield Wednesday F.C.",2005,2006,14
"Nicky Weaver","United Kingdom",goalkeeper,"Charlton Athletic F.C.",2007,2009,67
"Nicky Weaver","United Kingdom",goalkeeper,"Dundee United F.C.",2009,2010,18
"Nicky Weaver","United Kingdom",goalkeeper,"Burnley F.C.",2010,2010,0
"Nicky Weaver","United Kingdom",goalkeeper,"Sheffield Wednesday F.C.",2010,2013,44
"Nicky Weaver","United Kingdom",goalkeeper,"Aberdeen F.C.",2013,2014,2
"Nico Schlotterbeck",Germany,centre-back,"SC Freiburg",2019,2022,49
"Nico Schlotterbeck",Germany,centre-back,"1. FC Union Berlin",2020,2021,16
"Nico Schlotterbeck",Germany,centre-back,"Borussia Dortmund",2022,,112
"Nico Williams","Ghana, Spain","forward, winger","CD Pamplona",2010,2012,
"Nico Williams","Ghana, Spain","forward, winger","Club Atlético Osasuna",2012,2013,
"Nico Williams","Ghana, Spain","forward, winger","Athletic Club",2013,2019,
"Nico Williams","Ghana, Spain","forward, winger","CD Baskonia",2019,2020,3
"Nico Williams","Ghana, Spain","forward, winger","Athletic Bilbao B",2020,2021,24
"Nico Williams","Ghana, Spain","forward, winger","Athletic Club",2021,,199
"Nicola Berti",Italy,midfielder,"Parma Calcio 1913",1982,1985,28
"Nicola Berti",Italy,midfielder,"ACF Fiorentina",1985,1988,80
"Nicola Berti",Italy,midfielder,"Inter Milan",1988,1998,229
"Nicola Berti",Italy,midfielder,"Tottenham Hotspur F.C.",1998,1999,21
"Nicola Berti",Italy,midfielder,"Deportivo Alavés",1999,1999,8
"Nicola Berti",Italy,midfielder,"Northern Spirit FC",2000,2000,8
"Nicola Legrottaglie",Italy,defender,"SSC Bari",1994,1998,17
"Nicola Legrottaglie",Italy,defender,"Pistoiese FC",1996,1997,31
"Nicola Legrottaglie",Italy,defender,"A.C. Prato",1997,1998,26
"Nicola Legrottaglie",Italy,defender,"AC ChievoVerona",1998,2003,66
"Nicola Legrottaglie",Italy,defender,"A.C. Reggiana 1919",2000,2000,4
"Nicola Legrottaglie",Italy,defender,"Modena F.C.",2000,2001,32
"Nicola Legrottaglie",Italy,defender,"Juventus FC",2003,2011,114
"Nicola Legrottaglie",Italy,defender,"Bologna F.C. 1909",2005,2005,9
"Nicola Legrottaglie",Italy,defender,"Siena FC",2005,2006,28
"Nicola Legrottaglie",Italy,defender,"AC Milan",2011,2011,1
"Nicola Legrottaglie",Italy,defender,"Catania FC",2011,2014,76
"Nicolas Anelka",France,forward,"Paris Saint-Germain FC",1996,1997,10
"Nicolas Anelka",France,forward,"Arsenal F.C.",1997,1999,90
"Nicolas Anelka",France,forward,"Real Madrid Club de Fútbol",1999,2000,19
"Nicolas Anelka",France,forward,"Paris Saint-Germain FC",2000,2002,39
"Nicolas Anelka",France,forward,"Liverpool F.C.",2002,2002,20
"Nicolas Anelka",France,forward,"Manchester City F.C.",2002,2005,89
"Nicolas Anelka",France,forward,"Fenerbahçe Istanbul",2005,2006,39
"Nicolas Anelka",France,forward,"Bolton Wanderers F.C.",2006,2008,53
"Nicolas Anelka",France,forward,"Chelsea F.C.",2008,2012,125
"Nicolas Anelka",France,forward,"Shanghai Shenhua F.C.",2012,2013,22
"Nicolas Anelka",France,forward,"Juventus FC",2013,2013,2
"Nicolas Anelka",France,forward,"West Bromwich Albion F.C.",2013,2014,12
"Nicolas Anelka",France,forward,"Mumbai City FC",2014,2015,13
"Nicolas Pépé",France,winger,"Poitiers FC",2012,2013,9
"Nicolas Pépé",France,winger,"Angers SCO",2013,2017,40
"Nicolas Pépé",France,winger,"US Orléans",2015,2016,29
"Nicolas Pépé",France,winger,"Lille OSC",2017,2019,74
"Nicolas Pépé",France,winger,"Arsenal F.C.",2019,2023,80
"Nicolas Pépé",France,winger,"OGC Nice",2022,2023,19
"Nicolas Pépé",France,winger,Trabzonspor,2023,2024,19
"Nicolas Pépé",France,winger,"Villarreal CF",2024,,0
"Nicolás Burdisso",Argentina,"centre-back, full-back","Inter Milan",2004,2009,93
"Nicolás Burdisso",Argentina,"centre-back, full-back","AS Roma",2009,2014,101
"Nicolás Burdisso",Argentina,"centre-back, full-back","Genoa CFC",2014,2017,108
"Nicolás Burdisso",Argentina,"centre-back, full-back","Torino FC",2017,2018,24
"Nicolás Olivera",Uruguay,"midfielder, forward","Defensor Sporting Club",1996,1997,44
"Nicolás Olivera",Uruguay,"midfielder, forward","Valencia CF",1997,1998,2
"Nicolás Olivera",Uruguay,"midfielder, forward","Sevilla FC",1998,2002,99
"Nicolás Olivera",Uruguay,"midfielder, forward","Valencia CF",1998,1998,2
"Nicolás Olivera",Uruguay,"midfielder, forward","Real Valladolid",2002,2003,20
"Nicolás Olivera",Uruguay,"midfielder, forward","Córdoba CF",2003,2004,38
"Nicolás Olivera",Uruguay,"midfielder, forward","Albacete Balompié",2004,2005,4
"Nicolás Olivera",Uruguay,"midfielder, forward","Defensor Sporting Club",2004,2004,4
"Nicolás Olivera",Uruguay,"midfielder, forward","Albacete Balompié",2005,2005,4
"Nicolás Olivera",Uruguay,"midfielder, forward","Defensor Sporting Club",2005,2006,23
"Nicolás Olivera",Uruguay,"midfielder, forward","Club Necaxa",2006,2006,16
"Nicolás Olivera",Uruguay,"midfielder, forward","Atlas F.C.",2007,2007,28
"Nicolás Olivera",Uruguay,"midfielder, forward","Tiburones Rojos de Veracruz",2008,2009,29
"Nicolás Olivera",Uruguay,"midfielder, forward","Puebla F.C.",2008,2008,17
"Nicolás Olivera",Uruguay,"midfielder, forward","Club América",2011,2011,11
"Nicolás Olivera",Uruguay,"midfielder, forward","Defensor Sporting Club",2011,2012,20
"Nicolás Olivera",Uruguay,"midfielder, forward","Correcaminos UAT",2012,2012,14
"Nicolás Otamendi",Argentina,"centre-back, full-back","Club Atlético Vélez Sarsfield",2007,2010,40
"Nicolás Otamendi",Argentina,"centre-back, full-back","FC Porto",2010,2014,77
"Nicolás Otamendi",Argentina,"centre-back, full-back","Valencia CF",2014,2015,35
"Nicolás Otamendi",Argentina,"centre-back, full-back","Clube Atlético Mineiro",2014,2014,19
"Nicolás Otamendi",Argentina,"centre-back, full-back","Manchester City F.C.",2015,2020,136
"Nicolás Otamendi",Argentina,"centre-back, full-back","S.L. Benfica",2020,,158
"Nicolò Barella",Italy,midfielder,"Cagliari Calcio",2014,2020,105
"Nicolò Barella",Italy,midfielder,"Como 1907",2016,2016,16
"Nicolò Barella",Italy,midfielder,"Inter Milan",2019,2020,27
"Nicolò Barella",Italy,midfielder,"Inter Milan",2020,,188
"Nigel Martyn","United Kingdom",goalkeeper,"Bristol Rovers F.C.",1987,1989,101
"Nigel Martyn","United Kingdom",goalkeeper,"Crystal Palace F.C.",1989,1996,272
"Nigel Martyn","United Kingdom",goalkeeper,"Leeds United F.C.",1996,2003,207
"Nigel Martyn","United Kingdom",goalkeeper,"Everton F.C.",2003,2006,86
"Nigel Winterburn","United Kingdom",full-back,"Birmingham City F.C.",1981,1982,0
"Nigel Winterburn","United Kingdom",full-back,"Oxford United F.C.",1982,1983,0
"Nigel Winterburn","United Kingdom",full-back,"Wimbledon F.C.",1983,1987,165
"Nigel Winterburn","United Kingdom",full-back,"Milton Keynes Dons F.C.",1983,1987,165
"Nigel Winterburn","United Kingdom",full-back,"Arsenal F.C.",1987,2000,440
"Nigel Winterburn","United Kingdom",full-back,"West Ham United F.C.",2000,2003,82
"Nigel de Jong","Kingdom of the Netherlands","defensive midfielder","AFC Ajax",2002,2006,96
"Nigel de Jong","Kingdom of the Netherlands","defensive midfielder","Hamburger SV",2006,2009,66
"Nigel de Jong","Kingdom of the Netherlands","defensive midfielder","Manchester City F.C.",2009,2012,104
"Nigel de Jong","Kingdom of the Netherlands","defensive midfielder","AC Milan",2012,2016,79
"Nigel de Jong","Kingdom of the Netherlands","defensive midfielder","LA Galaxy",2016,2016,18
"Nigel de Jong","Kingdom of the Netherlands","defensive midfielder","Galatasaray S.K.",2016,2018,18
"Nigel de Jong","Kingdom of the Netherlands","defensive midfielder","1. FSV Mainz 05",2018,2018,11
"Nigel de Jong","Kingdom of the Netherlands","defensive midfielder","Al Ahli SC",2018,2019,21
"Nigel de Jong","Kingdom of the Netherlands","defensive midfielder","Al-Shahaniya Sports Club",2019,2021,36
"Niklas Süle",Germany,centre-back,"TSG 1899 Hoffenheim II",2012,2013,6
"Niklas Süle",Germany,centre-back,"TSG 1899 Hoffenheim",2013,2017,107
"Niklas Süle",Germany,centre-back,"FC Bayern Munich",2017,2022,114
"Niklas Süle",Germany,centre-back,"Borussia Dortmund",2022,,77
"Nikos Dabizas",Greece,defender,"Pontioi Verias F.C.",1991,1994,85
"Nikos Dabizas",Greece,defender,"Newcastle United F.C.",1998,2004,130
"Nikos Dabizas",Greece,defender,"Leicester City F.C.",2004,2005,51
"Nikos Dabizas",Greece,defender,"Athlitiki Enosi Larissa F.C.",2005,2011,144
Nilmar,Brazil,forward,"S.C. Internacional",2002,2004,42
Nilmar,Brazil,forward,"Olympique Lyonnais",2004,2005,32
Nilmar,Brazil,forward,"S.C. Corinthians Paulista",2005,2007,59
Nilmar,Brazil,forward,"S.C. Internacional",2007,2009,36
Nilmar,Brazil,forward,"Villarreal CF",2009,2012,85
Nilmar,Brazil,forward,Al-Rayyan,2012,2014,35
Nilmar,Brazil,forward,"Al-Duhail SC",2013,2013,1
Nilmar,Brazil,forward,"El Jaish SC",2014,2014,3
Nilmar,Brazil,forward,"S.C. Internacional",2014,2015,15
Nilmar,Brazil,forward,Alshariqa,2015,,
"Nolberto Solano",Peru,"wing half","Club Deportivo Municipal",1993,1993,27
"Nolberto Solano",Peru,"wing half","Club Sporting Cristal",1993,1993,11
"Nolberto Solano",Peru,"wing half","Club Sporting Cristal",1994,1997,97
"Nolberto Solano",Peru,"wing half","Newcastle United F.C.",1998,2004,182
"Nolberto Solano",Peru,"wing half","Aston Villa F.C.",2004,2005,49
"Nolberto Solano",Peru,"wing half","Newcastle United F.C.",2005,2007,58
"Nolberto Solano",Peru,"wing half","West Ham United F.C.",2007,2008,23
"Nolberto Solano",Peru,"wing half","Athlitiki Enosi Larissa F.C.",2008,2008,17
"Nolberto Solano",Peru,"wing half","Club Universitario de Deportes",2009,2009,32
"Nolberto Solano",Peru,"wing half","Hull City A.F.C.",2010,2011,11
"Nolberto Solano",Peru,"wing half","Leicester City F.C.",2010,2010,13
"Nolberto Solano",Peru,"wing half","Hartlepool United F.C.",2011,2012,14
"Nuri Şahin","Germany, Turkey",midfielder,"Borussia Dortmund",2005,2011,135
"Nuri Şahin","Germany, Turkey",midfielder,"Feyenoord Rotterdam",2007,2008,29
"Nuri Şahin","Germany, Turkey",midfielder,"Real Madrid Club de Fútbol",2011,2014,4
"Nuri Şahin","Germany, Turkey",midfielder,"Liverpool F.C.",2012,2013,7
"Nuri Şahin","Germany, Turkey",midfielder,"Borussia Dortmund",2013,2014,48
"Nuri Şahin","Germany, Turkey",midfielder,"Borussia Dortmund",2014,2018,55
"Nuri Şahin","Germany, Turkey",midfielder,"SV Werder Bremen",2018,2020,36
"Nuri Şahin","Germany, Turkey",midfielder,Antalyaspor,2020,2021,44
"Nwankwo Kanu",Nigeria,forward,"Heartland F.C.",1992,1993,25
"Nwankwo Kanu",Nigeria,forward,"AFC Ajax",1993,1996,54
"Nwankwo Kanu",Nigeria,forward,"Inter Milan",1996,1999,12
"Nwankwo Kanu",Nigeria,forward,"Arsenal F.C.",1999,2004,119
"Nwankwo Kanu",Nigeria,forward,"West Bromwich Albion F.C.",2004,2006,58
"Nwankwo Kanu",Nigeria,forward,"Portsmouth F.C.",2006,2012,141
"Nélson Semedo",Portugal,full-back,"C.D. Fátima",2012,2013,29
"Nélson Semedo",Portugal,full-back,"S.L. Benfica B",2012,2016,63
"Nélson Semedo",Portugal,full-back,"S.L. Benfica",2015,2017,43
"Nélson Semedo",Portugal,full-back,"Wolverhampton Wanderers F.C.",2020,2025,165
"Nélson Semedo",Portugal,full-back,"Fenerbahçe Istanbul",2025,,
"Obafemi Martins",Nigeria,forward,"F.C. Ebedei",1999,2000,
"Obafemi Martins",Nigeria,forward,"A.C. Reggiana 1919",2000,2001,2
"Obafemi Martins",Nigeria,forward,"Inter Milan",2001,2006,88
"Obafemi Martins",Nigeria,forward,"Newcastle United F.C.",2006,2009,88
"Obafemi Martins",Nigeria,forward,"VfL Wolfsburg",2009,2010,16
"Obafemi Martins",Nigeria,forward,"Rubin Kazan",2010,2012,20
"Obafemi Martins",Nigeria,forward,"Birmingham City F.C.",2011,2011,4
"Obafemi Martins",Nigeria,forward,"Levante UD",2012,2013,21
"Obafemi Martins",Nigeria,forward,"Seattle Sounders FC",2013,2015,72
"Obafemi Martins",Nigeria,forward,"Shanghai Shenhua F.C.",2016,,
"Oihan Sancet",Spain,"central midfielder, inside forward, wide midfielder","AD San Juan",2005,2010,
"Oihan Sancet",Spain,"central midfielder, inside forward, wide midfielder","Club Atlético Osasuna",2010,2015,
"Oihan Sancet",Spain,"central midfielder, inside forward, wide midfielder","Athletic Club",2015,2018,
"Oihan Sancet",Spain,"central midfielder, inside forward, wide midfielder","Athletic Bilbao B",2018,2020,24
"Oihan Sancet",Spain,"central midfielder, inside forward, wide midfielder","Athletic Club",2019,,231
"Olaf Thon",Germany,"midfielder, defender","Schalke 04",1983,1988,157
"Olaf Thon",Germany,"midfielder, defender","FC Bayern Munich",1988,1994,148
"Olaf Thon",Germany,"midfielder, defender","Schalke 04",1994,2002,166
"Ole Gunnar Solskjær",Norway,"wing half","Clausenengen FK",1990,1995,109
"Ole Gunnar Solskjær",Norway,"wing half","Molde FK",1995,1996,38
"Ole Gunnar Solskjær",Norway,"wing half","Manchester United F.C.",1996,2007,235
"Oleguer Presas",Spain,defender,"UDA Gramenet",1999,2001,41
"Oleguer Presas",Spain,defender,"FC Barcelona Atlètic",2001,2003,74
"Oleguer Presas",Spain,defender,"AFC Ajax",2008,2011,36
"Oliver Kahn",Germany,goalkeeper,"Karlsruher SC",1987,1994,128
"Oliver Kahn",Germany,goalkeeper,"FC Bayern Munich",1994,2008,429
"Oliver Kreuzer",Germany,centre-back,"Karlsruher SC",1985,1991,182
"Oliver Kreuzer",Germany,centre-back,"FC Bayern Munich",1991,1997,150
"Oliver Kreuzer",Germany,centre-back,"FC Basel",1997,2002,119
"Olivier Bernard",France,defender,"Olympique Lyonnais",1998,2000,0
"Olivier Bernard",France,defender,"Newcastle United F.C.",2000,2005,102
"Olivier Bernard",France,defender,"Darlington F.C.",2001,2001,10
"Olivier Bernard",France,defender,"Southampton F.C.",2005,2006,
"Olivier Bernard",France,defender,"Rangers F.C.",2005,2006,9
"Olivier Bernard",France,defender,"Newcastle United F.C.",2006,2007,0
"Olivier Bernard",France,defender,"Rangers F.C.",2006,2007,
"Olivier Giroud",France,forward,"Grenoble Foot 38",2005,2008,23
"Olivier Giroud",France,forward,"FC Istres",2007,2008,33
"Olivier Giroud",France,forward,"Tours FC.",2008,2010,44
"Olivier Giroud",France,forward,"Montpellier Hérault Sport Club",2010,2012,73
"Olivier Giroud",France,forward,"Tours FC.",2010,2010,17
"Olivier Giroud",France,forward,"Arsenal F.C.",2012,2018,180
"Olivier Giroud",France,forward,"Chelsea F.C.",2018,2021,75
"Olivier Giroud",France,forward,"AC Milan",2021,2024,97
"Olivier Giroud",France,forward,"Los Angeles FC",2024,2025,21
"Olivier Giroud",France,forward,"Lille OSC",2025,,23
Oscar,Brazil,midfielder,"São Paulo FC",2008,2010,12
Oscar,Brazil,midfielder,"S.C. Internacional",2010,2012,57
Oscar,Brazil,midfielder,"Chelsea F.C.",2012,2016,131
Oscar,Brazil,midfielder,"Shanghai Port F.C.",2017,2023,179
Oscar,Brazil,midfielder,"São Paulo FC",2025,2025,18
"Oscar Magoni",Italy,,"Società Calcio Leffe",1989,1992,96
"Oscar Magoni",Italy,,"Atalanta BC",1992,1995,80
"Oscar Magoni",Italy,,"Genoa CFC",1995,1996,35
"Oscar Magoni",Italy,,"Bologna F.C. 1909",1996,1999,59
"Oscar Magoni",Italy,,"SSC Napoli",1999,2002,116
"Oscar Magoni",Italy,,"SSC Ancona",2002,2003,33
"Oscar Magoni",Italy,,"US Triestina Calcio 1918",2003,2004,12
"Oscar Magoni",Italy,,"S.C. Ravenna Sport",2004,2004,12
"Ousmane Dembélé",France,forward,"Stade Rennais F.C.",2015,2016,26
"Ousmane Dembélé",France,forward,"Borussia Dortmund",2016,2017,32
"Ousmane Dembélé",France,forward,"Paris Saint-Germain FC",2023,,70
"Owen Hargreaves","United Kingdom",midfielder,"FC Bayern Munich",2000,2007,145
"Owen Hargreaves","United Kingdom",midfielder,"Manchester United F.C.",2007,2011,27
"Owen Hargreaves","United Kingdom",midfielder,"Manchester City F.C.",2011,2012,4
"Pablo Aimar",Argentina,midfielder,"Club Atlético River Plate",1993,1997,
"Pablo Aimar",Argentina,midfielder,"Club Atlético River Plate",1996,2000,82
"Pablo Aimar",Argentina,midfielder,"Valencia CF",2001,2006,162
"Pablo Aimar",Argentina,midfielder,"Real Zaragoza",2006,2008,53
"Pablo Aimar",Argentina,midfielder,"S.L. Benfica",2008,2013,107
"Pablo Aimar",Argentina,midfielder,"Johor Darul Takzim F.C.",2013,2014,8
"Pablo Aimar",Argentina,midfielder,"Club Atlético River Plate",2015,2015,1
"Pablo Alfaro Armengot",Spain,defender,"Deportivo Aragón",1986,1989,
"Pablo Alfaro Armengot",Spain,defender,"Real Zaragoza",1989,1992,107
"Pablo Alfaro Armengot",Spain,defender,"Racing de Santander",1993,1996,108
"Pablo Alfaro Armengot",Spain,defender,"Atlético Madrid",1996,1997,11
"Pablo Alfaro Armengot",Spain,defender,"CP Mérida",1997,2000,97
"Pablo Alfaro Armengot",Spain,defender,"Mérida UD",1997,2000,97
"Pablo Alfaro Armengot",Spain,defender,"Sevilla FC",2000,2006,164
"Pablo Alfaro Armengot",Spain,defender,"Racing de Santander",2006,2007,22
"Pablo Bengoechea",Uruguay,midfielder,"Montevideo Wanderers Fútbol Club",1985,1987,46
"Pablo Bengoechea",Uruguay,midfielder,"Sevilla FC",1987,1992,135
"Pablo Bengoechea",Uruguay,midfielder,"Club Atlético Peñarol",1993,2003,245
"Pablo Hernández Domínguez",Spain,"wing half","CD Onda",2004,2005,28
"Pablo Hernández Domínguez",Spain,"wing half","Valencia CF Mestalla",2004,2007,16
"Pablo Hernández Domínguez",Spain,"wing half","Valencia CF",2006,2007,1
"Pablo Hernández Domínguez",Spain,"wing half","Cádiz Club de Fútbol",2007,2007,22
"Pablo Hernández Domínguez",Spain,"wing half","Getafe CF",2007,2008,28
"Pablo Hernández Domínguez",Spain,"wing half","Valencia CF",2008,2012,111
"Pablo Hernández Domínguez",Spain,"wing half","Swansea City A.F.C.",2012,2014,57
"Pablo Hernández Domínguez",Spain,"wing half","Al-Arabi SC",2014,,
"Pablo Hernández Domínguez",Spain,"wing half","Rayo Vallecano",2015,2016,
"Pablo Ibáñez",Spain,full-back,"Albacete Balompié B",1999,2002,
"Pablo Ibáñez",Spain,full-back,"Caravaca CF",2000,2001,
"Pablo Ibáñez",Spain,full-back,"Albacete Balompié",2002,2004,75
"Pablo Ibáñez",Spain,full-back,"Atlético Madrid",2004,2010,156
"Pablo Ibáñez",Spain,full-back,"West Bromwich Albion F.C.",2010,2011,10
"Pablo Ibáñez",Spain,full-back,"Birmingham City F.C.",2011,2013,19
"Pablo Orbaiz",Spain,"central midfielder","Club Atlético Osasuna",1985,1996,
"Pablo Orbaiz",Spain,"central midfielder","Club Atlético Osasuna",1996,2000,73
"Pablo Orbaiz",Spain,"central midfielder","Osasuna B",1996,1998,27
"Pablo Orbaiz",Spain,"central midfielder","Athletic Club",2000,2012,318
"Pablo Orbaiz",Spain,"central midfielder","Rubin Kazan",2012,2013,23
"Pablo Orbaiz",Spain,"central midfielder","CD Egüés",2013,2016,
"Pablo Piatti","Argentina, Italy","wing half","Estudiantes de La Plata",2006,2008,49
"Pablo Piatti","Argentina, Italy","wing half","Unión Deportiva Almería",2008,2011,101
"Pablo Piatti","Argentina, Italy","wing half","Valencia CF",2011,2017,110
"Pablo Piatti","Argentina, Italy","wing half","RCD Espanyol de Barcelona",2016,2017,30
"Pablo Piatti","Argentina, Italy","wing half","RCD Espanyol de Barcelona",2017,,
"Pablo Sarabia",Spain,"midfielder, attacking midfielder","Real Madrid Club de Fútbol",2010,2011,
"Pablo Sarabia",Spain,"midfielder, attacking midfielder","Getafe CF",2011,2016,131
"Pablo Sarabia",Spain,"midfielder, attacking midfielder","Sevilla FC",2016,2019,101
"Pablo Sarabia",Spain,"midfielder, attacking midfielder","Paris Saint-Germain FC",2019,2023,64
"Pablo Sarabia",Spain,"midfielder, attacking midfielder","Sporting CP",2021,2022,29
"Pablo Sarabia",Spain,"midfielder, attacking midfielder","Wolverhampton Wanderers F.C.",2023,2025,66
"Pablo Sarabia",Spain,"midfielder, attacking midfielder","Al-Arabi SC",2025,,0
"Pablo Zabaleta",Argentina,full-back,"RCD Espanyol de Barcelona",2005,2008,79
"Pablo Zabaleta",Argentina,full-back,"Manchester City F.C.",2008,2017,230
"Pablo Zabaleta",Argentina,full-back,"West Ham United F.C.",2017,2020,73
"Paco Alcácer",Spain,forward,"Valencia CF Mestalla",2009,2012,64
"Paco Alcácer",Spain,forward,"Valencia CF",2010,2016,93
"Paco Alcácer",Spain,forward,"Getafe CF",2012,2013,20
"Paco Alcácer",Spain,forward,"Borussia Dortmund",2018,2020,32
"Paco Alcácer",Spain,forward,"Villarreal CF",2020,2022,58
"Paco Alcácer",Spain,forward,"Sharjah FC",2022,2025,34
"Paco Alcácer",Spain,forward,"Emirates Club",2023,2024,22
"Paolo Cannavaro",Italy,"centre-back, full-back","SSC Napoli",1998,1999,2
"Paolo Cannavaro",Italy,"centre-back, full-back","Parma Calcio 1913",1999,2006,92
"Paolo Cannavaro",Italy,"centre-back, full-back","Hellas Verona FC",2001,2002,24
"Paolo Cannavaro",Italy,"centre-back, full-back","SSC Napoli",2006,2014,236
"Paolo Cannavaro",Italy,"centre-back, full-back","US Sassuolo Calcio",2014,2014,16
"Paolo De Ceglie",Italy,full-back,"Juventus FC",2006,2007,8
"Paolo De Ceglie",Italy,full-back,"Siena FC",2007,2008,29
"Paolo De Ceglie",Italy,full-back,"Juventus FC",2008,2014,90
"Paolo De Ceglie",Italy,full-back,"Genoa CFC",2013,2014,12
"Paolo De Ceglie",Italy,full-back,"Genoa CFC",2014,2014,12
"Paolo De Ceglie",Italy,full-back,"Parma Calcio 1913",2014,2015,11
"Paolo De Ceglie",Italy,full-back,"Olympique de Marseille",2015,,
"Paolo De Ceglie",Italy,full-back,"Juventus FC",2015,2015,2
"Paolo Maldini",Italy,centre-back,"AC Milan",1985,2019,1987
"Paolo Montero",Uruguay,"centre-back, defender","Club Atlético Peñarol",1990,1992,34
"Paolo Montero",Uruguay,"centre-back, defender","Atalanta BC",1992,1996,114
"Paolo Montero",Uruguay,"centre-back, defender","Juventus FC",1996,2005,186
"Paolo Montero",Uruguay,"centre-back, defender","Club Atlético Peñarol",2006,2007,26
"Park Ji-Sung","South Korea","wing half","Kyoto Sanga FC",2000,2003,76
"Park Ji-Sung","South Korea","wing half","PSV Eindhoven",2003,2005,65
"Park Ji-Sung","South Korea","wing half","Manchester United F.C.",2005,2012,134
"Park Ji-Sung","South Korea","wing half","Queens Park Rangers F.C.",2012,2014,20
"Park Ji-Sung","South Korea","wing half","PSV Eindhoven",2013,2014,23
"Pat Nevin","United Kingdom","wing half","Clyde F.C.",1981,1983,73
"Pat Nevin","United Kingdom","wing half","Chelsea F.C.",1983,1988,193
"Pat Nevin","United Kingdom","wing half","Everton F.C.",1988,1992,109
"Pat Nevin","United Kingdom","wing half","Tranmere Rovers F.C.",1992,1997,193
"Pat Nevin","United Kingdom","wing half","Kilmarnock F.C.",1997,1998,34
"Pat Nevin","United Kingdom","wing half","Motherwell F.C.",1998,2000,58
"Patrice Evra","Senegal, France",full-back,"Marsala Football Club",1998,1999,24
"Patrice Evra","Senegal, France",full-back,"AC Monza",1999,2000,3
"Patrice Evra","Senegal, France",full-back,"OGC Nice",2000,2002,40
"Patrice Evra","Senegal, France",full-back,"AS Monaco FC",2002,2006,120
"Patrice Evra","Senegal, France",full-back,"Manchester United F.C.",2006,2014,273
"Patrice Evra","Senegal, France",full-back,"Juventus FC",2014,2017,53
"Patrice Evra","Senegal, France",full-back,"Olympique de Marseille",2017,2017,15
"Patrice Evra","Senegal, France",full-back,"West Ham United F.C.",2018,2018,5
"Patricio Toranzo",Argentina,midfielder,"Club Atlético River Plate",2004,2005,3
"Patricio Toranzo",Argentina,midfielder,"Club Atlético Huracán",2007,2010,69
"Patricio Toranzo",Argentina,midfielder,"Racing Club",2010,2012,58
"Patricio Toranzo",Argentina,midfielder,"Shanghai Shenhua F.C.",2013,2013,25
"Patricio Toranzo",Argentina,midfielder,"Club Atlético Huracán",2014,,
"Patrick Kluivert","Kingdom of the Netherlands",forward,"AFC Ajax",1994,1997,70
"Patrick Kluivert","Kingdom of the Netherlands",forward,"AC Milan",1997,1998,27
"Patrick Kluivert","Kingdom of the Netherlands",forward,"Newcastle United F.C.",2004,2005,25
"Patrick Kluivert","Kingdom of the Netherlands",forward,"Valencia CF",2005,2006,10
"Patrick Kluivert","Kingdom of the Netherlands",forward,"PSV Eindhoven",2006,2007,16
"Patrick Kluivert","Kingdom of the Netherlands",forward,"Lille OSC",2007,2008,13
"Patrick Mölzl",Germany,midfielder,"FC Bayern Munich",1998,2002,99
"Patrick Mölzl",Germany,midfielder,"SpVgg Greuther Fürth",2002,2003,7
"Patrick Mölzl",Germany,midfielder,"FC St. Pauli",2003,2004,26
"Patrick Mölzl",Germany,midfielder,"FC Augsburg",2004,2009,131
"Patrick Mölzl",Germany,midfielder,"FC Ingolstadt 04",2010,2011,14
"Patrick Mölzl",Germany,midfielder,"SV Kirchanschöring",2013,,
"Patrick Vieira",France,"defensive midfielder","AS Cannes",1993,1995,49
"Patrick Vieira",France,"defensive midfielder","AC Milan",1995,1996,2
"Patrick Vieira",France,"defensive midfielder","Arsenal F.C.",1996,2005,406
"Patrick Vieira",France,"defensive midfielder","Juventus FC",2005,2006,31
"Patrick Vieira",France,"defensive midfielder","Inter Milan",2006,2010,91
"Patrick Vieira",France,"defensive midfielder","Manchester City F.C.",2010,2011,28
"Patrick Würll",Germany,forward,"FC Bayern Munich",1996,2000,82
"Patrick Würll",Germany,forward,"Kickers Offenbach",2000,2002,58
"Patrick Würll",Germany,forward,"SSV Reutlingen 05",2002,2003,19
"Patrick Würll",Germany,forward,"VfB Lübeck",2003,2004,19
"Patrick Würll",Germany,forward,"Holstein Kiel",2004,2006,51
"Patrick Würll",Germany,forward,"Dynamo Dresden",2006,2008,32
"Patrick Würll",Germany,forward,"SSV Jahn Regensburg",2008,2010,45
"Patrick Würll",Germany,forward,"BC Aichach",2010,2011,7
"Patrik Berger","Czechoslovakia, Czech Republic","wing half","AC Sparta Prague",1989,1991,
"Patrik Berger","Czechoslovakia, Czech Republic","wing half","SK Slavia Prague",1991,1995,90
"Patrik Berger","Czechoslovakia, Czech Republic","wing half","Borussia Dortmund",1995,1996,27
"Patrik Berger","Czechoslovakia, Czech Republic","wing half","Liverpool F.C.",1996,2003,149
"Patrik Berger","Czechoslovakia, Czech Republic","wing half","Portsmouth F.C.",2003,2005,52
"Patrik Berger","Czechoslovakia, Czech Republic","wing half","Aston Villa F.C.",2005,2008,29
"Patrik Berger","Czechoslovakia, Czech Republic","wing half","Stoke City F.C.",2006,2007,7
"Patrik Berger","Czechoslovakia, Czech Republic","wing half","AC Sparta Prague",2008,2010,23
"Patxi Ferreira",Spain,centre-back,"Athletic Bilbao B",1984,1987,79
"Patxi Ferreira",Spain,centre-back,"Athletic Club",1985,1989,91
"Patxi Ferreira",Spain,centre-back,"Atlético Madrid",1989,1995,150
"Patxi Ferreira",Spain,centre-back,"Sevilla FC",1993,1994,33
"Patxi Ferreira",Spain,centre-back,"Valencia CF",1995,1997,71
"Patxi Ferreira",Spain,centre-back,"Athletic Club",1997,2000,78
"Patxi Ferreira",Spain,centre-back,"Rayo Vallecano",2000,2001,13
"Pau Torres",Spain,defender,"Villarreal CF B",2016,2018,59
"Pau Torres",Spain,defender,"Villarreal CF C",2016,2017,
"Pau Torres",Spain,defender,"Villarreal CF",2017,2023,136
"Pau Torres",Spain,defender,"Málaga CF",2018,2019,38
"Pau Torres",Spain,defender,"Aston Villa F.C.",2023,,73
"Paul Dickov","United Kingdom",forward,"Arsenal F.C.",1990,1996,22
"Paul Dickov","United Kingdom",forward,"Luton Town F.C.",1993,1993,15
"Paul Dickov","United Kingdom",forward,"Brighton & Hove Albion F.C.",1994,1994,8
"Paul Dickov","United Kingdom",forward,"Manchester City F.C.",1996,2002,158
"Paul Dickov","United Kingdom",forward,"Leicester City F.C.",2002,2004,89
"Paul Dickov","United Kingdom",forward,"Blackburn Rovers F.C.",2004,2006,50
"Paul Dickov","United Kingdom",forward,"Manchester City F.C.",2006,2008,16
"Paul Dickov","United Kingdom",forward,"Crystal Palace F.C.",2007,2007,9
"Paul Dickov","United Kingdom",forward,"Blackpool F.C.",2008,2008,11
"Paul Dickov","United Kingdom",forward,"Leicester City F.C.",2008,2010,21
"Paul Dickov","United Kingdom",forward,"Derby County F.C.",2009,2009,16
"Paul Dickov","United Kingdom",forward,"Leeds United F.C.",2010,2010,4
"Paul Dickov","United Kingdom",forward,"Oldham Athletic A.F.C.",2010,2011,2
"Paul Dummett","United Kingdom",defender,"Newcastle United F.C.",2010,2024,196
"Paul Dummett","United Kingdom",defender,"Gateshead F.C.",2012,2012,10
"Paul Dummett","United Kingdom",defender,"St. Mirren F.C.",2012,2013,36
"Paul Gascoigne","United Kingdom",midfielder,"Newcastle United F.C.",1985,1988,92
"Paul Gascoigne","United Kingdom",midfielder,"Tottenham Hotspur F.C.",1988,1992,92
"Paul Gascoigne","United Kingdom",midfielder,"SS Lazio",1992,1995,43
"Paul Gascoigne","United Kingdom",midfielder,"Rangers F.C.",1995,1998,74
"Paul Gascoigne","United Kingdom",midfielder,"Middlesbrough F.C.",1998,2000,41
"Paul Gascoigne","United Kingdom",midfielder,"Everton F.C.",2000,2002,32
"Paul Gascoigne","United Kingdom",midfielder,"Burnley F.C.",2002,2002,6
"Paul Gascoigne","United Kingdom",midfielder,"Gansu Tianma F.C.",2003,2003,4
"Paul Gascoigne","United Kingdom",midfielder,"Boston United F.C.",2004,2004,4
"Paul Gerrard","United Kingdom",goalkeeper,"Oldham Athletic A.F.C.",1991,1996,119
"Paul Gerrard","United Kingdom",goalkeeper,"Everton F.C.",1996,2004,90
"Paul Gerrard","United Kingdom",goalkeeper,"Oxford United F.C.",1998,1999,16
"Paul Gerrard","United Kingdom",goalkeeper,"Ipswich Town F.C.",2002,2002,5
"Paul Gerrard","United Kingdom",goalkeeper,"Sheffield United F.C.",2003,2003,16
"Paul Gerrard","United Kingdom",goalkeeper,"Nottingham Forest F.C.",2004,2006,64
"Paul Gerrard","United Kingdom",goalkeeper,"Sheffield United F.C.",2006,2008,2
"Paul Gerrard","United Kingdom",goalkeeper,"Blackpool F.C.",2008,2008,0
"Paul Gerrard","United Kingdom",goalkeeper,"Stockport County F.C.",2009,2010,0
"Paul Gerrard","United Kingdom",goalkeeper,"Oldham Athletic A.F.C.",2010,2013,1
"Paul Ince","United Kingdom",midfielder,"West Ham United F.C.",1986,1989,72
"Paul Ince","United Kingdom",midfielder,"Manchester United F.C.",1989,1995,206
"Paul Ince","United Kingdom",midfielder,"Inter Milan",1995,1997,54
"Paul Ince","United Kingdom",midfielder,"Liverpool F.C.",1997,1999,65
"Paul Ince","United Kingdom",midfielder,"Middlesbrough F.C.",1999,2002,93
"Paul Ince","United Kingdom",midfielder,"Wolverhampton Wanderers F.C.",2002,2006,115
"Paul Ince","United Kingdom",midfielder,"Swindon Town F.C.",2006,2006,3
"Paul Ince","United Kingdom",midfielder,"Macclesfield Town F.C.",2007,2007,1
"Paul Merson","United Kingdom","wing half","Arsenal F.C.",1985,1997,289
"Paul Merson","United Kingdom","wing half","Brentford F.C.",1987,1987,6
"Paul Merson","United Kingdom","wing half","Middlesbrough F.C.",1997,1998,48
"Paul Merson","United Kingdom","wing half","Aston Villa F.C.",1998,2002,101
"Paul Merson","United Kingdom","wing half","Portsmouth F.C.",2002,2003,44
"Paul Merson","United Kingdom","wing half","Walsall F.C.",2003,2006,68
"Paul Merson","United Kingdom","wing half","Tamworth F.C.",2006,2006,1
"Paul Merson","United Kingdom","wing half","Welshpool Town F.C.",2012,2012,1
"Paul Pogba",France,midfielder,"Manchester United F.C.",2011,2012,3
"Paul Pogba",France,midfielder,"Juventus FC",2012,2016,124
"Paul Pogba",France,midfielder,"Manchester United F.C.",2016,2022,154
"Paul Pogba",France,midfielder,"Juventus FC",2022,2024,8
"Paul Pogba",France,midfielder,"AS Monaco FC",2025,,6
"Paul Rideout","United Kingdom",forward,"Swindon Town F.C.",1980,1983,95
"Paul Rideout","United Kingdom",forward,"Aston Villa F.C.",1983,1985,54
"Paul Rideout","United Kingdom",forward,"SSC Bari",1985,1988,99
"Paul Rideout","United Kingdom",forward,"Southampton F.C.",1988,1991,75
"Paul Rideout","United Kingdom",forward,"Swindon Town F.C.",1990,1991,9
"Paul Rideout","United Kingdom",forward,"Notts County F.C.",1991,1991,11
"Paul Rideout","United Kingdom",forward,"Rangers F.C.",1992,1992,12
"Paul Rideout","United Kingdom",forward,"Everton F.C.",1992,1997,111
"Paul Rideout","United Kingdom",forward,"Chongqing Liangjiang Athletic F.C.",1997,1997,18
"Paul Rideout","United Kingdom",forward,"Sporting Kansas City",1998,1999,27
"Paul Rideout","United Kingdom",forward,"Chongqing Liangjiang Athletic F.C.",1999,1999,26
"Paul Rideout","United Kingdom",forward,"Shenzhen F.C.",2000,2000,10
"Paul Rideout","United Kingdom",forward,"Tranmere Rovers F.C.",2000,2002,46
"Paul Robinson","United Kingdom",goalkeeper,"Leeds United F.C.",1998,2004,95
"Paul Robinson","United Kingdom",goalkeeper,"Tottenham Hotspur F.C.",2004,2008,137
"Paul Robinson","United Kingdom",goalkeeper,"Blackburn Rovers F.C.",2008,2015,189
"Paul Robinson","United Kingdom",goalkeeper,"Burnley F.C.",2016,2017,3
"Paul Scholes","United Kingdom",midfielder,"Manchester United F.C.",1993,2011,466
"Paul Scholes","United Kingdom",midfielder,"Manchester United F.C.",2012,2013,33
"Paul Simpson","United Kingdom","wing half","Manchester City F.C.",1983,1988,121
"Paul Simpson","United Kingdom","wing half","Finn Harps F.C.",1984,1985,6
"Paul Simpson","United Kingdom","wing half","Oxford United F.C.",1988,1992,144
"Paul Simpson","United Kingdom","wing half","Derby County F.C.",1992,1997,186
"Paul Simpson","United Kingdom","wing half","Sheffield United F.C.",1996,1996,6
"Paul Simpson","United Kingdom","wing half","Wolverhampton Wanderers F.C.",1997,2000,52
"Paul Simpson","United Kingdom","wing half","Walsall F.C.",1998,1998,10
"Paul Simpson","United Kingdom","wing half","Blackpool F.C.",2000,2002,76
"Paul Simpson","United Kingdom","wing half","Rochdale A.F.C.",2002,2003,42
"Paul Simpson","United Kingdom","wing half","Carlisle United F.C.",2003,2006,36
"Paul Stewart","United Kingdom",forward,"Blackpool F.C.",1981,1987,201
"Paul Stewart","United Kingdom",forward,"Manchester City F.C.",1987,1988,51
"Paul Stewart","United Kingdom",forward,"Tottenham Hotspur F.C.",1988,1992,131
"Paul Stewart","United Kingdom",forward,"Liverpool F.C.",1992,1996,32
"Paul Stewart","United Kingdom",forward,"Crystal Palace F.C.",1994,1994,18
"Paul Stewart","United Kingdom",forward,"Wolverhampton Wanderers F.C.",1994,1994,8
"Paul Stewart","United Kingdom",forward,"Sunderland A.F.C.",1995,1995,2
"Paul Stewart","United Kingdom",forward,"Burnley F.C.",1995,1995,8
"Paul Stewart","United Kingdom",forward,"Sunderland A.F.C.",1996,1997,34
"Paul Stewart","United Kingdom",forward,"Stoke City F.C.",1997,1998,21
"Paul Stewart","United Kingdom",forward,"Workington A.F.C.",1998,2000,55
"Paula Mateo",Spain,defender,"Athletic Club",2005,2010,89
"Paulo Assunção","Brazil, Portugal",midfielder,"Sociedade Esportiva Palmeiras",1998,2000,0
"Paulo Assunção","Brazil, Portugal",midfielder,"FC Porto B",2000,2001,36
"Paulo Assunção","Brazil, Portugal",midfielder,"Sociedade Esportiva Palmeiras",2000,2000,0
"Paulo Assunção","Brazil, Portugal",midfielder,"Sociedade Esportiva Palmeiras",2001,2001,24
"Paulo Assunção","Brazil, Portugal",midfielder,"C.D. Nacional",2002,2004,50
"Paulo Assunção","Brazil, Portugal",midfielder,"FC Porto",2004,2008,73
"Paulo Assunção","Brazil, Portugal",midfielder,"Atlético Madrid",2008,2012,97
"Paulo Assunção","Brazil, Portugal",midfielder,"São Paulo FC",2012,2012,11
"Paulo Assunção","Brazil, Portugal",midfielder,"Deportivo de La Coruña",2013,2013,9
"Paulo Assunção","Brazil, Portugal",midfielder,"Levadiakos F.C.",2014,2014,0
"Paulo Dybala","Argentina, Italy","midfielder, forward, inside forward","Club Sport Emelec",2011,2012,38
"Paulo Dybala","Argentina, Italy","midfielder, forward, inside forward","Palermo F.C.",2012,2015,89
"Paulo Dybala","Argentina, Italy","midfielder, forward, inside forward","Juventus FC",2015,2022,210
"Paulo Dybala","Argentina, Italy","midfielder, forward, inside forward","AS Roma",2022,,94
"Paulo Ferreira",Portugal,defender,"G.D. Estoril Praia",1997,2000,37
"Paulo Ferreira",Portugal,defender,"Vitória F.C.",2000,2002,67
"Paulo Ferreira",Portugal,defender,"FC Porto",2002,2004,62
"Paulo Ferreira",Portugal,defender,"Chelsea F.C.",2004,2013,141
"Pavel Nedvěd","Czech Republic",midfielder,"Dukla Prague",1989,1992,19
"Pavel Nedvěd","Czech Republic",midfielder,"Dukla Prague",1991,1992,19
"Pavel Nedvěd","Czech Republic",midfielder,"AC Sparta Prague",1992,1995,97
"Pavel Nedvěd","Czech Republic",midfielder,"SS Lazio",1995,1999,138
"Pavel Nedvěd","Czech Republic",midfielder,"Juventus FC",1999,2009,247
"Pavel Srniček","Czech Republic",goalkeeper,"FC Baník Ostrava",1990,1991,30
"Pavel Srniček","Czech Republic",goalkeeper,"Newcastle United F.C.",1991,1998,150
"Pavel Srniček","Czech Republic",goalkeeper,"Sheffield Wednesday F.C.",1998,2000,44
"Pavel Srniček","Czech Republic",goalkeeper,"FC Baník Ostrava",1998,1998,6
"Pavel Srniček","Czech Republic",goalkeeper,"Brescia Calcio",2000,2003,32
"Pavel Srniček","Czech Republic",goalkeeper,"Cosenza Calcio",2003,2003,9
"Pavel Srniček","Czech Republic",goalkeeper,"Portsmouth F.C.",2003,2004,3
"Pavel Srniček","Czech Republic",goalkeeper,"Cosenza Calcio 1914",2003,2003,9
"Pavel Srniček","Czech Republic",goalkeeper,"West Ham United F.C.",2004,2004,1
"Pavel Srniček","Czech Republic",goalkeeper,"S.C. Beira-Mar",2004,2006,63
"Pavel Srniček","Czech Republic",goalkeeper,"Newcastle United F.C.",2006,2007,2
Pedri,Spain,centerhalf,"UD Las Palmas",2019,2020,36
Pedro,Spain,forward,"FC Barcelona C",2005,2007,71
Pedro,Spain,forward,"FC Barcelona Atlètic",2007,2009,51
Pedro,Spain,forward,"Chelsea F.C.",2015,2020,137
Pedro,Spain,forward,"AS Roma",2020,2021,27
Pedro,Spain,forward,"SS Lazio",2021,,142
"Pep Guardiola",Spain,midfielder,"FC Barcelona Atlètic",1984,1990,59
"Pep Guardiola",Spain,midfielder,"Brescia Calcio",2001,2002,11
"Pep Guardiola",Spain,midfielder,"AS Roma",2002,2003,4
"Pep Guardiola",Spain,midfielder,"Al Ahli SC",2003,2005,36
"Pep Guardiola",Spain,midfielder,"Brescia Calcio",2003,2003,13
"Pep Guardiola",Spain,midfielder,"Dorados de Sinaloa",2005,2006,10
Pepe,"Brazil, Portugal",centre-back,"C.S. Marítimo B",2001,2002,14
Pepe,"Brazil, Portugal",centre-back,"C.S. Marítimo",2002,2004,63
Pepe,"Brazil, Portugal",centre-back,"FC Porto",2004,2007,64
Pepe,"Brazil, Portugal",centre-back,"Real Madrid Club de Fútbol",2007,2017,290
Pepe,"Brazil, Portugal",centre-back,"Beşiktaş J.K. (Football)",2017,2019,33
Pepe,"Brazil, Portugal",centre-back,"FC Porto",2019,2024,132
"Pepe Reina",Spain,goalkeeper,"FC Barcelona Atlètic",1999,2000,41
"Pepe Reina",Spain,goalkeeper,"FC Barcelona C",1999,1999,3
"Pepe Reina",Spain,goalkeeper,"Villarreal CF",2002,2005,109
"Pepe Reina",Spain,goalkeeper,"Liverpool F.C.",2005,2014,285
"Pepe Reina",Spain,goalkeeper,"SSC Napoli",2013,2014,30
"Pepe Reina",Spain,goalkeeper,"FC Bayern Munich",2014,2015,3
"Pepe Reina",Spain,goalkeeper,"SSC Napoli",2015,2018,111
"Pepe Reina",Spain,goalkeeper,"AC Milan",2018,2020,5
"Pepe Reina",Spain,goalkeeper,"Aston Villa F.C.",2020,2020,12
"Pepe Reina",Spain,goalkeeper,"SS Lazio",2020,2022,44
"Pepe Reina",Spain,goalkeeper,"Villarreal CF",2022,2024,24
"Pepe Reina",Spain,goalkeeper,"Como 1907",2024,2025,12
"Per Mertesacker",Germany,"centre-back, defender","Hannover 96",2003,2006,16
"Per Mertesacker",Germany,"centre-back, defender","SV Werder Bremen",2006,2011,146
"Per Mertesacker",Germany,"centre-back, defender","Arsenal F.C.",2011,2018,156
"Peter Beagrie","United Kingdom","wing half","Middlesbrough F.C.",1983,1986,33
"Peter Beagrie","United Kingdom","wing half","Sheffield United F.C.",1986,1988,84
"Peter Beagrie","United Kingdom","wing half","Stoke City F.C.",1988,1989,54
"Peter Beagrie","United Kingdom","wing half","Everton F.C.",1989,1994,114
"Peter Beagrie","United Kingdom","wing half","Sunderland A.F.C.",1991,1991,5
"Peter Beagrie","United Kingdom","wing half","Manchester City F.C.",1994,1997,52
"Peter Beagrie","United Kingdom","wing half","Bradford City A.F.C.",1997,2001,132
"Peter Beagrie","United Kingdom","wing half","Everton F.C.",1998,1998,6
"Peter Beagrie","United Kingdom","wing half","Wigan Athletic F.C.",2001,2001,10
"Peter Beagrie","United Kingdom","wing half","Scunthorpe United F.C.",2001,2006,172
"Peter Beagrie","United Kingdom","wing half","Grimsby Town F.C.",2006,2006,9
"Peter Crouch","United Kingdom",forward,"Tottenham Hotspur F.C.",1998,2000,0
"Peter Crouch","United Kingdom",forward,"IFK Hässleholm",2000,2000,8
"Peter Crouch","United Kingdom",forward,"Queens Park Rangers F.C.",2000,2001,42
"Peter Crouch","United Kingdom",forward,"Dulwich Hamlet F.C.",2000,2000,6
"Peter Crouch","United Kingdom",forward,"Portsmouth F.C.",2001,2002,37
"Peter Crouch","United Kingdom",forward,"Aston Villa F.C.",2002,2004,37
"Peter Crouch","United Kingdom",forward,"Norwich City F.C.",2003,2003,15
"Peter Crouch","United Kingdom",forward,"Southampton F.C.",2004,2005,27
"Peter Crouch","United Kingdom",forward,"Liverpool F.C.",2005,2008,85
"Peter Crouch","United Kingdom",forward,"Portsmouth F.C.",2008,2009,38
"Peter Crouch","United Kingdom",forward,"Tottenham Hotspur F.C.",2009,2011,73
"Peter Crouch","United Kingdom",forward,"Stoke City F.C.",2011,2019,212
"Peter Crouch","United Kingdom",forward,"Burnley F.C.",2019,,
"Peter Davenport","United Kingdom","midfielder, forward","Cammell Laird F.C.",1980,1982,
"Peter Davenport","United Kingdom","midfielder, forward","Nottingham Forest F.C.",1982,1986,118
"Peter Davenport","United Kingdom","midfielder, forward","Manchester United F.C.",1986,1988,92
"Peter Davenport","United Kingdom","midfielder, forward","Middlesbrough F.C.",1988,1990,59
"Peter Davenport","United Kingdom","midfielder, forward","Sunderland A.F.C.",1990,1993,99
"Peter Davenport","United Kingdom","midfielder, forward","Airdrieonians F.C.",1993,1994,38
"Peter Davenport","United Kingdom","midfielder, forward","Airdrieonians F.C.",1993,1994,38
"Peter Davenport","United Kingdom","midfielder, forward","St Johnstone F.C.",1994,1995,22
"Peter Davenport","United Kingdom","midfielder, forward","Southport F.C.",1995,1997,58
"Peter Davenport","United Kingdom","midfielder, forward","Stockport County F.C.",1995,1995,6
"Peter Davenport","United Kingdom","midfielder, forward","Macclesfield Town F.C.",1997,2000,20
"Peter Davenport","United Kingdom","midfielder, forward","Bangor City F.C.",2001,2004,8
"Peter Davenport","United Kingdom","midfielder, forward","Congleton Town F.C.",2001,2001,2
"Peter Luccin",France,midfielder,"AS Cannes",1996,1997,13
"Peter Luccin",France,midfielder,"FC Girondins de Bordeaux",1997,1998,41
"Peter Luccin",France,midfielder,"Olympique de Marseille",1998,2000,51
"Peter Luccin",France,midfielder,"Paris Saint-Germain FC",2000,2001,26
"Peter Luccin",France,midfielder,"RC Celta de Vigo",2001,2004,97
"Peter Luccin",France,midfielder,"Atlético Madrid",2004,2007,89
"Peter Luccin",France,midfielder,"Real Zaragoza",2007,2010,31
"Peter Luccin",France,midfielder,"Racing de Santander",2008,2009,23
"Peter Luccin",France,midfielder,"FC Lausanne-Sport",2011,2012,7
"Peter Luccin",France,midfielder,"FC Dallas",2013,2014,14
"Peter Schmeichel","Kingdom of Denmark",goalkeeper,Gladsaxe-Hero,1981,1984,46
"Peter Schmeichel","Kingdom of Denmark",goalkeeper,"Hvidovre IF",1984,1987,78
"Peter Schmeichel","Kingdom of Denmark",goalkeeper,"Brøndby IF",1987,1991,119
"Peter Schmeichel","Kingdom of Denmark",goalkeeper,"Manchester United F.C.",1991,1999,292
"Peter Schmeichel","Kingdom of Denmark",goalkeeper,"Sporting CP",1999,2001,55
"Peter Schmeichel","Kingdom of Denmark",goalkeeper,"Aston Villa F.C.",2001,2002,29
"Peter Schmeichel","Kingdom of Denmark",goalkeeper,"Manchester City F.C.",2002,2003,29
"Petr Čech","Czech Republic","goalkeeper, goaltender","FK Chmel Blšany",1999,2001,27
"Petr Čech","Czech Republic","goalkeeper, goaltender","AC Sparta Prague",2001,2002,27
"Petr Čech","Czech Republic","goalkeeper, goaltender","Stade Rennais F.C.",2002,2004,70
"Petr Čech","Czech Republic","goalkeeper, goaltender","Chelsea F.C.",2004,2015,333
"Petr Čech","Czech Republic","goalkeeper, goaltender","Arsenal F.C.",2015,2019,110
"Phil Babb",Ireland,defender,"Bradford City A.F.C.",1990,1992,80
"Phil Babb",Ireland,defender,"Coventry City F.C.",1992,1994,77
"Phil Babb",Ireland,defender,"Liverpool F.C.",1994,2000,128
"Phil Babb",Ireland,defender,"Tranmere Rovers F.C.",2000,2000,4
"Phil Babb",Ireland,defender,"Sporting CP",2000,2002,37
"Phil Babb",Ireland,defender,"Sunderland A.F.C.",2002,2004,48
"Phil Foden","United Kingdom",midfielder,"Manchester City F.C.",2016,,218
"Phil Jagielka","United Kingdom",centre-back,"Sheffield United F.C.",2000,2007,254
"Phil Jagielka","United Kingdom",centre-back,"Everton F.C.",2007,2019,322
"Phil Jagielka","United Kingdom",centre-back,"Sheffield United F.C.",2019,2021,16
"Phil Jagielka","United Kingdom",centre-back,"Derby County F.C.",2021,2022,20
"Phil Jagielka","United Kingdom",centre-back,"Stoke City F.C.",2022,2023,47
"Phil Jones","United Kingdom","defender, defensive midfielder","Blackburn Rovers F.C.",2009,2011,35
"Phil Jones","United Kingdom","defender, defensive midfielder","Manchester United F.C.",2011,2023,169
"Phil Neville","United Kingdom",defender,"Manchester United F.C.",1995,2005,263
"Phil Neville","United Kingdom",defender,"Everton F.C.",2005,2013,242
"Philipp Lahm",Germany,full-back,"FC Bayern Munich",2002,2017,332
"Philipp Lahm",Germany,full-back,"VfB Stuttgart",2003,2005,54
"Philippe Albert",Belgium,"centre-back, defender","Royal Charleroi S.C.",1985,1989,97
"Philippe Albert",Belgium,"centre-back, defender","KV Mechelen",1989,1992,87
"Philippe Albert",Belgium,"centre-back, defender","R.S.C. Anderlecht",1992,1994,50
"Philippe Albert",Belgium,"centre-back, defender","Newcastle United F.C.",1994,1999,96
"Philippe Albert",Belgium,"centre-back, defender","Fulham F.C.",1998,1999,13
"Philippe Albert",Belgium,"centre-back, defender","Fulham F.C.",1999,1999,13
"Philippe Albert",Belgium,"centre-back, defender","Royal Charleroi S.C.",1999,2000,14
"Philippe Coutinho","Brazil, Portugal, Spain","winger, wing half","Inter Milan",2008,2013,28
"Philippe Coutinho","Brazil, Portugal, Spain","winger, wing half","CR Vasco da Gama",2009,2010,19
"Philippe Coutinho","Brazil, Portugal, Spain","winger, wing half","RCD Espanyol de Barcelona",2012,2012,16
"Philippe Coutinho","Brazil, Portugal, Spain","winger, wing half","Liverpool F.C.",2013,2018,152
"Philippe Coutinho","Brazil, Portugal, Spain","winger, wing half","FC Bayern Munich",2019,2020,23
"Philippe Coutinho","Brazil, Portugal, Spain","winger, wing half","Aston Villa F.C.",2022,2025,22
"Philippe Coutinho","Brazil, Portugal, Spain","winger, wing half","Al-Duhail SC",2023,2024,16
"Philippe Coutinho","Brazil, Portugal, Spain","winger, wing half","CR Vasco da Gama",2024,2025,31
"Philippe Coutinho","Brazil, Portugal, Spain","winger, wing half","CR Vasco da Gama",2025,,22
"Philippe Mexès",France,sweeper,"AJ Auxerre",1999,2004,133
"Philippe Mexès",France,sweeper,"AS Roma",2004,2011,183
"Philippe Mexès",France,sweeper,"AC Milan",2011,2016,84
"Phillip Cocu","Kingdom of the Netherlands",midfielder,"AZ Alkmaar",1988,1990,50
"Phillip Cocu","Kingdom of the Netherlands",midfielder,"SBV Vitesse",1990,1995,137
"Phillip Cocu","Kingdom of the Netherlands",midfielder,"PSV Eindhoven",1995,1998,95
"Phillip Cocu","Kingdom of the Netherlands",midfielder,"PSV Eindhoven",2004,2007,94
"Phillip Cocu","Kingdom of the Netherlands",midfielder,"Al Jazira Club",2007,2008,17
"Pierluigi Casiraghi",Italy,forward,"AC Monza",1985,1989,94
"Pierluigi Casiraghi",Italy,forward,"Juventus FC",1989,1993,98
"Pierluigi Casiraghi",Italy,forward,"SS Lazio",1993,1998,140
"Pierluigi Casiraghi",Italy,forward,"Chelsea F.C.",1998,2000,10
"Pierre Kalulu","Democratic Republic of the Congo, France",defender,"AC Milan",2020,,84
"Pierre Kalulu","Democratic Republic of the Congo, France",defender,"Juventus FC",2024,2025,29
"Pierre Kalulu","Democratic Republic of the Congo, France",defender,"Juventus FC",2025,,0
"Pierre-Emerick Aubameyang","Gabon, France, Spain",centre-forward,"Stade Lavallois",1999,2001,
"Pierre-Emerick Aubameyang","Gabon, France, Spain",centre-forward,"AC Milan",2007,2011,0
"Pierre-Emerick Aubameyang","Gabon, France, Spain",centre-forward,"Dijon FCO",2008,2009,34
"Pierre-Emerick Aubameyang","Gabon, France, Spain",centre-forward,"Lille OSC",2009,2010,14
"Pierre-Emerick Aubameyang","Gabon, France, Spain",centre-forward,"AS Monaco FC",2010,2011,19
"Pierre-Emerick Aubameyang","Gabon, France, Spain",centre-forward,"AS Saint-Étienne",2011,2013,87
"Pierre-Emerick Aubameyang","Gabon, France, Spain",centre-forward,"Borussia Dortmund",2013,2018,144
"Pierre-Emerick Aubameyang","Gabon, France, Spain",centre-forward,"Arsenal F.C.",2018,2022,128
"Pierre-Emerick Aubameyang","Gabon, France, Spain",centre-forward,"Chelsea F.C.",2022,2023,15
"Pierre-Emerick Aubameyang","Gabon, France, Spain",centre-forward,"Olympique de Marseille",2023,2024,34
"Pierre-Emerick Aubameyang","Gabon, France, Spain",centre-forward,"Al Qadsiah FC",2024,2025,32
"Pierre-Emerick Aubameyang","Gabon, France, Spain",centre-forward,"Olympique de Marseille",2025,,10
"Pierre-Emile Højbjerg","Kingdom of Denmark, France",midfielder,"FC Bayern Munich",2013,2015,17
"Pierre-Emile Højbjerg","Kingdom of Denmark, France",midfielder,"FC Augsburg",2015,2015,16
"Pierre-Emile Højbjerg","Kingdom of Denmark, France",midfielder,"Schalke 04",2015,2016,23
"Pierre-Emile Højbjerg","Kingdom of Denmark, France",midfielder,"Southampton F.C.",2016,2020,109
"Pierre-Emile Højbjerg","Kingdom of Denmark, France",midfielder,"Tottenham Hotspur F.C.",2020,2025,145
"Pierre-Emile Højbjerg","Kingdom of Denmark, France",midfielder,"Olympique de Marseille",2024,2025,30
"Pierre-Emile Højbjerg","Kingdom of Denmark, France",midfielder,"Olympique de Marseille",2025,,13
"Piotr Zieliński",Poland,midfielder,"Zagłębie Lubin",2010,2011,0
"Piotr Zieliński",Poland,midfielder,"Udinese Calcio",2012,2016,19
"Piotr Zieliński",Poland,midfielder,"Empoli FC",2014,2016,63
"Piotr Zieliński",Poland,midfielder,"SSC Napoli",2016,2024,281
"Piotr Zieliński",Poland,midfielder,"Inter Milan",2024,,34
"Predrag Mijatović",Montenegro,forward,"FK Budućnost Podgorica",1987,1989,72
"Predrag Mijatović",Montenegro,forward,"FK Partizan",1989,1993,104
"Predrag Mijatović",Montenegro,forward,"Valencia CF",1993,1996,104
"Predrag Mijatović",Montenegro,forward,"Real Madrid Club de Fútbol",1996,1999,90
"Predrag Mijatović",Montenegro,forward,"ACF Fiorentina",1999,2002,42
"Predrag Mijatović",Montenegro,forward,"Levante UD",2002,2004,21
Q151025,Poland,"midfielder, wing half",Q20032615,2003,2004,24
Q151025,Poland,"midfielder, wing half","Wisła Kraków",2004,2007,51
Q151025,Poland,"midfielder, wing half","Borussia Dortmund",2007,2016,197
Q151025,Poland,"midfielder, wing half","ACF Fiorentina",2015,2016,15
Q151025,Poland,"midfielder, wing half","VfL Wolfsburg",2016,2019,38
Q151025,Poland,"midfielder, wing half","Wisła Kraków",2019,2023,50
"Quique Álvarez",Spain,defender,"FC Barcelona Atlètic",1993,1997,78
"Quique Álvarez",Spain,defender,"CD Logroñés",1997,1998,16
"Quique Álvarez",Spain,defender,"UE Lleida",1998,2000,75
"Quique Álvarez",Spain,defender,"Villarreal CF",2000,2007,188
"Quique Álvarez",Spain,defender,"Recreativo de Huelva",2007,2009,12
"Rade Krunić","Bosnia and Herzegovina",midfielder,"FK Sutjeska Foča",2012,2013,15
"Rade Krunić","Bosnia and Herzegovina",midfielder,"FK Donji Srem",2013,2014,40
"Rade Krunić","Bosnia and Herzegovina",midfielder,"FK Donji Srem",2014,2014,11
"Rade Krunić","Bosnia and Herzegovina",midfielder,"Hellas Verona FC",2014,2015,0
"Rade Krunić","Bosnia and Herzegovina",midfielder,"Empoli FC",2015,2019,116
"Rade Krunić","Bosnia and Herzegovina",midfielder,"FK Borac Čačak",2015,2015,13
"Rade Krunić","Bosnia and Herzegovina",midfielder,"AC Milan",2019,2024,101
"Rade Krunić","Bosnia and Herzegovina",midfielder,"FK Crvena zvezda",2024,,
"Rade Krunić","Bosnia and Herzegovina",midfielder,"Fenerbahçe Istanbul",2024,2024,12
"Radek Bejbl","Czechoslovakia, Czech Republic",midfielder,"FK Mladá Boleslav",1988,1989,5
"Radek Bejbl","Czechoslovakia, Czech Republic",midfielder,"SK Slavia Prague",1990,1996,154
"Radek Bejbl","Czechoslovakia, Czech Republic",midfielder,"Atlético Madrid",1996,2000,105
"Radek Bejbl","Czechoslovakia, Czech Republic",midfielder,"R.C. Lens",2000,2002,26
"Radek Bejbl","Czechoslovakia, Czech Republic",midfielder,"SK Slavia Prague",2002,2005,83
"Radek Bejbl","Czechoslovakia, Czech Republic",midfielder,"SK Rapid Wien",2005,2007,59
"Radek Bejbl","Czechoslovakia, Czech Republic",midfielder,"FC Slovan Liberec",2007,2008,8
"Radja Nainggolan",Belgium,"midfielder, defender","Piacenza Calcio",2005,2010,71
"Radja Nainggolan",Belgium,"midfielder, defender","Cagliari Calcio",2010,2014,131
"Radja Nainggolan",Belgium,"midfielder, defender","AS Roma",2014,2014,17
"Radja Nainggolan",Belgium,"midfielder, defender","Inter Milan",2018,2021,33
"Radja Nainggolan",Belgium,"midfielder, defender","Cagliari Calcio",2019,2020,26
"Radja Nainggolan",Belgium,"midfielder, defender","Cagliari Calcio",2021,2021,22
"Radja Nainggolan",Belgium,"midfielder, defender","Royal Antwerp F.C.",2021,2022,44
"Radja Nainggolan",Belgium,"midfielder, defender",SPAL,2023,2023,10
"Radja Nainggolan",Belgium,"midfielder, defender","Bhayangkara F.C.",2023,,
"Rafael Alkorta",Spain,centre-back,"Athletic Club",1978,1985,
"Rafael Alkorta",Spain,centre-back,"Athletic Bilbao B",1984,1987,45
"Rafael Alkorta",Spain,centre-back,"Athletic Club",1987,1993,191
"Rafael Alkorta",Spain,centre-back,"Real Madrid Club de Fútbol",1993,1997,134
"Rafael Alkorta",Spain,centre-back,"Athletic Club",1997,2002,103
"Rafael Leão",Portugal,forward,"Sporting CP",2017,2018,3
"Rafael Leão",Portugal,forward,"Lille OSC",2018,2019,24
"Rafael Leão",Portugal,forward,"AC Milan",2019,,227
"Rafael Márquez",Mexico,centre-back,"Atlas F.C.",1992,1996,
"Rafael Márquez",Mexico,centre-back,"Atlas F.C.",1996,1999,77
"Rafael Márquez",Mexico,centre-back,"AS Monaco FC",1999,2003,87
"Rafael Márquez",Mexico,centre-back,"Red Bull New York",2010,2012,44
"Rafael Márquez",Mexico,centre-back,"Club León",2013,2014,50
"Rafael Márquez",Mexico,centre-back,"Hellas Verona FC",2014,2016,35
"Rafael Márquez",Mexico,centre-back,"Atlas F.C.",2016,2018,58
"Rafael Pereira da Silva",Brazil,"wing half","Manchester United F.C.",2008,2015,109
"Rafael Pereira da Silva",Brazil,"wing half","Olympique Lyonnais",2015,,
"Raheem Sterling","United Kingdom",winger,"Liverpool F.C.",2012,2015,95
"Raheem Sterling","United Kingdom",winger,"Manchester City F.C.",2015,2022,225
"Raheem Sterling","United Kingdom",winger,"Chelsea F.C.",2022,2026,59
"Raheem Sterling","United Kingdom",winger,"Arsenal F.C.",2024,2025,17
"Raheem Sterling","United Kingdom",winger,"Feyenoord Rotterdam",2026,,2
Ramires,Brazil,midfielder,"Joinville Esporte Clube",2006,2007,14
Ramires,Brazil,midfielder,"Cruzeiro E.C.",2007,2009,61
Ramires,Brazil,midfielder,"S.L. Benfica",2009,2010,26
Ramires,Brazil,midfielder,"Chelsea F.C.",2010,2016,160
Ramires,Brazil,midfielder,"Jiangsu F.C.",2016,2019,49
Ramires,Brazil,midfielder,"Sociedade Esportiva Palmeiras",2019,2020,33
"Raphaël Guerreiro","Portugal, France",defender,"Stade Malherbe Caen",2012,2013,38
"Raphaël Guerreiro","Portugal, France",defender,"F.C. Lorient",2013,2016,102
"Raphaël Guerreiro","Portugal, France",defender,"Borussia Dortmund",2016,2023,162
"Raphaël Guerreiro","Portugal, France",defender,"FC Bayern Munich",2023,,55
"Raphaël Varane",France,centre-back,"R.C. Lens",2010,2011,23
"Raphaël Varane",France,centre-back,"Real Madrid Club de Fútbol",2011,2021,236
"Raphaël Varane",France,centre-back,"Manchester United F.C.",2021,2024,68
"Raphaël Varane",France,centre-back,"Como 1907",2024,2024,0
Raphinha,Brazil,forward,"Avaí Futebol Clube",2015,2015,
Raphinha,Brazil,forward,"Vitória S.C. B",2016,2016,
Raphinha,Brazil,forward,"Vitória S.C.",2016,2018,65
Raphinha,Brazil,forward,"Sporting CP",2018,2019,28
Raphinha,Brazil,forward,"Stade Rennais F.C.",2019,2020,28
Raphinha,Brazil,forward,"Leeds United F.C.",2020,2022,65
"Ray Parlour","United Kingdom",midfielder,"Arsenal F.C.",1992,2004,339
"Ray Parlour","United Kingdom",midfielder,"Middlesbrough F.C.",2004,2007,46
"Ray Parlour","United Kingdom",midfielder,"Hull City A.F.C.",2007,2007,15
"Ray Parlour","United Kingdom",midfielder,"Wembley F.C.",2012,2012,
"Raúl",Spain,forward,"Real Madrid C",1994,1994,9
"Raúl",Spain,forward,"Real Madrid Club de Fútbol",1994,2010,550
"Raúl",Spain,forward,"Schalke 04",2010,2012,66
"Raúl",Spain,forward,"Al Sadd Sports Club",2012,2014,39
"Raúl",Spain,forward,"New York Cosmos",2014,2015,28
"Raúl Albiol",Spain,defender,"Valencia CF Mestalla",2003,2004,35
"Raúl Albiol",Spain,defender,"Valencia CF",2004,2009,131
"Raúl Albiol",Spain,defender,"Getafe CF",2004,2005,17
"Raúl Albiol",Spain,defender,"Real Madrid Club de Fútbol",2009,2013,81
"Raúl Albiol",Spain,defender,"SSC Napoli",2013,2019,180
"Raúl Albiol",Spain,defender,"Villarreal CF",2019,2025,165
"Raúl Albiol",Spain,defender,"Pisa SC",2025,2026,1
"Raúl García",Spain,"inside forward, centre-forward","Club Atlético Osasuna",2004,2007,91
"Raúl García",Spain,"inside forward, centre-forward","Osasuna B",2004,2005,28
"Raúl García",Spain,"inside forward, centre-forward","Atlético Madrid",2007,2015,306
"Raúl García",Spain,"inside forward, centre-forward","Club Atlético Osasuna",2011,2012,35
"Raúl García",Spain,"inside forward, centre-forward","Athletic Club",2015,2024,363
"Reece James","United Kingdom",full-back,"Wigan Athletic F.C.",2018,2019,45
"Reece James","United Kingdom",full-back,"Chelsea F.C.",2018,,155
"Reiss Nelson","United Kingdom","wing half","Arsenal F.C.",2017,,90
"Reiss Nelson","United Kingdom","wing half","TSG 1899 Hoffenheim",2018,2019,29
"Reiss Nelson","United Kingdom","wing half","Feyenoord Rotterdam",2021,2022,32
"Renan Lodi",Brazil,defender,"Club Athletico Paranaense",2016,2019,48
"Renan Lodi",Brazil,defender,"Atlético Madrid",2019,2023,84
"Renan Lodi",Brazil,defender,"Nottingham Forest F.C.",2022,2023,28
"Renan Lodi",Brazil,defender,"Olympique de Marseille",2023,2024,14
"Renan Lodi",Brazil,defender,"Al Hilal SFC",2024,2025,35
"Renato Buso",Italy,midfielder,"Calcio Montebelluna 1919",1984,1985,0
"Renato Buso",Italy,midfielder,"Juventus FC",1985,1989,55
"Renato Buso",Italy,midfielder,"ACF Fiorentina",1989,1991,49
"Renato Buso",Italy,midfielder,"U.C. Sampdoria",1991,1993,34
"Renato Buso",Italy,midfielder,"SSC Napoli",1993,1996,95
"Renato Buso",Italy,midfielder,"SS Lazio",1996,1997,16
"Renato Buso",Italy,midfielder,"Piacenza Calcio",1997,2000,61
"Renato Buso",Italy,midfielder,"Cagliari Calcio",2000,2001,32
"Renato Buso",Italy,midfielder,"Spezia Calcio",2001,2003,39
"Renato Dirnei Florêncio","Brazil, Italy","wing half","Guarani Futebol Clube",1996,2000,34
"Renato Dirnei Florêncio","Brazil, Italy","wing half","Santos F.C.",2000,2004,127
"Renato Dirnei Florêncio","Brazil, Italy","wing half","Sevilla FC",2004,2011,204
"Renato Dirnei Florêncio","Brazil, Italy","wing half","Botafogo F.R.",2011,2014,79
"Renato Dirnei Florêncio","Brazil, Italy","wing half","Santos F.C.",2014,,
"Ricardo Carvalho",Portugal,centre-back,"FC Porto",1996,2004,73
"Ricardo Carvalho",Portugal,centre-back,"Leça F.C.",1997,1998,22
"Ricardo Carvalho",Portugal,centre-back,"Vitória F.C.",1999,2000,25
"Ricardo Carvalho",Portugal,centre-back,"F.C. Alverca",2000,2001,29
"Ricardo Carvalho",Portugal,centre-back,"Chelsea F.C.",2004,2010,135
"Ricardo Carvalho",Portugal,centre-back,"Real Madrid Club de Fútbol",2010,2013,50
"Ricardo Carvalho",Portugal,centre-back,"AS Monaco FC",2013,2016,94
"Ricardo Carvalho",Portugal,centre-back,"Shanghai Port F.C.",2017,2017,4
"Ricardo Costa",Portugal,full-back,"FC Porto B",2000,2003,66
"Ricardo Costa",Portugal,full-back,"FC Porto",2001,2007,75
"Ricardo Costa",Portugal,full-back,"VfL Wolfsburg",2007,2010,42
"Ricardo Costa",Portugal,full-back,"Valencia CF",2010,2014,87
"Ricardo Costa",Portugal,full-back,"Lille OSC",2010,2010,10
"Ricardo Costa",Portugal,full-back,"Al-Sailiya Sports Club",2014,2015,15
"Ricardo Costa",Portugal,full-back,"FC Luzern",2016,2017,33
"Ricardo Costa",Portugal,full-back,"Granada CF",2016,2016,14
"Ricardo Costa",Portugal,full-back,"CD Tondela",2017,2019,59
"Ricardo Costa",Portugal,full-back,"Boavista F.C.",2019,2020,31
"Riccardo Montolivo",Italy,midfielder,"Atalanta BC",2003,2005,73
"Riccardo Montolivo",Italy,midfielder,"ACF Fiorentina",2005,2012,219
"Riccardo Montolivo",Italy,midfielder,"AC Milan",2012,2019,129
"Richard Dunne",Ireland,centre-back,"Everton F.C.",1996,2000,60
"Richard Dunne",Ireland,centre-back,"Manchester City F.C.",2000,2009,296
"Richard Dunne",Ireland,centre-back,"Aston Villa F.C.",2009,2013,95
"Richard Dunne",Ireland,centre-back,"Queens Park Rangers F.C.",2013,2015,64
"Richard Edghill","United Kingdom",full-back,"Manchester City F.C.",1993,2002,183
"Richard Edghill","United Kingdom",full-back,"Birmingham City F.C.",2000,2000,3
"Richard Edghill","United Kingdom",full-back,"Wigan Athletic F.C.",2002,2002,0
"Richard Edghill","United Kingdom",full-back,"Queens Park Rangers F.C.",2003,2005,40
"Richard Edghill","United Kingdom",full-back,"Sheffield United F.C.",2003,2003,1
"Richard Edghill","United Kingdom",full-back,"Bradford City A.F.C.",2005,2007,42
"Richard Edghill","United Kingdom",full-back,"Macclesfield Town F.C.",2007,2008,16
Richarlison,Brazil,forward,"América Futebol Clube",2015,2016,24
Richarlison,Brazil,forward,"Fluminense F.C.",2016,2017,54
Richarlison,Brazil,forward,"Watford F.C.",2017,2018,38
Richarlison,Brazil,forward,"Everton F.C.",2018,2022,135
Richarlison,Brazil,forward,"Tottenham Hotspur F.C.",2022,,101
"Rio Ferdinand","United Kingdom","centre-back, full-back","West Ham United F.C.",1996,2000,127
"Rio Ferdinand","United Kingdom","centre-back, full-back","AFC Bournemouth",1996,1997,10
"Rio Ferdinand","United Kingdom","centre-back, full-back","Leeds United F.C.",2000,2002,54
"Rio Ferdinand","United Kingdom","centre-back, full-back","Manchester United F.C.",2002,2014,312
"Rio Ferdinand","United Kingdom","centre-back, full-back","Queens Park Rangers F.C.",2014,2015,11
Rivaldo,"Brazil, Spain","midfielder, forward","Paulista Futebol Clube",1989,1990,48
Rivaldo,"Brazil, Spain","midfielder, forward","Santa Cruz Futebol Clube",1991,1992,14
Rivaldo,"Brazil, Spain","midfielder, forward","Mogi Mirim Esporte Clube",1992,1993,
Rivaldo,"Brazil, Spain","midfielder, forward","S.C. Corinthians Paulista",1993,1994,19
Rivaldo,"Brazil, Spain","midfielder, forward","Sociedade Esportiva Palmeiras",1994,1996,45
Rivaldo,"Brazil, Spain","midfielder, forward","Deportivo de La Coruña",1996,1997,41
Rivaldo,"Brazil, Spain","midfielder, forward","AC Milan",2002,2003,22
Rivaldo,"Brazil, Spain","midfielder, forward","Cruzeiro E.C.",2004,2004,0
Rivaldo,"Brazil, Spain","midfielder, forward","F.C. Bunyodkor",2008,2010,53
Rivaldo,"Brazil, Spain","midfielder, forward","Mogi Mirim Esporte Clube",2010,2011,
Rivaldo,"Brazil, Spain","midfielder, forward","São Paulo FC",2011,2011,30
Rivaldo,"Brazil, Spain","midfielder, forward","Kabuscorp S.C.",2012,2012,21
Rivaldo,"Brazil, Spain","midfielder, forward","Associação Desportiva São Caetano",2013,2013,7
Rivaldo,"Brazil, Spain","midfielder, forward","Mogi Mirim Esporte Clube",2014,2014,3
Rivaldo,"Brazil, Spain","midfielder, forward","Mogi Mirim Esporte Clube",2015,2015,4
"Riyad Mahrez","Algeria, France","wing half","Quimper Kerfeunteun F.C.",2009,2010,27
"Riyad Mahrez","Algeria, France","wing half","Le Havre AC",2011,2013,60
"Riyad Mahrez","Algeria, France","wing half","Leicester City F.C.",2014,2018,179
"Riyad Mahrez","Algeria, France","wing half","Manchester City F.C.",2018,2023,145
"Riyad Mahrez","Algeria, France","wing half","Al Ahli FC",2023,,90
"Rob Holding","United Kingdom",centre-back,"Bolton Wanderers F.C.",2014,2016,26
"Rob Holding","United Kingdom",centre-back,"Bury F.C.",2015,2015,1
"Rob Holding","United Kingdom",centre-back,"Arsenal F.C.",2016,2023,98
"Rob Holding","United Kingdom",centre-back,"Crystal Palace F.C.",2023,,
"Rob Lee","United Kingdom",midfielder,"Charlton Athletic F.C.",1983,1992,298
"Rob Lee","United Kingdom",midfielder,"Newcastle United F.C.",1992,2002,303
"Rob Lee","United Kingdom",midfielder,"Derby County F.C.",2002,2003,48
"Rob Lee","United Kingdom",midfielder,"West Ham United F.C.",2003,2004,16
"Rob Lee","United Kingdom",midfielder,"Oldham Athletic A.F.C.",2004,2004,0
"Rob Lee","United Kingdom",midfielder,"Wycombe Wanderers F.C.",2005,2006,38
"Robbie Fowler","United Kingdom",forward,"Liverpool F.C.",1993,2001,236
"Robbie Fowler","United Kingdom",forward,"Leeds United F.C.",2001,2003,30
"Robbie Fowler","United Kingdom",forward,"Manchester City F.C.",2003,2006,80
"Robbie Fowler","United Kingdom",forward,"Liverpool F.C.",2006,2007,30
"Robbie Fowler","United Kingdom",forward,"Cardiff City F.C.",2007,2008,13
"Robbie Fowler","United Kingdom",forward,"Blackburn Rovers F.C.",2008,2008,3
"Robbie Fowler","United Kingdom",forward,"Northern Fury FC",2009,2010,26
"Robbie Fowler","United Kingdom",forward,"Perth Glory FC",2010,2011,28
"Robbie Fowler","United Kingdom",forward,"Muangthong United F.C.",2011,2012,13
"Robbie Keane",Ireland,forward,"Wolverhampton Wanderers F.C.",1997,1999,73
"Robbie Keane",Ireland,forward,"Coventry City F.C.",1999,2000,31
"Robbie Keane",Ireland,forward,"Inter Milan",2000,2001,6
"Robbie Keane",Ireland,forward,"Leeds United F.C.",2001,2001,18
"Robbie Keane",Ireland,forward,"Tottenham Hotspur F.C.",2002,2008,197
"Robbie Keane",Ireland,forward,"Liverpool F.C.",2008,2009,19
"Robbie Keane",Ireland,forward,"Tottenham Hotspur F.C.",2009,2011,41
"Robbie Keane",Ireland,forward,"Celtic F.C.",2010,2010,16
"Robbie Keane",Ireland,forward,"West Ham United F.C.",2011,2011,9
"Robbie Keane",Ireland,forward,"LA Galaxy",2011,2016,125
"Robbie Keane",Ireland,forward,"Aston Villa F.C.",2012,2012,6
"Robbie Keane",Ireland,forward,"ATK (football club)",2017,2018,9
"Robert Fernández",Spain,midfielder,"Villarreal CF",1978,1979,
"Robert Fernández",Spain,midfielder,"CD Castellón",1979,1981,63
"Robert Fernández",Spain,midfielder,"Valencia CF",1981,1986,135
"Robert Fernández",Spain,midfielder,"Valencia CF",1990,1995,123
"Robert Fernández",Spain,midfielder,"Villarreal CF",1995,1999,142
"Robert Fernández",Spain,midfielder,"Córdoba CF",1999,2001,67
"Robert Kovač",Croatia,defender,"Hertha Zehlendorf",1991,1995,112
"Robert Kovač",Croatia,defender,"1. FC Nürnberg",1995,1996,33
"Robert Kovač",Croatia,defender,"Bayer 04 Leverkusen",1996,2001,127
"Robert Kovač",Croatia,defender,"FC Bayern Munich",2001,2005,94
"Robert Kovač",Croatia,defender,"Juventus FC",2005,2007,35
"Robert Kovač",Croatia,defender,"Borussia Dortmund",2007,2008,26
"Robert Kovač",Croatia,defender,"GNK Dinamo Zagreb",2009,2010,22
"Robert Lewandowski",Poland,forward,"Znicz Pruszków",2006,2008,59
"Robert Lewandowski",Poland,forward,"Lech Poznań",2008,2010,58
"Robert Lewandowski",Poland,forward,"Borussia Dortmund",2010,2014,131
"Robert Lewandowski",Poland,forward,"FC Bayern Munich",2014,2022,253
"Robert Pires",France,"midfielder, wing half","Stade de Reims",1991,1992,5
"Robert Pires",France,"midfielder, wing half","FC Metz",1993,1998,162
"Robert Pires",France,"midfielder, wing half","Olympique de Marseille",1998,2000,66
"Robert Pires",France,"midfielder, wing half","Arsenal F.C.",2000,2006,284
"Robert Pires",France,"midfielder, wing half","Villarreal CF",2006,2010,103
"Robert Pires",France,"midfielder, wing half","Aston Villa F.C.",2010,2011,9
"Robert Pires",France,"midfielder, wing half","FC Goa",2014,2016,
"Robert Sánchez",Spain,goalkeeper,"Forest Green Rovers F.C.",2018,2019,17
"Robert Sánchez",Spain,goalkeeper,"Brighton & Hove Albion F.C.",2018,2023,87
"Robert Sánchez",Spain,goalkeeper,"Rochdale A.F.C.",2019,2020,26
"Robert Sánchez",Spain,goalkeeper,"Chelsea F.C.",2023,,81
"Roberto Ayala",Argentina,"centre-back, defender, sweeper","Ferro Carril Oeste",1991,1993,72
"Roberto Ayala",Argentina,"centre-back, defender, sweeper","Club Atlético River Plate",1994,1995,40
"Roberto Ayala",Argentina,"centre-back, defender, sweeper","SSC Napoli",1995,1998,87
"Roberto Ayala",Argentina,"centre-back, defender, sweeper","AC Milan",1998,2000,24
"Roberto Ayala",Argentina,"centre-back, defender, sweeper","Valencia CF",2000,2007,188
"Roberto Ayala",Argentina,"centre-back, defender, sweeper","Real Zaragoza",2007,2010,72
"Roberto Ayala",Argentina,"centre-back, defender, sweeper","Villarreal CF",2007,2007,0
"Roberto Ayala",Argentina,"centre-back, defender, sweeper","Racing Club",2010,2011,16
"Roberto Baggio",Italy,forward,"Vicenza Calcio",1982,1985,36
"Roberto Baggio",Italy,forward,"ACF Fiorentina",1985,1990,94
"Roberto Baggio",Italy,forward,"Juventus FC",1990,1995,141
"Roberto Baggio",Italy,forward,"AC Milan",1995,1997,51
"Roberto Baggio",Italy,forward,"Bologna F.C. 1909",1997,1998,30
"Roberto Baggio",Italy,forward,"Inter Milan",1998,2000,41
"Roberto Baggio",Italy,forward,"Brescia Calcio",2000,2004,95
"Roberto Bordin",Italy,midfielder,"A.S.D. Sanremese",1982,1984,42
"Roberto Bordin",Italy,midfielder,"Taranto Sport",1984,1985,33
"Roberto Bordin",Italy,midfielder,"Parma Calcio 1913",1985,1986,29
"Roberto Bordin",Italy,midfielder,"AC Cesena",1986,1989,91
"Roberto Bordin",Italy,midfielder,"Atalanta BC",1989,1993,122
"Roberto Bordin",Italy,midfielder,"SSC Napoli",1993,1997,108
"Roberto Bordin",Italy,midfielder,"Piacenza Calcio",1997,1998,21
"Roberto Bordin",Italy,midfielder,"US Triestina Calcio 1918",1998,1999,32
"Roberto Bordin",Italy,midfielder,"Spezia Calcio",1999,2002,94
"Roberto Bordin",Italy,midfielder,"Vicenza Calcio",2002,2003,31
"Roberto Bordin",Italy,midfielder,"Spezia Calcio",2003,2005,63
"Roberto Carlos",Brazil,full-back,"FC Anzhi Makhachkala",1,2012,25
"Roberto Carlos",Brazil,full-back,"União São João E.C.",1991,1993,0
"Roberto Carlos",Brazil,full-back,"Clube Atlético Mineiro",1992,1992,3
"Roberto Carlos",Brazil,full-back,"Sociedade Esportiva Palmeiras",1993,1995,44
"Roberto Carlos",Brazil,full-back,"Inter Milan",1995,1996,30
"Roberto Carlos",Brazil,full-back,"Real Madrid Club de Fútbol",1996,2007,370
"Roberto Carlos",Brazil,full-back,"Fenerbahçe Istanbul",2007,2009,65
"Roberto Carlos",Brazil,full-back,"S.C. Corinthians Paulista",2010,2011,35
"Roberto Carlos",Brazil,full-back,"Odisha FC",2015,2016,4
"Roberto Di Matteo",Switzerland,midfielder,"FC Schaffhausen",1988,1991,50
"Roberto Di Matteo",Switzerland,midfielder,"FC Zürich",1991,1992,34
"Roberto Di Matteo",Switzerland,midfielder,"FC Aarau",1992,1993,33
"Roberto Di Matteo",Switzerland,midfielder,"SS Lazio",1993,1996,87
"Roberto Di Matteo",Switzerland,midfielder,"Chelsea F.C.",1996,2002,119
"Roberto Donadoni",Italy,"midfielder, wing half","Atalanta BC",1982,1986,96
"Roberto Donadoni",Italy,"midfielder, wing half","AC Milan",1986,1996,261
"Roberto Donadoni",Italy,"midfielder, wing half","Red Bull New York",1996,1997,49
"Roberto Donadoni",Italy,"midfielder, wing half","AC Milan",1997,1999,24
"Roberto Donadoni",Italy,"midfielder, wing half","Al Ittihad FC",1999,2000,15
"Roberto Firmino",Brazil,"forward, attacking midfielder","Figueirense Futebol Clube",2009,2011,38
"Roberto Firmino",Brazil,"forward, attacking midfielder","TSG 1899 Hoffenheim",2011,2015,140
"Roberto Firmino",Brazil,"forward, attacking midfielder","Liverpool F.C.",2015,2023,256
"Roberto Firmino",Brazil,"forward, attacking midfielder","Al Ahli FC",2023,2025,49
"Roberto Firmino",Brazil,"forward, attacking midfielder","Al Sadd Sports Club",2025,,0
"Roberto Fresnedoso",Spain,midfielder,"Girona FC",1990,1991,10
"Roberto Fresnedoso",Spain,midfielder,"RCD Espanyol de Barcelona",1993,1995,69
"Roberto Fresnedoso",Spain,midfielder,"Atlético Madrid",1995,2002,139
"Roberto Fresnedoso",Spain,midfielder,"RCD Espanyol de Barcelona",1998,1998,16
"Roberto Fresnedoso",Spain,midfielder,"UD Salamanca",2002,2003,40
"Roberto Fresnedoso",Spain,midfielder,"Real Murcia",2003,2004,8
"Roberto Fresnedoso",Spain,midfielder,"Rayo Vallecano",2004,2004,10
"Roberto Fresnedoso",Spain,midfielder,Q582342,2004,2005,25
"Roberto Policano",Italy,midfielder,"Latina Calcio 1932",1981,1983,47
"Roberto Policano",Italy,midfielder,"Genoa CFC",1983,1987,118
"Roberto Policano",Italy,midfielder,"AS Roma",1987,1989,35
"Roberto Policano",Italy,midfielder,"Torino FC",1989,1992,80
"Roberto Policano",Italy,midfielder,"SSC Napoli",1992,1997,92
"Roberto Policano",Italy,midfielder,"S.S.D. Casarano Calcio",1997,1997,4
"Roberto Policano",Italy,midfielder,"Latina Calcio 1932",1998,1999,23
"Roberto Policano",Italy,midfielder,"Terracina Calcio 1925",1998,1998,
"Roberto Policano",Italy,midfielder,"Sliema Wanderers F.C.",1999,1999,0
"Roberto Policano",Italy,midfielder,"A.S.D. Stuoie Baracca Lugo",1999,2000,
"Roberto Ríos",Spain,centre-back,"Real Betis Balompié",1986,1990,
"Roberto Ríos",Spain,centre-back,"Real Betis B",1990,1992,23
"Roberto Ríos",Spain,centre-back,"Real Betis Balompié",1992,1997,127
"Roberto Ríos",Spain,centre-back,"Athletic Club",1997,2002,95
"Roberto Soldado",Spain,forward,"Club Atlético Osasuna",2006,2007,30
"Roberto Soldado",Spain,forward,"Real Madrid Club de Fútbol",2006,2008,16
"Roberto Soldado",Spain,forward,"Getafe CF",2008,2010,60
"Roberto Soldado",Spain,forward,"Valencia CF",2010,2013,101
"Roberto Soldado",Spain,forward,"Tottenham Hotspur F.C.",2013,2015,52
"Roberto Soldado",Spain,forward,"Villarreal CF",2015,2017,38
"Roberto Soldado",Spain,forward,"Villarreal CF",2017,2017,38
"Roberto Soldado",Spain,forward,"Fenerbahçe Istanbul",2017,2019,47
"Roberto Soldado",Spain,forward,"Granada CF",2019,2021,62
"Roberto Soldado",Spain,forward,"Levante UD",2021,2023,43
"Roberto Solozábal",Spain,defender,"Atlético Madrid B",1987,1989,
"Roberto Solozábal",Spain,defender,"Atlético Madrid",1989,1997,231
"Roberto Solozábal",Spain,defender,"Real Betis Balompié",1997,2000,42
"Roberto Sosa",Argentina,forward,"Udinese Calcio",1998,2002,103
"Roberto Sosa",Argentina,forward,"Ascoli Calcio 1898 FC",2003,2004,18
"Roberto Sosa",Argentina,forward,"SSC Napoli",2004,2008,116
"Roberto Sosa",Argentina,forward,"A.C.R. Messina",2004,2004,21
"Roberto Sosa",Argentina,forward,"A.S.D. Sanremese",2010,2011,8
"Roberto Sosa",Argentina,forward,"FC Rapperswil-Jona",2011,2012,24
"Roberto Stellone",Italy,forward,"A.S. Lodigiani",1993,1997,50
"Roberto Stellone",Italy,forward,"Atletico Roma F.C.",1993,1997,50
"Roberto Stellone",Italy,forward,"Lucchese 1905",1997,1998,12
"Roberto Stellone",Italy,forward,"Parma Calcio 1913",1998,1999,0
"Roberto Stellone",Italy,forward,"US Lecce",1999,1999,19
"Roberto Stellone",Italy,forward,"SSC Napoli",1999,2003,90
"Roberto Stellone",Italy,forward,"AS Reggina 1914",2003,2004,16
"Roberto Stellone",Italy,forward,"Genoa CFC",2004,2005,29
"Roberto Stellone",Italy,forward,"Torino FC",2005,2009,113
"Roberto Stellone",Italy,forward,"Frosinone Calcio",2009,2011,34
"Robin van Persie","Kingdom of the Netherlands",forward,"Feyenoord Rotterdam",2001,2004,61
"Robin van Persie","Kingdom of the Netherlands",forward,"Arsenal F.C.",2003,2012,194
"Robin van Persie","Kingdom of the Netherlands",forward,"Manchester United F.C.",2012,2015,86
"Robin van Persie","Kingdom of the Netherlands",forward,"Fenerbahçe Istanbul",2015,2018,57
"Robin van Persie","Kingdom of the Netherlands",forward,"Feyenoord Rotterdam",2018,2019,37
Robinho,Brazil,"wing half","Santos F.C.",2002,2005,116
Robinho,Brazil,"wing half","Real Madrid Club de Fútbol",2005,2008,101
Robinho,Brazil,"wing half","Manchester City F.C.",2008,2010,41
Robinho,Brazil,"wing half","AC Milan",2010,2015,108
Robinho,Brazil,"wing half","Santos F.C.",2010,2010,2
Robinho,Brazil,"wing half","Santos F.C.",2014,2015,20
Robinho,Brazil,"wing half","Guangzhou F.C.",2015,2015,10
Robinho,Brazil,"wing half","Clube Atlético Mineiro",2016,2017,60
Robinho,Brazil,"wing half",Sivasspor,2018,2018,30
Robinho,Brazil,"wing half","İstanbul Başakşehir F.K.",2019,2020,32
Robinho,Brazil,"wing half","Santos F.C.",2020,2020,0
"Rodolfo Arruabarrena",Argentina,full-back,"Club Atlético Rosario Central",1996,1996,15
"Rodolfo Arruabarrena",Argentina,full-back,"Villarreal CF",2000,2007,219
"Rodolfo Arruabarrena",Argentina,full-back,"Club Atlético Tigre",2008,2010,67
"Rodolfo Arruabarrena",Argentina,full-back,"Club Deportivo Universidad Católica",2010,2010,13
Rodri,Spain,"defensive midfielder","Villarreal CF B",2015,2015,39
Rodri,Spain,"defensive midfielder","Villarreal CF",2015,2018,63
Rodri,Spain,"defensive midfielder","Atlético Madrid",2018,2019,34
Rodri,Spain,"defensive midfielder","Manchester City F.C.",2019,,193
Rodrigo,"Brazil, Spain","wing half","Real Madrid C",2009,2009,4
Rodrigo,"Brazil, Spain","wing half","S.L. Benfica",2010,2015,68
Rodrigo,"Brazil, Spain","wing half","Bolton Wanderers F.C.",2010,2011,17
Rodrigo,"Brazil, Spain","wing half","Valencia CF",2014,2015,31
Rodrigo,"Brazil, Spain","wing half","Valencia CF",2015,2020,141
Rodrigo,"Brazil, Spain","wing half","Leeds United F.C.",2020,2023,88
Rodrigo,"Brazil, Spain","wing half",Al-Rayyan,2023,,23
Rodrigo,"Brazil, Spain","wing half","Al-Gharafa SC",2024,2025,8
"Rodrigo Bentancur",Uruguay,stopper,"Juventus FC",2017,2022,133
"Rodrigo Bentancur",Uruguay,stopper,"Tottenham Hotspur F.C.",2022,,109
"Rodrigo De Paul","Argentina, Italy","wing half","Racing Club",2012,2014,54
"Rodrigo De Paul","Argentina, Italy","wing half","Valencia CF",2014,2016,34
"Rodrigo De Paul","Argentina, Italy","wing half","Racing Club",2016,2016,11
"Rodrigo De Paul","Argentina, Italy","wing half","Udinese Calcio",2016,2021,177
"Rodrigo De Paul","Argentina, Italy","wing half","Atlético Madrid",2021,,134
"Rodrigo De Paul","Argentina, Italy","wing half","Inter Miami CF",2025,,11
"Rodrigo Palacio",Argentina,forward,"Huracán de Tres Arroyos",2002,2003,53
"Rodrigo Palacio",Argentina,forward,"Club Atlético Banfield",2003,2004,36
"Rodrigo Palacio",Argentina,forward,"Genoa CFC",2009,2012,90
"Rodrigo Palacio",Argentina,forward,"Inter Milan",2012,2017,140
"Rodrigo Palacio",Argentina,forward,"Bologna F.C. 1909",2017,2021,127
"Rodrigo Palacio",Argentina,forward,"Brescia Calcio",2021,2022,30
"Rodrigo Taddei",Brazil,"wing half","Sociedade Esportiva Palmeiras",2000,2002,25
"Rodrigo Taddei",Brazil,"wing half","Siena FC",2002,2005,74
"Rodrigo Taddei",Brazil,"wing half","AS Roma",2005,2014,221
"Rodrigo Taddei",Brazil,"wing half","A.C. Perugia Calcio",2014,2016,40
Rodrygo,"Brazil, Spain",winger,"Santos F.C.",2017,2019,41
Rodrygo,"Brazil, Spain",winger,"Real Madrid Club de Fútbol",2019,,191
"Roland Wohlfarth",Germany,forward,"MSV Duisburg",1981,1984,71
"Roland Wohlfarth",Germany,forward,"FC Bayern Munich",1984,1993,254
"Roland Wohlfarth",Germany,forward,"AS Saint-Étienne",1993,1994,39
"Roland Wohlfarth",Germany,forward,"VfL Bochum",1994,1997,40
"Roland Wohlfarth",Germany,forward,"1. FC Lokomotive Leipzig",1997,1998,15
"Roland Wohlfarth",Germany,forward,"Wuppertaler SV",1998,1999,14
"Roland Wohlfarth",Germany,forward,"1. FC Bocholt",1999,2000,4
"Roman Bürki",Switzerland,goalkeeper,"BSC Young Boys",2008,2013,
"Roman Bürki",Switzerland,goalkeeper,"FC Thun",2009,2010,4
"Roman Bürki",Switzerland,goalkeeper,"FC Schaffhausen",2010,2010,9
"Roman Bürki",Switzerland,goalkeeper,"Grasshopper Club Zürich",2011,2013,76
"Roman Bürki",Switzerland,goalkeeper,"Grasshopper Club Zürich",2013,2014,34
"Roman Bürki",Switzerland,goalkeeper,"SC Freiburg",2014,2015,34
"Roman Bürki",Switzerland,goalkeeper,"Borussia Dortmund",2015,2022,176
"Roman Bürki",Switzerland,goalkeeper,"St. Louis City SC",2023,,69
"Roman Weidenfeller",Germany,goalkeeper,"1. FC Kaiserslautern",1998,2002,6
"Roman Weidenfeller",Germany,goalkeeper,"Borussia Dortmund",2002,2018,349
Romaric,"Ivory Coast",midfielder,"ASEC Mimosas",2001,2003,
Romaric,"Ivory Coast",midfielder,"K.S.K. Beveren",2003,2005,44
Romaric,"Ivory Coast",midfielder,"Le Mans F.C.",2005,2008,89
Romaric,"Ivory Coast",midfielder,"Sevilla FC",2008,2012,81
Romaric,"Ivory Coast",midfielder,"RCD Espanyol de Barcelona",2011,2012,28
Romaric,"Ivory Coast",midfielder,"Real Zaragoza",2012,2013,12
Romaric,"Ivory Coast",midfielder,"SC Bastia",2013,2015,60
Romaric,"Ivory Coast",midfielder,"AC Omonia",2015,2015,4
"Romelu Lukaku",Belgium,forward,"R.S.C. Anderlecht",2009,2011,73
"Romelu Lukaku",Belgium,forward,"Chelsea F.C.",2011,2014,10
"Romelu Lukaku",Belgium,forward,"West Bromwich Albion F.C.",2012,2013,35
"Romelu Lukaku",Belgium,forward,"Everton F.C.",2013,2014,31
"Romelu Lukaku",Belgium,forward,"Everton F.C.",2014,2017,110
"Romelu Lukaku",Belgium,forward,"Manchester United F.C.",2017,2019,66
"Romelu Lukaku",Belgium,forward,"Inter Milan",2019,2021,72
"Romelu Lukaku",Belgium,forward,"Chelsea F.C.",2021,2024,26
"Romelu Lukaku",Belgium,forward,"Inter Milan",2022,2023,25
"Romelu Lukaku",Belgium,forward,"AS Roma",2023,2024,32
"Romelu Lukaku",Belgium,forward,"SSC Napoli",2024,,36
"Ronald Araújo",Uruguay,"centre-back, defender","C.A. Rentistas",2016,2017,17
"Ronald Araújo",Uruguay,"centre-back, defender","Boston River",2017,2018,27
"Ronald Araújo",Uruguay,"centre-back, defender","FC Barcelona Atlètic",2018,2020,42
"Ronald Koeman","Kingdom of the Netherlands","defender, sweeper","FC Groningen",1980,1983,90
"Ronald Koeman","Kingdom of the Netherlands","defender, sweeper","AFC Ajax",1983,1986,94
"Ronald Koeman","Kingdom of the Netherlands","defender, sweeper","PSV Eindhoven",1986,1989,98
"Ronald Koeman","Kingdom of the Netherlands","defender, sweeper","Feyenoord Rotterdam",1995,1997,61
Ronaldinho,"Brazil, Spain",winger,"Grêmio FBPA",1998,2001,89
Ronaldinho,"Brazil, Spain",winger,"Paris Saint-Germain FC",2001,2003,55
Ronaldinho,"Brazil, Spain",winger,"AC Milan",2008,2010,76
Ronaldinho,"Brazil, Spain",winger,"Clube de Regatas do Flamengo",2011,2012,56
Ronaldinho,"Brazil, Spain",winger,"Clube Atlético Mineiro",2012,2014,58
Ronaldinho,"Brazil, Spain",winger,"Querétaro F.C.",2014,2015,25
Ronaldinho,"Brazil, Spain",winger,"Fluminense F.C.",2015,2015,7
Ronaldo,Brazil,forward,"Cruzeiro E.C.",1993,1994,14
Ronaldo,Brazil,forward,"PSV Eindhoven",1994,1996,46
Ronaldo,Brazil,forward,"Inter Milan",1997,2002,68
Ronaldo,Brazil,forward,"Real Madrid Club de Fútbol",2002,2007,177
Ronaldo,Brazil,forward,"AC Milan",2007,2008,20
Ronaldo,Brazil,forward,"S.C. Corinthians Paulista",2009,2011,69
"Ronny Johnsen",Norway,defender,"FK Eik Tønsberg",1987,1991,98
"Ronny Johnsen",Norway,defender,"Lyn 1896 FK",1992,1993,31
"Ronny Johnsen",Norway,defender,"Lillestrøm SK",1994,1995,23
"Ronny Johnsen",Norway,defender,"Beşiktaş J.K. (Football)",1995,1996,22
"Ronny Johnsen",Norway,defender,"Manchester United F.C.",1996,2002,99
"Ronny Johnsen",Norway,defender,"Aston Villa F.C.",2002,2004,49
"Ronny Johnsen",Norway,defender,"Newcastle United F.C.",2004,2005,3
"Ronny Johnsen",Norway,defender,"Vålerenga Fotball",2005,2008,59
"Roque Santa Cruz",Paraguay,forward,"Club Olimpia",1997,1999,24
"Roque Santa Cruz",Paraguay,forward,"FC Bayern Munich",1999,2007,155
"Roque Santa Cruz",Paraguay,forward,"Blackburn Rovers F.C.",2007,2009,57
"Roque Santa Cruz",Paraguay,forward,"Manchester City F.C.",2009,2013,20
"Roque Santa Cruz",Paraguay,forward,"Blackburn Rovers F.C.",2011,2011,9
"Roque Santa Cruz",Paraguay,forward,"Real Betis Balompié",2011,2012,33
"Roque Santa Cruz",Paraguay,forward,"Málaga CF",2012,2013,31
"Roque Santa Cruz",Paraguay,forward,"Málaga CF",2013,2014,43
"Roque Santa Cruz",Paraguay,forward,"Cruz Azul",2015,2016,10
"Roque Santa Cruz",Paraguay,forward,"Málaga CF",2015,2016,17
"Roque Santa Cruz",Paraguay,forward,"Club Olimpia",2016,2021,148
"Roque Santa Cruz",Paraguay,forward,"Club Libertad",2022,2025,132
"Roque Santa Cruz",Paraguay,forward,"Club Nacional",2026,,0
"Ross Barkley","United Kingdom","attacking midfielder","Everton F.C.",2010,2018,150
"Ross Barkley","United Kingdom","attacking midfielder","Sheffield Wednesday F.C.",2012,2012,13
"Ross Barkley","United Kingdom","attacking midfielder","Leeds United F.C.",2013,2013,4
"Ross Barkley","United Kingdom","attacking midfielder","Chelsea F.C.",2018,2022,58
"Ross Barkley","United Kingdom","attacking midfielder","Aston Villa F.C.",2020,2021,24
"Ross Barkley","United Kingdom","attacking midfielder","OGC Nice",2022,2023,27
"Ross Barkley","United Kingdom","attacking midfielder","Luton Town F.C.",2023,2024,32
"Ross Barkley","United Kingdom","attacking midfielder","Aston Villa F.C.",2024,,33
"Roy Keane",Ireland,midfielder,"Cobh Ramblers F.C.",1989,1990,23
"Roy Keane",Ireland,midfielder,"Nottingham Forest F.C.",1990,1993,114
"Roy Keane",Ireland,midfielder,"Manchester United F.C.",1993,2005,326
"Roy Keane",Ireland,midfielder,"Celtic F.C.",2005,2006,10
"Roy Makaay","Kingdom of the Netherlands",forward,"SBV Vitesse",1993,1997,109
"Roy Makaay","Kingdom of the Netherlands",forward,"C.D. Tenerife",1997,1999,72
"Roy Makaay","Kingdom of the Netherlands",forward,"Deportivo de La Coruña",1999,2003,133
"Roy Makaay","Kingdom of the Netherlands",forward,"FC Bayern Munich",2003,2007,129
"Roy Makaay","Kingdom of the Netherlands",forward,"Feyenoord Rotterdam",2007,2010,83
"Ruben Loftus-Cheek","United Kingdom",midfielder,"Chelsea F.C.",2014,2023,103
"Ruben Loftus-Cheek","United Kingdom",midfielder,"Crystal Palace F.C.",2017,2018,24
"Ruben Loftus-Cheek","United Kingdom",midfielder,"Fulham F.C.",2020,2021,30
"Ruben Loftus-Cheek","United Kingdom",midfielder,"AC Milan",2023,,26
"Rubén Baraja",Spain,midfielder,"Real Valladolid",1993,1996,41
"Rubén Baraja",Spain,midfielder,"Real Valladolid B",1993,1995,46
"Rubén Baraja",Spain,midfielder,"Atlético Madrid B",1996,1999,79
"Rubén Baraja",Spain,midfielder,"Atlético Madrid",1999,2000,34
"Rubén Baraja",Spain,midfielder,"Valencia CF",2000,2010,262
"Rubén Gracia",Spain,midfielder,"Utebo FC",2000,2001,15
"Rubén Gracia",Spain,midfielder,"Deportivo Aragón",2000,2002,32
"Rubén Gracia",Spain,midfielder,"Real Zaragoza",2002,2006,122
"Rubén Gracia",Spain,midfielder,"Villarreal CF",2006,2015,259
"Rubén Gracia",Spain,midfielder,"Atlético Madrid",2015,2015,4
"Rubén Gracia",Spain,midfielder,"Deportivo de La Coruña",2015,2016,18
"Rubén Gracia",Spain,midfielder,"Real Zaragoza",2016,2017,32
"Rudi Völler",Germany,forward,"Kickers Offenbach",1977,1980,73
"Rudi Völler",Germany,forward,"TSV 1860 München",1980,1982,70
"Rudi Völler",Germany,forward,"SV Werder Bremen",1982,1987,137
"Rudi Völler",Germany,forward,"AS Roma",1987,1992,142
"Rudi Völler",Germany,forward,"Olympique de Marseille",1992,1994,58
"Rudi Völler",Germany,forward,"Bayer 04 Leverkusen",1994,1996,62
"Ruel Fox","United Kingdom",midfielder,"Norwich City F.C.",1986,1994,173
"Ruel Fox","United Kingdom",midfielder,"Newcastle United F.C.",1994,1995,58
"Ruel Fox","United Kingdom",midfielder,"Tottenham Hotspur F.C.",1995,2000,106
"Ruel Fox","United Kingdom",midfielder,"West Bromwich Albion F.C.",2000,2002,56
"Ruggiero Rizzitelli",Italy,forward,"AC Cesena",1984,1988,62
"Ruggiero Rizzitelli",Italy,forward,"AS Roma",1988,1994,154
"Ruggiero Rizzitelli",Italy,forward,"Torino FC",1994,1996,60
"Ruggiero Rizzitelli",Italy,forward,"FC Bayern Munich",1996,1998,45
"Ruggiero Rizzitelli",Italy,forward,"Piacenza Calcio",1998,2000,33
"Ruggiero Rizzitelli",Italy,forward,"AC Cesena",2000,2001,14
"Rui Costa",Portugal,midfielder,"S.L. Benfica",1990,1994,78
"Rui Costa",Portugal,midfielder,"AD Fafe",1990,1991,38
"Rui Costa",Portugal,midfielder,"ACF Fiorentina",1994,2001,215
"Rui Costa",Portugal,midfielder,"AC Milan",2001,2006,124
"Rui Costa",Portugal,midfielder,"S.L. Benfica",2006,2008,43
"Rui Patrício",Portugal,goalkeeper,"Sporting CP",2006,2018,327
"Rui Patrício",Portugal,goalkeeper,"Wolverhampton Wanderers F.C.",2018,2021,112
"Rui Patrício",Portugal,goalkeeper,"AS Roma",2021,2024,96
"Rui Patrício",Portugal,goalkeeper,"Atalanta BC",2024,2025,3
"Rui Patrício",Portugal,goalkeeper,"Al Ain FC",2025,2025,0
"Ruud Gullit","Kingdom of the Netherlands",midfielder,"AFC DWS",1975,1979,
"Ruud Gullit","Kingdom of the Netherlands",midfielder,"HFC Haarlem",1979,1982,91
"Ruud Gullit","Kingdom of the Netherlands",midfielder,"Feyenoord Rotterdam",1982,1985,85
"Ruud Gullit","Kingdom of the Netherlands",midfielder,"PSV Eindhoven",1985,1987,68
"Ruud Gullit","Kingdom of the Netherlands",midfielder,"AC Milan",1987,1993,117
"Ruud Gullit","Kingdom of the Netherlands",midfielder,"U.C. Sampdoria",1993,1994,31
"Ruud Gullit","Kingdom of the Netherlands",midfielder,"U.C. Sampdoria",1994,1995,22
"Ruud Gullit","Kingdom of the Netherlands",midfielder,"AC Milan",1994,1994,8
"Ruud Gullit","Kingdom of the Netherlands",midfielder,"Chelsea F.C.",1995,1998,49
"Ruud Hesp","Kingdom of the Netherlands",goalkeeper,"HFC Haarlem",1985,1987,2
"Ruud Hesp","Kingdom of the Netherlands",goalkeeper,"Fortuna Sittard",1987,1994,238
"Ruud Hesp","Kingdom of the Netherlands",goalkeeper,"Roda JC Kerkrade",1994,1997,102
"Ruud Hesp","Kingdom of the Netherlands",goalkeeper,"Fortuna Sittard",2000,2002,62
"Ruud van Nistelrooy","Kingdom of the Netherlands",forward,"FC Den Bosch",1993,1997,69
"Ruud van Nistelrooy","Kingdom of the Netherlands",forward,"SC Heerenveen",1997,1998,31
"Ruud van Nistelrooy","Kingdom of the Netherlands",forward,"PSV Eindhoven",1998,2001,67
"Ruud van Nistelrooy","Kingdom of the Netherlands",forward,"Manchester United F.C.",2001,2006,150
"Ruud van Nistelrooy","Kingdom of the Netherlands",forward,"Real Madrid Club de Fútbol",2006,2010,68
"Ruud van Nistelrooy","Kingdom of the Netherlands",forward,"Hamburger SV",2010,2011,36
"Ruud van Nistelrooy","Kingdom of the Netherlands",forward,"Málaga CF",2011,2012,28
"Ryan Babel","Kingdom of the Netherlands","wing half","AFC Ajax",2004,2007,73
"Ryan Babel","Kingdom of the Netherlands","wing half","Liverpool F.C.",2007,2011,91
"Ryan Babel","Kingdom of the Netherlands","wing half","TSG 1899 Hoffenheim",2011,2012,46
"Ryan Babel","Kingdom of the Netherlands","wing half","AFC Ajax",2012,2013,16
"Ryan Babel","Kingdom of the Netherlands","wing half","Kasımpaşa S.K.",2013,2015,58
"Ryan Babel","Kingdom of the Netherlands","wing half","Al Ain FC",2015,2015,8
"Ryan Babel","Kingdom of the Netherlands","wing half","Deportivo de La Coruña",2015,2015,11
"Ryan Babel","Kingdom of the Netherlands","wing half","Beşiktaş J.K. (Football)",2016,2019,62
"Ryan Babel","Kingdom of the Netherlands","wing half","Fulham F.C.",2019,2019,16
"Ryan Babel","Kingdom of the Netherlands","wing half","Galatasaray S.K.",2019,2022,77
"Ryan Babel","Kingdom of the Netherlands","wing half","Eyüpspor",2022,2023,29
"Ryan Giggs","United Kingdom","midfielder, wing half","Manchester United F.C.",1990,2014,672
"Ryan Taylor","United Kingdom","wing half, full-back","Tranmere Rovers F.C.",2002,2005,98
"Ryan Taylor","United Kingdom","wing half, full-back","Wigan Athletic F.C.",2005,2009,56
"Ryan Taylor","United Kingdom","wing half, full-back","Newcastle United F.C.",2009,2015,92
"Ryan Taylor","United Kingdom","wing half, full-back","Hull City A.F.C.",2015,2016,4
"Ryan Taylor","United Kingdom","wing half, full-back","Port Vale F.C.",2016,2017,12
"Ryan Taylor","United Kingdom","wing half, full-back","ATK (football club)",2017,2018,11
"Ryan Taylor","United Kingdom","wing half, full-back","Port Vale F.C.",2017,2017,10
"Ryan Taylor","United Kingdom","wing half, full-back","Fleetwood Town F.C.",2018,,
"Rúben Dias",Portugal,centre-back,"S.L. Benfica B",2015,2017,55
"Rúben Dias",Portugal,centre-back,"S.L. Benfica",2017,2020,91
"Rúben Dias",Portugal,centre-back,"Manchester City F.C.",2020,,169
"Sadio Mané",Senegal,winger,"FC Metz",2010,2012,22
"Sadio Mané",Senegal,winger,"FC Red Bull Salzburg",2012,2014,63
"Sadio Mané",Senegal,winger,"Southampton F.C.",2014,2016,67
"Sadio Mané",Senegal,winger,"Liverpool F.C.",2016,2022,196
"Sadio Mané",Senegal,winger,"FC Bayern Munich",2022,2023,25
"Sadio Mané",Senegal,winger,Al-Nassr,2023,,64
Saint,France,winger,"AS Saint-Étienne",2013,2015,17
Saint,France,winger,"AS Monaco FC",2015,2017,2
Saint,France,winger,"Hannover 96",2015,2016,18
Saint,France,winger,"SC Bastia",2016,2017,36
Saint,France,winger,"OGC Nice",2017,2019,74
Saint,France,winger,"Newcastle United F.C.",2019,2023,111
Saint,France,winger,"Al Ahli FC",2023,2025,30
Saint,France,winger,"Fenerbahçe Istanbul",2024,2025,20
Saint,France,winger,"Club América",2025,,
"Salomon Kalou","Ivory Coast","wing half","ASEC Mimosas",2002,2003,14
"Salomon Kalou","Ivory Coast","wing half","Feyenoord Rotterdam",2003,2006,67
"Salomon Kalou","Ivory Coast","wing half","Excelsior Rotterdam",2004,2004,11
"Salomon Kalou","Ivory Coast","wing half","Chelsea F.C.",2006,2012,156
"Salomon Kalou","Ivory Coast","wing half","Lille OSC",2012,2014,67
"Salomon Kalou","Ivory Coast","wing half","Hertha BSC",2014,2020,151
"Salomon Kalou","Ivory Coast","wing half","Botafogo F.R.",2020,2021,25
"Salomon Kalou","Ivory Coast","wing half",Arta/Solar7,2022,2024,3
"Salvatore Aronica",Italy,defender,"Associazione Sportiva Città di Bagheria",1994,1996,32
"Salvatore Aronica",Italy,defender,"Juventus FC",1996,1998,1
"Salvatore Aronica",Italy,defender,"F.C. Crotone",1998,2002,107
"Salvatore Aronica",Italy,defender,"AS Reggina 1914",1998,1998,0
"Salvatore Aronica",Italy,defender,"ACF Fiorentina",2002,2002,
"Salvatore Aronica",Italy,defender,"Ascoli Calcio 1898 FC",2002,2003,31
"Salvatore Aronica",Italy,defender,"A.C.R. Messina",2003,2006,97
"Salvatore Aronica",Italy,defender,"AS Reggina 1914",2006,2008,71
"Salvatore Aronica",Italy,defender,"SSC Napoli",2008,2013,111
"Salvatore Aronica",Italy,defender,"Palermo F.C.",2013,2014,15
"Salvatore Aronica",Italy,defender,"AS Reggina 1914",2015,2015,11
"Salvatore Fresi",Italy,defender,"U.S. Salernitana 1919",1993,1995,62
"Salvatore Fresi",Italy,defender,"Inter Milan",1995,2000,87
"Salvatore Fresi",Italy,defender,"U.S. Salernitana 1919",1998,1999,27
"Salvatore Fresi",Italy,defender,"SSC Napoli",2000,2001,23
"Salvatore Fresi",Italy,defender,"Bologna F.C. 1909",2001,2002,25
"Salvatore Fresi",Italy,defender,"Juventus FC",2002,2004,9
"Salvatore Fresi",Italy,defender,"A.C. Perugia Calcio",2004,2004,11
"Salvatore Fresi",Italy,defender,"Catania FC",2004,2004,6
"Salvatore Fresi",Italy,defender,"A.S.D. Battipagliese",2005,2006,16
"Salvatore Fresi",Italy,defender,"U.S. Salernitana 1919",2005,2005,6
"Salvatore Lanna",Italy,defender,"A.C. Carpi",1992,1993,
"Salvatore Lanna",Italy,defender,"AS Reggina 1914",1994,1995,6
"Salvatore Lanna",Italy,defender,"A.C. Carpi",1995,1996,30
"Salvatore Lanna",Italy,defender,"AC Milan",1996,2007,312
"Salvatore Lanna",Italy,defender,"AC ChievoVerona",1996,2007,312
"Salvatore Lanna",Italy,defender,"Torino FC",2007,2008,29
"Salvatore Lanna",Italy,defender,"Bologna F.C. 1909",2008,2010,55
"Salvatore Lanna",Italy,defender,"A.C. Reggiana 1919",2010,2011,10
"Salvatore Schillaci",Italy,forward,"A.C.R. Messina",1982,1989,219
"Salvatore Schillaci",Italy,forward,"Juventus FC",1989,1992,90
"Salvatore Schillaci",Italy,forward,"Inter Milan",1992,1994,30
"Salvatore Schillaci",Italy,forward,"Júbilo Iwata",1994,1997,78
"Salvatore Schillaci",Italy,forward,"Unione Sportiva Altamura",2008,2008,1
"Sami Hyypiä",Finland,centre-back,"Kuusankosken Kumu",1990,1991,19
"Sami Hyypiä",Finland,centre-back,MYPA,1992,1995,96
"Sami Hyypiä",Finland,centre-back,"Willem II",1995,1999,100
"Sami Hyypiä",Finland,centre-back,"Liverpool F.C.",1999,2009,464
"Sami Hyypiä",Finland,centre-back,"Bayer 04 Leverkusen",2009,2011,53
"Sami Khedira","Tunisia, Germany","midfielder, central midfielder","VfB Stuttgart",2006,2010,98
"Sami Khedira","Tunisia, Germany","midfielder, central midfielder","Real Madrid Club de Fútbol",2010,2015,102
"Sami Khedira","Tunisia, Germany","midfielder, central midfielder","Juventus FC",2015,2021,99
"Sami Khedira","Tunisia, Germany","midfielder, central midfielder","Hertha BSC",2021,2021,9
"Samir Handanović",Slovenia,goalkeeper,"NK Zagorje",2003,2004,11
"Samir Handanović",Slovenia,goalkeeper,"NK Domžale",2003,2004,7
"Samir Handanović",Slovenia,goalkeeper,"Udinese Calcio",2004,2012,182
"Samir Handanović",Slovenia,goalkeeper,"Treviso F.B.C. 1993",2005,2006,3
"Samir Handanović",Slovenia,goalkeeper,"SS Lazio",2006,2006,1
"Samir Handanović",Slovenia,goalkeeper,"Rimini FC",2006,2007,39
"Samir Handanović",Slovenia,goalkeeper,"Inter Milan",2012,2023,380
"Samir Nasri","Algeria, France",midfielder,"Olympique de Marseille",2004,2008,121
"Samir Nasri","Algeria, France",midfielder,"Arsenal F.C.",2008,2011,86
"Samir Nasri","Algeria, France",midfielder,"Manchester City F.C.",2011,2017,129
"Samir Nasri","Algeria, France",midfielder,"Sevilla FC",2016,2017,23
"Samir Nasri","Algeria, France",midfielder,Antalyaspor,2017,2018,8
"Samir Nasri","Algeria, France",midfielder,"West Ham United F.C.",2018,2019,5
"Samir Nasri","Algeria, France",midfielder,"R.S.C. Anderlecht",2019,2020,7
"Samu Castillejo",Spain,"wing half","Atlético Malagueño",2011,2014,75
"Samu Castillejo",Spain,"wing half","Cruz Azul",2014,2015,34
"Samu Castillejo",Spain,"wing half","Villarreal CF",2015,2018,91
"Samu Castillejo",Spain,"wing half","AC Milan",2018,2022,86
"Samu Castillejo",Spain,"wing half","Valencia CF",2022,2024,25
"Samu Castillejo",Spain,"wing half","US Sassuolo Calcio",2023,2024,17
"Samu Castillejo",Spain,"wing half","Johor Darul Takzim F.C.",2025,,3
"Samuel Eto'o","Cameroon, Spain",forward,"CD Leganés",1997,1998,30
"Samuel Eto'o","Cameroon, Spain",forward,"Real Madrid Club de Fútbol",1997,2000,3
"Samuel Eto'o","Cameroon, Spain",forward,"RCD Espanyol de Barcelona",1999,1999,0
"Samuel Eto'o","Cameroon, Spain",forward,"RCD Mallorca",2000,2000,19
"Samuel Eto'o","Cameroon, Spain",forward,"Inter Milan",2009,2011,67
"Samuel Eto'o","Cameroon, Spain",forward,"FC Anzhi Makhachkala",2011,2013,53
"Samuel Eto'o","Cameroon, Spain",forward,"Chelsea F.C.",2013,2014,21
"Samuel Eto'o","Cameroon, Spain",forward,"Everton F.C.",2014,2015,14
"Samuel Eto'o","Cameroon, Spain",forward,"U.C. Sampdoria",2015,2015,18
"Samuel Eto'o","Cameroon, Spain",forward,Antalyaspor,2015,2018,73
"Samuel Eto'o","Cameroon, Spain",forward,"Qatar SC",2018,2019,17
"Samuel Eto'o","Cameroon, Spain",forward,Konyaspor,2018,2018,13
"Samuel Kuffour",Ghana,centre-back,"King Faisal Babes",1990,1991,
"Samuel Kuffour",Ghana,centre-back,"Torino FC",1991,1993,
"Samuel Kuffour",Ghana,centre-back,"FC Bayern Munich",1993,2005,175
"Samuel Kuffour",Ghana,centre-back,"1. FC Nürnberg",1995,1996,12
"Samuel Kuffour",Ghana,centre-back,"AS Roma",2005,2008,21
"Samuel Kuffour",Ghana,centre-back,"US Livorno 1915",2006,2007,18
"Samuel Kuffour",Ghana,centre-back,"AFC Ajax",2008,2008,2
"Samuel Kuffour",Ghana,centre-back,"Asante Kotoko F.C.",2009,2009,2
"Samuel Umtiti","Cameroon, France","centre-back, defender","Olympique Lyonnais",2012,2016,131
"Samuel Umtiti","Cameroon, France","centre-back, defender","US Lecce",2022,2023,25
"Samuel Umtiti","Cameroon, France","centre-back, defender","Lille OSC",2023,2025,6
"Sandro Raniere","Brazil, Portugal",midfielder,"S.C. Internacional",2007,2010,68
"Sandro Raniere","Brazil, Portugal",midfielder,"Tottenham Hotspur F.C.",2010,2014,81
"Sandro Raniere","Brazil, Portugal",midfielder,"Queens Park Rangers F.C.",2014,2016,28
"Sandro Raniere","Brazil, Portugal",midfielder,"West Bromwich Albion F.C.",2016,,
"Sandro Tonali",Italy,midfielder,"Brescia Calcio",2016,2021,88
"Sandro Tonali",Italy,midfielder,"AC Milan",2020,2021,25
"Sandro Tonali",Italy,midfielder,"AC Milan",2021,2023,95
"Sandro Tonali",Italy,midfielder,"Newcastle United F.C.",2023,,73
"Santi Cazorla",Spain,"wing half","Villarreal CF B",2003,2004,40
"Santi Cazorla",Spain,"wing half","Villarreal CF",2003,2006,54
"Santi Cazorla",Spain,"wing half","Recreativo de Huelva",2006,2007,34
"Santi Cazorla",Spain,"wing half","Villarreal CF",2007,2011,127
"Santi Cazorla",Spain,"wing half","Málaga CF",2011,2012,38
"Santi Cazorla",Spain,"wing half","Arsenal F.C.",2012,2018,129
"Santi Cazorla",Spain,"wing half","Villarreal CF",2018,2020,70
"Santi Cazorla",Spain,"wing half","Al Sadd Sports Club",2020,2023,55
"Santi Cazorla",Spain,"wing half","Real Oviedo",2023,,63
"Santi Denia",Spain,defender,"Albacete Balompié",1992,1995,98
"Santi Denia",Spain,defender,"Atlético Madrid",1995,2004,225
"Santi Denia",Spain,defender,"Albacete Balompié",2005,2007,38
"Santiago Cañizares",Spain,goalkeeper,"Real Madrid C",1988,1989,
"Santiago Cañizares",Spain,goalkeeper,"Real Madrid Club de Fútbol",1988,1992,0
"Santiago Cañizares",Spain,goalkeeper,"Elche CF",1990,1991,7
"Santiago Cañizares",Spain,goalkeeper,"CP Mérida",1991,1992,38
"Santiago Cañizares",Spain,goalkeeper,"RC Celta de Vigo",1992,1994,74
"Santiago Cañizares",Spain,goalkeeper,"Real Madrid Club de Fútbol",1994,1998,41
"Santiago Cañizares",Spain,goalkeeper,"Valencia CF",1998,2008,305
"Santiago Ezquerro",Spain,forward,"Club Atlético Osasuna",1993,1994,
"Santiago Ezquerro",Spain,forward,"Osasuna B",1994,1995,15
"Santiago Ezquerro",Spain,forward,"Club Atlético Osasuna",1995,1996,38
"Santiago Ezquerro",Spain,forward,"Atlético Madrid B",1996,1997,34
"Santiago Ezquerro",Spain,forward,"Atlético Madrid",1996,1998,8
"Santiago Ezquerro",Spain,forward,"Athletic Club",1998,2005,222
"Santiago Ezquerro",Spain,forward,"RCD Mallorca",1998,1998,14
"Santiago Ezquerro",Spain,forward,"Club Atlético Osasuna",2008,2009,10
"Santiago Solari",Argentina,midfielder,"Newell's Old Boys",1994,1995,0
"Santiago Solari",Argentina,midfielder,"Club Atlético River Plate",1996,1998,67
"Santiago Solari",Argentina,midfielder,"Atlético Madrid",1999,2000,46
"Santiago Solari",Argentina,midfielder,"Real Madrid Club de Fútbol",2000,2005,131
"Santiago Solari",Argentina,midfielder,"Inter Milan",2005,2008,39
"Santiago Solari",Argentina,midfielder,"Atlante F.C.",2009,2010,33
"Santiago Solari",Argentina,midfielder,"Club Atlético Peñarol",2010,2011,9
"Saúl Ñíguez",Spain,midfielder,"Atlético Madrid B",2010,2013,70
"Saúl Ñíguez",Spain,midfielder,"Atlético Madrid",2012,2025,295
"Saúl Ñíguez",Spain,midfielder,"Rayo Vallecano",2013,2014,34
"Saúl Ñíguez",Spain,midfielder,"Chelsea F.C.",2021,2022,10
"Saúl Ñíguez",Spain,midfielder,"Sevilla FC",2024,2025,24
"Saúl Ñíguez",Spain,midfielder,"Clube de Regatas do Flamengo",2025,,15
"Scot Gemmill","United Kingdom",midfielder,"Nottingham Forest F.C.",1990,1999,245
"Scot Gemmill","United Kingdom",midfielder,"Everton F.C.",1999,2004,97
"Scot Gemmill","United Kingdom",midfielder,"Leicester City F.C.",2004,2006,17
"Scot Gemmill","United Kingdom",midfielder,"Preston North End F.C.",2004,2004,7
"Scot Gemmill","United Kingdom",midfielder,"Oxford United F.C.",2006,2006,1
"Scot Gemmill","United Kingdom",midfielder,"New Zealand Knights FC",2006,2007,20
"Scott McTominay","United Kingdom",midfielder,"Manchester United F.C.",2017,2024,178
"Scott McTominay","United Kingdom",midfielder,"SSC Napoli",2024,,44
"Sead Kolašinac","Germany, Bosnia and Herzegovina",full-back,"Schalke 04",2012,2017,94
"Sead Kolašinac","Germany, Bosnia and Herzegovina",full-back,"FC Schalke 04 II",2012,2015,8
"Sead Kolašinac","Germany, Bosnia and Herzegovina",full-back,"Arsenal F.C.",2017,2022,80
"Sead Kolašinac","Germany, Bosnia and Herzegovina",full-back,"Schalke 04",2021,2021,17
"Sead Kolašinac","Germany, Bosnia and Herzegovina",full-back,"Olympique de Marseille",2022,2023,47
"Sead Kolašinac","Germany, Bosnia and Herzegovina",full-back,"Atalanta BC",2023,,72
"Sean Longstaff","United Kingdom",midfielder,"Blackpool F.C.",2017,2018,45
"Sean Longstaff","United Kingdom",midfielder,"Kilmarnock F.C.",2017,2017,17
"Sean Longstaff","United Kingdom",midfielder,"Newcastle United F.C.",2018,2025,171
"Sean Longstaff","United Kingdom",midfielder,"Leeds United F.C.",2025,,
"Sebastian Giovinco",Italy,"midfielder, forward","Juventus FC",2006,2015,92
"Sebastian Giovinco",Italy,"midfielder, forward","Empoli FC",2007,2008,35
"Sebastian Giovinco",Italy,"midfielder, forward","Parma Calcio 1913",2010,2012,66
"Sebastian Giovinco",Italy,"midfielder, forward","Toronto FC",2015,2019,114
"Sebastian Giovinco",Italy,"midfielder, forward","Al Hilal SFC",2019,2021,57
"Sebastian Giovinco",Italy,"midfielder, forward","U.C. Sampdoria",2022,2022,2
"Sebastian Kehl",Germany,midfielder,"Hannover 96",1998,2000,32
"Sebastian Kehl",Germany,midfielder,"SC Freiburg",2000,2001,40
"Sebastian Kehl",Germany,midfielder,"Borussia Dortmund",2002,2015,274
"Sebastiano Rossi",Italy,goalkeeper,"Forlì F.C.",1982,1983,11
"Sebastiano Rossi",Italy,goalkeeper,"AC Cesena",1982,1990,127
"Sebastiano Rossi",Italy,goalkeeper,"Empoli FC",1984,1985,0
"Sebastiano Rossi",Italy,goalkeeper,"San Frediano Rondinella S.S.",1985,1986,28
"Sebastiano Rossi",Italy,goalkeeper,"AC Milan",1990,2002,240
"Sebastiano Rossi",Italy,goalkeeper,"A.C. Perugia Calcio",2002,2003,12
"Serge Gnabry","Ivory Coast, Germany",forward,"Arsenal F.C.",2012,2016,10
"Serge Gnabry","Ivory Coast, Germany",forward,"West Bromwich Albion F.C.",2015,2016,1
"Serge Gnabry","Ivory Coast, Germany",forward,"SV Werder Bremen",2016,2017,27
"Serge Gnabry","Ivory Coast, Germany",forward,"FC Bayern Munich",2017,,212
"Serge Gnabry","Ivory Coast, Germany",forward,"TSG 1899 Hoffenheim",2017,2018,22
"Sergi Barjuan",Spain,full-back,"FC Barcelona Atlètic",1992,1993,42
"Sergi Barjuan",Spain,full-back,"Atlético Madrid",2002,2005,85
"Sergi Roberto",Spain,midfielder,"FC Barcelona Atlètic",2009,2013,106
"Sergi Roberto",Spain,midfielder,"Como 1907",2024,,18
Serginho,Brazil,midfielder,"Itaperuna Esporte Clube",1992,1993,7
Serginho,Brazil,midfielder,"Esporte Clube Bahia",1993,1994,11
Serginho,Brazil,midfielder,"Clube de Regatas do Flamengo",1994,1995,17
Serginho,Brazil,midfielder,"Cruzeiro E.C.",1995,1996,23
Serginho,Brazil,midfielder,"São Paulo FC",1996,1999,58
Serginho,Brazil,midfielder,"AC Milan",1999,2008,185
"Sergio Agüero",Argentina,centre-forward,"Club Atlético Independiente",2003,2006,54
"Sergio Agüero",Argentina,centre-forward,"Atlético Madrid",2006,2011,177
"Sergio Agüero",Argentina,centre-forward,"Manchester City F.C.",2011,2021,275
"Sergio Ballesteros",Spain,defender,"Levante UD",1994,1996,36
"Sergio Ballesteros",Spain,defender,"C.D. Tenerife",1996,2000,86
"Sergio Ballesteros",Spain,defender,"Rayo Vallecano",2000,2001,36
"Sergio Ballesteros",Spain,defender,"Villarreal CF",2001,2004,81
"Sergio Ballesteros",Spain,defender,"RCD Mallorca",2004,2008,103
"Sergio Ballesteros",Spain,defender,"Levante UD",2008,2013,174
"Sergio Busquets",Spain,"defensive midfielder",Q112841087,1995,1996,
"Sergio Busquets",Spain,"defensive midfielder",Q112841080,1996,1999,
"Sergio Busquets",Spain,"defensive midfielder","UE Lleida",1999,2003,
"Sergio Busquets",Spain,"defensive midfielder","UFB Jàbac i Terrassa",2003,2005,
"Sergio Busquets",Spain,"defensive midfielder","FC Barcelona C",2006,2006,1
"Sergio Busquets",Spain,"defensive midfielder","FC Barcelona Atlètic",2007,2008,32
"Sergio Busquets",Spain,"defensive midfielder","Inter Miami CF",2023,2025,74
"Sergio Escudero Palomo",Spain,defender,"Real Murcia Imperial",2008,2009,
"Sergio Escudero Palomo",Spain,defender,"Real Murcia",2009,2010,29
"Sergio Escudero Palomo",Spain,defender,"Schalke 04",2010,2013,22
"Sergio Escudero Palomo",Spain,defender,"Getafe CF",2013,2015,54
"Sergio Escudero Palomo",Spain,defender,"Sevilla FC",2015,2021,176
"Sergio Escudero Palomo",Spain,defender,"Granada CF",2021,2022,29
"Sergio Escudero Palomo",Spain,defender,"Real Valladolid",2022,2024,60
"Sergio Escudero Palomo",Spain,defender,"Deportivo de La Coruña",2024,2026,35
"Sergio Porrini",Italy,defender,"AC Milan",1986,1989,0
"Sergio Porrini",Italy,defender,"Atalanta BC",1989,1993,100
"Sergio Porrini",Italy,defender,"Juventus FC",1993,1997,80
"Sergio Porrini",Italy,defender,"Rangers F.C.",1997,2001,133
"Sergio Porrini",Italy,defender,"US Alessandria Calcio 1912",2001,2003,34
"Sergio Porrini",Italy,defender,"Calcio Padova",2003,2004,43
"Sergio Porrini",Italy,defender,"A.S. Pizzighettone",2004,2009,56
"Sergio Ramos",Spain,centre-back,"Sevilla FC",2004,2005,39
"Sergio Ramos",Spain,centre-back,"Real Madrid Club de Fútbol",2005,2021,469
"Sergio Ramos",Spain,centre-back,"Paris Saint-Germain FC",2021,2023,45
"Sergio Ramos",Spain,centre-back,"Sevilla FC",2023,2024,28
"Sergio Ramos",Spain,centre-back,"Club de Fútbol Monterrey",2025,2025,27
"Sergio Rico",Spain,goalkeeper,"Sevilla Atlético",2011,2014,36
"Sergio Rico",Spain,goalkeeper,"Sevilla FC",2014,2020,114
"Sergio Rico",Spain,goalkeeper,"Fulham F.C.",2018,2019,29
"Sergio Rico",Spain,goalkeeper,"Paris Saint-Germain FC",2019,2020,2
"Sergio Rico",Spain,goalkeeper,"Paris Saint-Germain FC",2020,2024,11
"Sergio Rico",Spain,goalkeeper,"RCD Mallorca",2022,2022,14
"Sergio Rico",Spain,goalkeeper,"Al-Gharafa SC",2024,,
"Seydou Keita","Mali, France",midfielder,"Olympique de Marseille",1999,2000,6
"Seydou Keita","Mali, France",midfielder,"F.C. Lorient",2000,2002,58
"Seydou Keita","Mali, France",midfielder,"R.C. Lens",2002,2007,157
"Seydou Keita","Mali, France",midfielder,"Sevilla FC",2007,2008,31
"Seydou Keita","Mali, France",midfielder,"Dalian Professional F.C.",2012,2014,37
"Seydou Keita","Mali, France",midfielder,"Valencia CF",2014,2014,11
"Seydou Keita","Mali, France",midfielder,"AS Roma",2014,2016,46
"Seydou Keita","Mali, France",midfielder,"El Jaish SC",2016,2017,16
"Shaun Goater","United Kingdom",forward,"Manchester United F.C.",1989,1989,0
"Shaun Goater","United Kingdom",forward,"Rotherham United F.C.",1989,1996,209
"Shaun Goater","United Kingdom",forward,"Notts County F.C.",1993,1993,1
"Shaun Goater","United Kingdom",forward,"Bristol City F.C.",1996,1998,75
"Shaun Goater","United Kingdom",forward,"Manchester City F.C.",1998,2003,184
"Shaun Goater","United Kingdom",forward,"Reading F.C.",2003,2005,43
"Shaun Goater","United Kingdom",forward,"Coventry City F.C.",2005,2005,6
"Shaun Goater","United Kingdom",forward,"Southend United F.C.",2005,2006,33
"Shaun Goater","United Kingdom",forward,"Bermuda Hogges",2007,2008,9
"Shaun Goater","United Kingdom",forward,"North Village Rams",2008,2010,7
"Shaun Wright-Phillips","United Kingdom","midfielder, wing half","Manchester City F.C.",1999,2005,153
"Shaun Wright-Phillips","United Kingdom","midfielder, wing half","Chelsea F.C.",2005,2008,81
"Shaun Wright-Phillips","United Kingdom","midfielder, wing half","Manchester City F.C.",2008,2011,65
"Shaun Wright-Phillips","United Kingdom","midfielder, wing half","Queens Park Rangers F.C.",2011,2015,67
"Shaun Wright-Phillips","United Kingdom","midfielder, wing half","Red Bull New York",2015,2016,21
"Shaun Wright-Phillips","United Kingdom","midfielder, wing half","Phoenix Rising FC",2017,2017,26
"Shay Given",Ireland,goalkeeper,"Blackburn Rovers F.C.",1994,1997,2
"Shay Given",Ireland,goalkeeper,"Swindon Town F.C.",1994,1994,0
"Shay Given",Ireland,goalkeeper,"Sunderland A.F.C.",1996,1996,17
"Shay Given",Ireland,goalkeeper,"Swindon Town F.C.",1996,1996,5
"Shay Given",Ireland,goalkeeper,"Newcastle United F.C.",1997,2009,354
"Shay Given",Ireland,goalkeeper,"Manchester City F.C.",2009,2011,50
"Shay Given",Ireland,goalkeeper,"Aston Villa F.C.",2011,2015,37
"Shay Given",Ireland,goalkeeper,"Middlesbrough F.C.",2013,2014,16
"Shay Given",Ireland,goalkeeper,"Stoke City F.C.",2015,2017,8
"Shinji Kagawa",Japan,midfielder,"Cerezo Osaka",2006,2010,125
"Shinji Kagawa",Japan,midfielder,"Borussia Dortmund",2010,2012,49
"Shinji Kagawa",Japan,midfielder,"Manchester United F.C.",2012,2014,38
"Shinji Kagawa",Japan,midfielder,"Borussia Dortmund",2014,2019,99
"Shinji Kagawa",Japan,midfielder,"Real Zaragoza",2019,2020,33
"Shinji Kagawa",Japan,midfielder,"Beşiktaş J.K. (Football)",2019,2019,14
"Shinji Kagawa",Japan,midfielder,"Sint-Truidense V.V.",2022,2023,18
"Shinji Kagawa",Japan,midfielder,"Cerezo Osaka",2023,,69
"Shkodran Mustafi",Germany,centre-back,"Everton F.C.",2009,2012,0
"Shkodran Mustafi",Germany,centre-back,"U.C. Sampdoria",2012,2014,51
"Shkodran Mustafi",Germany,centre-back,"Valencia CF",2014,2016,64
"Shkodran Mustafi",Germany,centre-back,"Arsenal F.C.",2016,2021,102
"Shkodran Mustafi",Germany,centre-back,"Schalke 04",2021,2021,13
"Shkodran Mustafi",Germany,centre-back,"Levante UD",2021,2023,14
"Shola Ameobi","Nigeria, United Kingdom",forward,"Newcastle United F.C.",2000,2014,312
"Shola Ameobi","Nigeria, United Kingdom",forward,"Stoke City F.C.",2008,2008,6
"Shola Ameobi","Nigeria, United Kingdom",forward,Gaziantepspor,2014,2015,11
"Shola Ameobi","Nigeria, United Kingdom",forward,"Gaziantep F.K.",2014,2015,11
"Shola Ameobi","Nigeria, United Kingdom",forward,"Bolton Wanderers F.C.",2015,2016,8
"Shola Ameobi","Nigeria, United Kingdom",forward,"Crystal Palace F.C.",2015,2015,4
"Shola Ameobi","Nigeria, United Kingdom",forward,"Fleetwood Town F.C.",2016,,
"Simon Davies","United Kingdom","wing half","Peterborough United F.C.",1997,2000,65
"Simon Davies","United Kingdom","wing half","Tottenham Hotspur F.C.",2000,2005,121
"Simon Davies","United Kingdom","wing half","Everton F.C.",2005,2007,45
"Simon Davies","United Kingdom","wing half","Fulham F.C.",2007,2013,137
"Simon Mignolet",Belgium,goalkeeper,"Sint-Truidense V.V.",2007,2010,100
"Simon Mignolet",Belgium,goalkeeper,"Sunderland A.F.C.",2010,2013,90
"Simon Mignolet",Belgium,goalkeeper,"Liverpool F.C.",2013,2019,155
"Simon Mignolet",Belgium,goalkeeper,"Club Brugge K.V.",2019,2026,221
"Simone Padoin",Italy,midfielder,"LR Vicenza",2003,2007,126
"Simone Padoin",Italy,midfielder,"Atalanta BC",2007,2012,156
"Simone Padoin",Italy,midfielder,"Juventus FC",2012,2016,84
"Simone Padoin",Italy,midfielder,"Cagliari Calcio",2016,2019,98
"Simone Padoin",Italy,midfielder,"Ascoli Calcio 1898 FC",2019,2020,32
"Simone Perrotta",Italy,"wing half","AS Reggina 1914",1995,1998,77
"Simone Perrotta",Italy,"wing half","Juventus FC",1998,1999,5
"Simone Perrotta",Italy,"wing half","SSC Bari",1999,2001,56
"Simone Perrotta",Italy,"wing half","AC ChievoVerona",2001,2004,95
"Simone Perrotta",Italy,"wing half","AS Roma",2004,2013,246
"Simão Sabrosa",Portugal,"wing half","Sporting CP",1997,1999,53
"Simão Sabrosa",Portugal,"wing half","S.L. Benfica",2001,2007,172
"Simão Sabrosa",Portugal,"wing half","Atlético Madrid",2007,2010,113
"Simão Sabrosa",Portugal,"wing half","Beşiktaş J.K. (Football)",2011,2012,46
"Simão Sabrosa",Portugal,"wing half","RCD Espanyol de Barcelona",2012,2014,60
"Simão Sabrosa",Portugal,"wing half","NorthEast United FC",2015,,
"Sofiane Feghouli","Algeria, France","wing half","Grenoble Foot 38",2007,2010,60
"Sofiane Feghouli","Algeria, France","wing half","Valencia CF",2010,2016,146
"Sofiane Feghouli","Algeria, France","wing half","Unión Deportiva Almería",2011,2011,9
"Sofiane Feghouli","Algeria, France","wing half","West Ham United F.C.",2016,2017,21
"Sofiane Feghouli","Algeria, France","wing half","Galatasaray S.K.",2017,2022,125
"Sofiane Feghouli","Algeria, France","wing half","Fatih Karagümrük S.K.",2023,2024,34
"Sofiane Feghouli","Algeria, France","wing half","Baghdad FC",2025,2026,4
"Sokratis Papastathopoulos",Greece,centre-back,"Genoa CFC",2008,2010,51
"Sokratis Papastathopoulos",Greece,centre-back,"AC Milan",2010,2012,5
"Sokratis Papastathopoulos",Greece,centre-back,"Genoa CFC",2011,2011,0
"Sokratis Papastathopoulos",Greece,centre-back,"SV Werder Bremen",2011,2012,30
"Sokratis Papastathopoulos",Greece,centre-back,"SV Werder Bremen",2012,2013,29
"Sokratis Papastathopoulos",Greece,centre-back,"Borussia Dortmund",2013,2018,130
"Sokratis Papastathopoulos",Greece,centre-back,"Arsenal F.C.",2018,2021,44
"Sokratis Papastathopoulos",Greece,centre-back,"Real Betis Balompié",2023,2024,15
"Sol Campbell","United Kingdom",centre-back,"Tottenham Hotspur F.C.",1992,2001,255
"Sol Campbell","United Kingdom",centre-back,"Arsenal F.C.",2001,2006,135
"Sol Campbell","United Kingdom",centre-back,"Portsmouth F.C.",2006,2009,95
"Sol Campbell","United Kingdom",centre-back,"Notts County F.C.",2009,2009,1
"Sol Campbell","United Kingdom",centre-back,"Newcastle United F.C.",2010,2011,7
"Sol Campbell","United Kingdom",centre-back,"Arsenal F.C.",2010,2010,11
"Son Heung-min","South Korea",forward,"Hamburger SV",2010,2013,73
"Son Heung-min","South Korea",forward,"Bayer 04 Leverkusen",2013,2015,62
"Son Heung-min","South Korea",forward,"Tottenham Hotspur F.C.",2015,2025,333
"Son Heung-min","South Korea",forward,"Los Angeles FC",2025,,10
"Stanislav Lobotka",Slovakia,midfielder,"FK AS Trenčín",2011,2015,76
"Stanislav Lobotka",Slovakia,midfielder,"Jong Ajax",2013,2014,30
"Stanislav Lobotka",Slovakia,midfielder,"FC Nordsjælland",2015,2017,61
"Stanislav Lobotka",Slovakia,midfielder,"RC Celta de Vigo",2017,2020,86
"Stanislav Lobotka",Slovakia,midfielder,"SSC Napoli",2020,,168
"Stefan Effenberg",Germany,midfielder,"Borussia Mönchengladbach",1987,1990,73
"Stefan Effenberg",Germany,midfielder,"FC Bayern Munich",1990,1992,65
"Stefan Effenberg",Germany,midfielder,"ACF Fiorentina",1992,1994,56
"Stefan Effenberg",Germany,midfielder,"Borussia Mönchengladbach",1994,1998,118
"Stefan Effenberg",Germany,midfielder,"FC Bayern Munich",1998,2002,95
"Stefan Effenberg",Germany,midfielder,"VfL Wolfsburg",2002,2003,19
"Stefan Effenberg",Germany,midfielder,"Al-Arabi SC",2003,2004,15
"Stefan Klos",Germany,goalkeeper,"Borussia Dortmund",1990,1998,254
"Stefan Klos",Germany,goalkeeper,"Rangers F.C.",1999,2007,208
"Stefan Reuter",Germany,full-back,"1. FC Nürnberg",1984,1988,125
"Stefan Reuter",Germany,full-back,"FC Bayern Munich",1988,1991,95
"Stefan Reuter",Germany,full-back,"Juventus FC",1991,1992,28
"Stefan Reuter",Germany,full-back,"Borussia Dortmund",1992,2004,307
"Stefan Savić",Montenegro,defender,"FK BSK Borča",2009,2010,27
"Stefan Savić",Montenegro,defender,"FK Partizan",2010,2011,20
"Stefan Savić",Montenegro,defender,"Manchester City F.C.",2011,2012,12
"Stefan Savić",Montenegro,defender,"ACF Fiorentina",2012,2015,86
"Stefan Savić",Montenegro,defender,"Atlético Madrid",2015,2024,217
"Stefan Savić",Montenegro,defender,Trabzonspor,2024,,
"Stefan de Vrij","Kingdom of the Netherlands",centre-back,"Feyenoord Rotterdam",2009,2014,135
"Stefan de Vrij","Kingdom of the Netherlands",centre-back,"SS Lazio",2014,2018,95
"Stefan de Vrij","Kingdom of the Netherlands",centre-back,"Inter Milan",2018,,204
"Stefano Desideri",Italy,midfielder,"Piacenza Calcio",1984,1985,19
"Stefano Desideri",Italy,midfielder,"AS Roma",1985,1991,136
"Stefano Desideri",Italy,midfielder,"Inter Milan",1991,1992,33
"Stefano Desideri",Italy,midfielder,"Udinese Calcio",1992,1997,128
"Stefano Desideri",Italy,midfielder,"US Livorno 1915",1997,1998,15
"Stefano Desideri",Italy,midfielder,"Pol. Monterotondo Lupa",1998,2001,
"Stefano Eranio",Italy,"midfielder, wing half","Genoa CFC",1984,1992,212
"Stefano Eranio",Italy,"midfielder, wing half","AC Milan",1992,1997,98
"Stefano Eranio",Italy,"midfielder, wing half","Derby County F.C.",1997,2001,95
"Stefano Eranio",Italy,"midfielder, wing half","Pro Sesto 1913",2002,2003,15
"Steffen Freund","German Democratic Republic, Germany",midfielder,"FC Stahl Brandenburg",1988,1991,57
"Steffen Freund","German Democratic Republic, Germany",midfielder,"Schalke 04",1991,1993,53
"Steffen Freund","German Democratic Republic, Germany",midfielder,"Borussia Dortmund",1993,1998,117
"Steffen Freund","German Democratic Republic, Germany",midfielder,"Tottenham Hotspur F.C.",1998,2003,102
"Steffen Freund","German Democratic Republic, Germany",midfielder,"1. FC Kaiserslautern",2003,2004,9
"Steffen Freund","German Democratic Republic, Germany",midfielder,"Leicester City F.C.",2004,2004,14
"Steffen Iversen",Norway,forward,"Rosenborg BK",1995,1996,50
"Steffen Iversen",Norway,forward,"Tottenham Hotspur F.C.",1996,2003,144
"Steffen Iversen",Norway,forward,"Wolverhampton Wanderers F.C.",2003,2004,16
"Steffen Iversen",Norway,forward,"Vålerenga Fotball",2004,2005,32
"Steffen Iversen",Norway,forward,"Rosenborg BK",2006,2010,128
"Steffen Iversen",Norway,forward,"Crystal Palace F.C.",2011,2012,20
"Steffen Iversen",Norway,forward,"Rosenborg BK",2012,2012,21
"Steffen Iversen",Norway,forward,"SK Haugar",2016,2016,
"Stephan El Shaarawy","Venezuela, Egypt, Italy",winger,"Genoa CFC",2008,2011,3
"Stephan El Shaarawy","Venezuela, Egypt, Italy",winger,"Calcio Padova",2010,2011,29
"Stephan El Shaarawy","Venezuela, Egypt, Italy",winger,"AC Milan",2011,2016,83
"Stephan El Shaarawy","Venezuela, Egypt, Italy",winger,"AS Monaco FC",2015,2016,15
"Stephan El Shaarawy","Venezuela, Egypt, Italy",winger,"AS Roma",2016,2016,16
"Stephan El Shaarawy","Venezuela, Egypt, Italy",winger,"Shanghai Shenhua F.C.",2019,2020,16
"Stephan El Shaarawy","Venezuela, Egypt, Italy",winger,"AS Roma",2021,,143
"Stephan Lichtsteiner",Switzerland,full-back,"Grasshopper Club Zürich",2001,2005,79
"Stephan Lichtsteiner",Switzerland,full-back,"Lille OSC",2005,2008,89
"Stephan Lichtsteiner",Switzerland,full-back,"SS Lazio",2008,2011,100
"Stephan Lichtsteiner",Switzerland,full-back,"Juventus FC",2011,2018,201
"Stephan Lichtsteiner",Switzerland,full-back,"Arsenal F.C.",2018,2019,14
"Stephan Lichtsteiner",Switzerland,full-back,"FC Augsburg",2019,2020,20
"Stephen Carr",Ireland,"full-back, defender","Tottenham Hotspur F.C.",1993,2004,226
"Stephen Carr",Ireland,"full-back, defender","Newcastle United F.C.",2004,2008,78
"Stephen Carr",Ireland,"full-back, defender","Birmingham City F.C.",2009,2013,106
"Stephen Clemence","United Kingdom",midfielder,"Tottenham Hotspur F.C.",1997,2003,91
"Stephen Clemence","United Kingdom",midfielder,"Birmingham City F.C.",2003,2007,121
"Stephen Clemence","United Kingdom",midfielder,"Leicester City F.C.",2007,2010,31
"Stephen Ireland",Ireland,midfielder,"Manchester City F.C.",2005,2010,138
"Stephen Ireland",Ireland,midfielder,"Aston Villa F.C.",2010,2014,47
"Stephen Ireland",Ireland,midfielder,"Newcastle United F.C.",2011,2011,2
"Stephen Ireland",Ireland,midfielder,"Stoke City F.C.",2013,2014,13
"Stephen Ireland",Ireland,midfielder,"Stoke City F.C.",2014,2018,46
"Stephen Ireland",Ireland,midfielder,"Bolton Wanderers F.C.",2018,2018,0
"Steve Bould","United Kingdom",centre-back,"Stoke City F.C.",1980,1988,183
"Steve Bould","United Kingdom",centre-back,"Torquay United F.C.",1982,1982,9
"Steve Bould","United Kingdom",centre-back,"Arsenal F.C.",1988,1999,287
"Steve Bould","United Kingdom",centre-back,"Sunderland A.F.C.",1999,2000,21
"Steve Finnan",Ireland,full-back,"Welling United F.C.",1993,1995,41
"Steve Finnan",Ireland,full-back,"Birmingham City F.C.",1995,1996,15
"Steve Finnan",Ireland,full-back,"Notts County F.C.",1996,1996,17
"Steve Finnan",Ireland,full-back,"Fulham F.C.",1998,2003,172
"Steve Finnan",Ireland,full-back,"Liverpool F.C.",2003,2008,145
"Steve Finnan",Ireland,full-back,"RCD Espanyol de Barcelona",2008,2009,4
"Steve Finnan",Ireland,full-back,"Portsmouth F.C.",2009,2010,21
"Steve Harkness","United Kingdom",full-back,"Liverpool F.C.",1989,1999,102
"Steve Harkness","United Kingdom",full-back,"Carlisle United F.C.",1989,1989,13
"Steve Harkness","United Kingdom",full-back,"Huddersfield Town A.F.C.",1993,1993,5
"Steve Harkness","United Kingdom",full-back,"Southend United F.C.",1995,1995,6
"Steve Harkness","United Kingdom",full-back,"S.L. Benfica",1999,1999,9
"Steve Harkness","United Kingdom",full-back,"Blackburn Rovers F.C.",1999,2000,17
"Steve Harkness","United Kingdom",full-back,"Sheffield Wednesday F.C.",2000,2002,30
"Steve Harkness","United Kingdom",full-back,"Chester City F.C.",2002,2002,10
"Steve Harper","United Kingdom",goalkeeper,"Newcastle United F.C.",1993,2013,157
"Steve Harper","United Kingdom",goalkeeper,"Bradford City A.F.C.",1995,1995,1
"Steve Harper","United Kingdom",goalkeeper,"Gateshead F.C.",1996,1996,12
"Steve Harper","United Kingdom",goalkeeper,"Stockport County F.C.",1997,1997,0
"Steve Harper","United Kingdom",goalkeeper,"Huddersfield Town A.F.C.",1997,1998,24
"Steve Harper","United Kingdom",goalkeeper,"Hartlepool United F.C.",1997,1997,15
"Steve Harper","United Kingdom",goalkeeper,"Brighton & Hove Albion F.C.",2011,2011,5
"Steve Harper","United Kingdom",goalkeeper,"Hull City A.F.C.",2013,2015,23
"Steve Harper","United Kingdom",goalkeeper,"Sunderland A.F.C.",2016,,
"Steve Howey","United Kingdom",centre-back,"Newcastle United F.C.",1989,2000,191
"Steve Howey","United Kingdom",centre-back,"Manchester City F.C.",2000,2003,94
"Steve Howey","United Kingdom",centre-back,"Leicester City F.C.",2003,2004,13
"Steve Howey","United Kingdom",centre-back,"Bolton Wanderers F.C.",2004,2004,3
"Steve Howey","United Kingdom",centre-back,"New England Revolution",2004,2004,3
"Steve Howey","United Kingdom",centre-back,"Hartlepool United F.C.",2005,2005,1
"Steve Lomas","United Kingdom",midfielder,"Manchester City F.C.",1991,1997,111
"Steve Lomas","United Kingdom",midfielder,"West Ham United F.C.",1997,2005,187
"Steve Lomas","United Kingdom",midfielder,"Queens Park Rangers F.C.",2005,2007,55
"Steve Lomas","United Kingdom",midfielder,"Gillingham F.C.",2007,2008,8
"Steve Lomas","United Kingdom",midfielder,"St Neots Town F.C.",2009,2010,
"Steve McManaman","United Kingdom",winger,"Liverpool F.C.",1990,1999,272
"Steve McManaman","United Kingdom",winger,"Real Madrid Club de Fútbol",1999,2003,94
"Steve McManaman","United Kingdom",winger,"Manchester City F.C.",2003,2005,35
"Steve Nicol","United Kingdom",defender,"Ayr United F.C.",1979,1981,70
"Steve Nicol","United Kingdom",defender,"Liverpool F.C.",1981,1994,343
"Steve Nicol","United Kingdom",defender,"Notts County F.C.",1994,1996,32
"Steve Nicol","United Kingdom",defender,"Sheffield Wednesday F.C.",1996,1998,49
"Steve Nicol","United Kingdom",defender,"West Bromwich Albion F.C.",1998,1998,9
"Steve Nicol","United Kingdom",defender,"Doncaster Rovers F.C.",1998,1999,25
"Steve Nicol","United Kingdom",defender,"New England Revolution",1999,1999,0
"Steve Nicol","United Kingdom",defender,"Boston Bulldogs",1999,2001,41
"Steve Redmond","United Kingdom",defender,"Manchester City F.C.",1984,1992,235
"Steve Redmond","United Kingdom",defender,"Oldham Athletic A.F.C.",1992,1998,205
"Steve Redmond","United Kingdom",defender,"Bury F.C.",1998,2003,151
"Steve Redmond","United Kingdom",defender,"Burscough F.C.",2003,2003,1
"Steve Redmond","United Kingdom",defender,"Leigh Genesis F.C.",2003,2004,25
"Steve Sedgley","United Kingdom",midfielder,"Coventry City F.C.",1986,1989,84
"Steve Sedgley","United Kingdom",midfielder,"Tottenham Hotspur F.C.",1989,1994,164
"Steve Sedgley","United Kingdom",midfielder,"Ipswich Town F.C.",1994,1997,105
"Steve Sedgley","United Kingdom",midfielder,"Wolverhampton Wanderers F.C.",1997,2000,106
"Steve Watson","United Kingdom","midfielder, full-back","Newcastle United F.C.",1990,1998,208
"Steve Watson","United Kingdom","midfielder, full-back","Aston Villa F.C.",1998,2000,41
"Steve Watson","United Kingdom","midfielder, full-back","Everton F.C.",2000,2005,126
"Steve Watson","United Kingdom","midfielder, full-back","West Bromwich Albion F.C.",2005,2007,42
"Steve Watson","United Kingdom","midfielder, full-back","Sheffield Wednesday F.C.",2007,2007,11
"Steven Gerrard","United Kingdom",midfielder,"Liverpool F.C.",1998,2015,504
"Steven Gerrard","United Kingdom",midfielder,"LA Galaxy",2015,2016,34
"Steven Naismith","United Kingdom",forward,"Kilmarnock F.C.",2003,2007,101
"Steven Naismith","United Kingdom",forward,"Rangers F.C.",2007,2012,98
"Steven Naismith","United Kingdom",forward,"Everton F.C.",2012,2016,103
"Steven Naismith","United Kingdom",forward,"Norwich City F.C.",2016,,
"Steven Nzonzi",France,"defensive midfielder","Amiens SC",2007,2009,37
"Steven Nzonzi",France,"defensive midfielder","Blackburn Rovers F.C.",2009,2012,86
"Steven Nzonzi",France,"defensive midfielder","Stoke City F.C.",2012,2015,109
"Steven Nzonzi",France,"defensive midfielder","Sevilla FC",2015,2018,90
"Steven Nzonzi",France,"defensive midfielder","AS Roma",2018,2021,30
"Steven Nzonzi",France,"defensive midfielder","Galatasaray S.K.",2019,2020,10
"Steven Nzonzi",France,"defensive midfielder","Stade Rennais F.C.",2020,2021,39
"Steven Nzonzi",France,"defensive midfielder",Al-Rayyan,2021,2023,39
"Steven Nzonzi",France,"defensive midfielder",Konyaspor,2023,2024,33
"Steven Nzonzi",France,"defensive midfielder","Sepahan F.C.",2024,2025,24
"Steven Nzonzi",France,"defensive midfielder","Stoke City F.C.",2025,,8
"Stig Inge Bjørnebye",Norway,full-back,"Elverum Fotball",1985,1986,
"Stig Inge Bjørnebye",Norway,full-back,"Strømmen IF",1987,1988,19
"Stig Inge Bjørnebye",Norway,full-back,"Kongsvinger IL Toppfotball",1989,1992,62
"Stig Inge Bjørnebye",Norway,full-back,"Liverpool F.C.",1992,2000,139
"Stig Inge Bjørnebye",Norway,full-back,"Rosenborg BK",1992,1992,21
"Stig Inge Bjørnebye",Norway,full-back,"Rosenborg BK",1994,1994,8
"Stig Inge Bjørnebye",Norway,full-back,"Blackburn Rovers F.C.",2000,2003,55
"Stig Inge Bjørnebye",Norway,full-back,"Brøndby IF",2000,2000,13
"Stig Inge Bjørnebye",Norway,full-back,"IK Start",2006,2007,
"Stuart McCall","United Kingdom",midfielder,"Bradford City A.F.C.",1982,1988,238
"Stuart McCall","United Kingdom",midfielder,"Everton F.C.",1988,1991,103
"Stuart McCall","United Kingdom",midfielder,"Rangers F.C.",1991,1998,194
"Stuart McCall","United Kingdom",midfielder,"Bradford City A.F.C.",1998,2002,157
"Stuart McCall","United Kingdom",midfielder,"Sheffield United F.C.",2002,2005,71
"Stéphane Chapuisat",Switzerland,forward,"Étoile Sportive Malley",1986,1987,32
"Stéphane Chapuisat",Switzerland,forward,"FC Lausanne-Sport",1987,1990,104
"Stéphane Chapuisat",Switzerland,forward,"KFC Uerdingen 05",1991,1991,10
"Stéphane Chapuisat",Switzerland,forward,"Borussia Dortmund",1991,1999,218
"Stéphane Chapuisat",Switzerland,forward,"Grasshopper Club Zürich",1999,2002,61
"Stéphane Chapuisat",Switzerland,forward,"BSC Young Boys",2002,2005,100
"Stéphane Chapuisat",Switzerland,forward,"FC Lausanne-Sport",2005,2006,32
"Stéphane Henchoz",Switzerland,"centre-back, defender","Neuchâtel Xamax FCS",1991,1995,
"Stéphane Henchoz",Switzerland,"centre-back, defender","Hamburger SV",1995,1997,49
"Stéphane Henchoz",Switzerland,"centre-back, defender","Blackburn Rovers F.C.",1997,1999,70
"Stéphane Henchoz",Switzerland,"centre-back, defender","Liverpool F.C.",1999,2005,135
"Stéphane Henchoz",Switzerland,"centre-back, defender","Wigan Athletic F.C.",2005,2006,26
"Stéphane Henchoz",Switzerland,"centre-back, defender","Celtic F.C.",2005,2005,6
"Stéphane Henchoz",Switzerland,"centre-back, defender","Blackburn Rovers F.C.",2006,2007,
"Sun Jihai","People's Republic of China",full-back,"Dalian Shide F.C.",1995,2002,123
"Sun Jihai","People's Republic of China",full-back,"Crystal Palace F.C.",1998,1999,23
"Sun Jihai","People's Republic of China",full-back,"Manchester City F.C.",2002,2008,130
"Sun Jihai","People's Republic of China",full-back,"Sheffield United F.C.",2008,2009,12
"Sun Jihai","People's Republic of China",full-back,"Chengdu Tiancheng F.C.",2009,2009,10
"Sun Jihai","People's Republic of China",full-back,"Guizhou Renhe F.C.",2010,2014,118
"Sun Jihai","People's Republic of China",full-back,"Chongqing Liangjiang Athletic F.C.",2015,2015,28
"Sun Jihai","People's Republic of China",full-back,"Guizhou Renhe F.C.",2016,,
Suso,Spain,midfielder,"Liverpool F.C.",2012,2015,14
Suso,Spain,midfielder,"Unión Deportiva Almería",2013,2014,33
Suso,Spain,midfielder,"AC Milan",2015,2020,126
Suso,Spain,midfielder,"Genoa CFC",2016,2016,19
Suso,Spain,midfielder,"Sevilla FC",2020,2025,
Suso,Spain,midfielder,"Cádiz Club de Fútbol",2025,,
"Sven Bender",Germany,midfielder,"TSV 1860 München",2006,2009,66
"Sven Bender",Germany,midfielder,"Borussia Dortmund",2009,2017,158
"Sven Bender",Germany,midfielder,"Bayer 04 Leverkusen",2017,2021,107
"Sylvain Distin",France,full-back,"US Joué-lès-Tours",1997,1998,32
"Sylvain Distin",France,full-back,"Tours FC.",1998,1999,26
"Sylvain Distin",France,full-back,"FC Gueugnon",1999,2000,32
"Sylvain Distin",France,full-back,"Paris Saint-Germain FC",2000,2002,28
"Sylvain Distin",France,full-back,"Newcastle United F.C.",2001,2002,28
"Sylvain Distin",France,full-back,"Manchester City F.C.",2002,2007,178
"Sylvain Distin",France,full-back,"Portsmouth F.C.",2007,2009,77
"Sylvain Distin",France,full-back,"Everton F.C.",2009,2015,174
"Sylvain Distin",France,full-back,"AFC Bournemouth",2015,2016,12
"Sylvain Wiltord",France,forward,"Stade Rennais F.C.",1993,1997,115
"Sylvain Wiltord",France,forward,"Deportivo de La Coruña",1996,1997,0
"Sylvain Wiltord",France,forward,"FC Girondins de Bordeaux",1997,2000,99
"Sylvain Wiltord",France,forward,"Arsenal F.C.",2000,2004,175
"Sylvain Wiltord",France,forward,"Olympique Lyonnais",2004,2007,82
"Sylvain Wiltord",France,forward,"Stade Rennais F.C.",2007,2009,31
"Sylvain Wiltord",France,forward,"Olympique de Marseille",2009,2009,13
"Sylvain Wiltord",France,forward,"FC Metz",2010,2010,15
"Sylvain Wiltord",France,forward,"FC Nantes",2011,2012,28
Sylvinho,Brazil,full-back,"S.C. Corinthians Paulista",1994,1999,136
Sylvinho,Brazil,full-back,"Arsenal F.C.",1999,2001,80
Sylvinho,Brazil,full-back,"RC Celta de Vigo",2001,2004,84
Sylvinho,Brazil,full-back,"Manchester City F.C.",2009,2010,10
"Sávio","Brazil, France","wing half","Clube de Regatas do Flamengo",1992,1997,75
"Sávio","Brazil, France","wing half","Clube de Regatas do Flamengo",1993,1997,
"Sávio","Brazil, France","wing half","Real Madrid Club de Fútbol",1997,2002,105
"Sávio","Brazil, France","wing half","FC Girondins de Bordeaux",2002,2003,27
"Sávio","Brazil, France","wing half","Real Zaragoza",2003,2006,95
"Sávio","Brazil, France","wing half","Clube de Regatas do Flamengo",2006,2006,10
"Sávio","Brazil, France","wing half","Real Sociedad",2007,2007,19
"Sávio","Brazil, France","wing half","Levante UD",2007,2008,12
"Sávio","Brazil, France","wing half","Anorthosis Famagusta FC",2008,2009,16
"Sávio","Brazil, France","wing half","Associação Desportiva Ferroviária",2008,2008,9
"Sávio","Brazil, France","wing half","Avaí Futebol Clube",2010,2010,8
"Séamus Coleman",Ireland,defender,"Sligo Rovers F.C.",2006,2008,56
"Séamus Coleman",Ireland,defender,"Everton F.C.",2009,,372
"Séamus Coleman",Ireland,defender,"Blackpool F.C.",2010,2010,9
"Teddy Sheringham","United Kingdom",forward,"Millwall F.C.",1983,1991,220
"Teddy Sheringham","United Kingdom",forward,"Aldershot F.C.",1985,1985,5
"Teddy Sheringham","United Kingdom",forward,"Djurgårdens IF Fotboll",1985,1985,21
"Teddy Sheringham","United Kingdom",forward,"Nottingham Forest F.C.",1991,1992,42
"Teddy Sheringham","United Kingdom",forward,"Tottenham Hotspur F.C.",1992,1997,166
"Teddy Sheringham","United Kingdom",forward,"Manchester United F.C.",1997,2001,104
"Teddy Sheringham","United Kingdom",forward,"Tottenham Hotspur F.C.",2001,2003,70
"Teddy Sheringham","United Kingdom",forward,"Portsmouth F.C.",2003,2004,32
"Teddy Sheringham","United Kingdom",forward,"West Ham United F.C.",2004,2007,76
"Teddy Sheringham","United Kingdom",forward,"Colchester United F.C.",2007,2008,19
"Teddy Sheringham","United Kingdom",forward,"Stevenage F.C.",2015,2015,0
"Terry Phelan",Ireland,defender,"Leeds United F.C.",1984,1986,14
"Terry Phelan",Ireland,defender,"Swansea City A.F.C.",1986,1987,45
"Terry Phelan",Ireland,defender,"Wimbledon F.C.",1987,1992,159
"Terry Phelan",Ireland,defender,"Manchester City F.C.",1992,1995,104
"Terry Phelan",Ireland,defender,"Chelsea F.C.",1995,1997,15
"Terry Phelan",Ireland,defender,"Everton F.C.",1997,2000,25
"Terry Phelan",Ireland,defender,"Crystal Palace F.C.",1999,1999,14
"Terry Phelan",Ireland,defender,"Fulham F.C.",2000,2001,18
"Terry Phelan",Ireland,defender,"Charleston Battery",2001,2005,39
"Terry Phelan",Ireland,defender,"Sheffield United F.C.",2001,2001,8
"Terry Phelan",Ireland,defender,"Southern United FC",2005,2009,6
"Theo Walcott","United Kingdom","wing half","Southampton F.C.",2005,2006,21
"Theo Walcott","United Kingdom","wing half","Arsenal F.C.",2006,2018,270
"Theo Walcott","United Kingdom","wing half","Everton F.C.",2018,2021,77
"Theo Walcott","United Kingdom","wing half","Southampton F.C.",2020,2021,21
"Theo Walcott","United Kingdom","wing half","Southampton F.C.",2021,2023,29
"Thiago Alcântara","Brazil, Spain",midfielder,"FC Barcelona Atlètic",2008,2011,59
"Thiago Alcântara","Brazil, Spain",midfielder,"FC Bayern Munich",2013,2020,150
"Thiago Alcântara","Brazil, Spain",midfielder,"Liverpool F.C.",2020,2024,68
"Thiago Motta","Brazil, Italy",midfielder,"FC Barcelona Atlètic",1999,2001,84
"Thiago Motta","Brazil, Italy",midfielder,"Atlético Madrid",2007,2008,6
"Thiago Motta","Brazil, Italy",midfielder,"Genoa CFC",2008,2009,27
"Thiago Motta","Brazil, Italy",midfielder,"Inter Milan",2009,2012,55
"Thiago Motta","Brazil, Italy",midfielder,"Paris Saint-Germain FC",2012,2018,166
"Thiago Silva","Brazil, France",centre-back,"Fluminense F.C.",1998,2000,
"Thiago Silva","Brazil, France",centre-back,"Barcelona Esporte Clube",2000,2001,
"Thiago Silva","Brazil, France",centre-back,"Fluminense F.C.",2001,2001,
"Thiago Silva","Brazil, France",centre-back,"Pedrabranca Futebol Clube",2002,2003,25
"Thiago Silva","Brazil, France",centre-back,"Esporte Clube Juventude",2003,2004,28
"Thiago Silva","Brazil, France",centre-back,"FC Porto",2004,2005,0
"Thiago Silva","Brazil, France",centre-back,"FC Porto B",2004,2005,14
"Thiago Silva","Brazil, France",centre-back,"FC Dinamo Moscow",2005,2005,0
"Thiago Silva","Brazil, France",centre-back,"Fluminense F.C.",2006,2008,81
"Thiago Silva","Brazil, France",centre-back,"AC Milan",2009,2012,93
"Thiago Silva","Brazil, France",centre-back,"Paris Saint-Germain FC",2012,2020,204
"Thiago Silva","Brazil, France",centre-back,"Chelsea F.C.",2020,2024,113
"Thiago Silva","Brazil, France",centre-back,"Fluminense F.C.",2024,2025,47
"Thiago Silva","Brazil, France",centre-back,"FC Porto",2026,2026,8
"Thibaut Courtois",Belgium,goalkeeper,"K.R.C. Genk",2009,2011,41
"Thibaut Courtois",Belgium,goalkeeper,"Atlético Madrid",2011,2014,111
"Thibaut Courtois",Belgium,goalkeeper,"Chelsea F.C.",2011,2018,126
"Thibaut Courtois",Belgium,goalkeeper,"Real Madrid Club de Fútbol",2018,,228
"Thierry Henry",France,forward,"AS Monaco FC",1994,1999,105
"Thierry Henry",France,forward,"Juventus FC",1999,1999,16
"Thierry Henry",France,forward,"Arsenal F.C.",1999,2007,377
"Thierry Henry",France,forward,"Red Bull New York",2010,2014,122
"Thierry Henry",France,forward,"Arsenal F.C.",2012,2012,4
"Thomas Franck",Germany,midfielder,"SV Waldhof Mannheim",1988,1990,19
"Thomas Franck",Germany,midfielder,"Borussia Dortmund",1990,1996,104
"Thomas Franck",Germany,midfielder,"1. FC Kaiserslautern",1996,1998,15
"Thomas Franck",Germany,midfielder,"SV Waldhof Mannheim",1999,2000,1
"Thomas Franck",Germany,midfielder,"SV Darmstadt 98",2000,2002,8
"Thomas Gravesen","Kingdom of Denmark",midfielder,"Vejle Boldklub",1995,1997,58
"Thomas Gravesen","Kingdom of Denmark",midfielder,"Hamburger SV",1997,2000,51
"Thomas Gravesen","Kingdom of Denmark",midfielder,"Everton F.C.",2000,2005,141
"Thomas Gravesen","Kingdom of Denmark",midfielder,"Real Madrid Club de Fútbol",2005,2006,34
"Thomas Gravesen","Kingdom of Denmark",midfielder,"Celtic F.C.",2006,2008,22
"Thomas Gravesen","Kingdom of Denmark",midfielder,"Everton F.C.",2007,2008,8
"Thomas Helmer",Germany,centre-back,"Arminia Bielefeld",1984,1986,39
"Thomas Helmer",Germany,centre-back,"Borussia Dortmund",1986,1992,190
"Thomas Helmer",Germany,centre-back,"FC Bayern Munich",1992,1999,191
"Thomas Helmer",Germany,centre-back,"Hertha BSC",1999,1999,5
"Thomas Helmer",Germany,centre-back,"Sunderland A.F.C.",1999,2000,2
"Thomas Helmer",Germany,centre-back,"SV Seligenporten",2002,2002,1
"Thomas Helveg","Kingdom of Denmark",defender,"Odense Boldklub",1989,1994,103
"Thomas Helveg","Kingdom of Denmark",defender,"Udinese Calcio",1994,1998,141
"Thomas Helveg","Kingdom of Denmark",defender,"AC Milan",1998,2003,105
"Thomas Helveg","Kingdom of Denmark",defender,"Inter Milan",2003,2004,23
"Thomas Helveg","Kingdom of Denmark",defender,"Norwich City F.C.",2004,2005,20
"Thomas Helveg","Kingdom of Denmark",defender,"Borussia Mönchengladbach",2005,2007,13
"Thomas Helveg","Kingdom of Denmark",defender,"Odense Boldklub",2007,2010,75
"Thomas Häßler",Germany,"attacking midfielder","1. FC Köln",1984,1990,149
"Thomas Häßler",Germany,"attacking midfielder","Juventus FC",1990,1991,32
"Thomas Häßler",Germany,"attacking midfielder","AS Roma",1991,1994,88
"Thomas Häßler",Germany,"attacking midfielder","Karlsruher SC",1994,1998,118
"Thomas Häßler",Germany,"attacking midfielder","Borussia Dortmund",1998,1999,18
"Thomas Häßler",Germany,"attacking midfielder","TSV 1860 München",1999,2003,115
"Thomas Häßler",Germany,"attacking midfielder","FC Red Bull Salzburg",2003,2004,19
"Thomas Lemar",France,midfielder,"Stade Malherbe Caen",2013,2015,32
"Thomas Lemar",France,midfielder,"AS Monaco FC",2015,2018,90
"Thomas Lemar",France,midfielder,"Atlético Madrid",2018,,139
"Thomas Lemar",France,midfielder,"Girona FC",2025,,5
"Thomas Linke","German Democratic Republic, Germany",centre-back,"FC Rot-Weiß Erfurt",1988,1992,85
"Thomas Linke","German Democratic Republic, Germany",centre-back,"Schalke 04",1992,1998,175
"Thomas Linke","German Democratic Republic, Germany",centre-back,"FC Bayern Munich",1998,2005,165
"Thomas Linke","German Democratic Republic, Germany",centre-back,"FC Red Bull Salzburg",2005,2007,51
"Thomas Müller",Germany,"forward, attacking midfielder","FC Bayern Munich",2008,2025,503
"Thomas Müller",Germany,"forward, attacking midfielder","Vancouver Whitecaps FC",2025,,0
"Thomas Partey",Ghana,midfielder,"Atlético Madrid B",2012,2013,33
"Thomas Partey",Ghana,midfielder,"Atlético Madrid",2013,2020,132
"Thomas Partey",Ghana,midfielder,"RCD Mallorca",2013,2014,37
"Thomas Partey",Ghana,midfielder,"Unión Deportiva Almería",2014,2015,31
"Thomas Partey",Ghana,midfielder,"Arsenal F.C.",2020,2025,130
"Thomas Partey",Ghana,midfielder,"Villarreal CF",2025,,11
"Thomas Strunz",Germany,midfielder,"MSV Duisburg",1986,1989,94
"Thomas Strunz",Germany,midfielder,"FC Bayern Munich",1989,1992,59
"Thomas Strunz",Germany,midfielder,"VfB Stuttgart",1992,1995,79
"Thomas Strunz",Germany,midfielder,"FC Bayern Munich",1995,2000,97
"Thomas Vermaelen",Belgium,centre-back,"AFC Ajax",2003,2009,97
"Thomas Vermaelen",Belgium,centre-back,"RKC Waalwijk",2004,2005,13
"Thomas Vermaelen",Belgium,centre-back,"Arsenal F.C.",2009,2014,110
"Thomas Vermaelen",Belgium,centre-back,"AS Roma",2016,2017,9
"Thomas Vermaelen",Belgium,centre-back,"Vissel Kobe",2019,2021,45
"Thorgan Hazard",Belgium,midfielder,"R.C. Lens",2011,2012,14
"Thorgan Hazard",Belgium,midfielder,"S.V. Zulte Waregem",2012,2014,73
"Thorgan Hazard",Belgium,midfielder,"Chelsea F.C.",2012,2015,0
"Thorgan Hazard",Belgium,midfielder,"Borussia Mönchengladbach",2014,2015,28
"Thorgan Hazard",Belgium,midfielder,"Borussia Mönchengladbach",2015,2019,119
"Thorgan Hazard",Belgium,midfielder,"Borussia Dortmund",2019,2023,87
"Thorgan Hazard",Belgium,midfielder,"PSV Eindhoven",2023,2023,9
"Thorgan Hazard",Belgium,midfielder,"R.S.C. Anderlecht",2023,,54
"Thorsten Fink",Germany,"defensive midfielder","SG Wattenscheid 09",1989,1994,162
"Thorsten Fink",Germany,"defensive midfielder","Karlsruher SC",1994,1997,92
"Thorsten Fink",Germany,"defensive midfielder","FC Bayern Munich",1997,2003,150
"Théo Hernandez",France,full-back,"Atlético Madrid B",2015,2017,9
"Théo Hernandez",France,full-back,"Deportivo Alavés",2016,2017,32
"Théo Hernandez",France,full-back,"Real Madrid Club de Fútbol",2017,2019,13
"Théo Hernandez",France,full-back,"Real Sociedad",2018,2019,24
"Théo Hernandez",France,full-back,"AC Milan",2019,2025,195
"Théo Hernandez",France,full-back,"Al Hilal SFC",2025,,27
Tiko,Spain,"inside forward","Osasuna B",1995,1997,67
Tiko,Spain,"inside forward","Club Atlético Osasuna",1997,1999,41
Tiko,Spain,"inside forward","Athletic Club",1999,2009,230
Tiko,Spain,"inside forward","SD Eibar",2008,2009,17
"Tim Cahill","Samoa, Australia",midfielder,"Millwall F.C.",1998,2004,217
"Tim Cahill","Samoa, Australia",midfielder,"Everton F.C.",2004,2012,226
"Tim Cahill","Samoa, Australia",midfielder,"Red Bull New York",2012,2015,62
"Tim Cahill","Samoa, Australia",midfielder,"Shanghai Shenhua F.C.",2015,2016,28
"Tim Cahill","Samoa, Australia",midfielder,"Melbourne City FC",2016,2017,27
"Tim Cahill","Samoa, Australia",midfielder,"Zhejiang Professional F.C.",2016,2016,17
"Tim Cahill","Samoa, Australia",midfielder,"Millwall F.C.",2018,2018,10
"Tim Cahill","Samoa, Australia",midfielder,"Jamshedpur FC",2018,2019,12
"Tim Howard","United States",goalkeeper,"North Jersey Imperials",1997,1997,16
"Tim Howard","United States",goalkeeper,"Red Bull New York",1998,2003,88
"Tim Howard","United States",goalkeeper,"Generation Adidas",1998,1998,1
"Tim Howard","United States",goalkeeper,"Manchester United F.C.",2003,2007,45
"Tim Howard","United States",goalkeeper,"Everton F.C.",2006,2007,25
"Tim Howard","United States",goalkeeper,"Everton F.C.",2007,2016,329
"Tim Howard","United States",goalkeeper,"Colorado Rapids",2016,2019,100
"Tim Howard","United States",goalkeeper,"Memphis 901 FC",2020,2020,6
"Tim Krul","Kingdom of the Netherlands",goalkeeper,"Newcastle United F.C.",2006,2017,160
"Tim Krul","Kingdom of the Netherlands",goalkeeper,"Falkirk F.C.",2007,2008,22
"Tim Krul","Kingdom of the Netherlands",goalkeeper,"Carlisle United F.C.",2008,2009,9
"Tim Krul","Kingdom of the Netherlands",goalkeeper,"Jong Ajax",2016,2017,6
"Tim Krul","Kingdom of the Netherlands",goalkeeper,"AFC Ajax",2016,2017,0
"Tim Krul","Kingdom of the Netherlands",goalkeeper,"AZ Alkmaar",2017,2017,16
"Tim Krul","Kingdom of the Netherlands",goalkeeper,"Brighton & Hove Albion F.C.",2017,2018,0
"Tim Krul","Kingdom of the Netherlands",goalkeeper,"Norwich City F.C.",2018,2023,163
"Tim Krul","Kingdom of the Netherlands",goalkeeper,"Luton Town F.C.",2023,2025,0
"Tim Sherwood","United Kingdom",midfielder,"Watford F.C.",1987,1989,32
"Tim Sherwood","United Kingdom",midfielder,"Norwich City F.C.",1989,1992,71
"Tim Sherwood","United Kingdom",midfielder,"Blackburn Rovers F.C.",1992,1999,246
"Tim Sherwood","United Kingdom",midfielder,"Tottenham Hotspur F.C.",1999,2003,93
"Tim Sherwood","United Kingdom",midfielder,"Portsmouth F.C.",2003,2004,30
"Tim Sherwood","United Kingdom",midfielder,"Coventry City F.C.",2004,2005,11
Tinga,Brazil,midfielder,"Grêmio FBPA",1997,2003,89
Tinga,Brazil,midfielder,"Kawasaki Frontale",1999,1999,24
Tinga,Brazil,midfielder,"Botafogo F.R.",2000,2000,17
Tinga,Brazil,midfielder,"Sporting CP",2004,2004,20
Tinga,Brazil,midfielder,"S.C. Internacional",2005,2006,42
Tinga,Brazil,midfielder,"Borussia Dortmund",2006,2010,98
Tinga,Brazil,midfielder,"S.C. Internacional",2010,2012,43
Tinga,Brazil,midfielder,"Cruzeiro E.C.",2012,2015,40
"Tino Livramento","Portugal, United Kingdom",defender,"Southampton F.C.",2021,2023,30
"Tino Livramento","Portugal, United Kingdom",defender,"Newcastle United F.C.",2023,,80
"Titus Bramble","United Kingdom",centre-back,"Ipswich Town F.C.",1998,2002,48
"Titus Bramble","United Kingdom",centre-back,"Colchester United F.C.",1999,2000,2
"Titus Bramble","United Kingdom",centre-back,"Newcastle United F.C.",2002,2007,105
"Titus Bramble","United Kingdom",centre-back,"Wigan Athletic F.C.",2007,2010,96
"Titus Bramble","United Kingdom",centre-back,"Sunderland A.F.C.",2010,2013,47
"Toby Alderweireld",Belgium,centre-back,"AFC Ajax",2008,2013,128
"Toby Alderweireld",Belgium,centre-back,"Atlético Madrid",2013,2015,12
"Toby Alderweireld",Belgium,centre-back,"Southampton F.C.",2014,2015,26
"Toby Alderweireld",Belgium,centre-back,"Tottenham Hotspur F.C.",2015,2021,174
"Toby Alderweireld",Belgium,centre-back,"Al-Duhail SC",2021,2022,20
"Toby Alderweireld",Belgium,centre-back,"Royal Antwerp F.C.",2022,2025,103
"Tom Huddlestone","United Kingdom",midfielder,"Derby County F.C.",2003,2005,88
"Tom Huddlestone","United Kingdom",midfielder,"Tottenham Hotspur F.C.",2005,2013,144
"Tom Huddlestone","United Kingdom",midfielder,"Wolverhampton Wanderers F.C.",2005,2006,13
"Tom Huddlestone","United Kingdom",midfielder,"Hull City A.F.C.",2013,,
"Tomasz Radzinski","Poland, Belgium, Canada",forward,"North York Rockets",1990,1993,
"Tomasz Radzinski","Poland, Belgium, Canada",forward,"Beerschot A.C.",1994,1998,104
"Tomasz Radzinski","Poland, Belgium, Canada",forward,"St. Catharines Wolves",1994,1994,
"Tomasz Radzinski","Poland, Belgium, Canada",forward,"R.S.C. Anderlecht",1998,2001,77
"Tomasz Radzinski","Poland, Belgium, Canada",forward,"Everton F.C.",2001,2004,91
"Tomasz Radzinski","Poland, Belgium, Canada",forward,"Fulham F.C.",2004,2007,103
"Tomasz Radzinski","Poland, Belgium, Canada",forward,"Xanthi F.C.",2007,2008,25
"Tomasz Radzinski","Poland, Belgium, Canada",forward,"Lierse S.K.",2008,2012,86
"Tomasz Radzinski","Poland, Belgium, Canada",forward,"Sportkring Beveren",2012,2012,14
"Tomáš Rosický","Czech Republic",midfielder,"AC Sparta Prague",1998,2001,41
"Tomáš Rosický","Czech Republic",midfielder,"Borussia Dortmund",2001,2006,149
"Tomáš Rosický","Czech Republic",midfielder,"Arsenal F.C.",2006,2016,170
"Tomáš Rosický","Czech Republic",midfielder,"AC Sparta Prague",2016,2017,12
"Tomáš Ujfaluši","Czech Republic",centre-back,"SK Sigma Olomouc",1996,2000,100
"Tomáš Ujfaluši","Czech Republic",centre-back,"Hamburger SV",2000,2004,105
"Tomáš Ujfaluši","Czech Republic",centre-back,"ACF Fiorentina",2004,2008,123
"Tomáš Ujfaluši","Czech Republic",centre-back,"Atlético Madrid",2008,2011,92
"Tomáš Ujfaluši","Czech Republic",centre-back,"Galatasaray S.K.",2011,2013,41
"Tomáš Ujfaluši","Czech Republic",centre-back,"AC Sparta Prague",2013,2013,0
"Toni Kroos",Germany,midfielder,"FC Bayern Munich",2007,2014,130
"Toni Kroos",Germany,midfielder,"Bayer 04 Leverkusen",2009,2010,43
"Toni Kroos",Germany,midfielder,"Real Madrid Club de Fútbol",2014,2024,306
"Toni Payne","Nigeria, United States",forward,"AFC Ajax Vrouwen",2017,2018,
"Toni Payne","Nigeria, United States",forward,"Sevilla FC",2018,2024,136
"Toni Polster",Austria,forward,"FK Austria Wien",1982,1987,147
"Toni Polster",Austria,forward,"1. Simmeringer SC",1982,1982,13
"Toni Polster",Austria,forward,"Torino FC",1987,1988,27
"Toni Polster",Austria,forward,"Sevilla FC",1988,1991,102
"Toni Polster",Austria,forward,"CD Logroñés",1991,1992,38
"Toni Polster",Austria,forward,"Rayo Vallecano",1992,1993,31
"Toni Polster",Austria,forward,"1. FC Köln",1993,1998,151
"Toni Polster",Austria,forward,"Borussia Mönchengladbach",1998,1999,38
"Toni Polster",Austria,forward,"FC Red Bull Salzburg",1999,2000,12
"Tony Adams","United Kingdom","centre-back, defender","Arsenal F.C.",1983,2002,504
"Tony Coton","United Kingdom",goalkeeper,"Birmingham City F.C.",1978,1984,94
"Tony Coton","United Kingdom",goalkeeper,"Hereford United F.C.",1979,1979,0
"Tony Coton","United Kingdom",goalkeeper,"Watford F.C.",1984,1990,233
"Tony Coton","United Kingdom",goalkeeper,"Manchester City F.C.",1990,1996,164
"Tony Coton","United Kingdom",goalkeeper,"Manchester United F.C.",1996,1996,0
"Tony Coton","United Kingdom",goalkeeper,"Sunderland A.F.C.",1996,1997,10
"Tony Coton","United Kingdom",goalkeeper,"Hereford United F.C.",2004,2004,0
"Tony Cottee","United Kingdom",forward,"West Ham United F.C.",1982,1988,212
"Tony Cottee","United Kingdom",forward,"Everton F.C.",1988,1994,184
"Tony Cottee","United Kingdom",forward,"West Ham United F.C.",1994,1996,67
"Tony Cottee","United Kingdom",forward,"Selangor F.C.",1996,1997,24
"Tony Cottee","United Kingdom",forward,"Birmingham City F.C.",1997,1997,5
"Tony Cottee","United Kingdom",forward,"Leicester City F.C.",1997,2000,85
"Tony Cottee","United Kingdom",forward,"Selangor F.C.",1998,1998,24
"Tony Cottee","United Kingdom",forward,"Norwich City F.C.",2000,2000,7
"Tony Cottee","United Kingdom",forward,"Barnet F.C.",2000,2001,16
"Tony Cottee","United Kingdom",forward,"Millwall F.C.",2001,2001,2
"Tony Dorigo",Australia,full-back,"Aston Villa F.C.",1983,1987,111
"Tony Dorigo",Australia,full-back,"Chelsea F.C.",1987,1991,146
"Tony Dorigo",Australia,full-back,"Leeds United F.C.",1991,1997,171
"Tony Dorigo",Australia,full-back,"Torino FC",1997,1998,30
"Tony Dorigo",Australia,full-back,"Derby County F.C.",1998,2000,41
"Tony Dorigo",Australia,full-back,"Stoke City F.C.",2000,2001,36
"Tony Grant","United Kingdom",midfielder,"Everton F.C.",1993,1999,94
"Tony Grant","United Kingdom",midfielder,"Swindon Town F.C.",1996,1996,3
"Tony Grant","United Kingdom",midfielder,"Tranmere Rovers F.C.",1999,1999,9
"Tony Grant","United Kingdom",midfielder,"Manchester City F.C.",1999,2001,31
"Tony Grant","United Kingdom",midfielder,"West Bromwich Albion F.C.",2000,2001,5
"Tony Grant","United Kingdom",midfielder,"Burnley F.C.",2001,2005,141
"Tony Grant","United Kingdom",midfielder,"Bristol City F.C.",2005,2006,0
"Tony Grant","United Kingdom",midfielder,"Crewe Alexandra F.C.",2006,2007,14
"Tony Grant","United Kingdom",midfielder,"Chester City F.C.",2007,2008,19
"Tony Grant","United Kingdom",midfielder,"Accrington Stanley F.C.",2007,2007,6
"Tony Hibbert","United Kingdom",full-back,"Everton F.C.",1999,2016,265
"Tore André Flo",Norway,forward,"Sogndal Fotball",1993,1994,44
"Tore André Flo",Norway,forward,"Tromsø IL",1995,1995,26
"Tore André Flo",Norway,forward,"SK Brann",1996,1997,40
"Tore André Flo",Norway,forward,"Chelsea F.C.",1997,2000,112
"Tore André Flo",Norway,forward,"Rangers F.C.",2000,2002,53
"Tore André Flo",Norway,forward,"Sunderland A.F.C.",2002,2003,29
"Tore André Flo",Norway,forward,"Siena FC",2003,2005,63
"Tore André Flo",Norway,forward,"Vålerenga Fotball",2005,2006,24
"Tore André Flo",Norway,forward,"Leeds United F.C.",2006,2008,23
"Tore André Flo",Norway,forward,"Milton Keynes Dons F.C.",2008,2009,13
"Tore André Flo",Norway,forward,"Sogndal Fotball",2011,2012,22
"Trent Alexander-Arnold","United Kingdom","midfielder, full-back","Liverpool F.C.",2016,2025,259
"Trent Alexander-Arnold","United Kingdom","midfielder, full-back","Real Madrid Club de Fútbol",2025,,17
"Trevor Sinclair","United Kingdom","wing half","Blackpool F.C.",1989,1993,112
"Trevor Sinclair","United Kingdom","wing half","Queens Park Rangers F.C.",1993,1998,168
"Trevor Sinclair","United Kingdom","wing half","West Ham United F.C.",1998,2003,177
"Trevor Sinclair","United Kingdom","wing half","Manchester City F.C.",2003,2007,82
"Trevor Sinclair","United Kingdom","wing half","Cardiff City F.C.",2007,2008,21
"Trevor Sinclair","United Kingdom","wing half","Lancaster City F.C.",2014,2015,1
Tzibi,Spain,defender,"Athletic Club",2002,2008,164
Tzibi,Spain,defender,"Atlético de Madrid Femenino",2006,2006,2
"Unai Gómez",Spain,"inside forward, winger","Athletic Club",2014,2016,
"Unai Gómez",Spain,"inside forward, winger","Danok Bat CF",2016,2019,
"Unai Gómez",Spain,"inside forward, winger","Athletic Club",2019,2021,
"Unai Gómez",Spain,"inside forward, winger","CD Baskonia",2021,2022,31
"Unai Gómez",Spain,"inside forward, winger","Athletic Bilbao B",2022,2024,35
"Unai Gómez",Spain,"inside forward, winger","Athletic Club",2023,,117
"Unai López",Spain,"central midfielder",Antiguoko,2008,2010,
"Unai López",Spain,"central midfielder","Real Sociedad",2010,2011,
"Unai López",Spain,"central midfielder","Athletic Club",2011,2013,
"Unai López",Spain,"central midfielder","CD Baskonia",2012,2013,21
"Unai López",Spain,"central midfielder","Athletic Bilbao B",2013,2016,76
"Unai López",Spain,"central midfielder","Athletic Club",2014,2021,93
"Unai López",Spain,"central midfielder","CD Leganés",2016,2017,24
"Unai López",Spain,"central midfielder","Rayo Vallecano",2017,2018,40
"Unai López",Spain,"central midfielder","Rayo Vallecano",2021,2022,30
"Unai López",Spain,"central midfielder","Rayo Vallecano",2022,,109
"Unai Núñez",Spain,centre-back,"Danok Bat CF",2004,2007,
"Unai Núñez",Spain,centre-back,"Athletic Club",2007,2015,
"Unai Núñez",Spain,centre-back,"CD Baskonia",2015,2016,28
"Unai Núñez",Spain,centre-back,"Athletic Bilbao B",2016,2017,33
"Unai Núñez",Spain,centre-back,"Athletic Club",2017,2024,116
"Unai Núñez",Spain,centre-back,"RC Celta de Vigo",2022,2024,76
"Unai Núñez",Spain,centre-back,"Athletic Club",2024,2025,15
"Unai Núñez",Spain,centre-back,"RC Celta de Vigo",2024,,
"Unai Núñez",Spain,centre-back,"Hellas Verona FC",2025,2025,18
"Unai Núñez",Spain,centre-back,"Valencia CF",2026,,
"Unai Simón",Spain,goalkeeper,"CD Baskonia",2014,2016,36
"Unai Simón",Spain,goalkeeper,"Athletic Bilbao B",2016,2018,58
"Unai Simón",Spain,goalkeeper,"Athletic Club",2018,,264
"Unai Vencedor",Spain,"defensive midfielder","Santutxu FC",2007,2017,
"Unai Vencedor",Spain,"defensive midfielder","Athletic Club",2017,2018,
"Unai Vencedor",Spain,"defensive midfielder","Athletic Bilbao B",2018,2020,63
"Unai Vencedor",Spain,"defensive midfielder","Athletic Club",2020,,82
"Unai Vencedor",Spain,"defensive midfielder","SD Eibar",2023,2024,40
"Unai Vencedor",Spain,"defensive midfielder","Racing de Santander",2024,2025,41
"Unai Vencedor",Spain,"defensive midfielder","Levante UD",2025,2026,19
"Ustaritz Aldekoaotalora",Spain,centre-back,"Athletic Club",1999,2001,
"Ustaritz Aldekoaotalora",Spain,centre-back,"CD Baskonia",2001,2003,40
"Ustaritz Aldekoaotalora",Spain,centre-back,"Athletic Bilbao B",2003,2005,57
"Ustaritz Aldekoaotalora",Spain,centre-back,"Athletic Club",2005,2012,85
"Ustaritz Aldekoaotalora",Spain,centre-back,"Real Betis Balompié",2011,2012,7
"Ustaritz Aldekoaotalora",Spain,centre-back,"FC Dinamo Tbilisi",2013,2014,14
"Ustaritz Aldekoaotalora",Spain,centre-back,"F.C. Arouca",2014,2015,2
"Ustaritz Aldekoaotalora",Spain,centre-back,"F.C. Penafiel",2015,2015,7
"Uwe Rösler","German Democratic Republic, Germany",forward,"1. FC Lokomotive Leipzig",1987,1988,3
"Uwe Rösler","German Democratic Republic, Germany",forward,"FC Sachsen Leipzig",1988,1989,27
"Uwe Rösler","German Democratic Republic, Germany",forward,"1. FC Magdeburg",1989,1990,46
"Uwe Rösler","German Democratic Republic, Germany",forward,"Dynamo Dresden",1990,1992,46
"Uwe Rösler","German Democratic Republic, Germany",forward,"1. FC Nürnberg",1992,1994,28
"Uwe Rösler","German Democratic Republic, Germany",forward,"Dynamo Dresden",1993,1994,7
"Uwe Rösler","German Democratic Republic, Germany",forward,"Manchester City F.C.",1994,1998,152
"Uwe Rösler","German Democratic Republic, Germany",forward,"1. FC Kaiserslautern",1998,1999,28
"Uwe Rösler","German Democratic Republic, Germany",forward,"Tennis Borussia Berlin",1999,2000,28
"Uwe Rösler","German Democratic Republic, Germany",forward,"Southampton F.C.",2000,2002,24
"Uwe Rösler","German Democratic Republic, Germany",forward,"West Bromwich Albion F.C.",2001,2001,5
"Uwe Rösler","German Democratic Republic, Germany",forward,"SpVgg Unterhaching",2002,2002,14
"Uwe Rösler","German Democratic Republic, Germany",forward,"Lillestrøm SK",2002,2003,11
"Valter Bonacina",Italy,midfielder,"F.C. AlzanoCene 1909",1981,1986,103
"Valter Bonacina",Italy,midfielder,"Centro Giovanile Virescit Boccaleone",1981,1986,103
"Valter Bonacina",Italy,midfielder,"Atalanta BC",1986,1991,140
"Valter Bonacina",Italy,midfielder,"AS Roma",1991,1994,84
"Valter Bonacina",Italy,midfielder,"Atalanta BC",1994,1999,141
"Valter Bonacina",Italy,midfielder,"AC Monza",1999,2001,55
"Valter Bonacina",Italy,midfielder,"A.C. Rodengo Saiano",2001,2002,27
"Vasilis Tsiartas",Greece,midfielder,"F.A.S. Naoussa",1989,1992,92
"Vasilis Tsiartas",Greece,midfielder,"Sevilla FC",1996,2000,139
"Vasilis Tsiartas",Greece,midfielder,"1. FC Köln",2004,2005,4
"Vedran Ćorluka",Croatia,full-back,"GNK Dinamo Zagreb",2003,2007,61
"Vedran Ćorluka",Croatia,full-back,"NK Inter Zaprešić",2004,2005,27
"Vedran Ćorluka",Croatia,full-back,"Manchester City F.C.",2007,2008,38
"Vedran Ćorluka",Croatia,full-back,"Tottenham Hotspur F.C.",2008,2012,81
"Vedran Ćorluka",Croatia,full-back,"Bayer 04 Leverkusen",2012,2012,7
"Vedran Ćorluka",Croatia,full-back,"FC Lokomotiv Moscow",2012,2021,200
"Vicente Rodríguez",Spain,"wing half, centre-forward","Levante UD",1997,2000,60
"Vicente Rodríguez",Spain,"wing half, centre-forward","Valencia CF",2000,2011,243
"Vicente Rodríguez",Spain,"wing half, centre-forward","Brighton & Hove Albion F.C.",2011,2013,32
"Victor Anichebe",Nigeria,"wing half","Everton F.C.",2006,2013,131
"Victor Anichebe",Nigeria,"wing half","West Bromwich Albion F.C.",2013,2016,55
"Victor Anichebe",Nigeria,"wing half","Sunderland A.F.C.",2016,2017,18
"Victor Anichebe",Nigeria,"wing half","Beijing Sport University F.C.",2017,2017,11
"Victor Lindelöf",Sweden,defender,"Västerås SK Fotboll",2009,2012,41
"Victor Lindelöf",Sweden,defender,"Västerås IK",2010,2012,41
"Victor Lindelöf",Sweden,defender,"S.L. Benfica B",2012,2015,96
"Victor Lindelöf",Sweden,defender,"S.L. Benfica",2013,2017,48
"Victor Lindelöf",Sweden,defender,"Manchester United F.C.",2017,2025,194
"Victor Lindelöf",Sweden,defender,"Aston Villa F.C.",2025,,16
"Victor Moses","Nigeria, United Kingdom","wing half","Crystal Palace F.C.",2007,2010,58
"Victor Moses","Nigeria, United Kingdom","wing half","Wigan Athletic F.C.",2010,2012,74
"Victor Moses","Nigeria, United Kingdom","wing half","Chelsea F.C.",2012,2021,87
"Victor Moses","Nigeria, United Kingdom","wing half","Liverpool F.C.",2013,2014,19
"Victor Moses","Nigeria, United Kingdom","wing half","Stoke City F.C.",2014,2015,19
"Victor Moses","Nigeria, United Kingdom","wing half","West Ham United F.C.",2015,2016,21
"Victor Moses","Nigeria, United Kingdom","wing half","Fenerbahçe Istanbul",2019,2020,20
"Victor Moses","Nigeria, United Kingdom","wing half","Spartak Moscow",2020,2021,19
"Victor Moses","Nigeria, United Kingdom","wing half","Inter Milan",2020,2020,12
"Victor Moses","Nigeria, United Kingdom","wing half","Spartak Moscow",2021,2024,51
"Victor Moses","Nigeria, United Kingdom","wing half","Luton Town F.C.",2024,2025,18
"Victor Moses","Nigeria, United Kingdom","wing half","FC Kaisar",2026,,
"Victor Osimhen",Nigeria,forward,"VfL Wolfsburg",2017,2019,14
"Victor Osimhen",Nigeria,forward,"Royal Charleroi S.C.",2018,2019,25
"Victor Osimhen",Nigeria,forward,"Lille OSC",2019,2020,27
"Victor Osimhen",Nigeria,forward,"SSC Napoli",2020,2025,108
"Victor Osimhen",Nigeria,forward,"Galatasaray S.K.",2024,2025,30
"Victor Osimhen",Nigeria,forward,"Galatasaray S.K.",2025,,22
"Vincent Candela",France,full-back,"Toulouse FC",1992,1995,56
"Vincent Candela",France,full-back,"En Avant de Guingamp",1995,1997,48
"Vincent Candela",France,full-back,"AS Roma",1997,2005,210
"Vincent Candela",France,full-back,"Bolton Wanderers F.C.",2005,2005,10
"Vincent Candela",France,full-back,"Udinese Calcio",2005,2006,26
"Vincent Candela",France,full-back,"Siena FC",2006,2007,14
"Vincent Candela",France,full-back,"A.C.R. Messina",2007,2007,17
"Vincent Kompany",Belgium,centre-back,"R.S.C. Anderlecht",2003,2006,73
"Vincent Kompany",Belgium,centre-back,"Hamburger SV",2006,2008,29
"Vincent Kompany",Belgium,centre-back,"Manchester City F.C.",2008,2019,265
"Vincent Kompany",Belgium,centre-back,"R.S.C. Anderlecht",2019,2020,15
"Vincenzo Iaquinta",Italy,forward,"A.S.D. Castel di Sangro Calcio",1998,2000,52
"Vincenzo Iaquinta",Italy,forward,"Calcio Padova",1998,1998,13
"Vincenzo Iaquinta",Italy,forward,"Udinese Calcio",2000,2007,176
"Vincenzo Iaquinta",Italy,forward,"Juventus FC",2007,2013,86
"Vincenzo Iaquinta",Italy,forward,"AC Cesena",2012,2012,7
"Vincenzo Montella",Italy,forward,"Empoli FC",1990,1995,51
"Vincenzo Montella",Italy,forward,"Genoa CFC",1995,1996,34
"Vincenzo Montella",Italy,forward,"U.C. Sampdoria",1996,1999,83
"Vincenzo Montella",Italy,forward,"AS Roma",1999,2009,192
"Vincenzo Montella",Italy,forward,"U.C. Sampdoria",2007,2008,13
"Vincenzo Montella",Italy,forward,"Fulham F.C.",2007,2007,10
"Vinny Samways","United Kingdom",midfielder,"Tottenham Hotspur F.C.",1986,1994,193
"Vinny Samways","United Kingdom",midfielder,"Everton F.C.",1994,1996,23
"Vinny Samways","United Kingdom",midfielder,"Wolverhampton Wanderers F.C.",1995,1996,3
"Vinny Samways","United Kingdom",midfielder,"UD Las Palmas",1996,2002,160
"Vinny Samways","United Kingdom",midfielder,"Birmingham City F.C.",1996,1996,12
"Vinny Samways","United Kingdom",midfielder,"Sevilla FC",2002,2003,10
"Vinny Samways","United Kingdom",midfielder,"Walsall F.C.",2003,2004,42
"Vinny Samways","United Kingdom",midfielder,"Algeciras CF",2004,2005,18
"Vinícius Júnior","Brazil, Spain","midfielder, forward, wing half","Clube de Regatas do Flamengo",2017,2018,50
"Vinícius Júnior","Brazil, Spain","midfielder, forward, wing half","Real Madrid Club de Fútbol",2018,,233
"Virgil van Dijk","Kingdom of the Netherlands",defender,"FC Groningen",2011,2013,62
"Virgil van Dijk","Kingdom of the Netherlands",defender,"Celtic F.C.",2013,2015,76
"Virgil van Dijk","Kingdom of the Netherlands",defender,"Southampton F.C.",2015,2018,67
"Virgil van Dijk","Kingdom of the Netherlands",defender,"Liverpool F.C.",2018,,264
"Vitaliy Mykolenko",Ukraine,defender,"FC Dynamo Kyiv",2017,2022,88
"Vitaliy Mykolenko",Ukraine,defender,"Everton F.C.",2022,,118
"Vladimír Šmicer","Czech Republic, Czechoslovakia",midfielder,"SK Slavia Prague",1992,1996,81
"Vladimír Šmicer","Czech Republic, Czechoslovakia",midfielder,"R.C. Lens",1996,1999,91
"Vladimír Šmicer","Czech Republic, Czechoslovakia",midfielder,"Liverpool F.C.",1999,2005,121
"Vladimír Šmicer","Czech Republic, Czechoslovakia",midfielder,"FC Girondins de Bordeaux",2005,2007,28
"Vladimír Šmicer","Czech Republic, Czechoslovakia",midfielder,"SK Slavia Prague",2007,2009,23
"Víctor",Spain,forward,"Real Madrid C",1993,1993,12
"Víctor",Spain,forward,"C.D. Tenerife",1994,1996,16
"Víctor",Spain,forward,"Real Valladolid",1996,2000,133
"Víctor",Spain,forward,"CD Toledo",1996,1996,20
"Víctor",Spain,forward,"Villarreal CF",2000,2004,131
"Víctor",Spain,forward,"Real Valladolid",2004,2009,169
"Víctor",Spain,forward,"FC Cartagena",2009,2011,72
"Víctor",Spain,forward,"CD Leganés",2011,2012,29
"Víctor Salas",Spain,midfielder,"Sevilla FC",1999,2003,93
"Víctor Salas",Spain,midfielder,"Unión Deportiva Almería",2004,2004,20
"Víctor Salas",Spain,midfielder,"Polideportivo Ejido",2004,2007,108
"Víctor Salas",Spain,midfielder,"CD Castellón",2007,2009,46
"Víctor Salas",Spain,midfielder,"Sociedad Deportiva Ponferradina",2009,2011,51
"Víctor Salas",Spain,midfielder,"CD Teruel",2011,2012,29
"Víctor Salas",Spain,midfielder,"Coria CF",2012,2013,28
"Víctor Valdés",Spain,goalkeeper,"FC Barcelona Atlètic",2000,2003,77
"Víctor Valdés",Spain,goalkeeper,"FC Barcelona C",2000,2000,16
"Víctor Valdés",Spain,goalkeeper,"Manchester United F.C.",2015,2016,2
"Víctor Valdés",Spain,goalkeeper,"Middlesbrough F.C.",2016,2017,28
"Víctor Valdés",Spain,goalkeeper,"Standard Liège",2016,2016,5
"Walter Gargano",Uruguay,midfielder,"Danubio F.C.",2003,2007,102
"Walter Gargano",Uruguay,midfielder,"SSC Napoli",2007,2015,189
"Walter Gargano",Uruguay,midfielder,"Inter Milan",2012,2013,28
"Walter Gargano",Uruguay,midfielder,"Parma Calcio 1913",2013,2014,22
"Walter Gargano",Uruguay,midfielder,"Club de Fútbol Monterrey",2015,,
"Walter Samuel",Argentina,"centre-back, defender","Newell's Old Boys",1996,1997,42
"Walter Samuel",Argentina,"centre-back, defender","AS Roma",2000,2004,122
"Walter Samuel",Argentina,"centre-back, defender","Real Madrid Club de Fútbol",2004,2005,30
"Walter Samuel",Argentina,"centre-back, defender","Inter Milan",2005,2014,169
"Walter Samuel",Argentina,"centre-back, defender","FC Basel",2014,2016,28
"Warren Barton","United Kingdom",defender,"Maidstone United F.C. (1987)",1989,1990,42
"Warren Barton","United Kingdom",defender,"Wimbledon F.C.",1990,1995,180
"Warren Barton","United Kingdom",defender,"Newcastle United F.C.",1995,2002,164
"Warren Barton","United Kingdom",defender,"Derby County F.C.",2002,2003,54
"Warren Barton","United Kingdom",defender,"Queens Park Rangers F.C.",2003,2004,3
"Warren Barton","United Kingdom",defender,"Wimbledon F.C.",2004,2004,5
"Warren Barton","United Kingdom",defender,"Dagenham & Redbridge F.C.",2004,2005,2
"Wayne Bridge","United Kingdom",full-back,"Southampton F.C.",1998,2003,151
"Wayne Bridge","United Kingdom",full-back,"Chelsea F.C.",2003,2009,87
"Wayne Bridge","United Kingdom",full-back,"Fulham F.C.",2006,2006,12
"Wayne Bridge","United Kingdom",full-back,"Manchester City F.C.",2009,2013,42
"Wayne Bridge","United Kingdom",full-back,"West Ham United F.C.",2011,2011,15
"Wayne Bridge","United Kingdom",full-back,"Sunderland A.F.C.",2012,2012,8
"Wayne Bridge","United Kingdom",full-back,"Brighton & Hove Albion F.C.",2012,2013,37
"Wayne Bridge","United Kingdom",full-back,"Reading F.C.",2013,2014,12
"Wayne Rooney","United Kingdom","forward, central midfielder","Everton F.C.",2002,2004,67
"Wayne Rooney","United Kingdom","forward, central midfielder","Manchester United F.C.",2004,2017,393
"Wayne Rooney","United Kingdom","forward, central midfielder","Everton F.C.",2017,2018,31
"Wayne Rooney","United Kingdom","forward, central midfielder","D.C. United",2018,2019,48
"Wayne Rooney","United Kingdom","forward, central midfielder","Derby County F.C.",2019,2021,30
"Wes Brown","United Kingdom","centre-back, defender","Manchester United F.C.",1996,2011,232
"Wes Brown","United Kingdom","centre-back, defender","Sunderland A.F.C.",2011,2016,
"Weston McKennie","United States",midfielder,"Schalke 04",2017,2021,75
"Weston McKennie","United States",midfielder,"Juventus FC",2020,2021,21
"Weston McKennie","United States",midfielder,"Juventus FC",2021,,125
"Weston McKennie","United States",midfielder,"Leeds United F.C.",2023,2023,19
"William Gallas",France,defender,"Stade Malherbe Caen",1995,1997,34
"William Gallas",France,defender,"Olympique de Marseille",1997,2001,84
"William Gallas",France,defender,"Chelsea F.C.",2001,2006,159
"William Gallas",France,defender,"Arsenal F.C.",2006,2010,101
"William Gallas",France,defender,"Tottenham Hotspur F.C.",2010,2013,61
"William Gallas",France,defender,"Perth Glory FC",2013,2014,15
"William Saliba","Cameroon, Lebanon, France",defender,"AS Saint-Étienne",2018,2019,16
"William Saliba","Cameroon, Lebanon, France",defender,"AS Saint-Étienne",2019,2020,12
"William Saliba","Cameroon, Lebanon, France",defender,"Arsenal F.C.",2019,,125
"William Saliba","Cameroon, Lebanon, France",defender,"Olympique de Marseille",2021,2022,36
"William Saliba","Cameroon, Lebanon, France",defender,"OGC Nice",2021,2021,20
Willian,Brazil,"wing half","S.C. Corinthians Paulista",2006,2007,20
Willian,Brazil,"wing half","FC Shakhtar Donetsk",2007,2013,140
Willian,Brazil,"wing half","FC Anzhi Makhachkala",2013,2013,11
Willian,Brazil,"wing half","Chelsea F.C.",2013,2020,234
Willian,Brazil,"wing half","Arsenal F.C.",2020,2021,25
Willian,Brazil,"wing half","S.C. Corinthians Paulista",2021,2022,35
Willian,Brazil,"wing half","Fulham F.C.",2022,2024,58
Willian,Brazil,"wing half","Fulham F.C.",2025,2025,10
Willian,Brazil,"wing half","Grêmio FBPA",2025,,23
"Willy Sagnol",France,defender,"AS Saint-Étienne",1995,1997,46
"Willy Sagnol",France,defender,"AS Monaco FC",1997,2000,71
"Willy Sagnol",France,defender,"FC Bayern Munich",2000,2009,184
"Wissam Ben Yedder",France,forward,"UJA Maccabi Paris Métropole",2009,2010,23
"Wissam Ben Yedder",France,forward,"Toulouse FC",2010,2016,156
"Wissam Ben Yedder",France,forward,"Sevilla FC",2016,2019,91
"Wissam Ben Yedder",France,forward,"AS Monaco FC",2019,2024,164
"Wissam Ben Yedder",France,forward,Sakaryaspor,2025,,0
"Wissam Ben Yedder",France,forward,"Sepahan F.C.",2025,2025,5
"Wojciech Szczęsny",Poland,goalkeeper,"Arsenal F.C.",2006,2017,132
"Wojciech Szczęsny",Poland,goalkeeper,"Brentford F.C.",2009,2010,28
"Wojciech Szczęsny",Poland,goalkeeper,"AS Roma",2015,2017,72
"Wojciech Szczęsny",Poland,goalkeeper,"Juventus FC",2017,2024,200
"Wolfgang de Beer",Germany,goalkeeper,"MSV Duisburg",1981,1986,62
"Wolfgang de Beer",Germany,goalkeeper,"Borussia Dortmund",1986,2001,181
"Xabi Alonso",Spain,midfielder,Antiguoko,1990,1999,
"Xabi Alonso",Spain,midfielder,"Real Sociedad B",1999,2000,39
"Xabi Alonso",Spain,midfielder,"Real Sociedad",2000,2004,114
"Xabi Alonso",Spain,midfielder,"SD Eibar",2000,2001,14
"Xabi Alonso",Spain,midfielder,"Liverpool F.C.",2004,2009,143
"Xabi Alonso",Spain,midfielder,"Real Madrid Club de Fútbol",2009,2014,158
"Xabi Alonso",Spain,midfielder,"FC Bayern Munich",2014,2017,79
"Xabier Eskurza",Spain,midfielder,"Athletic Bilbao B",1988,1991,54
"Xabier Eskurza",Spain,midfielder,"Athletic Club",1989,1994,130
"Xabier Eskurza",Spain,midfielder,"Valencia CF",1995,1997,59
"Xabier Eskurza",Spain,midfielder,"RCD Mallorca",1997,1998,30
"Xabier Eskurza",Spain,midfielder,"Real Oviedo",1998,2000,56
"Xabier Etxeita",Spain,centre-back,"SD Amorebieta",2004,2006,62
"Xabier Etxeita",Spain,centre-back,"Athletic Bilbao B",2006,2009,66
"Xabier Etxeita",Spain,centre-back,"Athletic Club",2008,2010,21
"Xabier Etxeita",Spain,centre-back,"FC Cartagena",2009,2010,14
"Xabier Etxeita",Spain,centre-back,"Elche CF",2010,2013,100
"Xabier Etxeita",Spain,centre-back,"Athletic Club",2013,2018,119
"Xabier Etxeita",Spain,centre-back,"Sociedad Deportiva Huesca",2018,2019,32
"Xabier Etxeita",Spain,centre-back,"Getafe CF",2019,2021,34
"Xabier Etxeita",Spain,centre-back,"SD Eibar",2021,2022,21
"Xabier Etxeita",Spain,centre-back,"SD Amorebieta",2022,2024,55
"Xavi Hernández",Spain,midfielder,"FC Barcelona Atlètic",1997,2000,61
"Xavi Hernández",Spain,midfielder,"Al Sadd Sports Club",2015,2019,82
"Xavier Roca Mateo",Spain,defender,"FC Barcelona C",1993,1995,63
"Xavier Roca Mateo",Spain,defender,"FC Barcelona Atlètic",1994,1997,71
"Xavier Roca Mateo",Spain,defender,"CD Logroñés",1997,1998,18
"Xavier Roca Mateo",Spain,defender,"CD Toledo",1998,1999,25
"Xavier Roca Mateo",Spain,defender,"Villarreal CF",1999,2002,81
"Xavier Roca Mateo",Spain,defender,"RCD Espanyol de Barcelona",2002,2003,1
"Xavier Roca Mateo",Spain,defender,"Rayo Vallecano",2003,2004,3
"Xavier Roca Mateo",Spain,defender,"Centre d'Esports Sabadell Futbol Club",2006,2008,54
"Xavier Roca Mateo",Spain,defender,"Auckland City FC",2008,2009,17
"Xavier Roca Mateo",Spain,defender,"CE Europa",2009,2010,9
Yakubu,Nigeria,forward,"Bridge F.C.",1997,1998,
Yakubu,Nigeria,forward,"Maccabi Haifa F.C.",1998,2003,49
Yakubu,Nigeria,forward,"Gil Vicente F.C.",1998,1998,
Yakubu,Nigeria,forward,"Hapoel Kfar Saba F.C.",1999,2000,23
Yakubu,Nigeria,forward,"Portsmouth F.C.",2003,2005,67
Yakubu,Nigeria,forward,"Middlesbrough F.C.",2005,2007,73
Yakubu,Nigeria,forward,"Everton F.C.",2007,2011,82
Yakubu,Nigeria,forward,"Blackburn Rovers F.C.",2011,2012,30
Yakubu,Nigeria,forward,"Leicester City F.C.",2011,2011,20
Yakubu,Nigeria,forward,"Guangzhou City F.C.",2012,2013,43
Yakubu,Nigeria,forward,Al-Rayyan,2014,2015,10
Yakubu,Nigeria,forward,"Reading F.C.",2015,2015,7
Yakubu,Nigeria,forward,Kayserispor,2015,2016,12
Yakubu,Nigeria,forward,"Coventry City F.C.",2017,2017,3
"Yannick Carrasco",Belgium,"wing half","AS Monaco FC",2012,2015,81
"Yannick Carrasco",Belgium,"wing half","Atlético Madrid",2015,2018,81
"Yannick Carrasco",Belgium,"wing half","Dalian Professional F.C.",2018,2020,50
"Yannick Carrasco",Belgium,"wing half","Atlético Madrid",2020,2023,102
"Yannick Carrasco",Belgium,"wing half","Al-Shabab Football Club",2023,,48
"Yassine Bounou",Morocco,goalkeeper,"Wydad Athletic Club",2010,2012,10
"Yassine Bounou",Morocco,goalkeeper,"Atlético Madrid B",2012,2014,47
"Yassine Bounou",Morocco,goalkeeper,"Atlético Madrid",2012,2016,0
"Yassine Bounou",Morocco,goalkeeper,"Real Zaragoza",2014,2016,35
"Yassine Bounou",Morocco,goalkeeper,"Girona FC",2016,2020,83
"Yassine Bounou",Morocco,goalkeeper,"Sevilla FC",2019,2020,6
"Yassine Bounou",Morocco,goalkeeper,"Sevilla FC",2020,2023,90
"Yassine Bounou",Morocco,goalkeeper,"Al Hilal SFC",2023,,88
"Yaya Touré","Ivory Coast, United Kingdom","midfielder, centre-back","K.S.K. Beveren",2001,2003,70
"Yaya Touré","Ivory Coast, United Kingdom","midfielder, centre-back","FC Metalurh Donetsk",2003,2005,33
"Yaya Touré","Ivory Coast, United Kingdom","midfielder, centre-back","AS Monaco FC",2006,2007,27
"Yaya Touré","Ivory Coast, United Kingdom","midfielder, centre-back","Manchester City F.C.",2010,2018,230
"Yaya Touré","Ivory Coast, United Kingdom","midfielder, centre-back","Qingdao F.C.",2019,2019,14
"Yeray Álvarez",Spain,centre-back,"Barakaldo CF",2005,2007,
"Yeray Álvarez",Spain,centre-back,"Danok Bat CF",2007,2008,
"Yeray Álvarez",Spain,centre-back,"Athletic Club",2008,2013,
"Yeray Álvarez",Spain,centre-back,"CD Baskonia",2013,2014,26
"Yeray Álvarez",Spain,centre-back,"Athletic Bilbao B",2014,2016,68
"Yeray Álvarez",Spain,centre-back,"Athletic Club",2016,,264
"Yerry Mina",Colombia,centre-back,"Deportivo Pasto",2013,2014,19
"Yerry Mina",Colombia,centre-back,"Independiente Santa Fe",2014,2016,67
"Yerry Mina",Colombia,centre-back,"Sociedade Esportiva Palmeiras",2016,2017,28
"Yerry Mina",Colombia,centre-back,"Everton F.C.",2018,2023,86
"Yerry Mina",Colombia,centre-back,"ACF Fiorentina",2023,2024,4
"Yerry Mina",Colombia,centre-back,"Cagliari Calcio",2024,,54
"Yossi Benayoun",Israel,midfielder,"Hapoel Be'er Sheva F.C.",1997,2001,25
"Yossi Benayoun",Israel,midfielder,"Maccabi Haifa F.C.",1998,2002,130
"Yossi Benayoun",Israel,midfielder,"Racing de Santander",2002,2005,101
"Yossi Benayoun",Israel,midfielder,"West Ham United F.C.",2005,2007,63
"Yossi Benayoun",Israel,midfielder,"Liverpool F.C.",2007,2010,92
"Yossi Benayoun",Israel,midfielder,"Chelsea F.C.",2010,2013,14
"Yossi Benayoun",Israel,midfielder,"Arsenal F.C.",2011,2012,19
"Yossi Benayoun",Israel,midfielder,"West Ham United F.C.",2012,2012,6
"Yossi Benayoun",Israel,midfielder,"Queens Park Rangers F.C.",2013,2014,16
"Yossi Benayoun",Israel,midfielder,"Maccabi Haifa F.C.",2014,2016,55
"Yossi Benayoun",Israel,midfielder,"Maccabi Tel Aviv F.C.",2016,2017,27
"Yossi Benayoun",Israel,midfielder,"Beitar Jerusalem F.C.",2017,2018,14
"Yossi Benayoun",Israel,midfielder,"Maccabi Petah Tikva F.C.",2018,2019,22
"Yossi Benayoun",Israel,midfielder,"Beitar Jerusalem F.C.",2019,2019,15
"Younes Kaboul","Morocco, France",centre-back,"AJ Auxerre",2004,2007,52
"Younes Kaboul","Morocco, France",centre-back,"Tottenham Hotspur F.C.",2007,2008,21
"Younes Kaboul","Morocco, France",centre-back,"Portsmouth F.C.",2008,2010,39
"Younes Kaboul","Morocco, France",centre-back,"Tottenham Hotspur F.C.",2010,2015,89
"Younes Kaboul","Morocco, France",centre-back,"Sunderland A.F.C.",2015,2016,24
"Younes Kaboul","Morocco, France",centre-back,"Watford F.C.",2016,2018,25
"Youri Djorkaeff",France,"midfielder, forward","Grenoble Foot 38",1985,1989,
"Youri Djorkaeff",France,"midfielder, forward","RC Strasbourg Alsace",1989,1990,35
"Youri Djorkaeff",France,"midfielder, forward","AS Monaco FC",1990,1995,155
"Youri Djorkaeff",France,"midfielder, forward","Paris Saint-Germain FC",1995,1996,35
"Youri Djorkaeff",France,"midfielder, forward","Inter Milan",1996,1999,87
"Youri Djorkaeff",France,"midfielder, forward","1. FC Kaiserslautern",1999,2002,55
"Youri Djorkaeff",France,"midfielder, forward","Bolton Wanderers F.C.",2002,2004,75
"Youri Djorkaeff",France,"midfielder, forward","Blackburn Rovers F.C.",2004,2005,3
"Youri Djorkaeff",France,"midfielder, forward","Red Bull New York",2005,2006,45
"Youssef En-Nesyri",Morocco,forward,"Atlético Malagueño",2016,2017,10
"Youssef En-Nesyri",Morocco,forward,"Málaga CF",2016,2018,38
"Youssef En-Nesyri",Morocco,forward,"CD Leganés",2018,2020,49
"Youssef En-Nesyri",Morocco,forward,"Sevilla FC",2020,2024,143
"Youssef En-Nesyri",Morocco,forward,"Fenerbahçe Istanbul",2024,2026,50
"Youssef En-Nesyri",Morocco,forward,"Al Ittihad FC",2026,,1
"Yunus Musah","United States",forward,"Valencia CF Mestalla",2019,2020,17
"Yunus Musah","United States",forward,"Valencia CF",2020,2023,94
"Yunus Musah","United States",forward,"AC Milan",2023,,
"Yuri Berchiche",Spain,full-back,Antiguoko,2000,2004,
"Yuri Berchiche",Spain,full-back,"Real Sociedad",2004,2005,
"Yuri Berchiche",Spain,full-back,"Athletic Club",2005,2007,
"Yuri Berchiche",Spain,full-back,"Tottenham Hotspur F.C.",2007,2010,0
"Yuri Berchiche",Spain,full-back,"Cheltenham Town F.C.",2008,2009,7
"Yuri Berchiche",Spain,full-back,"Real Valladolid",2009,2010,3
"Yuri Berchiche",Spain,full-back,"Real Valladolid B",2009,2010,25
"Yuri Berchiche",Spain,full-back,"Real Unión",2010,2012,46
"Yuri Berchiche",Spain,full-back,"SD Eibar",2012,2014,71
"Yuri Berchiche",Spain,full-back,"Real Sociedad",2014,2017,88
"Yuri Berchiche",Spain,full-back,"Paris Saint-Germain FC",2017,2018,32
"Yuri Berchiche",Spain,full-back,"Athletic Club",2018,,278
"Yéremy Pino",Spain,midfielder,"Villarreal CF",2020,2025,134
"Yéremy Pino",Spain,midfielder,"Crystal Palace F.C.",2025,,26
"Yūto Nagatomo",Japan,full-back,"FC Tokyo",2007,2010,72
"Yūto Nagatomo",Japan,full-back,"AC Cesena",2010,2010,16
"Yūto Nagatomo",Japan,full-back,"Inter Milan",2011,2018,170
"Yūto Nagatomo",Japan,full-back,"Galatasaray S.K.",2018,2020,32
"Yūto Nagatomo",Japan,full-back,"Olympique de Marseille",2020,2021,25
"Yūto Nagatomo",Japan,full-back,"FC Tokyo",2021,,120
"Zdeněk Grygera","Czech Republic",defender,"FC Zlín",1997,1998,20
"Zdeněk Grygera","Czech Republic",defender,"FK Drnovice",1998,2000,54
"Zdeněk Grygera","Czech Republic",defender,"AC Sparta Prague",2000,2003,65
"Zdeněk Grygera","Czech Republic",defender,"AFC Ajax",2003,2007,78
"Zdeněk Grygera","Czech Republic",defender,"Juventus FC",2007,2011,87
"Zdeněk Grygera","Czech Republic",defender,"Fulham F.C.",2011,2012,5
"Zinedine Zidane",France,"midfielder, attacking midfielder","AS Cannes",1989,1992,61
"Zinedine Zidane",France,"midfielder, attacking midfielder","FC Girondins de Bordeaux",1992,1996,139
"Zinedine Zidane",France,"midfielder, attacking midfielder","Juventus FC",1996,2001,151
"Zinedine Zidane",France,"midfielder, attacking midfielder","Real Madrid Club de Fútbol",2001,2006,155
"Zlatan Ibrahimović",Sweden,forward,"Malmö FF",1999,2001,40
"Zlatan Ibrahimović",Sweden,forward,"AFC Ajax",2000,2004,74
"Zlatan Ibrahimović",Sweden,forward,"Juventus FC",2004,2006,70
"Zlatan Ibrahimović",Sweden,forward,"Inter Milan",2006,2009,88
"Zlatan Ibrahimović",Sweden,forward,"AC Milan",2010,2012,61
"Zlatan Ibrahimović",Sweden,forward,"Paris Saint-Germain FC",2012,2016,122
"Zlatan Ibrahimović",Sweden,forward,"Manchester United F.C.",2016,2018,33
"Zlatan Ibrahimović",Sweden,forward,"LA Galaxy",2018,2019,56
"Zlatan Ibrahimović",Sweden,forward,"AC Milan",2020,2023,64
"Zvonimir Boban","Socialist Federal Republic of Yugoslavia, Croatia",midfielder,"GNK Dinamo Zagreb",1985,1991,109
"Zvonimir Boban","Socialist Federal Republic of Yugoslavia, Croatia",midfielder,"AC Milan",1991,1991,
"Zvonimir Boban","Socialist Federal Republic of Yugoslavia, Croatia",midfielder,"SSC Bari",1991,1992,17
"Zvonimir Boban","Socialist Federal Republic of Yugoslavia, Croatia",midfielder,"AC Milan",1992,2001,178
"Zvonimir Boban","Socialist Federal Republic of Yugoslavia, Croatia",midfielder,"RC Celta de Vigo",2001,2001,4
"Zé Roberto","Germany, Brazil","wing half","Associação Portuguesa de Desportos",1994,1997,61
"Zé Roberto","Germany, Brazil","wing half","Real Madrid Club de Fútbol",1997,1998,15
"Zé Roberto","Germany, Brazil","wing half","Bayer 04 Leverkusen",1998,2002,113
"Zé Roberto","Germany, Brazil","wing half","Clube de Regatas do Flamengo",1998,1998,24
"Zé Roberto","Germany, Brazil","wing half","FC Bayern Munich",2002,2006,110
"Zé Roberto","Germany, Brazil","wing half","Club Nacional de Football",2006,2006,0
"Zé Roberto","Germany, Brazil","wing half","Santos F.C.",2006,2007,48
"Zé Roberto","Germany, Brazil","wing half","FC Bayern Munich",2007,2009,59
"Zé Roberto","Germany, Brazil","wing half","Hamburger SV",2009,2011,54
"Zé Roberto","Germany, Brazil","wing half","Al-Gharafa SC",2011,2012,14
"Zé Roberto","Germany, Brazil","wing half","Grêmio FBPA",2012,2014,83
"Zé Roberto","Germany, Brazil","wing half","Sociedade Esportiva Palmeiras",2014,,
"Zé Roberto","Germany, Brazil","wing half","Sociedade Esportiva Palmeiras",2015,,
elpisha,Spain,"wing half","Real Betis B",1999,2000,27
elpisha,Spain,"wing half","Real Betis Balompié",2000,2006,218
elpisha,Spain,"wing half","Valencia CF",2006,2011,158
elpisha,Spain,"wing half","Málaga CF",2011,2013,57
elpisha,Spain,"wing half","ACF Fiorentina",2013,2015,49
elpisha,Spain,"wing half","Real Betis Balompié",2015,2023,227
"paulo foutro",Portugal,"wing half","Sporting CP",1983,1984,21
"paulo foutro",Portugal,"wing half","FC Porto",1984,1987,81
"paulo foutro",Portugal,"wing half","Atlético Madrid",1987,1993,163
"paulo foutro",Portugal,"wing half","S.L. Benfica",1993,1993,11
"paulo foutro",Portugal,"wing half","Olympique de Marseille",1993,1993,8
"paulo foutro",Portugal,"wing half","Olympique de Marseille",1994,1994,
"paulo foutro",Portugal,"wing half","A.C. Reggiana 1919",1994,1995,
"paulo foutro",Portugal,"wing half","AC Milan",1995,1996,1
"paulo foutro",Portugal,"wing half","West Ham United F.C.",1996,1997,9
"paulo foutro",Portugal,"wing half","Atlético Madrid",1997,1998,10
"paulo foutro",Portugal,"wing half","Yokohama Flügels",1998,1998,13
"Álex Baena",Spain,,"Villarreal CF B",2019,2021,23
"Álex Baena",Spain,,"Villarreal CF C",2019,2019,1
"Álex Baena",Spain,,"Villarreal CF",2020,2025,108
"Álex Baena",Spain,,"Girona FC",2021,2022,38
"Álex Baena",Spain,,"Atlético Madrid",2025,,26
"Álvaro Arbeloa",Spain,full-back,"Real Zaragoza",1991,2002,98
"Álvaro Arbeloa",Spain,full-back,"Real Madrid C",2002,2003,16
"Álvaro Arbeloa",Spain,full-back,"Real Madrid Club de Fútbol",2004,2006,2
"Álvaro Arbeloa",Spain,full-back,"Deportivo de La Coruña",2006,2007,20
"Álvaro Arbeloa",Spain,full-back,"Liverpool F.C.",2007,2009,66
"Álvaro Arbeloa",Spain,full-back,"Real Madrid Club de Fútbol",2009,2016,153
"Álvaro Arbeloa",Spain,full-back,"West Ham United F.C.",2016,2017,3
"Álvaro Cervera",Spain,midfielder,"Racing de Santander",1984,1987,40
"Álvaro Cervera",Spain,midfielder,"RCD Mallorca",1987,1992,159
"Álvaro Cervera",Spain,midfielder,"Valencia CF",1992,1995,100
"Álvaro Cervera",Spain,midfielder,"Racing de Santander",1995,1997,47
"Álvaro Cervera",Spain,midfielder,"Hércules CF",1997,1997,3
"Álvaro Cervera",Spain,midfielder,"Águilas CF",1998,1998,13
"Álvaro Cervera",Spain,midfielder,"Ontinyent CF",1998,1999,2
"Álvaro Cervera",Spain,midfielder,"Unión Deportiva Almería",1999,1999,19
"Álvaro Cervera",Spain,midfielder,"CD San Fernando",1999,2000,25
"Álvaro Cervera",Spain,midfielder,"Ontinyent CF",2000,2001,
"Álvaro Negredo",Spain,forward,"Rayo Vallecano B",2003,2005,40
"Álvaro Negredo",Spain,forward,"Rayo Vallecano",2004,2005,12
"Álvaro Negredo",Spain,forward,"Unión Deportiva Almería",2007,2009,70
"Álvaro Negredo",Spain,forward,"Sevilla FC",2009,2013,139
"Álvaro Negredo",Spain,forward,"Real Madrid Club de Fútbol",2009,2009,0
"Álvaro Negredo",Spain,forward,"Manchester City F.C.",2013,2015,32
"Álvaro Negredo",Spain,forward,"Valencia CF",2014,2015,30
"Álvaro Negredo",Spain,forward,"Valencia CF",2015,2017,25
"Álvaro Negredo",Spain,forward,"Middlesbrough F.C.",2016,2017,36
"Álvaro Negredo",Spain,forward,"Beşiktaş J.K. (Football)",2017,2018,35
"Álvaro Negredo",Spain,forward,Alshariqa,2018,2020,36
"Álvaro Negredo",Spain,forward,"Cádiz Club de Fútbol",2020,2024,97
"Álvaro Negredo",Spain,forward,"Real Valladolid",2024,2024,12
"Álvaro Recoba",Uruguay,forward,"Danubio F.C.",1994,1995,34
"Álvaro Recoba",Uruguay,forward,"Club Nacional de Football",1996,1997,33
"Álvaro Recoba",Uruguay,forward,"Inter Milan",1997,2008,248
"Álvaro Recoba",Uruguay,forward,"Venezia F.C.",1999,1999,19
"Álvaro Recoba",Uruguay,forward,"Torino FC",2007,2008,22
"Álvaro Recoba",Uruguay,forward,"Panionios F.C.",2008,2009,19
"Álvaro Recoba",Uruguay,forward,"Danubio F.C.",2010,2011,31
"Álvaro Recoba",Uruguay,forward,"Club Nacional de Football",2011,2015,82
"Ángel Correa",Argentina,midfielder,"Atlético Madrid",2014,2025,335
"Ángel Correa",Argentina,midfielder,"Tigres UANL",2025,,
"Ángel Di María","Argentina, Italy","wing half","Club Atlético Rosario Central",2005,2007,35
"Ángel Di María","Argentina, Italy","wing half","S.L. Benfica",2007,2010,76
"Ángel Di María","Argentina, Italy","wing half","Real Madrid Club de Fútbol",2010,2014,124
"Ángel Di María","Argentina, Italy","wing half","Manchester United F.C.",2014,2015,27
"Ángel Di María","Argentina, Italy","wing half","Paris Saint-Germain FC",2015,2022,197
"Ángel Di María","Argentina, Italy","wing half","Juventus FC",2022,2023,26
"Ángel Di María","Argentina, Italy","wing half","S.L. Benfica",2023,2025,53
"Ángel Di María","Argentina, Italy","wing half","Club Atlético Rosario Central",2025,,11
"Ángel López",Spain,defender,"UD Las Palmas Atlético",1998,2000,
"Ángel López",Spain,defender,"UD Las Palmas",2000,2003,81
"Ángel López",Spain,defender,"RC Celta de Vigo",2003,2007,159
"Ángel López",Spain,defender,"Villarreal CF",2007,2012,104
"Ángel López",Spain,defender,"Real Betis Balompié",2012,2013,11
"Ángel López",Spain,defender,"UD Las Palmas",2013,2016,71
"Éder Militão",Brazil,centre-back,"São Paulo FC",2017,2018,49
"Éder Militão",Brazil,centre-back,"FC Porto",2018,2019,29
"Éder Militão",Brazil,centre-back,"Real Madrid Club de Fútbol",2019,,131
"Éric Maxim Choupo-Moting","Cameroon, Germany",forward,"Hamburger SV",2007,2011,23
"Éric Maxim Choupo-Moting","Cameroon, Germany",forward,"1. FC Nürnberg",2009,2010,25
"Éric Maxim Choupo-Moting","Cameroon, Germany",forward,"1. FSV Mainz 05",2011,2014,74
"Éric Maxim Choupo-Moting","Cameroon, Germany",forward,"Schalke 04",2014,2017,82
"Éric Maxim Choupo-Moting","Cameroon, Germany",forward,"Stoke City F.C.",2017,2018,30
"Éric Maxim Choupo-Moting","Cameroon, Germany",forward,"Paris Saint-Germain FC",2018,2020,31
"Éric Maxim Choupo-Moting","Cameroon, Germany",forward,"FC Bayern Munich",2020,2024,88
"Éric Maxim Choupo-Moting","Cameroon, Germany",forward,"Red Bull New York",2025,,23
"Éver Banega",Argentina,midfielder,"Valencia CF",2008,2014,136
"Éver Banega",Argentina,midfielder,"Atlético Madrid",2008,2009,24
"Éver Banega",Argentina,midfielder,"Sevilla FC",2014,2016,59
"Éver Banega",Argentina,midfielder,"Newell's Old Boys",2014,2014,14
"Éver Banega",Argentina,midfielder,"Inter Milan",2016,2017,28
"Éver Banega",Argentina,midfielder,"Sevilla FC",2017,2020,96
"Éver Banega",Argentina,midfielder,"Al-Shabab Football Club",2020,2024,94
"Éver Banega",Argentina,midfielder,"Newell's Old Boys",2024,2025,59
"Éver Banega",Argentina,midfielder,"Defensa y Justicia",2026,,
"Óscar Tabuenka",Spain,"centre-back, full-back","Athletic Bilbao B",1989,1991,13
"Óscar Tabuenka",Spain,"centre-back, full-back","Athletic Club",1990,1997,118
"Óscar Tabuenka",Spain,"centre-back, full-back","SD Compostela",1997,1999,44
"Óscar Tabuenka",Spain,"centre-back, full-back","Granada CF",1999,2001,56
"Óscar Tabuenka",Spain,"centre-back, full-back","CD Aurrerá de Vitoria",2001,2002,10
"Óscar Vales",Spain,"centre-back, defensive midfielder, full-back","CD Baskonia",1991,1991,1
"Óscar Vales",Spain,"centre-back, defensive midfielder, full-back","Athletic Club",1991,1993,
"Óscar Vales",Spain,"centre-back, defensive midfielder, full-back","Athletic Bilbao B",1993,1995,14
"Óscar Vales",Spain,"centre-back, defensive midfielder, full-back","Athletic Club",1994,2005,202
"Óscar Vales",Spain,"centre-back, defensive midfielder, full-back","RC Celta de Vigo",1997,1999,66
"Óscar de Marcos",Spain,"inside forward, full-back, winger","Deportivo Alavés",2001,2007,
"Óscar de Marcos",Spain,"inside forward, full-back, winger","Deportivo Alavés B",2007,2009,16
"Óscar de Marcos",Spain,"inside forward, full-back, winger","Deportivo Alavés",2008,2009,20
"Óscar de Marcos",Spain,"inside forward, full-back, winger","Athletic Bilbao B",2009,2010,1
"Óscar de Marcos",Spain,"inside forward, full-back, winger","Athletic Club",2009,2025,573
"İlkay Gündoğan",Germany,midfielder,"1. FC Nürnberg",2009,2011,48
"İlkay Gündoğan",Germany,midfielder,"Borussia Dortmund",2011,2016,105
"İlkay Gündoğan",Germany,midfielder,"Manchester City F.C.",2016,2023,188
"İlkay Gündoğan",Germany,midfielder,"Manchester City F.C.",2024,2025,33
"İlkay Gündoğan",Germany,midfielder,"Galatasaray S.K.",2025,,17
"Łukasz Piszczek",Poland,"defender, full-back","Hertha BSC",2004,2010,68
"Łukasz Piszczek",Poland,"defender, full-back","Zagłębie Lubin",2004,2007,69
"Łukasz Piszczek",Poland,"defender, full-back","Borussia Dortmund",2010,2021,264
"Łukasz Piszczek",Poland,"defender, full-back","ŁKS Goczałkowice-Zdrój",2021,2024,51
"Łukasz Piszczek",Poland,"defender, full-back","ŁKS Goczałkowice-Zdrój",2025,2025,23
